{
  "type": "FeatureCollection",
  "features": [
    {
      "type": "Feature",
      "properties": {
        "key_code": "332130010",
        "pref": "岡山県",
        "city": "赤磐市",
        "ward": "",
        "district": "馬屋",
        "name": "赤磐市  馬屋"
      },
      "geometry": {
        "type": "Polygon",
        "coordinates": [
          [
            [
              134.0003701273,
              34.7338151708
            ],
            [
              133.9999739998,
              34.7355192069
            ],
            [
              134.0006787041,
              34.7356334132
            ],
            [
              134.0012849363,
              34.7355716902
            ],
            [
              134.0033690887,
              34.7361346356
            ],
            [
              134.0033226841,
              34.7362295903
            ],
            [
              134.0044947972,
              34.7366063409
            ],
            [
              134.0039266481,
              34.7380886042
            ],
            [
              134.0035934106,
              34.7379261333
            ],
            [
              134.0033850807,
              34.7382010865
            ],
            [
              134.0032467278,
              34.7382577575
            ],
            [
              134.0026827524,
              34.7382181877
            ],
            [
              134.0024283693,
              34.7384931556
            ],
            [
              134.0021985421,
              34.7383878693
            ],
            [
              134.0019442551,
              34.7386438196
            ],
            [
              134.0011854237,
              34.7383946758
            ],
            [
              134.0005769205,
              34.7394146612
            ],
            [
              134.000436342,
              34.7400130698
            ],
            [
              134.0005624395,
              34.7401463872
            ],
            [
              134.0005955418,
              34.7405076419
            ],
            [
              134.000293337,
              34.7412197031
            ],
            [
              134.0002682583,
              34.741732786
            ],
            [
              134.0001166755,
              34.7422074894
            ],
            [
              133.999408308,
              34.742286398
            ],
            [
              133.9988089313,
              34.7424557522
            ],
            [
              133.997816204,
              34.7430992805
            ],
            [
              133.9973186688,
              34.7437061404
            ],
            [
              133.9961403613,
              34.7434160867
            ],
            [
              133.9959073805,
              34.7430163826
            ],
            [
              133.9956172248,
              34.7428296414
            ],
            [
              133.9949932848,
              34.7427931146
            ],
            [
              133.9945579349,
              34.742540044
            ],
            [
              133.9940470194,
              34.7424108586
            ],
            [
              133.9931285595,
              34.741534817
            ],
            [
              133.9926459795,
              34.7413592204
            ],
            [
              133.9922047591,
              34.7414005233
            ],
            [
              133.9919743841,
              34.7415083386
            ],
            [
              133.9912231888,
              34.7421820754
            ],
            [
              133.9907255839,
              34.7422350457
            ],
            [
              133.9895947173,
              34.7428069867
            ],
            [
              133.9890362823,
              34.7428169574
            ],
            [
              133.9883504432,
              34.7430010896
            ],
            [
              133.9878158095,
              34.7429297045
            ],
            [
              133.9869497394,
              34.7429689347
            ],
            [
              133.9867553272,
              34.7431241719
            ],
            [
              133.9863680269,
              34.7436705923
            ],
            [
              133.9864220523,
              34.7438183683
            ],
            [
              133.9858158955,
              34.7438329771
            ],
            [
              133.9852538242,
              34.7439954715
            ],
            [
              133.9846339853,
              34.7437190189
            ],
            [
              133.9842615976,
              34.7430801358
            ],
            [
              133.9835832478,
              34.7425450331
            ],
            [
              133.9828131406,
              34.742563385
            ],
            [
              133.9827880688,
              34.742620784
            ],
            [
              133.9830157233,
              34.7428263913
            ],
            [
              133.9831093906,
              34.7430254151
            ],
            [
              133.9828066801,
              34.7431445577
            ],
            [
              133.9822366628,
              34.7431130539
            ],
            [
              133.981689607,
              34.7432389547
            ],
            [
              133.9812230836,
              34.7432270425
            ],
            [
              133.9809184658,
              34.743013744
            ],
            [
              133.9803387247,
              34.7423953783
            ],
            [
              133.9802837763,
              34.7420082747
            ],
            [
              133.9804468071,
              34.7414541789
            ],
            [
              133.9807509144,
              34.7409535955
            ],
            [
              133.9812983697,
              34.7408647457
            ],
            [
              133.9818078536,
              34.7404271544
            ],
            [
              133.981991895,
              34.740424164
            ],
            [
              133.9826302018,
              34.7400859651
            ],
            [
              133.9830851942,
              34.7399654298
            ],
            [
              133.9841588423,
              34.7392178655
            ],
            [
              133.9843537063,
              34.7388288028
            ],
            [
              133.9833379661,
              34.7384883866
            ],
            [
              133.9836639008,
              34.7376803593
            ],
            [
              133.9843752162,
              34.7371220554
            ],
            [
              133.9860843406,
              34.7368246607
            ],
            [
              133.9867260761,
              34.7361435983
            ],
            [
              133.9867471158,
              34.7357737568
            ],
            [
              133.986427778,
              34.7344026867
            ],
            [
              133.986573943,
              34.7337227436
            ],
            [
              133.9863436076,
              34.7331266649
            ],
            [
              133.9869108369,
              34.7328068362
            ],
            [
              133.9872036233,
              34.7325187638
            ],
            [
              133.9878309836,
              34.7328084691
            ],
            [
              133.9881871513,
              34.7328018737
            ],
            [
              133.9899725038,
              34.7314715601
            ],
            [
              133.9905410608,
              34.7306487006
            ],
            [
              133.990222647,
              34.7304449618
            ],
            [
              133.99078635,
              34.7300877755
            ],
            [
              133.9913921949,
              34.7294753226
            ],
            [
              133.9920979012,
              34.7289247028
            ],
            [
              133.9916932063,
              34.7283532175
            ],
            [
              133.9913184822,
              34.7275802378
            ],
            [
              133.9921415868,
              34.7269537375
            ],
            [
              133.9928075087,
              34.7268300941
            ],
            [
              133.9946082787,
              34.726795679
            ],
            [
              133.9950031849,
              34.7271480899
            ],
            [
              133.9957252573,
              34.727313637
            ],
            [
              133.9962362296,
              34.7277915927
            ],
            [
              133.996951672,
              34.7280862852
            ],
            [
              133.9973141714,
              34.7286393267
            ],
            [
              133.9969221991,
              34.7293610077
            ],
            [
              133.9970181826,
              34.7296724375
            ],
            [
              133.9972601628,
              34.7299642688
            ],
            [
              133.997319906,
              34.7302254513
            ],
            [
              133.9970789319,
              34.7307696403
            ],
            [
              133.9973556746,
              34.7308780243
            ],
            [
              133.9978383024,
              34.7307379416
            ],
            [
              133.9980189488,
              34.7311010231
            ],
            [
              133.998404966,
              34.7310136337
            ],
            [
              133.9985021839,
              34.7308104989
            ],
            [
              133.9988139963,
              34.7305283717
            ],
            [
              133.9989514094,
              34.7309886671
            ],
            [
              133.9988968719,
              34.7312272761
            ],
            [
              133.9990562182,
              34.7315638141
            ],
            [
              133.9990534394,
              34.7322536062
            ],
            [
              133.9987963376,
              34.7322528943
            ],
            [
              133.9988063311,
              34.7324298444
            ],
            [
              133.9987205445,
              34.7324473558
            ],
            [
              133.9987201168,
              34.7325534234
            ],
            [
              133.9989557356,
              34.732571824
            ],
            [
              133.9986374973,
              34.7336575512
            ],
            [
              133.9996509567,
              34.7338547422
            ],
            [
              134.0003701273,
              34.7338151708
            ]
          ]
        ]
      }
    },
    {
      "type": "Feature",
      "properties": {
        "key_code": "332130020",
        "pref": "岡山県",
        "city": "赤磐市",
        "ward": "",
        "district": "和田",
        "name": "赤磐市  和田"
      },
      "geometry": {
        "type": "Polygon",
        "coordinates": [
          [
            [
              134.0000667754,
              34.7503225845
            ],
            [
              133.9985396281,
              34.7504965726
            ],
            [
              133.9984158205,
              34.7506063844
            ],
            [
              133.9981459651,
              34.7512504969
            ],
            [
              133.9979962644,
              34.751411369
            ],
            [
              133.9961935039,
              34.7513127108
            ],
            [
              133.9957296085,
              34.7514862325
            ],
            [
              133.9954411629,
              34.7517818014
            ],
            [
              133.9952397596,
              34.7518612504
            ],
            [
              133.9937798916,
              34.7519297275
            ],
            [
              133.9933142672,
              34.7516440313
            ],
            [
              133.9925912367,
              34.7515277709
            ],
            [
              133.9919621566,
              34.7517009554
            ],
            [
              133.9909695353,
              34.7516552043
            ],
            [
              133.9894022391,
              34.7512210192
            ],
            [
              133.9895201028,
              34.7509383642
            ],
            [
              133.988932209,
              34.7507083671
            ],
            [
              133.9885267823,
              34.750639183
            ],
            [
              133.9881976018,
              34.7503596282
            ],
            [
              133.9877423465,
              34.7501833868
            ],
            [
              133.9872093692,
              34.7501270771
            ],
            [
              133.986950411,
              34.7502360706
            ],
            [
              133.986268164,
              34.7502429998
            ],
            [
              133.9852088374,
              34.7498442962
            ],
            [
              133.9844233546,
              34.7496465343
            ],
            [
              133.9838821444,
              34.7494138326
            ],
            [
              133.9834049025,
              34.7489218462
            ],
            [
              133.9828921698,
              34.7487514814
            ],
            [
              133.9821905146,
              34.7482634935
            ],
            [
              133.9817721839,
              34.7482725705
            ],
            [
              133.9814517022,
              34.748490966
            ],
            [
              133.9808771109,
              34.7485159296
            ],
            [
              133.9799734658,
              34.7482407478
            ],
            [
              133.9793733394,
              34.747944185
            ],
            [
              133.9781392246,
              34.7477122588
            ],
            [
              133.9778503834,
              34.7472520688
            ],
            [
              133.9757626181,
              34.74641164
            ],
            [
              133.9751396816,
              34.7459979319
            ],
            [
              133.9749365899,
              34.7456416599
            ],
            [
              133.97496821,
              34.7455813235
            ],
            [
              133.9752848018,
              34.745600848
            ],
            [
              133.97671606,
              34.7452020414
            ],
            [
              133.9777851315,
              34.7453208127
            ],
            [
              133.9784088814,
              34.7449804797
            ],
            [
              133.9784319068,
              34.7447857361
            ],
            [
              133.9788857739,
              34.7447915649
            ],
            [
              133.9793566352,
              34.7444965632
            ],
            [
              133.9794771731,
              34.7442984411
            ],
            [
              133.9802804978,
              34.7445320643
            ],
            [
              133.9807697926,
              34.7445629209
            ],
            [
              133.9815861048,
              34.7444744256
            ],
            [
              133.982985478,
              34.7447879282
            ],
            [
              133.9834385289,
              34.744066616
            ],
            [
              133.9836917479,
              34.7432251374
            ],
            [
              133.9836766795,
              34.7429760526
            ],
            [
              133.9835160961,
              34.742933474
            ],
            [
              133.9831093906,
              34.7430254151
            ],
            [
              133.9830157233,
              34.7428263913
            ],
            [
              133.9827880688,
              34.742620784
            ],
            [
              133.9828131406,
              34.742563385
            ],
            [
              133.9833448736,
              34.7425280087
            ],
            [
              133.9837518306,
              34.742627638
            ],
            [
              133.9842615976,
              34.7430801358
            ],
            [
              133.9846339853,
              34.7437190189
            ],
            [
              133.9852538242,
              34.7439954715
            ],
            [
              133.9858158955,
              34.7438329771
            ],
            [
              133.9864220523,
              34.7438183683
            ],
            [
              133.9863680269,
              34.7436705923
            ],
            [
              133.9867553272,
              34.7431241719
            ],
            [
              133.9869497394,
              34.7429689347
            ],
            [
              133.9878158095,
              34.7429297045
            ],
            [
              133.9883504432,
              34.7430010896
            ],
            [
              133.9890362823,
              34.7428169574
            ],
            [
              133.9895947173,
              34.7428069867
            ],
            [
              133.9907255839,
              34.7422350457
            ],
            [
              133.9912231888,
              34.7421820754
            ],
            [
              133.9919743841,
              34.7415083386
            ],
            [
              133.9924019797,
              34.7413623398
            ],
            [
              133.9928804085,
              34.741406221
            ],
            [
              133.9931285595,
              34.741534817
            ],
            [
              133.9941453487,
              34.7424576165
            ],
            [
              133.9945579349,
              34.742540044
            ],
            [
              133.9949932848,
              34.7427931146
            ],
            [
              133.9957389873,
              34.7428842114
            ],
            [
              133.9959073805,
              34.7430163826
            ],
            [
              133.9961403613,
              34.7434160867
            ],
            [
              133.9973186688,
              34.7437061404
            ],
            [
              133.997816204,
              34.7430992805
            ],
            [
              133.9988089313,
              34.7424557522
            ],
            [
              133.999408308,
              34.742286398
            ],
            [
              134.0001166755,
              34.7422074894
            ],
            [
              134.0002682583,
              34.741732786
            ],
            [
              134.000293337,
              34.7412197031
            ],
            [
              134.0005955418,
              34.7405076419
            ],
            [
              134.0005624395,
              34.7401463872
            ],
            [
              134.000436342,
              34.7400130698
            ],
            [
              134.0006874005,
              34.7391346542
            ],
            [
              134.0008606153,
              34.7390020163
            ],
            [
              134.0011854237,
              34.7383946758
            ],
            [
              134.0018406004,
              34.7386531146
            ],
            [
              134.0019442551,
              34.7386438196
            ],
            [
              134.0021985421,
              34.7383878693
            ],
            [
              134.0024283693,
              34.7384931556
            ],
            [
              134.0024241988,
              34.7385600517
            ],
            [
              134.0014554986,
              34.7396806168
            ],
            [
              134.001325153,
              34.740122418
            ],
            [
              134.0014099535,
              34.7403525325
            ],
            [
              134.0016137111,
              34.7403001266
            ],
            [
              134.0017417535,
              34.7404331657
            ],
            [
              134.0022447675,
              34.7405670875
            ],
            [
              134.0030176635,
              34.7401888743
            ],
            [
              134.0031044948,
              34.7399061251
            ],
            [
              134.0033510522,
              34.7398714402
            ],
            [
              134.0033181685,
              34.740057144
            ],
            [
              134.0035322315,
              34.7401106891
            ],
            [
              134.0043590146,
              34.7396530302
            ],
            [
              134.0047230288,
              34.7397159948
            ],
            [
              134.0050828673,
              34.7395358245
            ],
            [
              134.0055179516,
              34.7398244943
            ],
            [
              134.0057832941,
              34.7401250986
            ],
            [
              134.0047235878,
              34.7412444542
            ],
            [
              134.0045883603,
              34.7415172124
            ],
            [
              134.0044002297,
              34.7415978375
            ],
            [
              134.0042554168,
              34.7420329804
            ],
            [
              134.0033760844,
              34.7427615122
            ],
            [
              134.0031324562,
              34.7432997762
            ],
            [
              134.0022089289,
              34.7440860747
            ],
            [
              134.0020764984,
              34.7444884305
            ],
            [
              134.0018741293,
              34.7445270375
            ],
            [
              134.0016607448,
              34.7443498187
            ],
            [
              134.001076637,
              34.7446722006
            ],
            [
              134.0010898018,
              34.7450967879
            ],
            [
              134.0007245346,
              34.7457193791
            ],
            [
              134.0005082914,
              34.7462808211
            ],
            [
              134.0005959236,
              34.7466467346
            ],
            [
              134.001267463,
              34.7467712594
            ],
            [
              134.0014520737,
              34.7474566277
            ],
            [
              134.0012421932,
              34.7478831434
            ],
            [
              134.0005772846,
              34.7475867855
            ],
            [
              134.0006324976,
              34.7471647782
            ],
            [
              134.0004408421,
              34.7474980922
            ],
            [
              133.9997756454,
              34.747275259
            ],
            [
              133.9993944417,
              34.7474215527
            ],
            [
              133.9993517358,
              34.747686534
            ],
            [
              133.9990959554,
              34.7476956916
            ],
            [
              133.9991899074,
              34.7479954183
            ],
            [
              133.9989400987,
              34.747999521
            ],
            [
              133.9989691873,
              34.7488956126
            ],
            [
              133.998553322,
              34.7492077405
            ],
            [
              133.9990838702,
              34.7491963827
            ],
            [
              133.9997989388,
              34.7496145902
            ],
            [
              134.000226682,
              34.7497384534
            ],
            [
              134.0002829997,
              34.7497804431
            ],
            [
              134.0000667754,
              34.7503225845
            ]
          ]
        ]
      }
    },
    {
      "type": "Feature",
      "properties": {
        "key_code": "332130030",
        "pref": "岡山県",
        "city": "赤磐市",
        "ward": "",
        "district": "岩田",
        "name": "赤磐市  岩田"
      },
      "geometry": {
        "type": "Polygon",
        "coordinates": [
          [
            [
              134.0098110458,
              34.7451159328
            ],
            [
              134.0090366463,
              34.7447255193
            ],
            [
              134.0088225339,
              34.7447298785
            ],
            [
              134.0086238966,
              34.7445796163
            ],
            [
              134.0083624275,
              34.7441457807
            ],
            [
              134.0078518442,
              34.7439283384
            ],
            [
              134.0073106453,
              34.7439343535
            ],
            [
              134.0068311585,
              34.7437453029
            ],
            [
              134.0066830889,
              34.7435926376
            ],
            [
              134.0063268801,
              34.7434346226
            ],
            [
              134.006488908,
              34.7430668554
            ],
            [
              134.0059455843,
              34.7428567808
            ],
            [
              134.0050356559,
              34.7428689749
            ],
            [
              134.0041013158,
              34.7430382944
            ],
            [
              134.0033806109,
              34.7433162264
            ],
            [
              134.0024651036,
              34.7439218259
            ],
            [
              134.0031324562,
              34.7432997762
            ],
            [
              134.0033760844,
              34.7427615122
            ],
            [
              134.0042554168,
              34.7420329804
            ],
            [
              134.0044002297,
              34.7415978375
            ],
            [
              134.0045883603,
              34.7415172124
            ],
            [
              134.0047235878,
              34.7412444542
            ],
            [
              134.0057832941,
              34.7401250986
            ],
            [
              134.0055179516,
              34.7398244943
            ],
            [
              134.0050828673,
              34.7395358245
            ],
            [
              134.0057907301,
              34.7391634775
            ],
            [
              134.0058366719,
              34.7389485105
            ],
            [
              134.0065885439,
              34.7376067504
            ],
            [
              134.0088015613,
              34.738239517
            ],
            [
              134.0086015134,
              34.7387443794
            ],
            [
              134.0084860269,
              34.738860841
            ],
            [
              134.0095200925,
              34.7391703961
            ],
            [
              134.009971301,
              34.7391862521
            ],
            [
              134.0101214839,
              34.7392524352
            ],
            [
              134.0102358021,
              34.7394352935
            ],
            [
              134.0107491878,
              34.7394001885
            ],
            [
              134.0112753983,
              34.7394783644
            ],
            [
              134.0133263212,
              34.7400024709
            ],
            [
              134.017630567,
              34.7414480519
            ],
            [
              134.0161295393,
              34.744220835
            ],
            [
              134.0159149876,
              34.7439929252
            ],
            [
              134.0157798483,
              34.7439552407
            ],
            [
              134.0148282378,
              34.7438866636
            ],
            [
              134.0140727693,
              34.7442711751
            ],
            [
              134.013671591,
              34.7443694145
            ],
            [
              134.0134963751,
              34.7443358481
            ],
            [
              134.0129365263,
              34.7440117943
            ],
            [
              134.0126327162,
              34.7435520712
            ],
            [
              134.0124927484,
              34.7434730991
            ],
            [
              134.0123617448,
              34.7436671334
            ],
            [
              134.0121564865,
              34.7436251741
            ],
            [
              134.011015898,
              34.7438434114
            ],
            [
              134.0104103706,
              34.7436721957
            ],
            [
              134.0099937042,
              34.7438902514
            ],
            [
              134.0102798921,
              34.7443686682
            ],
            [
              134.0098110458,
              34.7451159328
            ]
          ]
        ]
      }
    },
    {
      "type": "Feature",
      "properties": {
        "key_code": "332130040",
        "pref": "岡山県",
        "city": "赤磐市",
        "ward": "",
        "district": "穂崎",
        "name": "赤磐市  穂崎"
      },
      "geometry": {
        "type": "Polygon",
        "coordinates": [
          [
            [
              134.0015500669,
              34.7268147901
            ],
            [
              134.0022191328,
              34.7266009736
            ],
            [
              134.0023138483,
              34.7264116337
            ],
            [
              134.002554597,
              34.726257207
            ],
            [
              134.0032711264,
              34.7261087343
            ],
            [
              134.0035652257,
              34.7261327827
            ],
            [
              134.00414881,
              34.726410188
            ],
            [
              134.004477428,
              34.7264801081
            ],
            [
              134.0049477004,
              34.7263650414
            ],
            [
              134.0052033711,
              34.7264002496
            ],
            [
              134.00541921,
              34.7266011422
            ],
            [
              134.0057608032,
              34.7266861673
            ],
            [
              134.0067906131,
              34.7263311792
            ],
            [
              134.0068278447,
              34.7261588664
            ],
            [
              134.007204131,
              34.7260479024
            ],
            [
              134.0079285403,
              34.726134944
            ],
            [
              134.0079390569,
              34.7262434348
            ],
            [
              134.0081687189,
              34.7262982878
            ],
            [
              134.0086943407,
              34.7262454753
            ],
            [
              134.0091975293,
              34.7263281092
            ],
            [
              134.0094373237,
              34.7265907555
            ],
            [
              134.0094078462,
              34.7271284809
            ],
            [
              134.0093192938,
              34.7273813686
            ],
            [
              134.008945718,
              34.727741811
            ],
            [
              134.0093507976,
              34.727724731
            ],
            [
              134.0094045721,
              34.7279689866
            ],
            [
              134.009216168,
              34.7285648797
            ],
            [
              134.009291523,
              34.728890468
            ],
            [
              134.0094335883,
              34.7289540956
            ],
            [
              134.0093333973,
              34.7293786579
            ],
            [
              134.0102745831,
              34.7294352778
            ],
            [
              134.0108208877,
              34.7296988836
            ],
            [
              134.0111360619,
              34.7302871116
            ],
            [
              134.011715465,
              34.730487556
            ],
            [
              134.0126678308,
              34.7304901003
            ],
            [
              134.0133077437,
              34.7306137889
            ],
            [
              134.0139958423,
              34.7310132631
            ],
            [
              134.0147504942,
              34.7311959871
            ],
            [
              134.0159468243,
              34.7318092095
            ],
            [
              134.0164176884,
              34.7319148273
            ],
            [
              134.0160072391,
              34.7330755449
            ],
            [
              134.0157644472,
              34.7332449196
            ],
            [
              134.0157218553,
              34.733606391
            ],
            [
              134.0157876699,
              34.7339084245
            ],
            [
              134.0157097926,
              34.7340656982
            ],
            [
              134.0161168458,
              34.73471951
            ],
            [
              134.016319677,
              34.7348107572
            ],
            [
              134.0164262906,
              34.7350921912
            ],
            [
              134.0161831437,
              34.7357986595
            ],
            [
              134.0162956379,
              34.7361825131
            ],
            [
              134.0165946937,
              34.7365740405
            ],
            [
              134.0163784664,
              34.7371161971
            ],
            [
              134.0164121702,
              34.7377997286
            ],
            [
              134.016521937,
              34.7379156625
            ],
            [
              134.0170897878,
              34.7381032285
            ],
            [
              134.0173545504,
              34.738294223
            ],
            [
              134.0174088135,
              34.7385176251
            ],
            [
              134.0173045328,
              34.7395884352
            ],
            [
              134.0174340784,
              34.739770623
            ],
            [
              134.0183496295,
              34.7400872758
            ],
            [
              134.017630567,
              34.7414480519
            ],
            [
              134.0133263212,
              34.7400024709
            ],
            [
              134.0112753983,
              34.7394783644
            ],
            [
              134.0107491878,
              34.7394001885
            ],
            [
              134.0102358021,
              34.7394352935
            ],
            [
              134.0101214839,
              34.7392524352
            ],
            [
              134.009971301,
              34.7391862521
            ],
            [
              134.0095200925,
              34.7391703961
            ],
            [
              134.0084860269,
              34.738860841
            ],
            [
              134.0086015134,
              34.7387443794
            ],
            [
              134.0088015613,
              34.738239517
            ],
            [
              134.0065885439,
              34.7376067504
            ],
            [
              134.0058366719,
              34.7389485105
            ],
            [
              134.0057907301,
              34.7391634775
            ],
            [
              134.0053027199,
              34.7394257049
            ],
            [
              134.0047230288,
              34.7397159948
            ],
            [
              134.0043590146,
              34.7396530302
            ],
            [
              134.0035322315,
              34.7401106891
            ],
            [
              134.0033181685,
              34.740057144
            ],
            [
              134.0033510522,
              34.7398714402
            ],
            [
              134.0031044948,
              34.7399061251
            ],
            [
              134.0030176635,
              34.7401888743
            ],
            [
              134.0022447675,
              34.7405670875
            ],
            [
              134.0017417535,
              34.7404331657
            ],
            [
              134.0016137111,
              34.7403001266
            ],
            [
              134.0014099535,
              34.7403525325
            ],
            [
              134.001325153,
              34.740122418
            ],
            [
              134.0014554986,
              34.7396806168
            ],
            [
              134.0026827524,
              34.7382181877
            ],
            [
              134.0032467278,
              34.7382577575
            ],
            [
              134.0033850807,
              34.7382010865
            ],
            [
              134.0035934106,
              34.7379261333
            ],
            [
              134.0039266481,
              34.7380886042
            ],
            [
              134.0044947972,
              34.7366063409
            ],
            [
              134.0033226841,
              34.7362295903
            ],
            [
              134.0033690887,
              34.7361346356
            ],
            [
              134.0012849363,
              34.7355716902
            ],
            [
              134.0006787041,
              34.7356334132
            ],
            [
              133.9999739998,
              34.7355192069
            ],
            [
              134.0003701273,
              34.7338151708
            ],
            [
              133.9996509567,
              34.7338547422
            ],
            [
              133.9986374973,
              34.7336575512
            ],
            [
              133.9989557356,
              34.732571824
            ],
            [
              133.9987201168,
              34.7325534234
            ],
            [
              133.9987205445,
              34.7324473558
            ],
            [
              133.9988063311,
              34.7324298444
            ],
            [
              133.9987963376,
              34.7322528943
            ],
            [
              133.9990534394,
              34.7322536062
            ],
            [
              133.9990562182,
              34.7315638141
            ],
            [
              133.9988968719,
              34.7312272761
            ],
            [
              133.9989514094,
              34.7309886671
            ],
            [
              133.9988668711,
              34.7306965671
            ],
            [
              133.9988139963,
              34.7305283717
            ],
            [
              133.9987281764,
              34.7305546157
            ],
            [
              133.998404966,
              34.7310136337
            ],
            [
              133.9980189488,
              34.7311010231
            ],
            [
              133.9978383024,
              34.7307379416
            ],
            [
              133.9973556746,
              34.7308780243
            ],
            [
              133.9970789319,
              34.7307696403
            ],
            [
              133.997319906,
              34.7302254513
            ],
            [
              133.9972601628,
              34.7299642688
            ],
            [
              133.9970181826,
              34.7296724375
            ],
            [
              133.9969221991,
              34.7293610077
            ],
            [
              133.9973141714,
              34.7286393267
            ],
            [
              133.996951672,
              34.7280862852
            ],
            [
              133.9962362296,
              34.7277915927
            ],
            [
              133.9957252573,
              34.727313637
            ],
            [
              133.9950031849,
              34.7271480899
            ],
            [
              133.9946082787,
              34.726795679
            ],
            [
              133.9930684634,
              34.726820682
            ],
            [
              133.99335849,
              34.7266578107
            ],
            [
              133.9933596211,
              34.725882223
            ],
            [
              133.9935489225,
              34.7248395224
            ],
            [
              133.993511955,
              34.723316551
            ],
            [
              133.9934348207,
              34.7230658819
            ],
            [
              133.9928729783,
              34.7224609954
            ],
            [
              133.9926906518,
              34.722075225
            ],
            [
              133.9927096854,
              34.7214078705
            ],
            [
              133.9928120029,
              34.7210195159
            ],
            [
              133.992997763,
              34.7207243641
            ],
            [
              133.9933406646,
              34.720426834
            ],
            [
              133.993686083,
              34.7209526542
            ],
            [
              133.9942478917,
              34.7214283659
            ],
            [
              133.9943943371,
              34.7213511582
            ],
            [
              133.9945508321,
              34.7213773721
            ],
            [
              133.9958833921,
              34.7222948516
            ],
            [
              133.9959920257,
              34.7225408177
            ],
            [
              133.996263078,
              34.7226365108
            ],
            [
              133.9965328929,
              34.7225254124
            ],
            [
              133.9968364505,
              34.7228362921
            ],
            [
              133.9969702856,
              34.723302073
            ],
            [
              133.9968859113,
              34.7235175001
            ],
            [
              133.9971862939,
              34.7241044613
            ],
            [
              133.9980109679,
              34.7241326782
            ],
            [
              133.9983685695,
              34.7247844604
            ],
            [
              133.9986492785,
              34.7250782361
            ],
            [
              133.9992168966,
              34.7254290116
            ],
            [
              133.9997492548,
              34.7254564077
            ],
            [
              134.0013204871,
              34.7267882384
            ],
            [
              134.0015500669,
              34.7268147901
            ]
          ]
        ]
      }
    },
    {
      "type": "Feature",
      "properties": {
        "key_code": "332130050",
        "pref": "岡山県",
        "city": "赤磐市",
        "ward": "",
        "district": "長尾",
        "name": "赤磐市  長尾"
      },
      "geometry": {
        "type": "Polygon",
        "coordinates": [
          [
            [
              134.0177158818,
              34.7324116676
            ],
            [
              134.0180893514,
              34.7326281607
            ],
            [
              134.0190383851,
              34.7335162194
            ],
            [
              134.0192351082,
              34.7335981488
            ],
            [
              134.0194541484,
              34.7335716758
            ],
            [
              134.0200265811,
              34.7341830833
            ],
            [
              134.0202453815,
              34.7342198531
            ],
            [
              134.0206616854,
              34.7341395204
            ],
            [
              134.0210236972,
              34.7339417102
            ],
            [
              134.0213734866,
              34.7340781225
            ],
            [
              134.0218881544,
              34.7340432558
            ],
            [
              134.0225118079,
              34.7341352989
            ],
            [
              134.0236352416,
              34.7352496998
            ],
            [
              134.0242474371,
              34.7354772086
            ],
            [
              134.0250188457,
              34.7355831397
            ],
            [
              134.0251162766,
              34.7358815858
            ],
            [
              134.0259548724,
              34.737058627
            ],
            [
              134.0273211596,
              34.7376496255
            ],
            [
              134.0284770232,
              34.7378353915
            ],
            [
              134.029137054,
              34.7380517277
            ],
            [
              134.030413518,
              34.7392613872
            ],
            [
              134.0306923441,
              34.7393615328
            ],
            [
              134.0306684244,
              34.7399127877
            ],
            [
              134.031022805,
              34.7399603006
            ],
            [
              134.0302625845,
              34.7405318199
            ],
            [
              134.0296718748,
              34.7405146973
            ],
            [
              134.0289466036,
              34.7408064139
            ],
            [
              134.0266720171,
              34.7409055871
            ],
            [
              134.0247096005,
              34.7407590154
            ],
            [
              134.0203536843,
              34.7410859761
            ],
            [
              134.017630567,
              34.7414480519
            ],
            [
              134.0183496295,
              34.7400872758
            ],
            [
              134.0174340784,
              34.739770623
            ],
            [
              134.0173045328,
              34.7395884352
            ],
            [
              134.0174088135,
              34.7385176251
            ],
            [
              134.0173545504,
              34.738294223
            ],
            [
              134.0170897878,
              34.7381032285
            ],
            [
              134.016521937,
              34.7379156625
            ],
            [
              134.0164121702,
              34.7377997286
            ],
            [
              134.0163784664,
              34.7371161971
            ],
            [
              134.0165946937,
              34.7365740405
            ],
            [
              134.0162956379,
              34.7361825131
            ],
            [
              134.0161831437,
              34.7357986595
            ],
            [
              134.0164262906,
              34.7350921912
            ],
            [
              134.016319677,
              34.7348107572
            ],
            [
              134.0161168458,
              34.73471951
            ],
            [
              134.0157097926,
              34.7340656982
            ],
            [
              134.0157876699,
              34.7339084245
            ],
            [
              134.0157218553,
              34.733606391
            ],
            [
              134.0157644472,
              34.7332449196
            ],
            [
              134.0160072391,
              34.7330755449
            ],
            [
              134.0164176884,
              34.7319148273
            ],
            [
              134.0174017838,
              34.7320750377
            ],
            [
              134.0177158818,
              34.7324116676
            ]
          ]
        ]
      }
    },
    {
      "type": "Feature",
      "properties": {
        "key_code": "332130060",
        "pref": "岡山県",
        "city": "赤磐市",
        "ward": "",
        "district": "立川",
        "name": "赤磐市  立川"
      },
      "geometry": {
        "type": "Polygon",
        "coordinates": [
          [
            [
              134.0203941441,
              34.7410829017
            ],
            [
              134.0247096005,
              34.7407590154
            ],
            [
              134.0266720171,
              34.7409055871
            ],
            [
              134.0289466036,
              34.7408064139
            ],
            [
              134.0296718748,
              34.7405146973
            ],
            [
              134.0302625845,
              34.7405318199
            ],
            [
              134.031022805,
              34.7399603006
            ],
            [
              134.0327757798,
              34.7407920802
            ],
            [
              134.0342706247,
              34.7416647436
            ],
            [
              134.0337458533,
              34.7428770609
            ],
            [
              134.0338629838,
              34.7432604818
            ],
            [
              134.0336525375,
              34.7433168651
            ],
            [
              134.0311377928,
              34.7449903089
            ],
            [
              134.0312608046,
              34.7451323197
            ],
            [
              134.0302352723,
              34.7459058724
            ],
            [
              134.029836636,
              34.7460520677
            ],
            [
              134.0295955413,
              34.7462838758
            ],
            [
              134.0231704463,
              34.750493152
            ],
            [
              134.0208686927,
              34.7480683948
            ],
            [
              134.0203984486,
              34.7474168298
            ],
            [
              134.0194673322,
              34.7466124964
            ],
            [
              134.0179802352,
              34.7450230974
            ],
            [
              134.0188116985,
              34.7443966246
            ],
            [
              134.0177698662,
              34.7431274433
            ],
            [
              134.0173139388,
              34.7426680363
            ],
            [
              134.0170077974,
              34.7425113021
            ],
            [
              134.017630567,
              34.7414480519
            ],
            [
              134.0203941441,
              34.7410829017
            ]
          ]
        ]
      }
    },
    {
      "type": "Feature",
      "properties": {
        "key_code": "332130070",
        "pref": "岡山県",
        "city": "赤磐市",
        "ward": "",
        "district": "河本",
        "name": "赤磐市  河本"
      },
      "geometry": {
        "type": "Polygon",
        "coordinates": [
          [
            [
              134.018774539,
              34.7444245574
            ],
            [
              134.0179802352,
              34.7450230974
            ],
            [
              134.0194673322,
              34.7466124964
            ],
            [
              134.0203984486,
              34.7474168298
            ],
            [
              134.0208686927,
              34.7480683948
            ],
            [
              134.0219599724,
              34.7491921701
            ],
            [
              134.021064289,
              34.7498561166
            ],
            [
              134.0199698115,
              34.7488116275
            ],
            [
              134.0191610787,
              34.7493268988
            ],
            [
              134.0188072234,
              34.7492000491
            ],
            [
              134.0180114705,
              34.7491664192
            ],
            [
              134.0166645594,
              34.7500064995
            ],
            [
              134.0162337625,
              34.7500457955
            ],
            [
              134.0158307398,
              34.749945852
            ],
            [
              134.0147196149,
              34.7504131157
            ],
            [
              134.0146258223,
              34.7507052939
            ],
            [
              134.0145060486,
              34.7506690581
            ],
            [
              134.0141065495,
              34.7510728356
            ],
            [
              134.0135437339,
              34.7514177219
            ],
            [
              134.0135754145,
              34.7516833282
            ],
            [
              134.0132592034,
              34.7516915061
            ],
            [
              134.0131114533,
              34.7518395812
            ],
            [
              134.0115643357,
              34.7515655826
            ],
            [
              134.010549073,
              34.7510912719
            ],
            [
              134.0104129458,
              34.7507342477
            ],
            [
              134.0106406965,
              34.7502618454
            ],
            [
              134.0102539197,
              34.7503743447
            ],
            [
              134.0101887642,
              34.7502876821
            ],
            [
              134.0102221614,
              34.7501202868
            ],
            [
              134.0104650238,
              34.7499696521
            ],
            [
              134.010577009,
              34.7497969741
            ],
            [
              134.0107868955,
              34.749711046
            ],
            [
              134.0109448484,
              34.7495060931
            ],
            [
              134.0109523206,
              34.7492683396
            ],
            [
              134.0110572528,
              34.7492252347
            ],
            [
              134.0109993165,
              34.7489711073
            ],
            [
              134.011170346,
              34.7487661892
            ],
            [
              134.0107228493,
              34.7484974978
            ],
            [
              134.0104558089,
              34.7481292766
            ],
            [
              134.0096008474,
              34.7474026797
            ],
            [
              134.0095130715,
              34.7472429908
            ],
            [
              134.0101221704,
              34.7472068678
            ],
            [
              134.0104511272,
              34.7468023515
            ],
            [
              134.0103139361,
              34.7467208477
            ],
            [
              134.0104193492,
              34.7465591394
            ],
            [
              134.0103549589,
              34.7461877972
            ],
            [
              134.0104148383,
              34.7460835798
            ],
            [
              134.0098110458,
              34.7451159328
            ],
            [
              134.0102798921,
              34.7443686682
            ],
            [
              134.01022298,
              34.7441886405
            ],
            [
              134.0099984894,
              34.743948157
            ],
            [
              134.0100691448,
              34.7438160813
            ],
            [
              134.0105256338,
              34.7436643357
            ],
            [
              134.011015898,
              34.7438434114
            ],
            [
              134.0121564865,
              34.7436251741
            ],
            [
              134.0123617448,
              34.7436671334
            ],
            [
              134.0124927484,
              34.7434730991
            ],
            [
              134.0126327162,
              34.7435520712
            ],
            [
              134.0129365263,
              34.7440117943
            ],
            [
              134.0134963751,
              34.7443358481
            ],
            [
              134.013671591,
              34.7443694145
            ],
            [
              134.0140727693,
              34.7442711751
            ],
            [
              134.0148282378,
              34.7438866636
            ],
            [
              134.0157798483,
              34.7439552407
            ],
            [
              134.0159149876,
              34.7439929252
            ],
            [
              134.0161295393,
              34.744220835
            ],
            [
              134.0170578568,
              34.7425236886
            ],
            [
              134.0173139388,
              34.7426680363
            ],
            [
              134.0177698662,
              34.7431274433
            ],
            [
              134.018774539,
              34.7444245574
            ]
          ]
        ]
      }
    },
    {
      "type": "Feature",
      "properties": {
        "key_code": "332130080",
        "pref": "岡山県",
        "city": "赤磐市",
        "ward": "",
        "district": "下市",
        "name": "赤磐市  下市"
      },
      "geometry": {
        "type": "Polygon",
        "coordinates": [
          [
            [
              134.0135754145,
              34.7516833282
            ],
            [
              134.0135437339,
              34.7514177219
            ],
            [
              134.0141065495,
              34.7510728356
            ],
            [
              134.0145060486,
              34.7506690581
            ],
            [
              134.0146258223,
              34.7507052939
            ],
            [
              134.0147196149,
              34.7504131157
            ],
            [
              134.0158307398,
              34.749945852
            ],
            [
              134.0162337625,
              34.7500457955
            ],
            [
              134.0166645594,
              34.7500064995
            ],
            [
              134.0180114705,
              34.7491664192
            ],
            [
              134.0188072234,
              34.7492000491
            ],
            [
              134.0191610787,
              34.7493268988
            ],
            [
              134.0199698115,
              34.7488116275
            ],
            [
              134.021064289,
              34.7498561166
            ],
            [
              134.0219599724,
              34.7491921701
            ],
            [
              134.0234697894,
              34.7508247949
            ],
            [
              134.0239283249,
              34.7512244559
            ],
            [
              134.023475946,
              34.7527235786
            ],
            [
              134.0218595765,
              34.753869683
            ],
            [
              134.0225566871,
              34.7546176057
            ],
            [
              134.0219360775,
              34.755241707
            ],
            [
              134.0197759558,
              34.7565431654
            ],
            [
              134.0175501252,
              34.7544144834
            ],
            [
              134.0163581949,
              34.7560998557
            ],
            [
              134.0157883251,
              34.7556457795
            ],
            [
              134.0150572027,
              34.7561734937
            ],
            [
              134.0148713946,
              34.7559587571
            ],
            [
              134.0147708475,
              34.7563195165
            ],
            [
              134.0141953997,
              34.7562017919
            ],
            [
              134.0138256602,
              34.7554755273
            ],
            [
              134.0137797991,
              34.7549866205
            ],
            [
              134.013332554,
              34.7545439828
            ],
            [
              134.013457316,
              34.7543945778
            ],
            [
              134.0132376302,
              34.7543861087
            ],
            [
              134.0125338538,
              34.7535958488
            ],
            [
              134.0120444035,
              34.7541936299
            ],
            [
              134.0117192137,
              34.7543032008
            ],
            [
              134.0112977564,
              34.7546016909
            ],
            [
              134.0096374596,
              34.7541556638
            ],
            [
              134.0079283039,
              34.7540092453
            ],
            [
              134.0082468977,
              34.7538829026
            ],
            [
              134.0083230225,
              34.7534343234
            ],
            [
              134.0092461229,
              34.7535713145
            ],
            [
              134.0094184051,
              34.7530528425
            ],
            [
              134.0098587329,
              34.7526432659
            ],
            [
              134.0099186225,
              34.7524002992
            ],
            [
              134.0101324441,
              34.7521047813
            ],
            [
              134.0104345882,
              34.7519071157
            ],
            [
              134.0104480016,
              34.7518260155
            ],
            [
              134.0109726734,
              34.7516166881
            ],
            [
              134.0109340282,
              34.7514544538
            ],
            [
              134.010549073,
              34.7510912719
            ],
            [
              134.0115643357,
              34.7515655826
            ],
            [
              134.0122726847,
              34.7516484619
            ],
            [
              134.0129914847,
              34.7518482783
            ],
            [
              134.0131114533,
              34.7518395812
            ],
            [
              134.0132592034,
              34.7516915061
            ],
            [
              134.0135754145,
              34.7516833282
            ]
          ]
        ]
      }
    },
    {
      "type": "Feature",
      "properties": {
        "key_code": "332130090",
        "pref": "岡山県",
        "city": "赤磐市",
        "ward": "",
        "district": "熊崎",
        "name": "赤磐市  熊崎"
      },
      "geometry": {
        "type": "Polygon",
        "coordinates": [
          [
            [
              134.0145715535,
              34.7562772975
            ],
            [
              134.0136194545,
              34.7608985269
            ],
            [
              134.0132773894,
              34.7608526902
            ],
            [
              134.0123524252,
              34.7614887663
            ],
            [
              134.0111203255,
              34.7601081665
            ],
            [
              134.0119492951,
              34.7592856277
            ],
            [
              134.0111587095,
              34.7585262627
            ],
            [
              134.0100313804,
              34.7589079519
            ],
            [
              134.0099223699,
              34.7588831509
            ],
            [
              134.0097146033,
              34.7587434261
            ],
            [
              134.0097162958,
              34.7583095793
            ],
            [
              134.0096024457,
              34.7582519448
            ],
            [
              134.0085194904,
              34.7580791714
            ],
            [
              134.0076477867,
              34.757782153
            ],
            [
              134.0077183323,
              34.7574958312
            ],
            [
              134.0073763465,
              34.7574416677
            ],
            [
              134.0069333405,
              34.757225664
            ],
            [
              134.0065265097,
              34.7572613329
            ],
            [
              134.0059576789,
              34.7568832787
            ],
            [
              134.0056159061,
              34.7567758651
            ],
            [
              134.0052459126,
              34.7562795991
            ],
            [
              134.0054196598,
              34.7562351341
            ],
            [
              134.0052811562,
              34.7561446088
            ],
            [
              134.0053534843,
              34.7560404269
            ],
            [
              134.004819653,
              34.7555928767
            ],
            [
              134.004006293,
              34.7543503943
            ],
            [
              134.0041229181,
              34.7541844953
            ],
            [
              134.0044506374,
              34.7541097411
            ],
            [
              134.0040781678,
              34.7539140621
            ],
            [
              134.004177843,
              34.7535468274
            ],
            [
              134.0045837209,
              34.7535749728
            ],
            [
              134.0054406128,
              34.7532982453
            ],
            [
              134.0055200419,
              34.7533884701
            ],
            [
              134.0058225858,
              34.7532647661
            ],
            [
              134.0065432862,
              34.753993691
            ],
            [
              134.0068505243,
              34.7541297443
            ],
            [
              134.0072245743,
              34.7539305872
            ],
            [
              134.0074140777,
              34.7540337836
            ],
            [
              134.0090933495,
              34.7540754696
            ],
            [
              134.0112977564,
              34.7546016909
            ],
            [
              134.0117192137,
              34.7543032008
            ],
            [
              134.0120444035,
              34.7541936299
            ],
            [
              134.0125338538,
              34.7535958488
            ],
            [
              134.0132376302,
              34.7543861087
            ],
            [
              134.013457316,
              34.7543945778
            ],
            [
              134.013332554,
              34.7545439828
            ],
            [
              134.0137797991,
              34.7549866205
            ],
            [
              134.0138256602,
              34.7554755273
            ],
            [
              134.0141953997,
              34.7562017919
            ],
            [
              134.0145715535,
              34.7562772975
            ]
          ]
        ]
      }
    },
    {
      "type": "Feature",
      "properties": {
        "key_code": "332130100",
        "pref": "岡山県",
        "city": "赤磐市",
        "ward": "",
        "district": "南方",
        "name": "赤磐市  南方"
      },
      "geometry": {
        "type": "Polygon",
        "coordinates": [
          [
            [
              134.0474864466,
              34.754226986
            ],
            [
              134.0460873612,
              34.7543700356
            ],
            [
              134.0450221808,
              34.7541915893
            ],
            [
              134.0440417102,
              34.7537368369
            ],
            [
              134.0437372358,
              34.7537299149
            ],
            [
              134.0436313169,
              34.7535410586
            ],
            [
              134.0429654488,
              34.7534672117
            ],
            [
              134.0415364191,
              34.7528481157
            ],
            [
              134.041056688,
              34.7528909101
            ],
            [
              134.0403161628,
              34.7524023329
            ],
            [
              134.0399507647,
              34.7524014514
            ],
            [
              134.0394170295,
              34.7526387702
            ],
            [
              134.0383129276,
              34.7527114536
            ],
            [
              134.0381763759,
              34.752572943
            ],
            [
              134.037628864,
              34.7524083603
            ],
            [
              134.0375236799,
              34.7520184966
            ],
            [
              134.0366101695,
              34.7520162691
            ],
            [
              134.0345179632,
              34.7506069383
            ],
            [
              134.032798789,
              34.7492172093
            ],
            [
              134.0319514168,
              34.7498685357
            ],
            [
              134.0307071655,
              34.7487219483
            ],
            [
              134.0303455727,
              34.749757752
            ],
            [
              134.0294081521,
              34.7490171658
            ],
            [
              134.0291432797,
              34.748589279
            ],
            [
              134.0286720838,
              34.7483807499
            ],
            [
              134.0284755059,
              34.7480157147
            ],
            [
              134.0278763979,
              34.747404851
            ],
            [
              134.0295955413,
              34.7462838758
            ],
            [
              134.029836636,
              34.7460520677
            ],
            [
              134.0302352723,
              34.7459058724
            ],
            [
              134.0312608046,
              34.7451323197
            ],
            [
              134.0311377928,
              34.7449903089
            ],
            [
              134.0336525375,
              34.7433168651
            ],
            [
              134.0338629838,
              34.7432604818
            ],
            [
              134.0342564159,
              34.7436934653
            ],
            [
              134.0346115401,
              34.7438002694
            ],
            [
              134.0355558558,
              34.7444246247
            ],
            [
              134.0362394522,
              34.7444223648
            ],
            [
              134.0373765479,
              34.7446068624
            ],
            [
              134.0381911456,
              34.7446397032
            ],
            [
              134.0388405731,
              34.7443728194
            ],
            [
              134.0391302294,
              34.7445473402
            ],
            [
              134.0395540411,
              34.7451899691
            ],
            [
              134.0400166511,
              34.7454499859
            ],
            [
              134.0398383662,
              34.7462051006
            ],
            [
              134.0400386568,
              34.7465032136
            ],
            [
              134.0411421724,
              34.7469270409
            ],
            [
              134.042260115,
              34.7475042823
            ],
            [
              134.043031449,
              34.7482668889
            ],
            [
              134.0441039228,
              34.748874142
            ],
            [
              134.0452764518,
              34.7489948306
            ],
            [
              134.0451736575,
              34.7500985955
            ],
            [
              134.0452672643,
              34.7504479941
            ],
            [
              134.0452358301,
              34.7510921842
            ],
            [
              134.0456647949,
              34.7514904081
            ],
            [
              134.0461908463,
              34.7522893045
            ],
            [
              134.0464890176,
              34.7525428404
            ],
            [
              134.0480687783,
              34.7534254991
            ],
            [
              134.0474864466,
              34.754226986
            ]
          ]
        ]
      }
    },
    {
      "type": "Feature",
      "properties": {
        "key_code": "332130110",
        "pref": "岡山県",
        "city": "赤磐市",
        "ward": "",
        "district": "斎富",
        "name": "赤磐市  斎富"
      },
      "geometry": {
        "type": "Polygon",
        "coordinates": [
          [
            [
              134.0467148701,
              34.7565070047
            ],
            [
              134.0461223574,
              34.7562771443
            ],
            [
              134.0453298727,
              34.7562386524
            ],
            [
              134.0438351454,
              34.7557136673
            ],
            [
              134.0426393398,
              34.7556936355
            ],
            [
              134.0425318262,
              34.7555332268
            ],
            [
              134.0425875989,
              34.7554350434
            ],
            [
              134.042161569,
              34.7552190803
            ],
            [
              134.042040667,
              34.754923699
            ],
            [
              134.0417026216,
              34.755299115
            ],
            [
              134.0413224204,
              34.7554445533
            ],
            [
              134.0409463945,
              34.755976649
            ],
            [
              134.0406892502,
              34.7561990066
            ],
            [
              134.0400538172,
              34.7564170729
            ],
            [
              134.0394050527,
              34.7568786449
            ],
            [
              134.0389534168,
              34.7568433282
            ],
            [
              134.0378899513,
              34.7570156995
            ],
            [
              134.0371280164,
              34.7569589178
            ],
            [
              134.036536021,
              34.7570363583
            ],
            [
              134.0362743603,
              34.7565897683
            ],
            [
              134.0356501746,
              34.7563766792
            ],
            [
              134.0353912487,
              34.7559368541
            ],
            [
              134.0345349195,
              34.755537959
            ],
            [
              134.0344253933,
              34.7551717414
            ],
            [
              134.0341759464,
              34.7547970089
            ],
            [
              134.0341806186,
              34.7542733135
            ],
            [
              134.033824018,
              34.7540208605
            ],
            [
              134.0337088338,
              34.7536866034
            ],
            [
              134.0334186943,
              34.7534572733
            ],
            [
              134.0331503382,
              34.7534560448
            ],
            [
              134.0329003914,
              34.7532976644
            ],
            [
              134.0323649201,
              34.7527512173
            ],
            [
              134.0316832799,
              34.7523210338
            ],
            [
              134.0313124483,
              34.7522129169
            ],
            [
              134.0307338359,
              34.7522603483
            ],
            [
              134.0286179985,
              34.7516797776
            ],
            [
              134.0283936796,
              34.7519913527
            ],
            [
              134.0276458302,
              34.7522225855
            ],
            [
              134.0276285709,
              34.7519630826
            ],
            [
              134.0272610735,
              34.7515787387
            ],
            [
              134.0262677904,
              34.7522848778
            ],
            [
              134.0251873122,
              34.7525527197
            ],
            [
              134.0250380749,
              34.7522628764
            ],
            [
              134.0240739881,
              34.7512473656
            ],
            [
              134.0239283249,
              34.7512244559
            ],
            [
              134.0231704463,
              34.750493152
            ],
            [
              134.0278763979,
              34.747404851
            ],
            [
              134.0284755059,
              34.7480157147
            ],
            [
              134.0286720838,
              34.7483807499
            ],
            [
              134.0291432797,
              34.748589279
            ],
            [
              134.0294081521,
              34.7490171658
            ],
            [
              134.0303455727,
              34.749757752
            ],
            [
              134.0307071655,
              34.7487219483
            ],
            [
              134.0319514168,
              34.7498685357
            ],
            [
              134.032798789,
              34.7492172093
            ],
            [
              134.0345179632,
              34.7506069383
            ],
            [
              134.0366101695,
              34.7520162691
            ],
            [
              134.0375236799,
              34.7520184966
            ],
            [
              134.037628864,
              34.7524083603
            ],
            [
              134.0381763759,
              34.752572943
            ],
            [
              134.0383129276,
              34.7527114536
            ],
            [
              134.0394170295,
              34.7526387702
            ],
            [
              134.0399507647,
              34.7524014514
            ],
            [
              134.0403161628,
              34.7524023329
            ],
            [
              134.041056688,
              34.7528909101
            ],
            [
              134.0415364191,
              34.7528481157
            ],
            [
              134.0429654488,
              34.7534672117
            ],
            [
              134.0436313169,
              34.7535410586
            ],
            [
              134.0437372358,
              34.7537299149
            ],
            [
              134.0440417102,
              34.7537368369
            ],
            [
              134.0450221808,
              34.7541915893
            ],
            [
              134.0460873612,
              34.7543700356
            ],
            [
              134.0474864466,
              34.754226986
            ],
            [
              134.0473466438,
              34.7544863886
            ],
            [
              134.0471682769,
              34.7554370156
            ],
            [
              134.0468196636,
              34.7560472219
            ],
            [
              134.0467148701,
              34.7565070047
            ]
          ]
        ]
      }
    },
    {
      "type": "Feature",
      "properties": {
        "key_code": "332130120",
        "pref": "岡山県",
        "city": "赤磐市",
        "ward": "",
        "district": "沼田",
        "name": "赤磐市  沼田"
      },
      "geometry": {
        "type": "Polygon",
        "coordinates": [
          [
            [
              134.0364120198,
              34.7568416742
            ],
            [
              134.0361832264,
              34.7567767446
            ],
            [
              134.0358683267,
              34.7573567299
            ],
            [
              134.0346459347,
              34.7574909358
            ],
            [
              134.0338236269,
              34.7578196409
            ],
            [
              134.033671624,
              34.7579523754
            ],
            [
              134.0332572431,
              34.7590000338
            ],
            [
              134.0331522398,
              34.7583060519
            ],
            [
              134.0330844341,
              34.7581364325
            ],
            [
              134.0329089265,
              34.7580150013
            ],
            [
              134.0323615267,
              34.758005616
            ],
            [
              134.0319111382,
              34.7582060652
            ],
            [
              134.0318309713,
              34.7587464769
            ],
            [
              134.0313120515,
              34.7596345621
            ],
            [
              134.0309273849,
              34.760569463
            ],
            [
              134.0304790453,
              34.7602012702
            ],
            [
              134.0298885338,
              34.7599537182
            ],
            [
              134.0279373404,
              34.7613568445
            ],
            [
              134.0272902019,
              34.7616798956
            ],
            [
              134.026874231,
              34.7612219017
            ],
            [
              134.0259748137,
              34.7608167747
            ],
            [
              134.0256554932,
              34.7604874844
            ],
            [
              134.0242869991,
              34.7595480043
            ],
            [
              134.0238228627,
              34.7589857812
            ],
            [
              134.0245413413,
              34.7584164288
            ],
            [
              134.0255516795,
              34.7577758358
            ],
            [
              134.0241827444,
              34.7562584048
            ],
            [
              134.0241762988,
              34.7561449963
            ],
            [
              134.0232653721,
              34.7553896384
            ],
            [
              134.0218595765,
              34.753869683
            ],
            [
              134.023475946,
              34.7527235786
            ],
            [
              134.0239283249,
              34.7512244559
            ],
            [
              134.0240739881,
              34.7512473656
            ],
            [
              134.0244460361,
              34.751631732
            ],
            [
              134.0250380749,
              34.7522628764
            ],
            [
              134.0251873122,
              34.7525527197
            ],
            [
              134.0262677904,
              34.7522848778
            ],
            [
              134.0272610735,
              34.7515787387
            ],
            [
              134.0276285709,
              34.7519630826
            ],
            [
              134.0276458302,
              34.7522225855
            ],
            [
              134.0283936796,
              34.7519913527
            ],
            [
              134.0286179985,
              34.7516797776
            ],
            [
              134.0307338359,
              34.7522603483
            ],
            [
              134.0314717915,
              34.7522358516
            ],
            [
              134.031956067,
              34.7524569361
            ],
            [
              134.0323649201,
              34.7527512173
            ],
            [
              134.0329003914,
              34.7532976644
            ],
            [
              134.0331503382,
              34.7534560448
            ],
            [
              134.0334186943,
              34.7534572733
            ],
            [
              134.0337088338,
              34.7536866034
            ],
            [
              134.033824018,
              34.7540208605
            ],
            [
              134.0341806186,
              34.7542733135
            ],
            [
              134.0341759464,
              34.7547970089
            ],
            [
              134.0344253933,
              34.7551717414
            ],
            [
              134.0345349195,
              34.755537959
            ],
            [
              134.0353912487,
              34.7559368541
            ],
            [
              134.0356501746,
              34.7563766792
            ],
            [
              134.035881134,
              34.756497253
            ],
            [
              134.0361997294,
              34.7565369064
            ],
            [
              134.0364120198,
              34.7568416742
            ]
          ]
        ]
      }
    },
    {
      "type": "Feature",
      "properties": {
        "key_code": "332130130",
        "pref": "岡山県",
        "city": "赤磐市",
        "ward": "",
        "district": "中島",
        "name": "赤磐市  中島"
      },
      "geometry": {
        "type": "Polygon",
        "coordinates": [
          [
            [
              134.0477981335,
              34.7641647012
            ],
            [
              134.0473951847,
              34.7644471559
            ],
            [
              134.047162932,
              34.7648229921
            ],
            [
              134.0466219972,
              34.76541292
            ],
            [
              134.0463551781,
              34.7655052618
            ],
            [
              134.0462108824,
              34.7659194786
            ],
            [
              134.0457427909,
              34.7658287886
            ],
            [
              134.045049511,
              34.7652820192
            ],
            [
              134.0440991536,
              34.7649298724
            ],
            [
              134.0434597619,
              34.7644807003
            ],
            [
              134.0431594068,
              34.7643661715
            ],
            [
              134.0427203024,
              34.7644504891
            ],
            [
              134.0424946266,
              34.7641245638
            ],
            [
              134.0421403397,
              34.763924261
            ],
            [
              134.0416070199,
              34.7634653317
            ],
            [
              134.0412229564,
              34.7633179194
            ],
            [
              134.0410263693,
              34.7631423604
            ],
            [
              134.0409227242,
              34.7631707066
            ],
            [
              134.0405946709,
              34.7625311195
            ],
            [
              134.0400266702,
              34.7628104933
            ],
            [
              134.038974896,
              34.7630463014
            ],
            [
              134.0386729202,
              34.7631847438
            ],
            [
              134.0386015919,
              34.7631255513
            ],
            [
              134.0385247572,
              34.7631801604
            ],
            [
              134.0385807594,
              34.7632352313
            ],
            [
              134.0381766292,
              34.7633606075
            ],
            [
              134.0380839753,
              34.7635543478
            ],
            [
              134.0383993845,
              34.7639431791
            ],
            [
              134.0381815975,
              34.7640997124
            ],
            [
              134.0377739067,
              34.7641993004
            ],
            [
              134.0371314345,
              34.7639236317
            ],
            [
              134.0367368298,
              34.7639912735
            ],
            [
              134.0360417604,
              34.7639123932
            ],
            [
              134.0343403686,
              34.7630198353
            ],
            [
              134.0338932868,
              34.7632498847
            ],
            [
              134.0337693341,
              34.7630825204
            ],
            [
              134.0336159502,
              34.7631700386
            ],
            [
              134.0333020422,
              34.7624455277
            ],
            [
              134.0329431147,
              34.7626887503
            ],
            [
              134.0324006689,
              34.7634538256
            ],
            [
              134.0315220411,
              34.7638908467
            ],
            [
              134.0311057723,
              34.7635051247
            ],
            [
              134.0305646908,
              34.7627182044
            ],
            [
              134.0297899737,
              34.7620749382
            ],
            [
              134.0290352154,
              34.7612874796
            ],
            [
              134.0286970135,
              34.7608096866
            ],
            [
              134.0298885338,
              34.7599537182
            ],
            [
              134.0304790453,
              34.7602012702
            ],
            [
              134.0309273849,
              34.760569463
            ],
            [
              134.0313120515,
              34.7596345621
            ],
            [
              134.0318309713,
              34.7587464769
            ],
            [
              134.0319111382,
              34.7582060652
            ],
            [
              134.0323615267,
              34.758005616
            ],
            [
              134.0327135909,
              34.7579662041
            ],
            [
              134.0330844341,
              34.7581364325
            ],
            [
              134.0332572431,
              34.7590000338
            ],
            [
              134.033671624,
              34.7579523754
            ],
            [
              134.0343426558,
              34.7575627294
            ],
            [
              134.0358683267,
              34.7573567299
            ],
            [
              134.0361832264,
              34.7567767446
            ],
            [
              134.0364120198,
              34.7568416742
            ],
            [
              134.036536021,
              34.7570363583
            ],
            [
              134.0371280164,
              34.7569589178
            ],
            [
              134.0378899513,
              34.7570156995
            ],
            [
              134.0389534168,
              34.7568433282
            ],
            [
              134.0394050527,
              34.7568786449
            ],
            [
              134.0400538172,
              34.7564170729
            ],
            [
              134.0406892502,
              34.7561990066
            ],
            [
              134.0409463945,
              34.755976649
            ],
            [
              134.0413224204,
              34.7554445533
            ],
            [
              134.0417026216,
              34.755299115
            ],
            [
              134.042040667,
              34.754923699
            ],
            [
              134.042161569,
              34.7552190803
            ],
            [
              134.0425875989,
              34.7554350434
            ],
            [
              134.0425318262,
              34.7555332268
            ],
            [
              134.0426393398,
              34.7556936355
            ],
            [
              134.0438351454,
              34.7557136673
            ],
            [
              134.0453298727,
              34.7562386524
            ],
            [
              134.0461223574,
              34.7562771443
            ],
            [
              134.0467148701,
              34.7565070047
            ],
            [
              134.0473928912,
              34.7569215831
            ],
            [
              134.0475891565,
              34.757120655
            ],
            [
              134.0476604687,
              34.7575904317
            ],
            [
              134.0477476462,
              34.7576928997
            ],
            [
              134.048610979,
              34.757999055
            ],
            [
              134.048921201,
              34.758992955
            ],
            [
              134.0493362156,
              34.7592167711
            ],
            [
              134.0497355603,
              34.7597535272
            ],
            [
              134.0499707353,
              34.7603048245
            ],
            [
              134.0506984078,
              34.760830383
            ],
            [
              134.0510617619,
              34.7612345079
            ],
            [
              134.0511424829,
              34.7621588708
            ],
            [
              134.0508781549,
              34.7626578802
            ],
            [
              134.050769284,
              34.7635575818
            ],
            [
              134.0506234124,
              34.7635513214
            ],
            [
              134.0497496797,
              34.7630676551
            ],
            [
              134.0492098974,
              34.7630544029
            ],
            [
              134.0487353252,
              34.763173573
            ],
            [
              134.0480789407,
              34.763129895
            ],
            [
              134.0480186467,
              34.7636895361
            ],
            [
              134.0477981335,
              34.7641647012
            ]
          ]
        ]
      }
    },
    {
      "type": "Feature",
      "properties": {
        "key_code": "332130140",
        "pref": "岡山県",
        "city": "赤磐市",
        "ward": "",
        "district": "日古木",
        "name": "赤磐市  日古木"
      },
      "geometry": {
        "type": "Polygon",
        "coordinates": [
          [
            [
              134.0333020422,
              34.7624455277
            ],
            [
              134.0336159502,
              34.7631700386
            ],
            [
              134.0337693341,
              34.7630825204
            ],
            [
              134.0338932868,
              34.7632498847
            ],
            [
              134.0343403686,
              34.7630198353
            ],
            [
              134.0360417604,
              34.7639123932
            ],
            [
              134.0367368298,
              34.7639912735
            ],
            [
              134.0371314345,
              34.7639236317
            ],
            [
              134.0377739067,
              34.7641993004
            ],
            [
              134.0377870821,
              34.7651181619
            ],
            [
              134.0385050889,
              34.7658198312
            ],
            [
              134.0385808105,
              34.766077225
            ],
            [
              134.0391198724,
              34.7668039552
            ],
            [
              134.039093535,
              34.7670272964
            ],
            [
              134.0392020943,
              34.7673923856
            ],
            [
              134.0395285316,
              34.7675660083
            ],
            [
              134.0397013711,
              34.7678153249
            ],
            [
              134.0397258199,
              34.7681273895
            ],
            [
              134.039567217,
              34.7681818018
            ],
            [
              134.0393517278,
              34.7684215893
            ],
            [
              134.0394149586,
              34.7686051422
            ],
            [
              134.0391533426,
              34.7688787658
            ],
            [
              134.0389027975,
              34.7689201364
            ],
            [
              134.0387131689,
              34.7690757509
            ],
            [
              134.0380434471,
              34.7691585047
            ],
            [
              134.0374904728,
              34.769452405
            ],
            [
              134.0363747518,
              34.769219807
            ],
            [
              134.0360833305,
              34.7692529025
            ],
            [
              134.0362293309,
              34.7698603627
            ],
            [
              134.0365861919,
              34.7701016822
            ],
            [
              134.0367501313,
              34.7699882662
            ],
            [
              134.0368061537,
              34.7700389719
            ],
            [
              134.0367281593,
              34.7704140349
            ],
            [
              134.0364125037,
              34.7707948569
            ],
            [
              134.0363655494,
              34.7710646315
            ],
            [
              134.0367869914,
              34.7718205318
            ],
            [
              134.0367770442,
              34.7724510001
            ],
            [
              134.0368479244,
              34.7726366862
            ],
            [
              134.0375805071,
              34.7735619522
            ],
            [
              134.0376667262,
              34.7744581768
            ],
            [
              134.0377935136,
              34.7747283742
            ],
            [
              134.0377479292,
              34.7753429796
            ],
            [
              134.0373995376,
              34.7752207107
            ],
            [
              134.036926524,
              34.7748913527
            ],
            [
              134.036780147,
              34.7746750567
            ],
            [
              134.0365946637,
              34.7747240465
            ],
            [
              134.0364861016,
              34.7746023593
            ],
            [
              134.0365636007,
              34.7742651879
            ],
            [
              134.035470775,
              34.7727627737
            ],
            [
              134.0353020466,
              34.772699255
            ],
            [
              134.0348600527,
              34.772837623
            ],
            [
              134.0347249567,
              34.7725135945
            ],
            [
              134.0349107686,
              34.7723789649
            ],
            [
              134.0349931483,
              34.7722039364
            ],
            [
              134.0344973087,
              34.7714133371
            ],
            [
              134.0342088625,
              34.771300222
            ],
            [
              134.0340897787,
              34.7710751158
            ],
            [
              134.0342868938,
              34.7708236002
            ],
            [
              134.0340869084,
              34.7703599589
            ],
            [
              134.0336732701,
              34.7702015997
            ],
            [
              134.0337103354,
              34.7697541784
            ],
            [
              134.0325576215,
              34.7704978941
            ],
            [
              134.0322205189,
              34.7702766136
            ],
            [
              134.0321365589,
              34.7701639986
            ],
            [
              134.0321064312,
              34.7690650778
            ],
            [
              134.0319714151,
              34.7686365308
            ],
            [
              134.0315838874,
              34.7681565075
            ],
            [
              134.0317899188,
              34.7669087216
            ],
            [
              134.0317292924,
              34.7666831962
            ],
            [
              134.0314505662,
              34.7663331731
            ],
            [
              134.0308437999,
              34.7660612149
            ],
            [
              134.0310575051,
              34.7655094365
            ],
            [
              134.0310513799,
              34.7653177116
            ],
            [
              134.0307728272,
              34.7649282464
            ],
            [
              134.0304864249,
              34.7638822138
            ],
            [
              134.0302441172,
              34.7638504801
            ],
            [
              134.0297669715,
              34.7636126453
            ],
            [
              134.0283774314,
              34.7626569554
            ],
            [
              134.0277510105,
              34.7621650494
            ],
            [
              134.0273534009,
              34.7616679403
            ],
            [
              134.0279373404,
              34.7613568445
            ],
            [
              134.0286970135,
              34.7608096866
            ],
            [
              134.0290352154,
              34.7612874796
            ],
            [
              134.0297899737,
              34.7620749382
            ],
            [
              134.0305646908,
              34.7627182044
            ],
            [
              134.0311057723,
              34.7635051247
            ],
            [
              134.0315220411,
              34.7638908467
            ],
            [
              134.0324006689,
              34.7634538256
            ],
            [
              134.0329431147,
              34.7626887503
            ],
            [
              134.0333020422,
              34.7624455277
            ]
          ]
        ]
      }
    },
    {
      "type": "Feature",
      "properties": {
        "key_code": "332130150",
        "pref": "岡山県",
        "city": "赤磐市",
        "ward": "",
        "district": "二井",
        "name": "赤磐市  二井"
      },
      "geometry": {
        "type": "Polygon",
        "coordinates": [
          [
            [
              134.0315599031,
              34.7735715364
            ],
            [
              134.0313037819,
              34.7735575199
            ],
            [
              134.0312225553,
              34.7734088507
            ],
            [
              134.0307706043,
              34.773290814
            ],
            [
              134.0303670198,
              34.7733616482
            ],
            [
              134.0302954278,
              34.7735593788
            ],
            [
              134.0302624373,
              34.7743845989
            ],
            [
              134.0303634189,
              34.7750864764
            ],
            [
              134.0298419212,
              34.7751816671
            ],
            [
              134.0292734648,
              34.7739188415
            ],
            [
              134.0292685338,
              34.7735892155
            ],
            [
              134.0289994953,
              34.7732183613
            ],
            [
              134.028932566,
              34.7730305675
            ],
            [
              134.0290008418,
              34.772853254
            ],
            [
              134.0289582141,
              34.7727415858
            ],
            [
              134.028774561,
              34.7725484289
            ],
            [
              134.0290317418,
              34.7719733748
            ],
            [
              134.0289528209,
              34.7717044153
            ],
            [
              134.0287510522,
              34.7714250064
            ],
            [
              134.0286216623,
              34.7715159601
            ],
            [
              134.0287681782,
              34.771780018
            ],
            [
              134.0286943211,
              34.771810259
            ],
            [
              134.0287060685,
              34.7719574876
            ],
            [
              134.0286072925,
              34.7720789438
            ],
            [
              134.0274253341,
              34.7726082905
            ],
            [
              134.0275047553,
              34.7727352647
            ],
            [
              134.0271200218,
              34.7729761546
            ],
            [
              134.0265250654,
              34.77266927
            ],
            [
              134.0266037094,
              34.7715528666
            ],
            [
              134.0260860881,
              34.771138979
            ],
            [
              134.0259181236,
              34.7704146723
            ],
            [
              134.025519993,
              34.770187443
            ],
            [
              134.0253287341,
              34.7699093223
            ],
            [
              134.0243033304,
              34.7696668384
            ],
            [
              134.0237867354,
              34.7690254582
            ],
            [
              134.02381445,
              34.7684970227
            ],
            [
              134.0234411435,
              34.7682029422
            ],
            [
              134.0236483897,
              34.7676239731
            ],
            [
              134.0235553091,
              34.7667611102
            ],
            [
              134.0239895564,
              34.7665293744
            ],
            [
              134.0244933747,
              34.7660822979
            ],
            [
              134.0243606123,
              34.7638766584
            ],
            [
              134.0246581368,
              34.7634118726
            ],
            [
              134.024394619,
              34.7630621518
            ],
            [
              134.0244791852,
              34.7625173799
            ],
            [
              134.0242000143,
              34.7617618014
            ],
            [
              134.0242762022,
              34.7616200084
            ],
            [
              134.0253196014,
              34.7612621997
            ],
            [
              134.0258089429,
              34.7609966537
            ],
            [
              134.0259748137,
              34.7608167747
            ],
            [
              134.026874231,
              34.7612219017
            ],
            [
              134.0280232967,
              34.7623967438
            ],
            [
              134.0297669715,
              34.7636126453
            ],
            [
              134.0302441172,
              34.7638504801
            ],
            [
              134.0304864249,
              34.7638822138
            ],
            [
              134.0307728272,
              34.7649282464
            ],
            [
              134.0310513799,
              34.7653177116
            ],
            [
              134.0310575051,
              34.7655094365
            ],
            [
              134.0308437999,
              34.7660612149
            ],
            [
              134.0314505662,
              34.7663331731
            ],
            [
              134.0317292924,
              34.7666831962
            ],
            [
              134.0317899188,
              34.7669087216
            ],
            [
              134.0315838874,
              34.7681565075
            ],
            [
              134.0319714151,
              34.7686365308
            ],
            [
              134.0321064312,
              34.7690650778
            ],
            [
              134.0321365589,
              34.7701639986
            ],
            [
              134.0314463327,
              34.7703466742
            ],
            [
              134.0304194343,
              34.7702204466
            ],
            [
              134.030460437,
              34.7709266828
            ],
            [
              134.0300940925,
              34.7709933834
            ],
            [
              134.0301002087,
              34.771065238
            ],
            [
              134.02981607,
              34.7712622979
            ],
            [
              134.0297419261,
              34.7714173408
            ],
            [
              134.029729234,
              34.7719029966
            ],
            [
              134.0300775219,
              34.7720478251
            ],
            [
              134.0300760514,
              34.7724480062
            ],
            [
              134.0304288794,
              34.7728447028
            ],
            [
              134.0309848444,
              34.7728370705
            ],
            [
              134.0313504539,
              34.7727165571
            ],
            [
              134.031142042,
              34.7730714311
            ],
            [
              134.0315599031,
              34.7735715364
            ]
          ]
        ]
      }
    },
    {
      "type": "Feature",
      "properties": {
        "key_code": "332130160",
        "pref": "岡山県",
        "city": "赤磐市",
        "ward": "",
        "district": "高屋",
        "name": "赤磐市  高屋"
      },
      "geometry": {
        "type": "Polygon",
        "coordinates": [
          [
            [
              134.0229175647,
              34.7550275711
            ],
            [
              134.0241762988,
              34.7561449963
            ],
            [
              134.0241827444,
              34.7562584048
            ],
            [
              134.0255516795,
              34.7577758358
            ],
            [
              134.0245413413,
              34.7584164288
            ],
            [
              134.0238228627,
              34.7589857812
            ],
            [
              134.0242869991,
              34.7595480043
            ],
            [
              134.0256554932,
              34.7604874844
            ],
            [
              134.0259748137,
              34.7608167747
            ],
            [
              134.0258089429,
              34.7609966537
            ],
            [
              134.0253196014,
              34.7612621997
            ],
            [
              134.024476115,
              34.7615013501
            ],
            [
              134.0242762022,
              34.7616200084
            ],
            [
              134.0242000143,
              34.7617618014
            ],
            [
              134.0244791852,
              34.7625173799
            ],
            [
              134.024394619,
              34.7630621518
            ],
            [
              134.0246581368,
              34.7634118726
            ],
            [
              134.0243606123,
              34.7638766584
            ],
            [
              134.0244933747,
              34.7660822979
            ],
            [
              134.0239895564,
              34.7665293744
            ],
            [
              134.0235553091,
              34.7667611102
            ],
            [
              134.0231551454,
              34.7666097925
            ],
            [
              134.0226603703,
              34.7661479179
            ],
            [
              134.0221489197,
              34.7660244837
            ],
            [
              134.0220443967,
              34.7659325157
            ],
            [
              134.0219468473,
              34.7656320927
            ],
            [
              134.0213000348,
              34.7654216779
            ],
            [
              134.0205048472,
              34.7644907996
            ],
            [
              134.0191129552,
              34.7639679944
            ],
            [
              134.0193668532,
              34.7636989039
            ],
            [
              134.0193406332,
              34.7632942857
            ],
            [
              134.0198621816,
              34.7629086908
            ],
            [
              134.0196329169,
              34.762899929
            ],
            [
              134.0184137769,
              34.7615738119
            ],
            [
              134.018631906,
              34.7613621023
            ],
            [
              134.018786388,
              34.7610612042
            ],
            [
              134.0193253602,
              34.7606687575
            ],
            [
              134.0227128244,
              34.7584883896
            ],
            [
              134.0226598694,
              34.7579320021
            ],
            [
              134.0223791059,
              34.7576077298
            ],
            [
              134.021751202,
              34.7572286141
            ],
            [
              134.0204424984,
              34.7561163957
            ],
            [
              134.0207871116,
              34.7559922027
            ],
            [
              134.0219360775,
              34.755241707
            ],
            [
              134.0225566871,
              34.7546176057
            ],
            [
              134.0229175647,
              34.7550275711
            ]
          ]
        ]
      }
    },
    {
      "type": "Feature",
      "properties": {
        "key_code": "332130170",
        "pref": "岡山県",
        "city": "赤磐市",
        "ward": "",
        "district": "上市",
        "name": "赤磐市  上市"
      },
      "geometry": {
        "type": "Polygon",
        "coordinates": [
          [
            [
              134.018786388,
              34.7610612042
            ],
            [
              134.0186591361,
              34.7606815397
            ],
            [
              134.0179168577,
              34.7600651825
            ],
            [
              134.0177888873,
              34.7598751114
            ],
            [
              134.0176691865,
              34.7599280443
            ],
            [
              134.0173938745,
              34.7598059067
            ],
            [
              134.0172190235,
              34.7598585549
            ],
            [
              134.0159991036,
              34.7608315281
            ],
            [
              134.0157501033,
              34.7605073205
            ],
            [
              134.0148700871,
              34.7611116975
            ],
            [
              134.0142298657,
              34.7602603469
            ],
            [
              134.0137703267,
              34.7601492659
            ],
            [
              134.0145715535,
              34.7562772975
            ],
            [
              134.0147708475,
              34.7563195165
            ],
            [
              134.0148713946,
              34.7559587571
            ],
            [
              134.0150572027,
              34.7561734937
            ],
            [
              134.0157883251,
              34.7556457795
            ],
            [
              134.0163581949,
              34.7560998557
            ],
            [
              134.0175501252,
              34.7544144834
            ],
            [
              134.0197759558,
              34.7565431654
            ],
            [
              134.0204424984,
              34.7561163957
            ],
            [
              134.021751202,
              34.7572286141
            ],
            [
              134.0223791059,
              34.7576077298
            ],
            [
              134.0226598694,
              34.7579320021
            ],
            [
              134.0227407305,
              34.7583805635
            ],
            [
              134.0225541146,
              34.7586241942
            ],
            [
              134.0210223685,
              34.7595296445
            ],
            [
              134.018786388,
              34.7610612042
            ]
          ]
        ]
      }
    },
    {
      "type": "Feature",
      "properties": {
        "key_code": "332130180",
        "pref": "岡山県",
        "city": "赤磐市",
        "ward": "",
        "district": "正崎",
        "name": "赤磐市  正崎"
      },
      "geometry": {
        "type": "Polygon",
        "coordinates": [
          [
            [
              134.0193406332,
              34.7632942857
            ],
            [
              134.0193668532,
              34.7636989039
            ],
            [
              134.0191129552,
              34.7639679944
            ],
            [
              134.0205048472,
              34.7644907996
            ],
            [
              134.0213000348,
              34.7654216779
            ],
            [
              134.0219468473,
              34.7656320927
            ],
            [
              134.0220443967,
              34.7659325157
            ],
            [
              134.0221489197,
              34.7660244837
            ],
            [
              134.0226603703,
              34.7661479179
            ],
            [
              134.0231551454,
              34.7666097925
            ],
            [
              134.0235553091,
              34.7667611102
            ],
            [
              134.0236483897,
              34.7676239731
            ],
            [
              134.0234411435,
              34.7682029422
            ],
            [
              134.0231867793,
              34.7680950997
            ],
            [
              134.0226982007,
              34.767633805
            ],
            [
              134.0226116492,
              34.7676414721
            ],
            [
              134.0222929689,
              34.768017457
            ],
            [
              134.021792864,
              34.7680637863
            ],
            [
              134.0215625303,
              34.7679561417
            ],
            [
              134.0213545448,
              34.7676600829
            ],
            [
              134.0210667942,
              34.7674848185
            ],
            [
              134.0203650355,
              34.7674751238
            ],
            [
              134.0199952309,
              34.7673828929
            ],
            [
              134.019407727,
              34.7682956977
            ],
            [
              134.0187535366,
              34.7684169767
            ],
            [
              134.0186544189,
              34.7679366686
            ],
            [
              134.0179016384,
              34.767434944
            ],
            [
              134.0174742302,
              34.7673307235
            ],
            [
              134.0168853399,
              34.7673390501
            ],
            [
              134.0162231261,
              34.7670439106
            ],
            [
              134.0156920694,
              34.7670167459
            ],
            [
              134.0145925578,
              34.766684533
            ],
            [
              134.0142762983,
              34.7664257869
            ],
            [
              134.0141991571,
              34.7664891124
            ],
            [
              134.0143666147,
              34.7666919686
            ],
            [
              134.0145234037,
              34.7671722918
            ],
            [
              134.0147841555,
              34.7674844185
            ],
            [
              134.0142433686,
              34.7681096864
            ],
            [
              134.0137622918,
              34.7682115313
            ],
            [
              134.0133693088,
              34.7679011673
            ],
            [
              134.0126916348,
              34.7678755749
            ],
            [
              134.0120696519,
              34.7679599973
            ],
            [
              134.0123734229,
              34.7663704851
            ],
            [
              134.0121962947,
              34.7663073341
            ],
            [
              134.0107585612,
              34.7646202386
            ],
            [
              134.010746864,
              34.7643693349
            ],
            [
              134.0110146339,
              34.7639308432
            ],
            [
              134.0106687842,
              34.7632764716
            ],
            [
              134.0104683142,
              34.7627009447
            ],
            [
              134.0111290063,
              34.762211238
            ],
            [
              134.0118523463,
              34.761899601
            ],
            [
              134.0120304569,
              34.7617013182
            ],
            [
              134.0132773894,
              34.7608526902
            ],
            [
              134.0136194545,
              34.7608985269
            ],
            [
              134.0137703267,
              34.7601492659
            ],
            [
              134.0142298657,
              34.7602603469
            ],
            [
              134.0148700871,
              34.7611116975
            ],
            [
              134.0157501033,
              34.7605073205
            ],
            [
              134.0159991036,
              34.7608315281
            ],
            [
              134.0172190235,
              34.7598585549
            ],
            [
              134.0173938745,
              34.7598059067
            ],
            [
              134.0176691865,
              34.7599280443
            ],
            [
              134.0177888873,
              34.7598751114
            ],
            [
              134.0179168577,
              34.7600651825
            ],
            [
              134.0186591361,
              34.7606815397
            ],
            [
              134.018786388,
              34.7610612042
            ],
            [
              134.018631906,
              34.7613621023
            ],
            [
              134.0184137769,
              34.7615738119
            ],
            [
              134.0196329169,
              34.762899929
            ],
            [
              134.0198621816,
              34.7629086908
            ],
            [
              134.0193406332,
              34.7632942857
            ]
          ]
        ]
      }
    },
    {
      "type": "Feature",
      "properties": {
        "key_code": "332130190",
        "pref": "岡山県",
        "city": "赤磐市",
        "ward": "",
        "district": "五日市",
        "name": "赤磐市  五日市"
      },
      "geometry": {
        "type": "Polygon",
        "coordinates": [
          [
            [
              134.0103440371,
              34.7780871132
            ],
            [
              134.0099534372,
              34.7777485722
            ],
            [
              134.0098760452,
              34.7773318412
            ],
            [
              134.009891171,
              34.7763875508
            ],
            [
              134.0105059019,
              34.7750203007
            ],
            [
              134.0109045292,
              34.7726865906
            ],
            [
              134.0120696519,
              34.7679599973
            ],
            [
              134.0126916348,
              34.7678755749
            ],
            [
              134.0133693088,
              34.7679011673
            ],
            [
              134.0137622918,
              34.7682115313
            ],
            [
              134.0142433686,
              34.7681096864
            ],
            [
              134.0171060563,
              34.7710138272
            ],
            [
              134.0152462229,
              34.7722801002
            ],
            [
              134.0157884904,
              34.774263148
            ],
            [
              134.0138062956,
              34.775602609
            ],
            [
              134.0120643194,
              34.7769869031
            ],
            [
              134.0103440371,
              34.7780871132
            ]
          ]
        ]
      }
    },
    {
      "type": "Feature",
      "properties": {
        "key_code": "332130200",
        "pref": "岡山県",
        "city": "赤磐市",
        "ward": "",
        "district": "尾谷",
        "name": "赤磐市  尾谷"
      },
      "geometry": {
        "type": "Polygon",
        "coordinates": [
          [
            [
              134.0236932214,
              34.7771300551
            ],
            [
              134.0231488682,
              34.7772427664
            ],
            [
              134.0227238864,
              34.7774800186
            ],
            [
              134.0206710728,
              34.777159932
            ],
            [
              134.0203161472,
              34.776813628
            ],
            [
              134.0196673183,
              34.7764740301
            ],
            [
              134.0191245418,
              34.7763550089
            ],
            [
              134.0186535077,
              34.7760965789
            ],
            [
              134.0183505621,
              34.7761398832
            ],
            [
              134.0172119648,
              34.7757915361
            ],
            [
              134.0163115366,
              34.774881766
            ],
            [
              134.0157884904,
              34.774263148
            ],
            [
              134.0152462229,
              34.7722801002
            ],
            [
              134.0171060563,
              34.7710138272
            ],
            [
              134.0142433686,
              34.7681096864
            ],
            [
              134.0147841555,
              34.7674844185
            ],
            [
              134.0145234037,
              34.7671722918
            ],
            [
              134.0143666147,
              34.7666919686
            ],
            [
              134.0141991571,
              34.7664891124
            ],
            [
              134.0142762983,
              34.7664257869
            ],
            [
              134.0145925578,
              34.766684533
            ],
            [
              134.0156920694,
              34.7670167459
            ],
            [
              134.0164871848,
              34.7671239044
            ],
            [
              134.0168853399,
              34.7673390501
            ],
            [
              134.0174742302,
              34.7673307235
            ],
            [
              134.0179016384,
              34.767434944
            ],
            [
              134.0186544189,
              34.7679366686
            ],
            [
              134.0187535366,
              34.7684169767
            ],
            [
              134.019407727,
              34.7682956977
            ],
            [
              134.0199952309,
              34.7673828929
            ],
            [
              134.0203650355,
              34.7674751238
            ],
            [
              134.0210667942,
              34.7674848185
            ],
            [
              134.0213545448,
              34.7676600829
            ],
            [
              134.0215625303,
              34.7679561417
            ],
            [
              134.021792864,
              34.7680637863
            ],
            [
              134.0222929689,
              34.768017457
            ],
            [
              134.0226116492,
              34.7676414721
            ],
            [
              134.0226982007,
              34.767633805
            ],
            [
              134.0231867793,
              34.7680950997
            ],
            [
              134.02381445,
              34.7684970227
            ],
            [
              134.0237867354,
              34.7690254582
            ],
            [
              134.0243033304,
              34.7696668384
            ],
            [
              134.0253287341,
              34.7699093223
            ],
            [
              134.025519993,
              34.770187443
            ],
            [
              134.0259181236,
              34.7704146723
            ],
            [
              134.0260860881,
              34.771138979
            ],
            [
              134.0266037094,
              34.7715528666
            ],
            [
              134.0265250654,
              34.77266927
            ],
            [
              134.0271200218,
              34.7729761546
            ],
            [
              134.0268148768,
              34.7731544203
            ],
            [
              134.025907588,
              34.7733627183
            ],
            [
              134.0253719954,
              34.7735997002
            ],
            [
              134.0250641121,
              34.773761192
            ],
            [
              134.0246569469,
              34.7741709095
            ],
            [
              134.0245701875,
              34.7743633867
            ],
            [
              134.0246431376,
              34.774576553
            ],
            [
              134.0251274882,
              34.7748921816
            ],
            [
              134.0258089021,
              34.7751070274
            ],
            [
              134.025839423,
              34.7751627447
            ],
            [
              134.025543709,
              34.7753497641
            ],
            [
              134.0255186911,
              34.7754663333
            ],
            [
              134.0256984296,
              34.7758850027
            ],
            [
              134.0255998518,
              34.7759508177
            ],
            [
              134.0249313118,
              34.7755840147
            ],
            [
              134.0242375099,
              34.7753944866
            ],
            [
              134.0239295411,
              34.7763953639
            ],
            [
              134.0241989278,
              34.7766698815
            ],
            [
              134.0236932214,
              34.7771300551
            ]
          ]
        ]
      }
    },
    {
      "type": "Feature",
      "properties": {
        "key_code": "332130210",
        "pref": "岡山県",
        "city": "赤磐市",
        "ward": "",
        "district": "津崎",
        "name": "赤磐市  津崎"
      },
      "geometry": {
        "type": "Polygon",
        "coordinates": [
          [
            [
              134.0144769459,
              34.7826622032
            ],
            [
              134.0112951599,
              34.7792848435
            ],
            [
              134.0110534305,
              34.7791509478
            ],
            [
              134.0105291163,
              34.7790295427
            ],
            [
              134.01051395,
              34.7786824208
            ],
            [
              134.0103440371,
              34.7780871132
            ],
            [
              134.0120643194,
              34.7769869031
            ],
            [
              134.0138062956,
              34.775602609
            ],
            [
              134.0157884904,
              34.774263148
            ],
            [
              134.0172119648,
              34.7757915361
            ],
            [
              134.0183505621,
              34.7761398832
            ],
            [
              134.0186535077,
              34.7760965789
            ],
            [
              134.0191245418,
              34.7763550089
            ],
            [
              134.0196673183,
              34.7764740301
            ],
            [
              134.0203161472,
              34.776813628
            ],
            [
              134.0206710728,
              34.777159932
            ],
            [
              134.0216551176,
              34.7773048702
            ],
            [
              134.0213345079,
              34.7775778805
            ],
            [
              134.0209643122,
              34.7787712868
            ],
            [
              134.0204408319,
              34.7787137373
            ],
            [
              134.0198206478,
              34.7782303948
            ],
            [
              134.0191116578,
              34.7785819834
            ],
            [
              134.019418385,
              34.7797138884
            ],
            [
              134.0196833983,
              34.7801282816
            ],
            [
              134.0196193986,
              34.7802643282
            ],
            [
              134.0185326661,
              34.7806333909
            ],
            [
              134.017776884,
              34.7807622914
            ],
            [
              134.0175060015,
              34.7810627479
            ],
            [
              134.0156480945,
              34.7822570545
            ],
            [
              134.01544582,
              34.7820418537
            ],
            [
              134.0144769459,
              34.7826622032
            ]
          ]
        ]
      }
    },
    {
      "type": "Feature",
      "properties": {
        "key_code": "332130220",
        "pref": "岡山県",
        "city": "赤磐市",
        "ward": "",
        "district": "神田",
        "name": "赤磐市  神田"
      },
      "geometry": {
        "type": "Polygon",
        "coordinates": [
          [
            [
              134.0352391165,
              34.7878702183
            ],
            [
              134.0349171675,
              34.7882203105
            ],
            [
              134.0347467947,
              34.788284688
            ],
            [
              134.0341023777,
              34.7882264795
            ],
            [
              134.0338337497,
              34.7883068137
            ],
            [
              134.0331992582,
              34.7882187615
            ],
            [
              134.0327727697,
              34.7885201366
            ],
            [
              134.0322364521,
              34.7884324635
            ],
            [
              134.0320799419,
              34.7882754392
            ],
            [
              134.031903348,
              34.7882479567
            ],
            [
              134.0309729795,
              34.7885372292
            ],
            [
              134.0298586509,
              34.7881214523
            ],
            [
              134.0292827135,
              34.7881308607
            ],
            [
              134.0288197938,
              34.7876545809
            ],
            [
              134.0286629163,
              34.7876055916
            ],
            [
              134.0273776086,
              34.788309627
            ],
            [
              134.0269987731,
              34.7881089342
            ],
            [
              134.0267305995,
              34.7880705082
            ],
            [
              134.0255276448,
              34.7886209117
            ],
            [
              134.0243897478,
              34.7883911017
            ],
            [
              134.0239374845,
              34.7885789877
            ],
            [
              134.0234762182,
              34.7885480923
            ],
            [
              134.022803494,
              34.7881791541
            ],
            [
              134.0223927806,
              34.7877570737
            ],
            [
              134.0223744598,
              34.7874061433
            ],
            [
              134.0221919866,
              34.7872004431
            ],
            [
              134.0221475619,
              34.7868277537
            ],
            [
              134.0219141181,
              34.7862601915
            ],
            [
              134.0212813904,
              34.786143909
            ],
            [
              134.021041209,
              34.7864968521
            ],
            [
              134.0207918646,
              34.7866690475
            ],
            [
              134.0189085616,
              34.786882807
            ],
            [
              134.0184945445,
              34.786698899
            ],
            [
              134.0181832709,
              34.7863400242
            ],
            [
              134.0180035446,
              34.7863250493
            ],
            [
              134.0177073073,
              34.7864582394
            ],
            [
              134.0174755101,
              34.7864146751
            ],
            [
              134.0165042869,
              34.7856274123
            ],
            [
              134.0157276864,
              34.7855057954
            ],
            [
              134.0152368615,
              34.7849638879
            ],
            [
              134.0156448405,
              34.7844292617
            ],
            [
              134.0158187177,
              34.7844487315
            ],
            [
              134.0159896754,
              34.7843609995
            ],
            [
              134.0144769459,
              34.7826622032
            ],
            [
              134.01544582,
              34.7820418537
            ],
            [
              134.0156480945,
              34.7822570545
            ],
            [
              134.0175060015,
              34.7810627479
            ],
            [
              134.017776884,
              34.7807622914
            ],
            [
              134.0185326661,
              34.7806333909
            ],
            [
              134.019670346,
              34.7802226243
            ],
            [
              134.0196833983,
              34.7801282816
            ],
            [
              134.019418385,
              34.7797138884
            ],
            [
              134.0191116578,
              34.7785819834
            ],
            [
              134.0198206478,
              34.7782303948
            ],
            [
              134.0204408319,
              34.7787137373
            ],
            [
              134.0210860461,
              34.7790860011
            ],
            [
              134.0211653907,
              34.7792383346
            ],
            [
              134.0211389787,
              34.7797250818
            ],
            [
              134.0212296998,
              34.780115781
            ],
            [
              134.0214163783,
              34.7803216358
            ],
            [
              134.0216371563,
              34.7804540479
            ],
            [
              134.0222451279,
              34.7805874513
            ],
            [
              134.0240403476,
              34.7804601815
            ],
            [
              134.0243295699,
              34.7803645674
            ],
            [
              134.0244899543,
              34.7802128448
            ],
            [
              134.0249966364,
              34.7803180844
            ],
            [
              134.0252070216,
              34.780539487
            ],
            [
              134.025355816,
              34.7805204253
            ],
            [
              134.0254463043,
              34.7804788188
            ],
            [
              134.0253467531,
              34.7803747518
            ],
            [
              134.0256489068,
              34.7801118247
            ],
            [
              134.0259401011,
              34.7794888288
            ],
            [
              134.0261243322,
              34.7795349329
            ],
            [
              134.0260616315,
              34.7798643889
            ],
            [
              134.0261533524,
              34.7799913952
            ],
            [
              134.0266941501,
              34.780018114
            ],
            [
              134.0276594714,
              34.7799241935
            ],
            [
              134.0277499616,
              34.7803858809
            ],
            [
              134.0267292276,
              34.7805050173
            ],
            [
              134.0259537321,
              34.7807870365
            ],
            [
              134.0256344346,
              34.7807000228
            ],
            [
              134.0253389349,
              34.7808311211
            ],
            [
              134.0254048113,
              34.7812978187
            ],
            [
              134.0258840594,
              34.7813446693
            ],
            [
              134.0266468928,
              34.7811640384
            ],
            [
              134.0284506556,
              34.7812168861
            ],
            [
              134.0288315483,
              34.7812684089
            ],
            [
              134.0295985702,
              34.7816203645
            ],
            [
              134.0297332648,
              34.7817626883
            ],
            [
              134.0298788827,
              34.7822853633
            ],
            [
              134.03026741,
              34.7827655403
            ],
            [
              134.0300931273,
              34.7833634827
            ],
            [
              134.0300608189,
              34.7837944361
            ],
            [
              134.0301345184,
              34.7838098327
            ],
            [
              134.0302616427,
              34.784342603
            ],
            [
              134.0304150075,
              34.7844293323
            ],
            [
              134.0310180686,
              34.7842379938
            ],
            [
              134.0315048116,
              34.7839197298
            ],
            [
              134.0316779968,
              34.7836209709
            ],
            [
              134.0317794978,
              34.7836323498
            ],
            [
              134.0317659527,
              34.7840582792
            ],
            [
              134.0323431061,
              34.7840537923
            ],
            [
              134.0325482506,
              34.7842505184
            ],
            [
              134.0323669302,
              34.7841925989
            ],
            [
              134.032335804,
              34.7844243791
            ],
            [
              134.0317640484,
              34.7846869362
            ],
            [
              134.0315339705,
              34.7849254063
            ],
            [
              134.0325514885,
              34.7851687978
            ],
            [
              134.033863789,
              34.7858177398
            ],
            [
              134.0345470098,
              34.7864314589
            ],
            [
              134.034372862,
              34.786755574
            ],
            [
              134.0344331,
              34.7868413652
            ],
            [
              134.0349949398,
              34.7869390935
            ],
            [
              134.034616828,
              34.7874590678
            ],
            [
              134.0347510704,
              34.7874058702
            ],
            [
              134.0352391165,
              34.7878702183
            ]
          ]
        ]
      }
    },
    {
      "type": "Feature",
      "properties": {
        "key_code": "332130230",
        "pref": "岡山県",
        "city": "赤磐市",
        "ward": "",
        "district": "鴨前",
        "name": "赤磐市  鴨前"
      },
      "geometry": {
        "type": "Polygon",
        "coordinates": [
          [
            [
              134.004006293,
              34.7543503943
            ],
            [
              134.004819653,
              34.7555928767
            ],
            [
              134.0053534843,
              34.7560404269
            ],
            [
              134.0052811562,
              34.7561446088
            ],
            [
              134.0054196598,
              34.7562351341
            ],
            [
              134.0052459126,
              34.7562795991
            ],
            [
              134.0056159061,
              34.7567758651
            ],
            [
              134.0059576789,
              34.7568832787
            ],
            [
              134.0065265097,
              34.7572613329
            ],
            [
              134.0069333405,
              34.757225664
            ],
            [
              134.0073763465,
              34.7574416677
            ],
            [
              134.0077183323,
              34.7574958312
            ],
            [
              134.0076477867,
              34.757782153
            ],
            [
              134.0085194904,
              34.7580791714
            ],
            [
              134.0096024457,
              34.7582519448
            ],
            [
              134.0097162958,
              34.7583095793
            ],
            [
              134.0097146033,
              34.7587434261
            ],
            [
              134.0099223699,
              34.7588831509
            ],
            [
              134.0100313804,
              34.7589079519
            ],
            [
              134.0111587095,
              34.7585262627
            ],
            [
              134.0119492951,
              34.7592856277
            ],
            [
              134.0111203255,
              34.7601081665
            ],
            [
              134.0123524252,
              34.7614887663
            ],
            [
              134.0118523463,
              34.761899601
            ],
            [
              134.0111290063,
              34.762211238
            ],
            [
              134.0104683142,
              34.7627009447
            ],
            [
              134.0106687842,
              34.7632764716
            ],
            [
              134.0110146339,
              34.7639308432
            ],
            [
              134.010746864,
              34.7643693349
            ],
            [
              134.0107585612,
              34.7646202386
            ],
            [
              134.0088223566,
              34.7625210401
            ],
            [
              134.0079538152,
              34.7632540061
            ],
            [
              134.0075264485,
              34.762926906
            ],
            [
              134.0071530227,
              34.7627836329
            ],
            [
              134.0066507939,
              34.7622620813
            ],
            [
              134.0054352075,
              34.7614819507
            ],
            [
              134.0047753796,
              34.7625622589
            ],
            [
              134.0047746643,
              34.7627425593
            ],
            [
              134.0038250584,
              34.762712233
            ],
            [
              134.003766789,
              34.7625733265
            ],
            [
              134.0035987987,
              34.762545261
            ],
            [
              134.0034513637,
              34.7626383919
            ],
            [
              134.0032496394,
              34.7626378429
            ],
            [
              134.0032197819,
              34.7627522816
            ],
            [
              134.003001184,
              34.7627723931
            ],
            [
              134.0020357938,
              34.7624853599
            ],
            [
              134.0013906634,
              34.7619773398
            ],
            [
              134.0003480931,
              34.7620785768
            ],
            [
              133.9994873896,
              34.7618923856
            ],
            [
              133.9989251922,
              34.7616688382
            ],
            [
              133.9983740146,
              34.7607932783
            ],
            [
              133.9972827577,
              34.7604712112
            ],
            [
              133.9971209554,
              34.7602604596
            ],
            [
              133.9969545937,
              34.7595854211
            ],
            [
              133.996563111,
              34.7588166514
            ],
            [
              133.9964390206,
              34.758141728
            ],
            [
              133.9961580284,
              34.7579314915
            ],
            [
              133.9958373115,
              34.7570931881
            ],
            [
              133.9957407959,
              34.7565696255
            ],
            [
              133.9946234094,
              34.7558512322
            ],
            [
              133.9938371531,
              34.7551395286
            ],
            [
              133.9936158314,
              34.7541269707
            ],
            [
              133.9933350044,
              34.7538819343
            ],
            [
              133.9928286666,
              34.7536479589
            ],
            [
              133.9927582191,
              34.7533901275
            ],
            [
              133.9931888269,
              34.7523616446
            ],
            [
              133.9931796619,
              34.751633231
            ],
            [
              133.9938911438,
              34.7519389124
            ],
            [
              133.9952397596,
              34.7518612504
            ],
            [
              133.9954411629,
              34.7517818014
            ],
            [
              133.9957296085,
              34.7514862325
            ],
            [
              133.9961935039,
              34.7513127108
            ],
            [
              133.9973900127,
              34.7513546168
            ],
            [
              133.9978573275,
              34.7514533839
            ],
            [
              133.9981459651,
              34.7512504969
            ],
            [
              133.9984158205,
              34.7506063844
            ],
            [
              133.9985396281,
              34.7504965726
            ],
            [
              134.0000667754,
              34.7503225845
            ],
            [
              134.0003734248,
              34.7503813194
            ],
            [
              134.0003253497,
              34.7505865614
            ],
            [
              134.0005613189,
              34.750646933
            ],
            [
              134.0006155934,
              34.7504652317
            ],
            [
              134.0007321644,
              34.7504885105
            ],
            [
              134.0006968809,
              34.7510100199
            ],
            [
              134.0007737946,
              34.7514650684
            ],
            [
              134.0021001056,
              34.7513778389
            ],
            [
              134.0022136229,
              34.7525309506
            ],
            [
              134.0025975333,
              34.752615246
            ],
            [
              134.0025466897,
              34.7527294861
            ],
            [
              134.0030611363,
              34.7527817374
            ],
            [
              134.0031054544,
              34.7531602099
            ],
            [
              134.0030711616,
              34.7532808338
            ],
            [
              134.0030068083,
              34.7532679808
            ],
            [
              134.0029926125,
              34.753543607
            ],
            [
              134.0031161646,
              34.7537601635
            ],
            [
              134.004006293,
              34.7543503943
            ]
          ]
        ]
      }
    },
    {
      "type": "Feature",
      "properties": {
        "key_code": "332130240",
        "pref": "岡山県",
        "city": "赤磐市",
        "ward": "",
        "district": "西中",
        "name": "赤磐市  西中"
      },
      "geometry": {
        "type": "Polygon",
        "coordinates": [
          [
            [
              133.9972827577,
              34.7604712112
            ],
            [
              133.9983740146,
              34.7607932783
            ],
            [
              133.9987578506,
              34.7614810316
            ],
            [
              133.9991432564,
              34.7617804385
            ],
            [
              134.0003480931,
              34.7620785768
            ],
            [
              134.0013906634,
              34.7619773398
            ],
            [
              134.0020357938,
              34.7624853599
            ],
            [
              134.003001184,
              34.7627723931
            ],
            [
              134.0032197819,
              34.7627522816
            ],
            [
              134.0032496394,
              34.7626378429
            ],
            [
              134.0034513637,
              34.7626383919
            ],
            [
              134.0035987987,
              34.762545261
            ],
            [
              134.003766789,
              34.7625733265
            ],
            [
              134.0038250584,
              34.762712233
            ],
            [
              134.0047746643,
              34.7627425593
            ],
            [
              134.0047753796,
              34.7625622589
            ],
            [
              134.0054352075,
              34.7614819507
            ],
            [
              134.0066507939,
              34.7622620813
            ],
            [
              134.0071530227,
              34.7627836329
            ],
            [
              134.0075264485,
              34.762926906
            ],
            [
              134.0079538152,
              34.7632540061
            ],
            [
              134.0088223566,
              34.7625210401
            ],
            [
              134.0114145925,
              34.7653329036
            ],
            [
              134.0121962947,
              34.7663073341
            ],
            [
              134.0123734229,
              34.7663704851
            ],
            [
              134.0119790049,
              34.7684343162
            ],
            [
              134.0109045292,
              34.7726865906
            ],
            [
              134.0105059019,
              34.7750203007
            ],
            [
              134.009891171,
              34.7763875508
            ],
            [
              134.0098760452,
              34.7773318412
            ],
            [
              134.0099534372,
              34.7777485722
            ],
            [
              134.0093811899,
              34.7774788469
            ],
            [
              134.006679346,
              34.774469158
            ],
            [
              134.0062785922,
              34.7741869209
            ],
            [
              134.0051134384,
              34.7727996793
            ],
            [
              134.0048691643,
              34.7727125307
            ],
            [
              134.0028469016,
              34.7704831377
            ],
            [
              134.0018326231,
              34.7696188695
            ],
            [
              134.0016068975,
              34.7692722978
            ],
            [
              134.0000846201,
              34.7676604775
            ],
            [
              133.9997681052,
              34.7670794004
            ],
            [
              133.9992076031,
              34.767430998
            ],
            [
              133.9987094913,
              34.7674801955
            ],
            [
              133.9985951439,
              34.7672912663
            ],
            [
              133.9978579021,
              34.7671480882
            ],
            [
              133.9978173773,
              34.7665921354
            ],
            [
              133.9976623791,
              34.7665784663
            ],
            [
              133.9971824601,
              34.7662682291
            ],
            [
              133.9969162519,
              34.7659939388
            ],
            [
              133.9968634289,
              34.7658349006
            ],
            [
              133.9964689086,
              34.7655602552
            ],
            [
              133.9965120459,
              34.7654721948
            ],
            [
              133.9962560293,
              34.7653214679
            ],
            [
              133.9963421387,
              34.7651805628
            ],
            [
              133.995648794,
              34.7647639428
            ],
            [
              133.9953923481,
              34.7647190004
            ],
            [
              133.9951355785,
              34.7647536431
            ],
            [
              133.9946106258,
              34.7649992527
            ],
            [
              133.9944184299,
              34.7649368788
            ],
            [
              133.9942384201,
              34.7645040735
            ],
            [
              133.9943987289,
              34.7645221278
            ],
            [
              133.9945273658,
              34.7644430403
            ],
            [
              133.9945812298,
              34.764346137
            ],
            [
              133.9945396073,
              34.7640637347
            ],
            [
              133.9946897525,
              34.7639582249
            ],
            [
              133.9943602349,
              34.7634806319
            ],
            [
              133.994157636,
              34.7633389245
            ],
            [
              133.9938905781,
              34.763276482
            ],
            [
              133.9934250157,
              34.7633854769
            ],
            [
              133.9929980296,
              34.7632077842
            ],
            [
              133.991995634,
              34.7625520843
            ],
            [
              133.9918137499,
              34.7625779152
            ],
            [
              133.991620448,
              34.7627803534
            ],
            [
              133.991502754,
              34.7627976302
            ],
            [
              133.9907877465,
              34.7624603702
            ],
            [
              133.9897073855,
              34.7625631113
            ],
            [
              133.9894083915,
              34.7624653544
            ],
            [
              133.9882077564,
              34.761919219
            ],
            [
              133.9877510071,
              34.761194322
            ],
            [
              133.9872923495,
              34.7609283433
            ],
            [
              133.9870893476,
              34.7608924099
            ],
            [
              133.9863823636,
              34.7611991626
            ],
            [
              133.9862094133,
              34.7616487185
            ],
            [
              133.9860380693,
              34.7617100668
            ],
            [
              133.9858374437,
              34.7616210339
            ],
            [
              133.9858622654,
              34.7613141708
            ],
            [
              133.9855492637,
              34.7607141976
            ],
            [
              133.9853187078,
              34.7605139399
            ],
            [
              133.9840168946,
              34.7599460766
            ],
            [
              133.9837764315,
              34.7596069017
            ],
            [
              133.9836193607,
              34.7581957348
            ],
            [
              133.9833790149,
              34.7578304999
            ],
            [
              133.9830123649,
              34.757482369
            ],
            [
              133.9819033752,
              34.7567217767
            ],
            [
              133.9812783947,
              34.7559193244
            ],
            [
              133.9809087332,
              34.7550457665
            ],
            [
              133.9806616587,
              34.755027727
            ],
            [
              133.9799708535,
              34.7554814153
            ],
            [
              133.9792641138,
              34.7553556918
            ],
            [
              133.9778570613,
              34.7554406282
            ],
            [
              133.9761601066,
              34.7550753533
            ],
            [
              133.9746619103,
              34.7543570746
            ],
            [
              133.9743150112,
              34.7543214024
            ],
            [
              133.9734678516,
              34.7544403312
            ],
            [
              133.9728820491,
              34.7543192926
            ],
            [
              133.9724413672,
              34.7540792293
            ],
            [
              133.9723316106,
              34.753927056
            ],
            [
              133.9720611581,
              34.7526524452
            ],
            [
              133.9713584648,
              34.7516840599
            ],
            [
              133.9714586302,
              34.751262335
            ],
            [
              133.9716700882,
              34.7508646034
            ],
            [
              133.9713588806,
              34.7495442339
            ],
            [
              133.9728829189,
              34.7474015834
            ],
            [
              133.972941365,
              34.7466702624
            ],
            [
              133.9725231051,
              34.7463022211
            ],
            [
              133.972602089,
              34.7452041571
            ],
            [
              133.9733431889,
              34.7453915823
            ],
            [
              133.97496821,
              34.7455813235
            ],
            [
              133.9749931772,
              34.7458374826
            ],
            [
              133.9751396816,
              34.7459979319
            ],
            [
              133.9763035873,
              34.7466829757
            ],
            [
              133.9778503834,
              34.7472520688
            ],
            [
              133.9781392246,
              34.7477122588
            ],
            [
              133.9793733394,
              34.747944185
            ],
            [
              133.9799734658,
              34.7482407478
            ],
            [
              133.9808771109,
              34.7485159296
            ],
            [
              133.9814517022,
              34.748490966
            ],
            [
              133.9817721839,
              34.7482725705
            ],
            [
              133.9821905146,
              34.7482634935
            ],
            [
              133.9828921698,
              34.7487514814
            ],
            [
              133.9834049025,
              34.7489218462
            ],
            [
              133.9838821444,
              34.7494138326
            ],
            [
              133.9844233546,
              34.7496465343
            ],
            [
              133.9852088374,
              34.7498442962
            ],
            [
              133.986268164,
              34.7502429998
            ],
            [
              133.986950411,
              34.7502360706
            ],
            [
              133.9872093692,
              34.7501270771
            ],
            [
              133.9877423465,
              34.7501833868
            ],
            [
              133.9881976018,
              34.7503596282
            ],
            [
              133.9885267823,
              34.750639183
            ],
            [
              133.988932209,
              34.7507083671
            ],
            [
              133.9895201028,
              34.7509383642
            ],
            [
              133.9894022391,
              34.7512210192
            ],
            [
              133.990284476,
              34.7514784675
            ],
            [
              133.9911920472,
              34.7516824526
            ],
            [
              133.9919621566,
              34.7517009554
            ],
            [
              133.9924583932,
              34.7515244409
            ],
            [
              133.9931796619,
              34.751633231
            ],
            [
              133.9931888269,
              34.7523616446
            ],
            [
              133.9927852367,
              34.753216382
            ],
            [
              133.9927587311,
              34.753519862
            ],
            [
              133.9928286666,
              34.7536479589
            ],
            [
              133.9933350044,
              34.7538819343
            ],
            [
              133.9936158314,
              34.7541269707
            ],
            [
              133.9938371531,
              34.7551395286
            ],
            [
              133.9946234094,
              34.7558512322
            ],
            [
              133.9957407959,
              34.7565696255
            ],
            [
              133.9958373115,
              34.7570931881
            ],
            [
              133.9961580284,
              34.7579314915
            ],
            [
              133.9964390206,
              34.758141728
            ],
            [
              133.996563111,
              34.7588166514
            ],
            [
              133.9969545937,
              34.7595854211
            ],
            [
              133.9971209554,
              34.7602604596
            ],
            [
              133.9972827577,
              34.7604712112
            ]
          ]
        ]
      }
    },
    {
      "type": "Feature",
      "properties": {
        "key_code": "332130250",
        "pref": "岡山県",
        "city": "赤磐市",
        "ward": "",
        "district": "下仁保",
        "name": "赤磐市  下仁保"
      },
      "geometry": {
        "type": "Polygon",
        "coordinates": [
          [
            [
              133.9987094913,
              34.7674801955
            ],
            [
              133.9992076031,
              34.767430998
            ],
            [
              133.9997681052,
              34.7670794004
            ],
            [
              134.0000846201,
              34.7676604775
            ],
            [
              134.0016068975,
              34.7692722978
            ],
            [
              134.0018326231,
              34.7696188695
            ],
            [
              134.0028469016,
              34.7704831377
            ],
            [
              134.0048691643,
              34.7727125307
            ],
            [
              134.0051134384,
              34.7727996793
            ],
            [
              134.0062785922,
              34.7741869209
            ],
            [
              134.006679346,
              34.774469158
            ],
            [
              134.0082267451,
              34.7762211128
            ],
            [
              134.0079339472,
              34.7765706476
            ],
            [
              134.0079269725,
              34.7767327597
            ],
            [
              134.008360695,
              34.7776068358
            ],
            [
              134.0085985943,
              34.7783341737
            ],
            [
              134.0085092319,
              34.7785011369
            ],
            [
              134.0082495522,
              34.7784848053
            ],
            [
              134.0080461937,
              34.7786410383
            ],
            [
              134.007870061,
              34.7791293547
            ],
            [
              134.0077115971,
              34.7791447059
            ],
            [
              134.0072560626,
              34.7789865623
            ],
            [
              134.0070025333,
              34.7790120812
            ],
            [
              134.0067234061,
              34.7791054253
            ],
            [
              134.0063739861,
              34.7793501461
            ],
            [
              134.0057785697,
              34.7793223392
            ],
            [
              134.0051314165,
              34.7795558291
            ],
            [
              134.0049425241,
              34.7792573957
            ],
            [
              134.0046647198,
              34.779010981
            ],
            [
              134.0048748592,
              34.7787448997
            ],
            [
              134.0047673051,
              34.7787079844
            ],
            [
              134.0045320631,
              34.778916526
            ],
            [
              134.0043132869,
              34.7789655161
            ],
            [
              134.0038068927,
              34.7788544101
            ],
            [
              134.0034512726,
              34.7790624821
            ],
            [
              134.0032928703,
              34.7790674044
            ],
            [
              134.0028565666,
              34.7788518247
            ],
            [
              134.0025453082,
              34.7790548033
            ],
            [
              134.0023225938,
              34.7786417529
            ],
            [
              134.0015036653,
              34.7754056421
            ],
            [
              134.0008894207,
              34.7746042966
            ],
            [
              134.000102278,
              34.7741492731
            ],
            [
              133.9988770119,
              34.7728191411
            ],
            [
              133.9971682254,
              34.771257636
            ],
            [
              133.9964876897,
              34.7709620568
            ],
            [
              133.9961790739,
              34.7709328866
            ],
            [
              133.9959387858,
              34.7709818018
            ],
            [
              133.9958354153,
              34.7710946253
            ],
            [
              133.9949779472,
              34.7710781526
            ],
            [
              133.9944711301,
              34.7712890152
            ],
            [
              133.9939140233,
              34.7712166062
            ],
            [
              133.9933490557,
              34.7709745775
            ],
            [
              133.9929718732,
              34.7709380241
            ],
            [
              133.9927408059,
              34.7708242664
            ],
            [
              133.9922840255,
              34.7703381446
            ],
            [
              133.9915998581,
              34.7698834984
            ],
            [
              133.9910948126,
              34.7696696578
            ],
            [
              133.9909496827,
              34.7695135967
            ],
            [
              133.9909764394,
              34.769266039
            ],
            [
              133.9908320496,
              34.768926016
            ],
            [
              133.9906868621,
              34.7687840415
            ],
            [
              133.9902328293,
              34.7686765505
            ],
            [
              133.989666345,
              34.7688022874
            ],
            [
              133.9891262076,
              34.7687796295
            ],
            [
              133.9882110751,
              34.7682038712
            ],
            [
              133.9876715703,
              34.7680254166
            ],
            [
              133.9872443425,
              34.7676631747
            ],
            [
              133.9866359731,
              34.7675553728
            ],
            [
              133.9862402513,
              34.767675101
            ],
            [
              133.9863498178,
              34.7675931514
            ],
            [
              133.9865051109,
              34.7670774818
            ],
            [
              133.9865222639,
              34.766700588
            ],
            [
              133.9863731769,
              34.7656486391
            ],
            [
              133.9860946898,
              34.7651768067
            ],
            [
              133.9860808222,
              34.7638177448
            ],
            [
              133.9857365996,
              34.7624378785
            ],
            [
              133.9858374437,
              34.7616210339
            ],
            [
              133.9860380693,
              34.7617100668
            ],
            [
              133.9862094133,
              34.7616487185
            ],
            [
              133.9863823636,
              34.7611991626
            ],
            [
              133.9870893476,
              34.7608924099
            ],
            [
              133.9872923495,
              34.7609283433
            ],
            [
              133.9877510071,
              34.761194322
            ],
            [
              133.9882077564,
              34.761919219
            ],
            [
              133.9894083915,
              34.7624653544
            ],
            [
              133.9897073855,
              34.7625631113
            ],
            [
              133.9907877465,
              34.7624603702
            ],
            [
              133.991502754,
              34.7627976302
            ],
            [
              133.991620448,
              34.7627803534
            ],
            [
              133.9918137499,
              34.7625779152
            ],
            [
              133.991995634,
              34.7625520843
            ],
            [
              133.9929980296,
              34.7632077842
            ],
            [
              133.9934250157,
              34.7633854769
            ],
            [
              133.9938905781,
              34.763276482
            ],
            [
              133.994157636,
              34.7633389245
            ],
            [
              133.9943602349,
              34.7634806319
            ],
            [
              133.9946897525,
              34.7639582249
            ],
            [
              133.9945396073,
              34.7640637347
            ],
            [
              133.9945812298,
              34.764346137
            ],
            [
              133.9945273658,
              34.7644430403
            ],
            [
              133.9943987289,
              34.7645221278
            ],
            [
              133.9942384201,
              34.7645040735
            ],
            [
              133.9944184299,
              34.7649368788
            ],
            [
              133.9946106258,
              34.7649992527
            ],
            [
              133.9951355785,
              34.7647536431
            ],
            [
              133.995648794,
              34.7647639428
            ],
            [
              133.9963421387,
              34.7651805628
            ],
            [
              133.9962560293,
              34.7653214679
            ],
            [
              133.9965120459,
              34.7654721948
            ],
            [
              133.9964689086,
              34.7655602552
            ],
            [
              133.9968634289,
              34.7658349006
            ],
            [
              133.9969162519,
              34.7659939388
            ],
            [
              133.9971824601,
              34.7662682291
            ],
            [
              133.9976623791,
              34.7665784663
            ],
            [
              133.9978173773,
              34.7665921354
            ],
            [
              133.9978579021,
              34.7671480882
            ],
            [
              133.9985951439,
              34.7672912663
            ],
            [
              133.9987094913,
              34.7674801955
            ]
          ]
        ]
      }
    },
    {
      "type": "Feature",
      "properties": {
        "key_code": "332130260",
        "pref": "岡山県",
        "city": "赤磐市",
        "ward": "",
        "district": "上仁保",
        "name": "赤磐市  上仁保"
      },
      "geometry": {
        "type": "Polygon",
        "coordinates": [
          [
            [
              133.9908026559,
              34.7804730958
            ],
            [
              133.9905395518,
              34.7809215638
            ],
            [
              133.9903119585,
              34.7809886763
            ],
            [
              133.9900278411,
              34.7809722368
            ],
            [
              133.989485542,
              34.7807780009
            ],
            [
              133.9879496029,
              34.7811174849
            ],
            [
              133.9876792731,
              34.780824847
            ],
            [
              133.9875328361,
              34.7811110863
            ],
            [
              133.987197377,
              34.7812924062
            ],
            [
              133.9866263421,
              34.7811840023
            ],
            [
              133.9850658407,
              34.781346316
            ],
            [
              133.9846239118,
              34.7813137784
            ],
            [
              133.9840625542,
              34.781155816
            ],
            [
              133.9830718793,
              34.780663338
            ],
            [
              133.9822483284,
              34.7792923484
            ],
            [
              133.9820976373,
              34.7791486579
            ],
            [
              133.9812137867,
              34.7787853634
            ],
            [
              133.98110305,
              34.7784706385
            ],
            [
              133.9807834309,
              34.7782479993
            ],
            [
              133.9806654145,
              34.778054117
            ],
            [
              133.9805393014,
              34.7776162444
            ],
            [
              133.9805311775,
              34.7766609123
            ],
            [
              133.9806785418,
              34.7756832103
            ],
            [
              133.9803943763,
              34.7751544486
            ],
            [
              133.9802124238,
              34.7749527755
            ],
            [
              133.9798051373,
              34.7747153763
            ],
            [
              133.9787418133,
              34.7747021522
            ],
            [
              133.9781971103,
              34.7745397084
            ],
            [
              133.9780292814,
              34.7744245602
            ],
            [
              133.9778345913,
              34.7741246672
            ],
            [
              133.9778352879,
              34.7739621168
            ],
            [
              133.9781564638,
              34.7734369413
            ],
            [
              133.9781113514,
              34.7730191606
            ],
            [
              133.9778695997,
              34.7725231945
            ],
            [
              133.9774114314,
              34.7720839272
            ],
            [
              133.9768155592,
              34.7711418088
            ],
            [
              133.9766549353,
              34.7704853558
            ],
            [
              133.9766236109,
              34.7697463138
            ],
            [
              133.9766457415,
              34.7691849139
            ],
            [
              133.9767287858,
              34.7689817558
            ],
            [
              133.9772578468,
              34.768618474
            ],
            [
              133.9789601721,
              34.7678353186
            ],
            [
              133.9793634896,
              34.7669799203
            ],
            [
              133.9795197894,
              34.7668431763
            ],
            [
              133.9806388148,
              34.7667287943
            ],
            [
              133.9812955669,
              34.7660794932
            ],
            [
              133.9817578058,
              34.7660079998
            ],
            [
              133.9820892289,
              34.7661889726
            ],
            [
              133.9825484042,
              34.7668413465
            ],
            [
              133.982918038,
              34.7671956845
            ],
            [
              133.9833371512,
              34.7675052287
            ],
            [
              133.9838409543,
              34.7677441622
            ],
            [
              133.9855314212,
              34.7679149313
            ],
            [
              133.9858316586,
              34.7678926892
            ],
            [
              133.9866359731,
              34.7675553728
            ],
            [
              133.9869188767,
              34.7675704062
            ],
            [
              133.9872443425,
              34.7676631747
            ],
            [
              133.9876715703,
              34.7680254166
            ],
            [
              133.9882110751,
              34.7682038712
            ],
            [
              133.9891262076,
              34.7687796295
            ],
            [
              133.989666345,
              34.7688022874
            ],
            [
              133.9902328293,
              34.7686765505
            ],
            [
              133.9906868621,
              34.7687840415
            ],
            [
              133.9908320496,
              34.768926016
            ],
            [
              133.9909764394,
              34.769266039
            ],
            [
              133.9909496827,
              34.7695135967
            ],
            [
              133.9910948126,
              34.7696696578
            ],
            [
              133.9915998581,
              34.7698834984
            ],
            [
              133.9922840255,
              34.7703381446
            ],
            [
              133.9927408059,
              34.7708242664
            ],
            [
              133.9929718732,
              34.7709380241
            ],
            [
              133.9933490557,
              34.7709745775
            ],
            [
              133.9942396265,
              34.7712813254
            ],
            [
              133.9944711301,
              34.7712890152
            ],
            [
              133.9951238397,
              34.7710502465
            ],
            [
              133.9958354153,
              34.7710946253
            ],
            [
              133.9959387858,
              34.7709818018
            ],
            [
              133.9961790739,
              34.7709328866
            ],
            [
              133.9967873884,
              34.7710689553
            ],
            [
              133.9971682254,
              34.771257636
            ],
            [
              133.9983644925,
              34.7723223232
            ],
            [
              134.000102278,
              34.7741492731
            ],
            [
              134.0008894207,
              34.7746042966
            ],
            [
              134.0015036653,
              34.7754056421
            ],
            [
              134.0023225938,
              34.7786417529
            ],
            [
              134.0026396246,
              34.77923804
            ],
            [
              134.0027205973,
              34.7795884422
            ],
            [
              134.0026432498,
              34.779917707
            ],
            [
              134.0024553871,
              34.7801549692
            ],
            [
              134.0021889268,
              34.7802483379
            ],
            [
              134.0018730802,
              34.7800174486
            ],
            [
              134.0017018955,
              34.7800431806
            ],
            [
              134.0015045857,
              34.780272669
            ],
            [
              134.0014844419,
              34.7805549008
            ],
            [
              134.0011288499,
              34.7807525424
            ],
            [
              134.0004580177,
              34.7813544381
            ],
            [
              134.0004372811,
              34.7817883761
            ],
            [
              133.9996221658,
              34.7828106255
            ],
            [
              133.999665585,
              34.7830461251
            ],
            [
              133.9999339646,
              34.7832637895
            ],
            [
              133.9993313988,
              34.783080844
            ],
            [
              133.9987063258,
              34.7827703537
            ],
            [
              133.9981821349,
              34.7820692464
            ],
            [
              133.9978686324,
              34.781208137
            ],
            [
              133.9980841887,
              34.7807864281
            ],
            [
              133.9977722739,
              34.7804831351
            ],
            [
              133.9968489876,
              34.7802599885
            ],
            [
              133.9956573328,
              34.7802944284
            ],
            [
              133.995168968,
              34.7801796741
            ],
            [
              133.9945570506,
              34.7803923588
            ],
            [
              133.9938558758,
              34.7800248606
            ],
            [
              133.9934105809,
              34.7796548362
            ],
            [
              133.9927613692,
              34.7796530151
            ],
            [
              133.9918838197,
              34.7794551712
            ],
            [
              133.9915243535,
              34.7795738925
            ],
            [
              133.9908026559,
              34.7804730958
            ]
          ]
        ]
      }
    },
    {
      "type": "Feature",
      "properties": {
        "key_code": "332130270",
        "pref": "岡山県",
        "city": "赤磐市",
        "ward": "",
        "district": "斗有",
        "name": "赤磐市  斗有"
      },
      "geometry": {
        "type": "Polygon",
        "coordinates": [
          [
            [
              133.9979940415,
              34.7905952216
            ],
            [
              133.9965502392,
              34.791396113
            ],
            [
              133.9957295711,
              34.7919855966
            ],
            [
              133.9951547534,
              34.792760851
            ],
            [
              133.9943457568,
              34.793230204
            ],
            [
              133.9933331936,
              34.7927697191
            ],
            [
              133.9928060949,
              34.7928329008
            ],
            [
              133.9924354745,
              34.7930076583
            ],
            [
              133.9917968144,
              34.792941071
            ],
            [
              133.9915720536,
              34.7930790478
            ],
            [
              133.9913479033,
              34.7930692623
            ],
            [
              133.9912361739,
              34.7929856987
            ],
            [
              133.9912367086,
              34.792856248
            ],
            [
              133.9910986281,
              34.7927145761
            ],
            [
              133.9904140147,
              34.792973383
            ],
            [
              133.9902621334,
              34.7928708303
            ],
            [
              133.990284447,
              34.7927241157
            ],
            [
              133.9901841336,
              34.7925850832
            ],
            [
              133.9900052319,
              34.7924828767
            ],
            [
              133.989063203,
              34.792591214
            ],
            [
              133.9884259528,
              34.7921824592
            ],
            [
              133.988123542,
              34.7921261014
            ],
            [
              133.9884732201,
              34.7916001287
            ],
            [
              133.9884701144,
              34.7910035691
            ],
            [
              133.9878663984,
              34.7906226553
            ],
            [
              133.9860045938,
              34.7908855542
            ],
            [
              133.9856115194,
              34.7910693829
            ],
            [
              133.9853108646,
              34.7905969162
            ],
            [
              133.9853119923,
              34.7903287177
            ],
            [
              133.9851781929,
              34.7901618359
            ],
            [
              133.9843401657,
              34.7895306267
            ],
            [
              133.9838814592,
              34.7893259064
            ],
            [
              133.983703604,
              34.7889740851
            ],
            [
              133.9837336776,
              34.7884886198
            ],
            [
              133.9831299029,
              34.7881355746
            ],
            [
              133.9830858063,
              34.7879596518
            ],
            [
              133.9832337591,
              34.7874329708
            ],
            [
              133.983674671,
              34.7865372256
            ],
            [
              133.9841134316,
              34.7861501236
            ],
            [
              133.9842003097,
              34.7854891615
            ],
            [
              133.9841702711,
              34.7846382621
            ],
            [
              133.9843300616,
              34.7839544058
            ],
            [
              133.9846247713,
              34.7831783886
            ],
            [
              133.983650376,
              34.7816821685
            ],
            [
              133.9829016054,
              34.7811715061
            ],
            [
              133.9828572223,
              34.7810695345
            ],
            [
              133.9830718793,
              34.780663338
            ],
            [
              133.9840625542,
              34.781155816
            ],
            [
              133.9846239118,
              34.7813137784
            ],
            [
              133.9850658407,
              34.781346316
            ],
            [
              133.9866263421,
              34.7811840023
            ],
            [
              133.987197377,
              34.7812924062
            ],
            [
              133.9875328361,
              34.7811110863
            ],
            [
              133.9876792731,
              34.780824847
            ],
            [
              133.9879496029,
              34.7811174849
            ],
            [
              133.989485542,
              34.7807780009
            ],
            [
              133.9900278411,
              34.7809722368
            ],
            [
              133.9903119585,
              34.7809886763
            ],
            [
              133.9905395518,
              34.7809215638
            ],
            [
              133.9907558706,
              34.7805366337
            ],
            [
              133.9915243535,
              34.7795738925
            ],
            [
              133.9918838197,
              34.7794551712
            ],
            [
              133.9927613692,
              34.7796530151
            ],
            [
              133.9934105809,
              34.7796548362
            ],
            [
              133.9938558758,
              34.7800248606
            ],
            [
              133.9945570506,
              34.7803923588
            ],
            [
              133.995168968,
              34.7801796741
            ],
            [
              133.9956573328,
              34.7802944284
            ],
            [
              133.9968489876,
              34.7802599885
            ],
            [
              133.9977722739,
              34.7804831351
            ],
            [
              133.9980841887,
              34.7807864281
            ],
            [
              133.9978686324,
              34.781208137
            ],
            [
              133.9981821349,
              34.7820692464
            ],
            [
              133.9987063258,
              34.7827703537
            ],
            [
              133.9993313988,
              34.783080844
            ],
            [
              134.0003896982,
              34.7833799832
            ],
            [
              134.00064148,
              34.7837884681
            ],
            [
              134.0011913271,
              34.7841349433
            ],
            [
              134.0013614086,
              34.784381071
            ],
            [
              134.0010636189,
              34.7843802566
            ],
            [
              134.001056694,
              34.7845267338
            ],
            [
              134.0012522558,
              34.784741519
            ],
            [
              134.0011723791,
              34.7849111801
            ],
            [
              134.0002199623,
              34.7854104613
            ],
            [
              134.0002447904,
              34.7855411084
            ],
            [
              134.0004789285,
              34.7856149982
            ],
            [
              134.0004340763,
              34.7857351716
            ],
            [
              134.0002109121,
              34.7860847416
            ],
            [
              133.9995085055,
              34.7866447105
            ],
            [
              133.9999432041,
              34.787268089
            ],
            [
              133.9999078543,
              34.7881775329
            ],
            [
              133.9997871081,
              34.7882712969
            ],
            [
              133.9995081289,
              34.7883123664
            ],
            [
              133.9993298935,
              34.7885210554
            ],
            [
              133.999079437,
              34.7885595267
            ],
            [
              133.9988883962,
              34.7887994515
            ],
            [
              133.9987106207,
              34.7888878449
            ],
            [
              133.9985210562,
              34.7887566035
            ],
            [
              133.9982863815,
              34.7888135697
            ],
            [
              133.9983044259,
              34.7890487167
            ],
            [
              133.9984304155,
              34.7892373953
            ],
            [
              133.9982458789,
              34.7894301483
            ],
            [
              133.998261281,
              34.7903190258
            ],
            [
              133.9979940415,
              34.7905952216
            ]
          ]
        ]
      }
    },
    {
      "type": "Feature",
      "properties": {
        "key_code": "33213029001",
        "pref": "岡山県",
        "city": "赤磐市",
        "ward": "",
        "district": "山陽１丁目",
        "name": "赤磐市  山陽１丁目"
      },
      "geometry": {
        "type": "Polygon",
        "coordinates": [
          [
            [
              134.0063268801,
              34.7434346226
            ],
            [
              134.0068311585,
              34.7437453029
            ],
            [
              134.0073106453,
              34.7439343535
            ],
            [
              134.0078518442,
              34.7439283384
            ],
            [
              134.008445431,
              34.7442145996
            ],
            [
              134.0087069176,
              34.7446388576
            ],
            [
              134.0084005108,
              34.7450554053
            ],
            [
              134.0084831876,
              34.7464424049
            ],
            [
              134.0067703524,
              34.7464944429
            ],
            [
              134.0068352551,
              34.7482448155
            ],
            [
              134.0056281773,
              34.7482577657
            ],
            [
              134.0052855064,
              34.7428500711
            ],
            [
              134.0059455843,
              34.7428567808
            ],
            [
              134.0064236642,
              34.74302245
            ],
            [
              134.006488908,
              34.7430668554
            ],
            [
              134.0063268801,
              34.7434346226
            ]
          ]
        ]
      }
    },
    {
      "type": "Feature",
      "properties": {
        "key_code": "33213029002",
        "pref": "岡山県",
        "city": "赤磐市",
        "ward": "",
        "district": "山陽２丁目",
        "name": "赤磐市  山陽２丁目"
      },
      "geometry": {
        "type": "Polygon",
        "coordinates": [
          [
            [
              134.0052855064,
              34.7428500711
            ],
            [
              134.0056735817,
              34.7490391022
            ],
            [
              134.0042339318,
              34.7490684543
            ],
            [
              134.0037579788,
              34.7487668492
            ],
            [
              134.0027565789,
              34.7479047386
            ],
            [
              134.001256197,
              34.7479606545
            ],
            [
              134.0014520737,
              34.7474566277
            ],
            [
              134.001267463,
              34.7467712594
            ],
            [
              134.0005959236,
              34.7466467346
            ],
            [
              134.0005082914,
              34.7462808211
            ],
            [
              134.0007245346,
              34.7457193791
            ],
            [
              134.0010898018,
              34.7450967879
            ],
            [
              134.001076637,
              34.7446722006
            ],
            [
              134.0016607448,
              34.7443498187
            ],
            [
              134.0018741293,
              34.7445270375
            ],
            [
              134.0020764984,
              34.7444884305
            ],
            [
              134.0022089289,
              34.7440860747
            ],
            [
              134.0036844315,
              34.7431845029
            ],
            [
              134.0045120703,
              34.7429315093
            ],
            [
              134.0052855064,
              34.7428500711
            ]
          ]
        ]
      }
    },
    {
      "type": "Feature",
      "properties": {
        "key_code": "33213029003",
        "pref": "岡山県",
        "city": "赤磐市",
        "ward": "",
        "district": "山陽３丁目",
        "name": "赤磐市  山陽３丁目"
      },
      "geometry": {
        "type": "Polygon",
        "coordinates": [
          [
            [
              134.0103386151,
              34.7466830215
            ],
            [
              134.0104511272,
              34.7468023515
            ],
            [
              134.0102206772,
              34.7471314897
            ],
            [
              134.010004206,
              34.7472335968
            ],
            [
              134.0095787478,
              34.747189075
            ],
            [
              134.0095226004,
              34.7473159828
            ],
            [
              134.0104558089,
              34.7481292766
            ],
            [
              134.0107228493,
              34.7484974978
            ],
            [
              134.011170346,
              34.7487661892
            ],
            [
              134.0109993165,
              34.7489711073
            ],
            [
              134.0110572528,
              34.7492252347
            ],
            [
              134.0109523206,
              34.7492683396
            ],
            [
              134.0109448484,
              34.7495060931
            ],
            [
              134.0102137415,
              34.750162382
            ],
            [
              134.0079828282,
              34.7502837588
            ],
            [
              134.0069783149,
              34.7501054099
            ],
            [
              134.0057654608,
              34.750163702
            ],
            [
              134.0056281773,
              34.7482577657
            ],
            [
              134.0068352551,
              34.7482448155
            ],
            [
              134.0067703524,
              34.7464944429
            ],
            [
              134.0084831876,
              34.7464424049
            ],
            [
              134.0084005108,
              34.7450554053
            ],
            [
              134.0087069176,
              34.7446388576
            ],
            [
              134.0092860013,
              34.744834222
            ],
            [
              134.0098867421,
              34.74519544
            ],
            [
              134.0104148383,
              34.7460835798
            ],
            [
              134.0103549589,
              34.7461877972
            ],
            [
              134.0104193492,
              34.7465591394
            ],
            [
              134.0103386151,
              34.7466830215
            ]
          ]
        ]
      }
    },
    {
      "type": "Feature",
      "properties": {
        "key_code": "33213029004",
        "pref": "岡山県",
        "city": "赤磐市",
        "ward": "",
        "district": "山陽４丁目",
        "name": "赤磐市  山陽４丁目"
      },
      "geometry": {
        "type": "Polygon",
        "coordinates": [
          [
            [
              134.0027565789,
              34.7479047386
            ],
            [
              134.0040401517,
              34.7489879204
            ],
            [
              134.0042339318,
              34.7490684543
            ],
            [
              134.0056735817,
              34.7490391022
            ],
            [
              134.0058646688,
              34.7513074775
            ],
            [
              134.0060485472,
              34.7518831085
            ],
            [
              134.0064161484,
              34.7524042979
            ],
            [
              134.0053257351,
              34.7527580159
            ],
            [
              134.0051190515,
              34.7527606972
            ],
            [
              134.003094189,
              34.7524848934
            ],
            [
              134.0027795856,
              34.7522837339
            ],
            [
              134.0022971881,
              34.7510591869
            ],
            [
              134.0017040023,
              34.7502415632
            ],
            [
              134.0015393081,
              34.7479448066
            ],
            [
              134.0027565789,
              34.7479047386
            ]
          ]
        ]
      }
    },
    {
      "type": "Feature",
      "properties": {
        "key_code": "33213029005",
        "pref": "岡山県",
        "city": "赤磐市",
        "ward": "",
        "district": "山陽５丁目",
        "name": "赤磐市  山陽５丁目"
      },
      "geometry": {
        "type": "Polygon",
        "coordinates": [
          [
            [
              134.0079828282,
              34.7502837588
            ],
            [
              134.0102137415,
              34.750162382
            ],
            [
              134.0102539197,
              34.7503743447
            ],
            [
              134.0106406965,
              34.7502618454
            ],
            [
              134.0104129458,
              34.7507342477
            ],
            [
              134.0104449789,
              34.7509180163
            ],
            [
              134.0106598216,
              34.751242853
            ],
            [
              134.0109340282,
              34.7514544538
            ],
            [
              134.0109726734,
              34.7516166881
            ],
            [
              134.0104480016,
              34.7518260155
            ],
            [
              134.0104345882,
              34.7519071157
            ],
            [
              134.0101324441,
              34.7521047813
            ],
            [
              134.0099186225,
              34.7524002992
            ],
            [
              134.0098587329,
              34.7526432659
            ],
            [
              134.0094184051,
              34.7530528425
            ],
            [
              134.0092461229,
              34.7535713145
            ],
            [
              134.0080185483,
              34.7533875874
            ],
            [
              134.0073387382,
              34.7531354527
            ],
            [
              134.0066332425,
              34.7526506845
            ],
            [
              134.0060485472,
              34.7518831085
            ],
            [
              134.0058646688,
              34.7513074775
            ],
            [
              134.0057654608,
              34.750163702
            ],
            [
              134.0069783149,
              34.7501054099
            ],
            [
              134.0079828282,
              34.7502837588
            ]
          ]
        ]
      }
    },
    {
      "type": "Feature",
      "properties": {
        "key_code": "33213029006",
        "pref": "岡山県",
        "city": "赤磐市",
        "ward": "",
        "district": "山陽６丁目",
        "name": "赤磐市  山陽６丁目"
      },
      "geometry": {
        "type": "Polygon",
        "coordinates": [
          [
            [
              134.0029246132,
              34.7524210451
            ],
            [
              134.0053257351,
              34.7527580159
            ],
            [
              134.0064161484,
              34.7524042979
            ],
            [
              134.0068665198,
              34.7528400658
            ],
            [
              134.0073387382,
              34.7531354527
            ],
            [
              134.0083230225,
              34.7534343234
            ],
            [
              134.0082468977,
              34.7538829026
            ],
            [
              134.0077480023,
              34.7540401738
            ],
            [
              134.0074140777,
              34.7540337836
            ],
            [
              134.0072245743,
              34.7539305872
            ],
            [
              134.0068505243,
              34.7541297443
            ],
            [
              134.0065432862,
              34.753993691
            ],
            [
              134.0058225858,
              34.7532647661
            ],
            [
              134.0055200419,
              34.7533884701
            ],
            [
              134.0054406128,
              34.7532982453
            ],
            [
              134.0045837209,
              34.7535749728
            ],
            [
              134.004177843,
              34.7535468274
            ],
            [
              134.0040781678,
              34.7539140621
            ],
            [
              134.0044506374,
              34.7541097411
            ],
            [
              134.0041229181,
              34.7541844953
            ],
            [
              134.004006293,
              34.7543503943
            ],
            [
              134.0031161646,
              34.7537601635
            ],
            [
              134.0029926125,
              34.753543607
            ],
            [
              134.0030068083,
              34.7532679808
            ],
            [
              134.0030711616,
              34.7532808338
            ],
            [
              134.0031054544,
              34.7531602099
            ],
            [
              134.0030611363,
              34.7527817374
            ],
            [
              134.0025466897,
              34.7527294861
            ],
            [
              134.0026576416,
              34.7524403199
            ],
            [
              134.0026551127,
              34.7520632297
            ],
            [
              134.0029246132,
              34.7524210451
            ]
          ]
        ]
      }
    },
    {
      "type": "Feature",
      "properties": {
        "key_code": "33213029007",
        "pref": "岡山県",
        "city": "赤磐市",
        "ward": "",
        "district": "山陽７丁目",
        "name": "赤磐市  山陽７丁目"
      },
      "geometry": {
        "type": "Polygon",
        "coordinates": [
          [
            [
              134.001256197,
              34.7479606545
            ],
            [
              134.0015393081,
              34.7479448066
            ],
            [
              134.0017040023,
              34.7502415632
            ],
            [
              134.0022971881,
              34.7510591869
            ],
            [
              134.0025136682,
              34.7515303916
            ],
            [
              134.0026551127,
              34.7520632297
            ],
            [
              134.0025975333,
              34.752615246
            ],
            [
              134.0022136229,
              34.7525309506
            ],
            [
              134.0021001056,
              34.7513778389
            ],
            [
              134.0007737946,
              34.7514650684
            ],
            [
              134.0006968809,
              34.7510100199
            ],
            [
              134.0007321644,
              34.7504885105
            ],
            [
              134.0006155934,
              34.7504652317
            ],
            [
              134.0005613189,
              34.750646933
            ],
            [
              134.0003253497,
              34.7505865614
            ],
            [
              134.0003734248,
              34.7503813194
            ],
            [
              134.0000667754,
              34.7503225845
            ],
            [
              134.0002829997,
              34.7497804431
            ],
            [
              133.9997989388,
              34.7496145902
            ],
            [
              133.9990838702,
              34.7491963827
            ],
            [
              133.998553322,
              34.7492077405
            ],
            [
              133.9989691873,
              34.7488956126
            ],
            [
              133.9989400987,
              34.747999521
            ],
            [
              133.9991899074,
              34.7479954183
            ],
            [
              133.9990959554,
              34.7476956916
            ],
            [
              133.9993517358,
              34.747686534
            ],
            [
              133.9993944417,
              34.7474215527
            ],
            [
              133.9997756454,
              34.747275259
            ],
            [
              134.0004408421,
              34.7474980922
            ],
            [
              134.0006324976,
              34.7471647782
            ],
            [
              134.0005772846,
              34.7475867855
            ],
            [
              134.0012421932,
              34.7478831434
            ],
            [
              134.001256197,
              34.7479606545
            ]
          ]
        ]
      }
    },
    {
      "type": "Feature",
      "properties": {
        "key_code": "33213030001",
        "pref": "岡山県",
        "city": "赤磐市",
        "ward": "",
        "district": "桜が丘西１丁目",
        "name": "赤磐市  桜が丘西１丁目"
      },
      "geometry": {
        "type": "Polygon",
        "coordinates": [
          [
            [
              134.0425289042,
              34.7641936667
            ],
            [
              134.0427203024,
              34.7644504891
            ],
            [
              134.0431594068,
              34.7643661715
            ],
            [
              134.0434597619,
              34.7644807003
            ],
            [
              134.0440991536,
              34.7649298724
            ],
            [
              134.045049511,
              34.7652820192
            ],
            [
              134.0457427909,
              34.7658287886
            ],
            [
              134.0462108824,
              34.7659194786
            ],
            [
              134.0466348764,
              34.7666385878
            ],
            [
              134.0466426045,
              34.7672489595
            ],
            [
              134.0461399054,
              34.7676690939
            ],
            [
              134.0460795865,
              34.7682181713
            ],
            [
              134.0451035726,
              34.76884439
            ],
            [
              134.0449940088,
              34.7691533216
            ],
            [
              134.0449149958,
              34.7691897584
            ],
            [
              134.0450181324,
              34.7693080448
            ],
            [
              134.0433399641,
              34.7704901119
            ],
            [
              134.0442978967,
              34.7715096907
            ],
            [
              134.0431905184,
              34.7723367293
            ],
            [
              134.0421312287,
              34.7714939611
            ],
            [
              134.0409895379,
              34.770853405
            ],
            [
              134.0417918153,
              34.7698009836
            ],
            [
              134.0419133791,
              34.7695111016
            ],
            [
              134.0420565461,
              34.7687903778
            ],
            [
              134.0419834583,
              34.7681173117
            ],
            [
              134.041538642,
              34.7682609118
            ],
            [
              134.0412858581,
              34.7680439445
            ],
            [
              134.0411845705,
              34.7674785691
            ],
            [
              134.0408478286,
              34.7674841004
            ],
            [
              134.0404554958,
              34.7669874706
            ],
            [
              134.0405341494,
              34.7669261036
            ],
            [
              134.0404199413,
              34.7667615866
            ],
            [
              134.0400979933,
              34.7669154774
            ],
            [
              134.0402465046,
              34.7671179692
            ],
            [
              134.0395285316,
              34.7675660083
            ],
            [
              134.0392020943,
              34.7673923856
            ],
            [
              134.039093535,
              34.7670272964
            ],
            [
              134.0391198724,
              34.7668039552
            ],
            [
              134.0385808105,
              34.766077225
            ],
            [
              134.0385050889,
              34.7658198312
            ],
            [
              134.0377870821,
              34.7651181619
            ],
            [
              134.0377739067,
              34.7641993004
            ],
            [
              134.0381815975,
              34.7640997124
            ],
            [
              134.0383993845,
              34.7639431791
            ],
            [
              134.0380839753,
              34.7635543478
            ],
            [
              134.0381766292,
              34.7633606075
            ],
            [
              134.0385807594,
              34.7632352313
            ],
            [
              134.0385247572,
              34.7631801604
            ],
            [
              134.0386015919,
              34.7631255513
            ],
            [
              134.0386729202,
              34.7631847438
            ],
            [
              134.038974896,
              34.7630463014
            ],
            [
              134.0400266702,
              34.7628104933
            ],
            [
              134.0405946709,
              34.7625311195
            ],
            [
              134.0409227242,
              34.7631707066
            ],
            [
              134.0410263693,
              34.7631423604
            ],
            [
              134.0412229564,
              34.7633179194
            ],
            [
              134.0414791355,
              34.7633795247
            ],
            [
              134.0425289042,
              34.7641936667
            ]
          ]
        ]
      }
    },
    {
      "type": "Feature",
      "properties": {
        "key_code": "33213030002",
        "pref": "岡山県",
        "city": "赤磐市",
        "ward": "",
        "district": "桜が丘西２丁目",
        "name": "赤磐市  桜が丘西２丁目"
      },
      "geometry": {
        "type": "Polygon",
        "coordinates": [
          [
            [
              134.041538642,
              34.7682609118
            ],
            [
              134.0419834583,
              34.7681173117
            ],
            [
              134.042057837,
              34.7684256927
            ],
            [
              134.0419848315,
              34.769187997
            ],
            [
              134.0417918153,
              34.7698009836
            ],
            [
              134.0406297286,
              34.7712880828
            ],
            [
              134.0396738323,
              34.7723102629
            ],
            [
              134.0391429526,
              34.7731180856
            ],
            [
              134.0387404741,
              34.7740532724
            ],
            [
              134.0384641719,
              34.7760605737
            ],
            [
              134.0382628226,
              34.7760643105
            ],
            [
              134.0377299442,
              34.7755802869
            ],
            [
              134.0377935136,
              34.7747283742
            ],
            [
              134.0376667262,
              34.7744581768
            ],
            [
              134.0376259845,
              34.7737096849
            ],
            [
              134.0374890313,
              34.773418334
            ],
            [
              134.0368479244,
              34.7726366862
            ],
            [
              134.0367770442,
              34.7724510001
            ],
            [
              134.0367869914,
              34.7718205318
            ],
            [
              134.0363655494,
              34.7710646315
            ],
            [
              134.0364125037,
              34.7707948569
            ],
            [
              134.0367281593,
              34.7704140349
            ],
            [
              134.0368061537,
              34.7700389719
            ],
            [
              134.0367501313,
              34.7699882662
            ],
            [
              134.0365861919,
              34.7701016822
            ],
            [
              134.0362293309,
              34.7698603627
            ],
            [
              134.0360833305,
              34.7692529025
            ],
            [
              134.0363747518,
              34.769219807
            ],
            [
              134.0374904728,
              34.769452405
            ],
            [
              134.0380434471,
              34.7691585047
            ],
            [
              134.0385485105,
              34.7691401482
            ],
            [
              134.0389027975,
              34.7689201364
            ],
            [
              134.0391533426,
              34.7688787658
            ],
            [
              134.0394149586,
              34.7686051422
            ],
            [
              134.0393517278,
              34.7684215893
            ],
            [
              134.0394595753,
              34.7682700025
            ],
            [
              134.0397258199,
              34.7681273895
            ],
            [
              134.0397013711,
              34.7678153249
            ],
            [
              134.0395285316,
              34.7675660083
            ],
            [
              134.0402465046,
              34.7671179692
            ],
            [
              134.0400979933,
              34.7669154774
            ],
            [
              134.0404199413,
              34.7667615866
            ],
            [
              134.0405341494,
              34.7669261036
            ],
            [
              134.0404554958,
              34.7669874706
            ],
            [
              134.0408478286,
              34.7674841004
            ],
            [
              134.0411845705,
              34.7674785691
            ],
            [
              134.0412858581,
              34.7680439445
            ],
            [
              134.041538642,
              34.7682609118
            ]
          ]
        ]
      }
    },
    {
      "type": "Feature",
      "properties": {
        "key_code": "33213030003",
        "pref": "岡山県",
        "city": "赤磐市",
        "ward": "",
        "district": "桜が丘西３丁目",
        "name": "赤磐市  桜が丘西３丁目"
      },
      "geometry": {
        "type": "Polygon",
        "coordinates": [
          [
            [
              134.0421312287,
              34.7714939611
            ],
            [
              134.0435162108,
              34.7726695154
            ],
            [
              134.0442572857,
              34.7737423882
            ],
            [
              134.0445936992,
              34.774604132
            ],
            [
              134.044803792,
              34.7757765972
            ],
            [
              134.0408740837,
              34.7760603384
            ],
            [
              134.0408803546,
              34.7757365138
            ],
            [
              134.0407355958,
              34.7756805261
            ],
            [
              134.0401436139,
              34.7762115541
            ],
            [
              134.0384641719,
              34.7760605737
            ],
            [
              134.0386820067,
              34.7743220339
            ],
            [
              134.0390543242,
              34.7732940875
            ],
            [
              134.0396738323,
              34.7723102629
            ],
            [
              134.0406297286,
              34.7712880828
            ],
            [
              134.040794128,
              34.7710084462
            ],
            [
              134.0409895379,
              34.770853405
            ],
            [
              134.0413157819,
              34.7710201229
            ],
            [
              134.0421312287,
              34.7714939611
            ]
          ]
        ]
      }
    },
    {
      "type": "Feature",
      "properties": {
        "key_code": "33213030004",
        "pref": "岡山県",
        "city": "赤磐市",
        "ward": "",
        "district": "桜が丘西４丁目",
        "name": "赤磐市  桜が丘西４丁目"
      },
      "geometry": {
        "type": "Polygon",
        "coordinates": [
          [
            [
              134.0446831952,
              34.7777578074
            ],
            [
              134.044134927,
              34.7790505944
            ],
            [
              134.0434382224,
              34.7798460669
            ],
            [
              134.0429084055,
              34.7794525035
            ],
            [
              134.0423073904,
              34.7791714561
            ],
            [
              134.0405661984,
              34.7790676833
            ],
            [
              134.0403787326,
              34.7791497755
            ],
            [
              134.0405688916,
              34.7762820234
            ],
            [
              134.0407551074,
              34.7760931546
            ],
            [
              134.044803792,
              34.7757765972
            ],
            [
              134.0448156174,
              34.776744061
            ],
            [
              134.0446831952,
              34.7777578074
            ]
          ]
        ]
      }
    },
    {
      "type": "Feature",
      "properties": {
        "key_code": "33213030005",
        "pref": "岡山県",
        "city": "赤磐市",
        "ward": "",
        "district": "桜が丘西５丁目",
        "name": "赤磐市  桜が丘西５丁目"
      },
      "geometry": {
        "type": "Polygon",
        "coordinates": [
          [
            [
              134.0405688916,
              34.7762820234
            ],
            [
              134.0403787326,
              34.7791497755
            ],
            [
              134.0405661984,
              34.7790676833
            ],
            [
              134.0423073904,
              34.7791714561
            ],
            [
              134.0429084055,
              34.7794525035
            ],
            [
              134.0434382224,
              34.7798460669
            ],
            [
              134.0424294644,
              34.7804961236
            ],
            [
              134.0412397425,
              34.7809600823
            ],
            [
              134.0394611833,
              34.7812786456
            ],
            [
              134.0382516994,
              34.7813107875
            ],
            [
              134.0382515796,
              34.7787669792
            ],
            [
              134.0384641719,
              34.7760605737
            ],
            [
              134.0401436139,
              34.7762115541
            ],
            [
              134.0407355958,
              34.7756805261
            ],
            [
              134.0408803546,
              34.7757365138
            ],
            [
              134.0408740837,
              34.7760603384
            ],
            [
              134.040652415,
              34.7761372788
            ],
            [
              134.0405688916,
              34.7762820234
            ]
          ]
        ]
      }
    },
    {
      "type": "Feature",
      "properties": {
        "key_code": "33213030006",
        "pref": "岡山県",
        "city": "赤磐市",
        "ward": "",
        "district": "桜が丘西６丁目",
        "name": "赤磐市  桜が丘西６丁目"
      },
      "geometry": {
        "type": "Polygon",
        "coordinates": [
          [
            [
              134.0382896422,
              34.7778848598
            ],
            [
              134.0382516994,
              34.7813107875
            ],
            [
              134.0354609073,
              34.7812577733
            ],
            [
              134.0346277308,
              34.7811269809
            ],
            [
              134.0334001488,
              34.7807726552
            ],
            [
              134.0338086722,
              34.7799825868
            ],
            [
              134.0338281904,
              34.77611601
            ],
            [
              134.036753182,
              34.7761096562
            ],
            [
              134.0373874237,
              34.7755580428
            ],
            [
              134.0377299442,
              34.7755802869
            ],
            [
              134.0382628226,
              34.7760643105
            ],
            [
              134.0384641719,
              34.7760605737
            ],
            [
              134.0384682939,
              34.7765612024
            ],
            [
              134.0382896422,
              34.7778848598
            ]
          ]
        ]
      }
    },
    {
      "type": "Feature",
      "properties": {
        "key_code": "33213030007",
        "pref": "岡山県",
        "city": "赤磐市",
        "ward": "",
        "district": "桜が丘西７丁目",
        "name": "赤磐市  桜が丘西７丁目"
      },
      "geometry": {
        "type": "Polygon",
        "coordinates": [
          [
            [
              134.0348600527,
              34.772837623
            ],
            [
              134.0353946653,
              34.7727084969
            ],
            [
              134.0355793498,
              34.7728799533
            ],
            [
              134.0362460289,
              34.7739114154
            ],
            [
              134.0365636007,
              34.7742651879
            ],
            [
              134.0364861016,
              34.7746023593
            ],
            [
              134.0365946637,
              34.7747240465
            ],
            [
              134.036780147,
              34.7746750567
            ],
            [
              134.036926524,
              34.7748913527
            ],
            [
              134.0373995376,
              34.7752207107
            ],
            [
              134.0377479292,
              34.7753429796
            ],
            [
              134.0377299442,
              34.7755802869
            ],
            [
              134.0373874237,
              34.7755580428
            ],
            [
              134.036753182,
              34.7761096562
            ],
            [
              134.0291274138,
              34.7761030825
            ],
            [
              134.0291168174,
              34.775816968
            ],
            [
              134.0293386928,
              34.775814424
            ],
            [
              134.0298419212,
              34.7751816671
            ],
            [
              134.0303634189,
              34.7750864764
            ],
            [
              134.0302624373,
              34.7743845989
            ],
            [
              134.0302954278,
              34.7735593788
            ],
            [
              134.0303670198,
              34.7733616482
            ],
            [
              134.0307706043,
              34.773290814
            ],
            [
              134.0312225553,
              34.7734088507
            ],
            [
              134.0313037819,
              34.7735575199
            ],
            [
              134.0315599031,
              34.7735715364
            ],
            [
              134.031142042,
              34.7730714311
            ],
            [
              134.0313504539,
              34.7727165571
            ],
            [
              134.0309848444,
              34.7728370705
            ],
            [
              134.0304288794,
              34.7728447028
            ],
            [
              134.0300760514,
              34.7724480062
            ],
            [
              134.0300775219,
              34.7720478251
            ],
            [
              134.029729234,
              34.7719029966
            ],
            [
              134.0297419261,
              34.7714173408
            ],
            [
              134.02981607,
              34.7712622979
            ],
            [
              134.0301002087,
              34.771065238
            ],
            [
              134.0300940925,
              34.7709933834
            ],
            [
              134.030460437,
              34.7709266828
            ],
            [
              134.0304194343,
              34.7702204466
            ],
            [
              134.0314463327,
              34.7703466742
            ],
            [
              134.0321365589,
              34.7701639986
            ],
            [
              134.0325576215,
              34.7704978941
            ],
            [
              134.0337103354,
              34.7697541784
            ],
            [
              134.0336732701,
              34.7702015997
            ],
            [
              134.0340869084,
              34.7703599589
            ],
            [
              134.0342868938,
              34.7708236002
            ],
            [
              134.0340897787,
              34.7710751158
            ],
            [
              134.0342088625,
              34.771300222
            ],
            [
              134.0344973087,
              34.7714133371
            ],
            [
              134.0349931483,
              34.7722039364
            ],
            [
              134.034719229,
              34.7725989414
            ],
            [
              134.0348600527,
              34.772837623
            ]
          ]
        ]
      }
    },
    {
      "type": "Feature",
      "properties": {
        "key_code": "33213030008",
        "pref": "岡山県",
        "city": "赤磐市",
        "ward": "",
        "district": "桜が丘西８丁目",
        "name": "赤磐市  桜が丘西８丁目"
      },
      "geometry": {
        "type": "Polygon",
        "coordinates": [
          [
            [
              134.0291168174,
              34.775816968
            ],
            [
              134.0291274138,
              34.7761030825
            ],
            [
              134.0338281904,
              34.77611601
            ],
            [
              134.0338086722,
              34.7799825868
            ],
            [
              134.0334001488,
              34.7807726552
            ],
            [
              134.0290765342,
              34.7782748837
            ],
            [
              134.0247064292,
              34.7767668141
            ],
            [
              134.0241989278,
              34.7766698815
            ],
            [
              134.0239295411,
              34.7763953639
            ],
            [
              134.0242375099,
              34.7753944866
            ],
            [
              134.0249313118,
              34.7755840147
            ],
            [
              134.0255998518,
              34.7759508177
            ],
            [
              134.0256984296,
              34.7758850027
            ],
            [
              134.0255186911,
              34.7754663333
            ],
            [
              134.025543709,
              34.7753497641
            ],
            [
              134.025839423,
              34.7751627447
            ],
            [
              134.0258089021,
              34.7751070274
            ],
            [
              134.0251274882,
              34.7748921816
            ],
            [
              134.0246431376,
              34.774576553
            ],
            [
              134.0245701875,
              34.7743633867
            ],
            [
              134.0249160661,
              34.7739028044
            ],
            [
              134.0250641121,
              34.773761192
            ],
            [
              134.025907588,
              34.7733627183
            ],
            [
              134.0268148768,
              34.7731544203
            ],
            [
              134.0275047553,
              34.7727352647
            ],
            [
              134.0274253341,
              34.7726082905
            ],
            [
              134.0284408981,
              34.7722051609
            ],
            [
              134.0287060685,
              34.7719574876
            ],
            [
              134.0286943211,
              34.771810259
            ],
            [
              134.0287681782,
              34.771780018
            ],
            [
              134.0286216623,
              34.7715159601
            ],
            [
              134.0287510522,
              34.7714250064
            ],
            [
              134.0289528209,
              34.7717044153
            ],
            [
              134.0290317418,
              34.7719733748
            ],
            [
              134.028774561,
              34.7725484289
            ],
            [
              134.0289582141,
              34.7727415858
            ],
            [
              134.0290008418,
              34.772853254
            ],
            [
              134.028932566,
              34.7730305675
            ],
            [
              134.0289994953,
              34.7732183613
            ],
            [
              134.0292685338,
              34.7735892155
            ],
            [
              134.0292734648,
              34.7739188415
            ],
            [
              134.0298419212,
              34.7751816671
            ],
            [
              134.0293386928,
              34.775814424
            ],
            [
              134.0291168174,
              34.775816968
            ]
          ]
        ]
      }
    },
    {
      "type": "Feature",
      "properties": {
        "key_code": "33213030009",
        "pref": "岡山県",
        "city": "赤磐市",
        "ward": "",
        "district": "桜が丘西９丁目",
        "name": "赤磐市  桜が丘西９丁目"
      },
      "geometry": {
        "type": "Polygon",
        "coordinates": [
          [
            [
              134.025092811,
              34.7769082311
            ],
            [
              134.0290765342,
              34.7782748837
            ],
            [
              134.0334001488,
              34.7807726552
            ],
            [
              134.0328375411,
              34.7816789745
            ],
            [
              134.0322356613,
              34.7823901019
            ],
            [
              134.031994946,
              34.7826684104
            ],
            [
              134.0315761705,
              34.7828904963
            ],
            [
              134.0317794978,
              34.7836323498
            ],
            [
              134.0316779968,
              34.7836209709
            ],
            [
              134.0315048116,
              34.7839197298
            ],
            [
              134.0310180686,
              34.7842379938
            ],
            [
              134.0304150075,
              34.7844293323
            ],
            [
              134.0302616427,
              34.784342603
            ],
            [
              134.0301345184,
              34.7838098327
            ],
            [
              134.0300608189,
              34.7837944361
            ],
            [
              134.0300931273,
              34.7833634827
            ],
            [
              134.03026741,
              34.7827655403
            ],
            [
              134.0298788827,
              34.7822853633
            ],
            [
              134.0297332648,
              34.7817626883
            ],
            [
              134.0291323376,
              34.7813757926
            ],
            [
              134.0284506556,
              34.7812168861
            ],
            [
              134.0266468928,
              34.7811640384
            ],
            [
              134.0258840594,
              34.7813446693
            ],
            [
              134.0254048113,
              34.7812978187
            ],
            [
              134.0253389349,
              34.7808311211
            ],
            [
              134.0256344346,
              34.7807000228
            ],
            [
              134.0259537321,
              34.7807870365
            ],
            [
              134.0267292276,
              34.7805050173
            ],
            [
              134.0277499616,
              34.7803858809
            ],
            [
              134.0276594714,
              34.7799241935
            ],
            [
              134.0266941501,
              34.780018114
            ],
            [
              134.0261533524,
              34.7799913952
            ],
            [
              134.0260616315,
              34.7798643889
            ],
            [
              134.0261243322,
              34.7795349329
            ],
            [
              134.0259401011,
              34.7794888288
            ],
            [
              134.0256489068,
              34.7801118247
            ],
            [
              134.0253467531,
              34.7803747518
            ],
            [
              134.0254463043,
              34.7804788188
            ],
            [
              134.0252508068,
              34.7805410069
            ],
            [
              134.0249966364,
              34.7803180844
            ],
            [
              134.0244899543,
              34.7802128448
            ],
            [
              134.0243295699,
              34.7803645674
            ],
            [
              134.0240403476,
              34.7804601815
            ],
            [
              134.0222451279,
              34.7805874513
            ],
            [
              134.0216371563,
              34.7804540479
            ],
            [
              134.0212296998,
              34.780115781
            ],
            [
              134.0211389787,
              34.7797250818
            ],
            [
              134.0211653907,
              34.7792383346
            ],
            [
              134.0210860461,
              34.7790860011
            ],
            [
              134.0204408319,
              34.7787137373
            ],
            [
              134.0209643122,
              34.7787712868
            ],
            [
              134.0213345079,
              34.7775778805
            ],
            [
              134.0214332988,
              34.7774564305
            ],
            [
              134.0216551176,
              34.7773048702
            ],
            [
              134.0227238864,
              34.7774800186
            ],
            [
              134.0231488682,
              34.7772427664
            ],
            [
              134.0236932214,
              34.7771300551
            ],
            [
              134.0241989278,
              34.7766698815
            ],
            [
              134.025092811,
              34.7769082311
            ]
          ]
        ]
      }
    },
    {
      "type": "Feature",
      "properties": {
        "key_code": "33213030010",
        "pref": "岡山県",
        "city": "赤磐市",
        "ward": "",
        "district": "桜が丘西１０丁目",
        "name": "赤磐市  桜が丘西１０丁目"
      },
      "geometry": {
        "type": "Polygon",
        "coordinates": [
          [
            [
              134.0359263463,
              34.7812930017
            ],
            [
              134.0371207099,
              34.7812998643
            ],
            [
              134.0371145225,
              34.785070835
            ],
            [
              134.0371349556,
              34.7854912135
            ],
            [
              134.0373302544,
              34.7860930242
            ],
            [
              134.0366518532,
              34.7862925177
            ],
            [
              134.0362301375,
              34.7867868941
            ],
            [
              134.0357719438,
              34.786728723
            ],
            [
              134.0354731981,
              34.7868243391
            ],
            [
              134.0353820691,
              34.786913281
            ],
            [
              134.0353950773,
              34.7875038003
            ],
            [
              134.0352391165,
              34.7878702183
            ],
            [
              134.0347510704,
              34.7874058702
            ],
            [
              134.034616828,
              34.7874590678
            ],
            [
              134.0349949398,
              34.7869390935
            ],
            [
              134.0344331,
              34.7868413652
            ],
            [
              134.034372862,
              34.786755574
            ],
            [
              134.0345470098,
              34.7864314589
            ],
            [
              134.033863789,
              34.7858177398
            ],
            [
              134.0325514885,
              34.7851687978
            ],
            [
              134.0315339705,
              34.7849254063
            ],
            [
              134.0317640484,
              34.7846869362
            ],
            [
              134.032335804,
              34.7844243791
            ],
            [
              134.0323669302,
              34.7841925989
            ],
            [
              134.0325482506,
              34.7842505184
            ],
            [
              134.0323431061,
              34.7840537923
            ],
            [
              134.0317659527,
              34.7840582792
            ],
            [
              134.0317794978,
              34.7836323498
            ],
            [
              134.0315761705,
              34.7828904963
            ],
            [
              134.031994946,
              34.7826684104
            ],
            [
              134.0322356613,
              34.7823901019
            ],
            [
              134.0328375411,
              34.7816789745
            ],
            [
              134.0334001488,
              34.7807726552
            ],
            [
              134.0346277308,
              34.7811269809
            ],
            [
              134.0359263463,
              34.7812930017
            ]
          ]
        ]
      }
    },
    {
      "type": "Feature",
      "properties": {
        "key_code": "33213031001",
        "pref": "岡山県",
        "city": "赤磐市",
        "ward": "",
        "district": "町苅田",
        "name": "赤磐市  町苅田"
      },
      "geometry": {
        "type": "Polygon",
        "coordinates": [
          [
            [
              134.0124660528,
              34.8010456971
            ],
            [
              134.0107143821,
              34.8023524678
            ],
            [
              134.0101325034,
              34.8026633487
            ],
            [
              134.0090039229,
              34.8028824807
            ],
            [
              134.0046998688,
              34.8030791186
            ],
            [
              134.0050077253,
              34.8019115162
            ],
            [
              134.0050906345,
              34.8009548782
            ],
            [
              134.0051190264,
              34.7983510165
            ],
            [
              134.0045828618,
              34.7966968559
            ],
            [
              134.0034054126,
              34.7936979874
            ],
            [
              134.0043230058,
              34.7934794626
            ],
            [
              134.0053294959,
              34.7938313768
            ],
            [
              134.0064961947,
              34.7945040305
            ],
            [
              134.0070552993,
              34.7943507268
            ],
            [
              134.0083914566,
              34.797439002
            ],
            [
              134.0093086053,
              34.7983485878
            ],
            [
              134.0124660528,
              34.8010456971
            ]
          ]
        ]
      }
    },
    {
      "type": "Feature",
      "properties": {
        "key_code": "33213031002",
        "pref": "岡山県",
        "city": "赤磐市",
        "ward": "",
        "district": "町苅田",
        "name": "赤磐市  町苅田"
      },
      "geometry": {
        "type": "Polygon",
        "coordinates": [
          [
            [
              134.0161505298,
              34.7987963893
            ],
            [
              134.0137503934,
              34.7999793886
            ],
            [
              134.0124660528,
              34.8010456971
            ],
            [
              134.008639,
              34.7977420899
            ],
            [
              134.0081553726,
              34.7970010007
            ],
            [
              134.0071719694,
              34.7946426214
            ],
            [
              134.007572857,
              34.7942054778
            ],
            [
              134.0079894716,
              34.793904447
            ],
            [
              134.0086609733,
              34.7946433667
            ],
            [
              134.0086167147,
              34.7947829824
            ],
            [
              134.00879091,
              34.7949500857
            ],
            [
              134.0086371436,
              34.7951480062
            ],
            [
              134.0125326755,
              34.7967895023
            ],
            [
              134.0161505298,
              34.7987963893
            ]
          ]
        ]
      }
    },
    {
      "type": "Feature",
      "properties": {
        "key_code": "33213031003",
        "pref": "岡山県",
        "city": "赤磐市",
        "ward": "",
        "district": "町苅田",
        "name": "赤磐市  町苅田"
      },
      "geometry": {
        "type": "Polygon",
        "coordinates": [
          [
            [
              134.0192923752,
              34.7974704527
            ],
            [
              134.0169629563,
              34.7983378925
            ],
            [
              134.0161505298,
              34.7987963893
            ],
            [
              134.0125326755,
              34.7967895023
            ],
            [
              134.0086371436,
              34.7951480062
            ],
            [
              134.00879091,
              34.7949500857
            ],
            [
              134.0086167147,
              34.7947829824
            ],
            [
              134.0086609733,
              34.7946433667
            ],
            [
              134.0079894716,
              34.793904447
            ],
            [
              134.0102485335,
              34.792278739
            ],
            [
              134.0136255486,
              34.7900343122
            ],
            [
              134.0152922939,
              34.7917250658
            ],
            [
              134.0152306864,
              34.7918618212
            ],
            [
              134.0149245378,
              34.7920517451
            ],
            [
              134.0153438546,
              34.7925009202
            ],
            [
              134.015343165,
              34.7926809378
            ],
            [
              134.0154924926,
              34.7929962923
            ],
            [
              134.0164984741,
              34.7946402231
            ],
            [
              134.0175967516,
              34.7961260573
            ],
            [
              134.0181226721,
              34.7966601561
            ],
            [
              134.0192923752,
              34.7974704527
            ]
          ]
        ]
      }
    },
    {
      "type": "Feature",
      "properties": {
        "key_code": "33213031004",
        "pref": "岡山県",
        "city": "赤磐市",
        "ward": "",
        "district": "町苅田",
        "name": "赤磐市  町苅田"
      },
      "geometry": {
        "type": "Polygon",
        "coordinates": [
          [
            [
              134.0089129711,
              34.7932371214
            ],
            [
              134.007572857,
              34.7942054778
            ],
            [
              134.0071719694,
              34.7946426214
            ],
            [
              134.0070552993,
              34.7943507268
            ],
            [
              134.0064961947,
              34.7945040305
            ],
            [
              134.0053294959,
              34.7938313768
            ],
            [
              134.0043230058,
              34.7934794626
            ],
            [
              134.0031021624,
              34.7937680165
            ],
            [
              134.0026197611,
              34.793397368
            ],
            [
              134.0023637262,
              34.7929639461
            ],
            [
              134.0024349427,
              34.7926824178
            ],
            [
              134.0031650902,
              34.7921584275
            ],
            [
              134.0031839299,
              34.7919719786
            ],
            [
              134.0030200759,
              34.7916675557
            ],
            [
              134.0025741156,
              34.7912336178
            ],
            [
              134.0024400851,
              34.7908265868
            ],
            [
              134.0008892047,
              34.7890931429
            ],
            [
              134.0005083023,
              34.7887917842
            ],
            [
              134.000043275,
              34.7886114749
            ],
            [
              134.0039949464,
              34.786580889
            ],
            [
              134.0041312717,
              34.7870823022
            ],
            [
              134.0038970985,
              34.7875794704
            ],
            [
              134.0089129711,
              34.7932371214
            ]
          ]
        ]
      }
    },
    {
      "type": "Feature",
      "properties": {
        "key_code": "33213031005",
        "pref": "岡山県",
        "city": "赤磐市",
        "ward": "",
        "district": "町苅田",
        "name": "赤磐市  町苅田"
      },
      "geometry": {
        "type": "Polygon",
        "coordinates": [
          [
            [
              134.0137038182,
              34.7899719758
            ],
            [
              134.0089129711,
              34.7932371214
            ],
            [
              134.0038970985,
              34.7875794704
            ],
            [
              134.0041312717,
              34.7870823022
            ],
            [
              134.0039949464,
              34.786580889
            ],
            [
              134.0046753819,
              34.7862310011
            ],
            [
              134.0046692636,
              34.7866814593
            ],
            [
              134.0049104434,
              34.7870646902
            ],
            [
              134.0050480932,
              34.7878750131
            ],
            [
              134.0051516177,
              34.7880003774
            ],
            [
              134.0053960624,
              34.7881102049
            ],
            [
              134.0058860546,
              34.7880506743
            ],
            [
              134.0061160517,
              34.7879762151
            ],
            [
              134.0064686672,
              34.7875802173
            ],
            [
              134.0066554178,
              34.7874807086
            ],
            [
              134.0069111741,
              34.7874706905
            ],
            [
              134.0073915828,
              34.7881924836
            ],
            [
              134.0078813952,
              34.7887282234
            ],
            [
              134.0081761486,
              34.788718307
            ],
            [
              134.0085931552,
              34.7884834798
            ],
            [
              134.0086939275,
              34.7882011824
            ],
            [
              134.0094063512,
              34.7877848668
            ],
            [
              134.0134629956,
              34.7849796589
            ],
            [
              134.0149502529,
              34.7864871108
            ],
            [
              134.0131185606,
              34.7877642743
            ],
            [
              134.0140787386,
              34.788841285
            ],
            [
              134.0139092407,
              34.7889624029
            ],
            [
              134.0139735058,
              34.789155692
            ],
            [
              134.0143032184,
              34.7890742947
            ],
            [
              134.0151598792,
              34.7900329826
            ],
            [
              134.0137038182,
              34.7899719758
            ]
          ]
        ]
      }
    },
    {
      "type": "Feature",
      "properties": {
        "key_code": "332130320",
        "pref": "岡山県",
        "city": "赤磐市",
        "ward": "",
        "district": "大苅田",
        "name": "赤磐市  大苅田"
      },
      "geometry": {
        "type": "Polygon",
        "coordinates": [
          [
            [
              134.0332696935,
              34.793406967
            ],
            [
              134.0303703484,
              34.7932604714
            ],
            [
              134.0278641744,
              34.7936267805
            ],
            [
              134.0264127007,
              34.7939772501
            ],
            [
              134.0248537486,
              34.794563372
            ],
            [
              134.0230748226,
              34.7954635957
            ],
            [
              134.0223238808,
              34.7959961049
            ],
            [
              134.0210532726,
              34.7967240585
            ],
            [
              134.0192923752,
              34.7974704527
            ],
            [
              134.0178790907,
              34.7964579531
            ],
            [
              134.0164984741,
              34.7946402231
            ],
            [
              134.0154924926,
              34.7929962923
            ],
            [
              134.015343165,
              34.7926809378
            ],
            [
              134.0153438546,
              34.7925009202
            ],
            [
              134.0149245378,
              34.7920517451
            ],
            [
              134.0152306864,
              34.7918618212
            ],
            [
              134.0152922939,
              34.7917250658
            ],
            [
              134.0136255486,
              34.7900343122
            ],
            [
              134.0137038182,
              34.7899719758
            ],
            [
              134.0151598792,
              34.7900329826
            ],
            [
              134.0143032184,
              34.7890742947
            ],
            [
              134.0139735058,
              34.789155692
            ],
            [
              134.0139092407,
              34.7889624029
            ],
            [
              134.0140787386,
              34.788841285
            ],
            [
              134.0131185606,
              34.7877642743
            ],
            [
              134.0149502529,
              34.7864871108
            ],
            [
              134.0144279097,
              34.7859494845
            ],
            [
              134.0154940591,
              34.7852445918
            ],
            [
              134.0157276864,
              34.7855057954
            ],
            [
              134.0165042869,
              34.7856274123
            ],
            [
              134.0173250056,
              34.7863425861
            ],
            [
              134.0177073073,
              34.7864582394
            ],
            [
              134.0181021969,
              34.7863110784
            ],
            [
              134.0184945445,
              34.786698899
            ],
            [
              134.0189085616,
              34.786882807
            ],
            [
              134.0207918646,
              34.7866690475
            ],
            [
              134.021041209,
              34.7864968521
            ],
            [
              134.0212813904,
              34.786143909
            ],
            [
              134.0219141181,
              34.7862601915
            ],
            [
              134.0221475619,
              34.7868277537
            ],
            [
              134.0221919866,
              34.7872004431
            ],
            [
              134.0223744598,
              34.7874061433
            ],
            [
              134.0223927806,
              34.7877570737
            ],
            [
              134.0225034516,
              34.7879139932
            ],
            [
              134.0230581215,
              34.7883472864
            ],
            [
              134.0236887624,
              34.7885837073
            ],
            [
              134.0239374845,
              34.7885789877
            ],
            [
              134.0243897478,
              34.7883911017
            ],
            [
              134.0255276448,
              34.7886209117
            ],
            [
              134.0267305995,
              34.7880705082
            ],
            [
              134.0269987731,
              34.7881089342
            ],
            [
              134.0273776086,
              34.788309627
            ],
            [
              134.0286629163,
              34.7876055916
            ],
            [
              134.0288197938,
              34.7876545809
            ],
            [
              134.0292827135,
              34.7881308607
            ],
            [
              134.0298586509,
              34.7881214523
            ],
            [
              134.0309729795,
              34.7885372292
            ],
            [
              134.031903348,
              34.7882479567
            ],
            [
              134.0320799419,
              34.7882754392
            ],
            [
              134.0322364521,
              34.7884324635
            ],
            [
              134.0327727697,
              34.7885201366
            ],
            [
              134.0331992582,
              34.7882187615
            ],
            [
              134.0338337497,
              34.7883068137
            ],
            [
              134.0341023777,
              34.7882264795
            ],
            [
              134.0347467947,
              34.788284688
            ],
            [
              134.0349171675,
              34.7882203105
            ],
            [
              134.0352391165,
              34.7878702183
            ],
            [
              134.0350317586,
              34.7891085768
            ],
            [
              134.0351462776,
              34.7893708585
            ],
            [
              134.0349510593,
              34.7894120737
            ],
            [
              134.0346760802,
              34.7896787522
            ],
            [
              134.0345385749,
              34.790061978
            ],
            [
              134.0347010143,
              34.7913951981
            ],
            [
              134.0340385477,
              34.7923867776
            ],
            [
              134.033138587,
              34.7933283252
            ],
            [
              134.0332696935,
              34.793406967
            ]
          ]
        ]
      }
    },
    {
      "type": "Feature",
      "properties": {
        "key_code": "33213033001",
        "pref": "岡山県",
        "city": "赤磐市",
        "ward": "",
        "district": "東窪田",
        "name": "赤磐市  東窪田"
      },
      "geometry": {
        "type": "Polygon",
        "coordinates": [
          [
            [
              134.0154940591,
              34.7852445918
            ],
            [
              134.0144279097,
              34.7859494845
            ],
            [
              134.0134629956,
              34.7849796589
            ],
            [
              134.0094063512,
              34.7877848668
            ],
            [
              134.009501733,
              34.7860721113
            ],
            [
              134.0104641569,
              34.7817936265
            ],
            [
              134.0079024615,
              34.7837070062
            ],
            [
              134.0075471014,
              34.7844114857
            ],
            [
              134.0068179112,
              34.7847385791
            ],
            [
              134.0068962806,
              34.7829919705
            ],
            [
              134.0070955899,
              34.7824580785
            ],
            [
              134.0073396636,
              34.7821046096
            ],
            [
              134.0076150498,
              34.782053512
            ],
            [
              134.008127504,
              34.781779643
            ],
            [
              134.0086687824,
              34.7813430146
            ],
            [
              134.0089722965,
              34.7807448849
            ],
            [
              134.0091550307,
              34.7805594366
            ],
            [
              134.0102541715,
              34.7798579206
            ],
            [
              134.0105291163,
              34.7790295427
            ],
            [
              134.0110534305,
              34.7791509478
            ],
            [
              134.0112951599,
              34.7792848435
            ],
            [
              134.0159896754,
              34.7843609995
            ],
            [
              134.0158187177,
              34.7844487315
            ],
            [
              134.0156448405,
              34.7844292617
            ],
            [
              134.0152368615,
              34.7849638879
            ],
            [
              134.0154940591,
              34.7852445918
            ]
          ]
        ]
      }
    },
    {
      "type": "Feature",
      "properties": {
        "key_code": "33213033002",
        "pref": "岡山県",
        "city": "赤磐市",
        "ward": "",
        "district": "東窪田",
        "name": "赤磐市  東窪田"
      },
      "geometry": {
        "type": "Polygon",
        "coordinates": [
          [
            [
              134.0094063512,
              34.7877848668
            ],
            [
              134.0086939275,
              34.7882011824
            ],
            [
              134.0085931552,
              34.7884834798
            ],
            [
              134.0084844665,
              34.7885689734
            ],
            [
              134.0079593596,
              34.7887391377
            ],
            [
              134.0073915828,
              34.7881924836
            ],
            [
              134.0069111741,
              34.7874706905
            ],
            [
              134.0066554178,
              34.7874807086
            ],
            [
              134.0064686672,
              34.7875802173
            ],
            [
              134.0061160517,
              34.7879762151
            ],
            [
              134.0053960624,
              34.7881102049
            ],
            [
              134.0050480932,
              34.7878750131
            ],
            [
              134.0049104434,
              34.7870646902
            ],
            [
              134.0046692636,
              34.7866814593
            ],
            [
              134.0046887892,
              34.7861273634
            ],
            [
              134.0057996717,
              34.7852274435
            ],
            [
              134.0075471014,
              34.7844114857
            ],
            [
              134.0079024615,
              34.7837070062
            ],
            [
              134.0104641569,
              34.7817936265
            ],
            [
              134.009501733,
              34.7860721113
            ],
            [
              134.0094063512,
              34.7877848668
            ]
          ]
        ]
      }
    },
    {
      "type": "Feature",
      "properties": {
        "key_code": "332130340",
        "pref": "岡山県",
        "city": "赤磐市",
        "ward": "",
        "district": "西窪田",
        "name": "赤磐市  西窪田"
      },
      "geometry": {
        "type": "Polygon",
        "coordinates": [
          [
            [
              134.000043275,
              34.7886114749
            ],
            [
              133.9990351865,
              34.7886356107
            ],
            [
              133.999079437,
              34.7885595267
            ],
            [
              133.9993298935,
              34.7885210554
            ],
            [
              133.9995081289,
              34.7883123664
            ],
            [
              133.9997871081,
              34.7882712969
            ],
            [
              133.9999078543,
              34.7881775329
            ],
            [
              133.9999432041,
              34.787268089
            ],
            [
              133.9995085055,
              34.7866447105
            ],
            [
              134.0002109121,
              34.7860847416
            ],
            [
              134.0004340763,
              34.7857351716
            ],
            [
              134.0004789285,
              34.7856149982
            ],
            [
              134.0002447904,
              34.7855411084
            ],
            [
              134.0002199623,
              34.7854104613
            ],
            [
              134.0011723791,
              34.7849111801
            ],
            [
              134.0012522558,
              34.784741519
            ],
            [
              134.001056694,
              34.7845267338
            ],
            [
              134.0010636189,
              34.7843802566
            ],
            [
              134.0013614086,
              34.784381071
            ],
            [
              134.0011913271,
              34.7841349433
            ],
            [
              134.00064148,
              34.7837884681
            ],
            [
              134.0003896982,
              34.7833799832
            ],
            [
              133.9999339646,
              34.7832637895
            ],
            [
              133.9996026673,
              34.7829308683
            ],
            [
              133.9996221658,
              34.7828106255
            ],
            [
              134.0004372811,
              34.7817883761
            ],
            [
              134.0004580177,
              34.7813544381
            ],
            [
              134.0011288499,
              34.7807525424
            ],
            [
              134.0014844419,
              34.7805549008
            ],
            [
              134.0015045857,
              34.780272669
            ],
            [
              134.0017018955,
              34.7800431806
            ],
            [
              134.0018730802,
              34.7800174486
            ],
            [
              134.0021889268,
              34.7802483379
            ],
            [
              134.0025793717,
              34.7800481118
            ],
            [
              134.0027205973,
              34.7795884422
            ],
            [
              134.0025453082,
              34.7790548033
            ],
            [
              134.0028565666,
              34.7788518247
            ],
            [
              134.0031283393,
              34.7790145561
            ],
            [
              134.0034512726,
              34.7790624821
            ],
            [
              134.0038068927,
              34.7788544101
            ],
            [
              134.0043132869,
              34.7789655161
            ],
            [
              134.0045320631,
              34.778916526
            ],
            [
              134.0047673051,
              34.7787079844
            ],
            [
              134.0048748592,
              34.7787448997
            ],
            [
              134.0046647198,
              34.779010981
            ],
            [
              134.0049425241,
              34.7792573957
            ],
            [
              134.0051314165,
              34.7795558291
            ],
            [
              134.0057785697,
              34.7793223392
            ],
            [
              134.0063739861,
              34.7793501461
            ],
            [
              134.0067234061,
              34.7791054253
            ],
            [
              134.0070025333,
              34.7790120812
            ],
            [
              134.0072560626,
              34.7789865623
            ],
            [
              134.0077115971,
              34.7791447059
            ],
            [
              134.007870061,
              34.7791293547
            ],
            [
              134.0080461937,
              34.7786410383
            ],
            [
              134.0082495522,
              34.7784848053
            ],
            [
              134.0085092319,
              34.7785011369
            ],
            [
              134.0085985943,
              34.7783341737
            ],
            [
              134.008360695,
              34.7776068358
            ],
            [
              134.0079269725,
              34.7767327597
            ],
            [
              134.0079339472,
              34.7765706476
            ],
            [
              134.0082267451,
              34.7762211128
            ],
            [
              134.0093811899,
              34.7774788469
            ],
            [
              134.0096975793,
              34.7775791397
            ],
            [
              134.0103309114,
              34.7780435526
            ],
            [
              134.0105335784,
              34.7789410938
            ],
            [
              134.0102541715,
              34.7798579206
            ],
            [
              134.0091550307,
              34.7805594366
            ],
            [
              134.0089722965,
              34.7807448849
            ],
            [
              134.0086687824,
              34.7813430146
            ],
            [
              134.008127504,
              34.781779643
            ],
            [
              134.0076150498,
              34.782053512
            ],
            [
              134.0073396636,
              34.7821046096
            ],
            [
              134.0070955899,
              34.7824580785
            ],
            [
              134.0068962806,
              34.7829919705
            ],
            [
              134.0068179112,
              34.7847385791
            ],
            [
              134.0057996717,
              34.7852274435
            ],
            [
              134.0047498887,
              34.7860201928
            ],
            [
              134.0046753819,
              34.7862310011
            ],
            [
              134.000043275,
              34.7886114749
            ]
          ]
        ]
      }
    },
    {
      "type": "Feature",
      "properties": {
        "key_code": "33213035001",
        "pref": "岡山県",
        "city": "赤磐市",
        "ward": "",
        "district": "由津里",
        "name": "赤磐市  由津里"
      },
      "geometry": {
        "type": "Polygon",
        "coordinates": [
          [
            [
              133.9958297355,
              34.8140831563
            ],
            [
              133.9952113502,
              34.8143637248
            ],
            [
              133.9870209607,
              34.8157950973
            ],
            [
              133.987038702,
              34.8140059567
            ],
            [
              133.9869743192,
              34.8138053313
            ],
            [
              133.9868031143,
              34.8136287714
            ],
            [
              133.9856184369,
              34.8131170381
            ],
            [
              133.985421647,
              34.8129182879
            ],
            [
              133.9855553861,
              34.8121314092
            ],
            [
              133.9853001168,
              34.8115021673
            ],
            [
              133.9853912287,
              34.8109842023
            ],
            [
              133.9856510092,
              34.8105374307
            ],
            [
              133.9865597395,
              34.8096265409
            ],
            [
              133.9866658165,
              34.8093048358
            ],
            [
              133.9864881019,
              34.8084824115
            ],
            [
              133.9859541274,
              34.807287663
            ],
            [
              133.9855768046,
              34.8070664217
            ],
            [
              133.984884101,
              34.8063988776
            ],
            [
              133.9834470051,
              34.8064177281
            ],
            [
              133.9828964267,
              34.8059320105
            ],
            [
              133.982384668,
              34.8058179934
            ],
            [
              133.9820279203,
              34.805555811
            ],
            [
              133.982016497,
              34.8049121855
            ],
            [
              133.9821415701,
              34.8043216343
            ],
            [
              133.9825934691,
              34.8033547986
            ],
            [
              133.9837013515,
              34.8021915141
            ],
            [
              133.984474457,
              34.8010545904
            ],
            [
              133.9848575637,
              34.8007407225
            ],
            [
              133.9851797242,
              34.8003451221
            ],
            [
              133.9863995654,
              34.7994465347
            ],
            [
              133.9871051129,
              34.7986670501
            ],
            [
              133.9877031946,
              34.797657795
            ],
            [
              133.9880266778,
              34.796943283
            ],
            [
              133.9877942331,
              34.7961650741
            ],
            [
              133.9880434908,
              34.7952930103
            ],
            [
              133.9889189243,
              34.7958048416
            ],
            [
              133.989532133,
              34.7959716633
            ],
            [
              133.9901017599,
              34.7960198958
            ],
            [
              133.990988073,
              34.7957565878
            ],
            [
              133.9923557499,
              34.7955616723
            ],
            [
              133.9937297644,
              34.7960179566
            ],
            [
              133.9943478736,
              34.7961008149
            ],
            [
              133.9946684553,
              34.7962229886
            ],
            [
              133.9943775991,
              34.7965727801
            ],
            [
              133.9939144955,
              34.7967440434
            ],
            [
              133.9927412589,
              34.7974935241
            ],
            [
              133.9926016431,
              34.7981747566
            ],
            [
              133.9926592464,
              34.7984622727
            ],
            [
              133.9928041939,
              34.7986873506
            ],
            [
              133.9928079311,
              34.7988794944
            ],
            [
              133.9922886265,
              34.8003349577
            ],
            [
              133.9923734061,
              34.8008918748
            ],
            [
              133.9921520082,
              34.8027668084
            ],
            [
              133.991881434,
              34.8034031605
            ],
            [
              133.9920049443,
              34.8038855292
            ],
            [
              133.9920387537,
              34.8052874621
            ],
            [
              133.9935443113,
              34.8054222486
            ],
            [
              133.9949245994,
              34.8057748598
            ],
            [
              133.9961730122,
              34.80630246
            ],
            [
              133.9969218751,
              34.8067783818
            ],
            [
              133.997582026,
              34.8073863235
            ],
            [
              133.9982749966,
              34.8082687499
            ],
            [
              133.9991414212,
              34.8103459988
            ],
            [
              133.9988488992,
              34.8105349314
            ],
            [
              133.9989000129,
              34.8110789309
            ],
            [
              133.9988211365,
              34.8111573137
            ],
            [
              133.9986583648,
              34.8111661614
            ],
            [
              133.9983226824,
              34.8109245068
            ],
            [
              133.9979747445,
              34.8109374915
            ],
            [
              133.9976151687,
              34.8110567913
            ],
            [
              133.9970748309,
              34.811467172
            ],
            [
              133.9965638012,
              34.8122595057
            ],
            [
              133.9961032889,
              34.8137345817
            ],
            [
              133.9958297355,
              34.8140831563
            ]
          ]
        ]
      }
    },
    {
      "type": "Feature",
      "properties": {
        "key_code": "33213035002",
        "pref": "岡山県",
        "city": "赤磐市",
        "ward": "",
        "district": "由津里",
        "name": "赤磐市  由津里"
      },
      "geometry": {
        "type": "Polygon",
        "coordinates": [
          [
            [
              134.0042691941,
              34.8084000762
            ],
            [
              134.0023912462,
              34.8107876216
            ],
            [
              134.0018511786,
              34.8111425241
            ],
            [
              134.0010327197,
              34.8109505482
            ],
            [
              133.9997836055,
              34.8104149553
            ],
            [
              133.9991414212,
              34.8103459988
            ],
            [
              133.9982749966,
              34.8082687499
            ],
            [
              133.997582026,
              34.8073863235
            ],
            [
              133.9969218751,
              34.8067783818
            ],
            [
              133.9961730122,
              34.80630246
            ],
            [
              133.9949245994,
              34.8057748598
            ],
            [
              133.9935443113,
              34.8054222486
            ],
            [
              133.9920387537,
              34.8052874621
            ],
            [
              133.9920049443,
              34.8038855292
            ],
            [
              133.991881434,
              34.8034031605
            ],
            [
              133.9921520082,
              34.8027668084
            ],
            [
              133.9923734061,
              34.8008918748
            ],
            [
              133.9922886265,
              34.8003349577
            ],
            [
              133.9928079311,
              34.7988794944
            ],
            [
              133.9928041939,
              34.7986873506
            ],
            [
              133.9926592464,
              34.7984622727
            ],
            [
              133.9926016431,
              34.7981747566
            ],
            [
              133.9927412589,
              34.7974935241
            ],
            [
              133.9939144955,
              34.7967440434
            ],
            [
              133.9943775991,
              34.7965727801
            ],
            [
              133.9946684553,
              34.7962229886
            ],
            [
              133.9950556139,
              34.7963760526
            ],
            [
              133.9961168775,
              34.7950713917
            ],
            [
              133.9969237407,
              34.7946035708
            ],
            [
              133.9973717999,
              34.7945115588
            ],
            [
              133.998364415,
              34.7945161285
            ],
            [
              134.0009948334,
              34.7943312124
            ],
            [
              134.0034054126,
              34.7936979874
            ],
            [
              134.0045828618,
              34.7966968559
            ],
            [
              134.0051190264,
              34.7983510165
            ],
            [
              134.0050906345,
              34.8009548782
            ],
            [
              134.0050077253,
              34.8019115162
            ],
            [
              134.0046998688,
              34.8030791186
            ],
            [
              134.0046561954,
              34.8070221019
            ],
            [
              134.0045833296,
              34.8077136696
            ],
            [
              134.0042691941,
              34.8084000762
            ]
          ]
        ]
      }
    },
    {
      "type": "Feature",
      "properties": {
        "key_code": "33213035003",
        "pref": "岡山県",
        "city": "赤磐市",
        "ward": "",
        "district": "由津里",
        "name": "赤磐市  由津里"
      },
      "geometry": {
        "type": "Polygon",
        "coordinates": [
          [
            [
              133.9950556139,
              34.7963760526
            ],
            [
              133.9943478736,
              34.7961008149
            ],
            [
              133.9937297644,
              34.7960179566
            ],
            [
              133.9923557499,
              34.7955616723
            ],
            [
              133.990988073,
              34.7957565878
            ],
            [
              133.9901017599,
              34.7960198958
            ],
            [
              133.989532133,
              34.7959716633
            ],
            [
              133.9889189243,
              34.7958048416
            ],
            [
              133.9880434908,
              34.7952930103
            ],
            [
              133.9882290692,
              34.7947662946
            ],
            [
              133.9885078367,
              34.7945470587
            ],
            [
              133.9886385809,
              34.7942876797
            ],
            [
              133.9889058221,
              34.7941601109
            ],
            [
              133.989280899,
              34.7934964444
            ],
            [
              133.9909250115,
              34.7927736715
            ],
            [
              133.9911699706,
              34.7927266091
            ],
            [
              133.9912361739,
              34.7929856987
            ],
            [
              133.9913479033,
              34.7930692623
            ],
            [
              133.9915720536,
              34.7930790478
            ],
            [
              133.9917968144,
              34.792941071
            ],
            [
              133.9924354745,
              34.7930076583
            ],
            [
              133.9928060949,
              34.7928329008
            ],
            [
              133.9933331936,
              34.7927697191
            ],
            [
              133.9943457568,
              34.793230204
            ],
            [
              133.9951547534,
              34.792760851
            ],
            [
              133.9957295711,
              34.7919855966
            ],
            [
              133.9965502392,
              34.791396113
            ],
            [
              133.9982356316,
              34.790397274
            ],
            [
              133.9982458789,
              34.7894301483
            ],
            [
              133.9984304155,
              34.7892373953
            ],
            [
              133.9983044259,
              34.7890487167
            ],
            [
              133.9982863815,
              34.7888135697
            ],
            [
              133.9983879034,
              34.7887772256
            ],
            [
              133.9985210562,
              34.7887566035
            ],
            [
              133.9987106207,
              34.7888878449
            ],
            [
              133.9990351865,
              34.7886356107
            ],
            [
              133.9998037322,
              34.7885846179
            ],
            [
              134.0005083023,
              34.7887917842
            ],
            [
              134.0008892047,
              34.7890931429
            ],
            [
              134.0024400851,
              34.7908265868
            ],
            [
              134.0025741156,
              34.7912336178
            ],
            [
              134.0030200759,
              34.7916675557
            ],
            [
              134.0031839299,
              34.7919719786
            ],
            [
              134.0031650902,
              34.7921584275
            ],
            [
              134.0030243297,
              34.7923035552
            ],
            [
              134.0024349427,
              34.7926824178
            ],
            [
              134.0023637262,
              34.7929639461
            ],
            [
              134.0026197611,
              34.793397368
            ],
            [
              134.0031021624,
              34.7937680165
            ],
            [
              134.0009948334,
              34.7943312124
            ],
            [
              133.9970459776,
              34.7945665806
            ],
            [
              133.9961168775,
              34.7950713917
            ],
            [
              133.9950556139,
              34.7963760526
            ]
          ]
        ]
      }
    },
    {
      "type": "Feature",
      "properties": {
        "key_code": "33213036001",
        "pref": "岡山県",
        "city": "赤磐市",
        "ward": "",
        "district": "山口",
        "name": "赤磐市  山口"
      },
      "geometry": {
        "type": "Polygon",
        "coordinates": [
          [
            [
              133.9820279203,
              34.805555811
            ],
            [
              133.9817679824,
              34.8056259158
            ],
            [
              133.9813218352,
              34.8059169166
            ],
            [
              133.9806643124,
              34.8058307836
            ],
            [
              133.9804351542,
              34.8056099554
            ],
            [
              133.9803666714,
              34.8050191276
            ],
            [
              133.9801735226,
              34.8049651823
            ],
            [
              133.9796925468,
              34.8050985942
            ],
            [
              133.9789674106,
              34.8043675341
            ],
            [
              133.9784326074,
              34.8043497805
            ],
            [
              133.9775030524,
              34.8044844133
            ],
            [
              133.9771747372,
              34.8044111937
            ],
            [
              133.9765278102,
              34.8047137051
            ],
            [
              133.9759893824,
              34.8045411232
            ],
            [
              133.9754361274,
              34.8040757853
            ],
            [
              133.9751192704,
              34.8040047067
            ],
            [
              133.9746932109,
              34.804075294
            ],
            [
              133.9741298514,
              34.8030828156
            ],
            [
              133.9735285823,
              34.8024811142
            ],
            [
              133.9734308703,
              34.8022775625
            ],
            [
              133.9732857035,
              34.8015290192
            ],
            [
              133.9733610443,
              34.800700976
            ],
            [
              133.9730065951,
              34.7997060095
            ],
            [
              133.9727785327,
              34.7993503637
            ],
            [
              133.9722130333,
              34.7989345553
            ],
            [
              133.971911443,
              34.7988625238
            ],
            [
              133.9708208329,
              34.7988542078
            ],
            [
              133.9707045129,
              34.7986860956
            ],
            [
              133.9707028083,
              34.7983633762
            ],
            [
              133.9710525111,
              34.797302039
            ],
            [
              133.9710051493,
              34.7970915916
            ],
            [
              133.9715541611,
              34.7966840225
            ],
            [
              133.9727266659,
              34.7955437054
            ],
            [
              133.9746834707,
              34.79317315
            ],
            [
              133.975149955,
              34.7928080016
            ],
            [
              133.9755472116,
              34.7926864788
            ],
            [
              133.9766525089,
              34.7927290226
            ],
            [
              133.9773948605,
              34.7926032925
            ],
            [
              133.9780011499,
              34.7919197706
            ],
            [
              133.9792923861,
              34.7919660717
            ],
            [
              133.9806179903,
              34.7921916361
            ],
            [
              133.9825985699,
              34.791448956
            ],
            [
              133.9834090328,
              34.790852905
            ],
            [
              133.9846033006,
              34.7897073172
            ],
            [
              133.9853119923,
              34.7903287177
            ],
            [
              133.9853108646,
              34.7905969162
            ],
            [
              133.9856115194,
              34.7910693829
            ],
            [
              133.9860045938,
              34.7908855542
            ],
            [
              133.9878663984,
              34.7906226553
            ],
            [
              133.9881684393,
              34.7907715591
            ],
            [
              133.9884701144,
              34.7910035691
            ],
            [
              133.9885079349,
              34.7913411817
            ],
            [
              133.9884732201,
              34.7916001287
            ],
            [
              133.988123542,
              34.7921261014
            ],
            [
              133.9884259528,
              34.7921824592
            ],
            [
              133.989063203,
              34.792591214
            ],
            [
              133.9900052319,
              34.7924828767
            ],
            [
              133.9901841336,
              34.7925850832
            ],
            [
              133.990284447,
              34.7927241157
            ],
            [
              133.9902621334,
              34.7928708303
            ],
            [
              133.9904140147,
              34.792973383
            ],
            [
              133.989280899,
              34.7934964444
            ],
            [
              133.9889058221,
              34.7941601109
            ],
            [
              133.9886385809,
              34.7942876797
            ],
            [
              133.9885078367,
              34.7945470587
            ],
            [
              133.9882290692,
              34.7947662946
            ],
            [
              133.9878108463,
              34.7960043998
            ],
            [
              133.9878218561,
              34.7963284099
            ],
            [
              133.9880266778,
              34.796943283
            ],
            [
              133.9879025664,
              34.7973162113
            ],
            [
              133.9871051129,
              34.7986670501
            ],
            [
              133.9863995654,
              34.7994465347
            ],
            [
              133.9851797242,
              34.8003451221
            ],
            [
              133.9848575637,
              34.8007407225
            ],
            [
              133.984474457,
              34.8010545904
            ],
            [
              133.9837013515,
              34.8021915141
            ],
            [
              133.9825934691,
              34.8033547986
            ],
            [
              133.9821415701,
              34.8043216343
            ],
            [
              133.982016497,
              34.8049121855
            ],
            [
              133.9820279203,
              34.805555811
            ]
          ]
        ]
      }
    },
    {
      "type": "Feature",
      "properties": {
        "key_code": "33213036002",
        "pref": "岡山県",
        "city": "赤磐市",
        "ward": "",
        "district": "山口",
        "name": "赤磐市  山口"
      },
      "geometry": {
        "type": "Polygon",
        "coordinates": [
          [
            [
              133.9710051493,
              34.7970915916
            ],
            [
              133.9708265995,
              34.7969899215
            ],
            [
              133.9704213827,
              34.7969532163
            ],
            [
              133.9697063305,
              34.7972084348
            ],
            [
              133.9695666306,
              34.7971547719
            ],
            [
              133.9691963563,
              34.796501193
            ],
            [
              133.9687944972,
              34.7961485395
            ],
            [
              133.9686058124,
              34.7957608861
            ],
            [
              133.9682271564,
              34.7955400062
            ],
            [
              133.9677727789,
              34.7950274551
            ],
            [
              133.9676493493,
              34.7945578734
            ],
            [
              133.9674482643,
              34.7943124515
            ],
            [
              133.9675854395,
              34.7939314102
            ],
            [
              133.9677443593,
              34.7937393296
            ],
            [
              133.9677412782,
              34.7934608368
            ],
            [
              133.9675608678,
              34.7931647659
            ],
            [
              133.9671016212,
              34.7929274403
            ],
            [
              133.9669038723,
              34.7919296842
            ],
            [
              133.9666510475,
              34.791715939
            ],
            [
              133.9658452793,
              34.7915378519
            ],
            [
              133.9651818005,
              34.7903204879
            ],
            [
              133.9650398619,
              34.7898428175
            ],
            [
              133.9647484975,
              34.7895827485
            ],
            [
              133.9627711407,
              34.7890597736
            ],
            [
              133.9617392619,
              34.788235679
            ],
            [
              133.9617063384,
              34.7878394737
            ],
            [
              133.9619737344,
              34.7869118683
            ],
            [
              133.9618851598,
              34.7866659339
            ],
            [
              133.9617181218,
              34.7864983614
            ],
            [
              133.9610948273,
              34.7861719156
            ],
            [
              133.9614571627,
              34.7861156947
            ],
            [
              133.9619897593,
              34.7857261574
            ],
            [
              133.9623589994,
              34.7855762835
            ],
            [
              133.9639271617,
              34.7860303993
            ],
            [
              133.9643020429,
              34.7860128027
            ],
            [
              133.9652927395,
              34.785499555
            ],
            [
              133.9656086381,
              34.7854127547
            ],
            [
              133.9656933295,
              34.785180029
            ],
            [
              133.9658122532,
              34.7850912243
            ],
            [
              133.9666569277,
              34.7848837508
            ],
            [
              133.9672808293,
              34.7845246048
            ],
            [
              133.9676665029,
              34.784429416
            ],
            [
              133.9684647063,
              34.7844691399
            ],
            [
              133.9693922997,
              34.7848157595
            ],
            [
              133.9695981929,
              34.7847790465
            ],
            [
              133.9698010976,
              34.7846155504
            ],
            [
              133.9698965666,
              34.7843167878
            ],
            [
              133.9707043465,
              34.7837582895
            ],
            [
              133.9709644785,
              34.7834109962
            ],
            [
              133.9710473675,
              34.7825815712
            ],
            [
              133.9713365479,
              34.7819539078
            ],
            [
              133.9716353418,
              34.7819095789
            ],
            [
              133.9720542524,
              34.7822828364
            ],
            [
              133.9726504601,
              34.7825209675
            ],
            [
              133.9731620488,
              34.7825979804
            ],
            [
              133.9735386795,
              34.7821791824
            ],
            [
              133.9744363844,
              34.7817593819
            ],
            [
              133.9750789525,
              34.7811428855
            ],
            [
              133.9757106961,
              34.7802144852
            ],
            [
              133.9761047242,
              34.7799918088
            ],
            [
              133.9763057233,
              34.7800225405
            ],
            [
              133.9772482602,
              34.7805029561
            ],
            [
              133.9796083684,
              34.7808392929
            ],
            [
              133.9798280037,
              34.7807845702
            ],
            [
              133.9800514954,
              34.7805363126
            ],
            [
              133.9800335261,
              34.7790377633
            ],
            [
              133.9807700249,
              34.7785344751
            ],
            [
              133.9807834309,
              34.7782479993
            ],
            [
              133.98110305,
              34.7784706385
            ],
            [
              133.9812137867,
              34.7787853634
            ],
            [
              133.9820976373,
              34.7791486579
            ],
            [
              133.9822483284,
              34.7792923484
            ],
            [
              133.9830718793,
              34.780663338
            ],
            [
              133.9828572223,
              34.7810695345
            ],
            [
              133.9829016054,
              34.7811715061
            ],
            [
              133.983650376,
              34.7816821685
            ],
            [
              133.9846247713,
              34.7831783886
            ],
            [
              133.9843300616,
              34.7839544058
            ],
            [
              133.9841702711,
              34.7846382621
            ],
            [
              133.9842003097,
              34.7854891615
            ],
            [
              133.9841134316,
              34.7861501236
            ],
            [
              133.983674671,
              34.7865372256
            ],
            [
              133.9832337591,
              34.7874329708
            ],
            [
              133.9830858063,
              34.7879596518
            ],
            [
              133.9831299029,
              34.7881355746
            ],
            [
              133.9837336776,
              34.7884886198
            ],
            [
              133.983703604,
              34.7889740851
            ],
            [
              133.9838814592,
              34.7893259064
            ],
            [
              133.9846033006,
              34.7897073172
            ],
            [
              133.9834090328,
              34.790852905
            ],
            [
              133.9825985699,
              34.791448956
            ],
            [
              133.9806179903,
              34.7921916361
            ],
            [
              133.9792923861,
              34.7919660717
            ],
            [
              133.9780011499,
              34.7919197706
            ],
            [
              133.9773948605,
              34.7926032925
            ],
            [
              133.9766525089,
              34.7927290226
            ],
            [
              133.9755472116,
              34.7926864788
            ],
            [
              133.975149955,
              34.7928080016
            ],
            [
              133.9746834707,
              34.79317315
            ],
            [
              133.9727266659,
              34.7955437054
            ],
            [
              133.9715541611,
              34.7966840225
            ],
            [
              133.9710051493,
              34.7970915916
            ]
          ]
        ]
      }
    },
    {
      "type": "Feature",
      "properties": {
        "key_code": "33213037001",
        "pref": "岡山県",
        "city": "赤磐市",
        "ward": "",
        "district": "西軽部",
        "name": "赤磐市  西軽部"
      },
      "geometry": {
        "type": "Polygon",
        "coordinates": [
          [
            [
              134.0197612216,
              34.807509791
            ],
            [
              134.0189021592,
              34.8079912869
            ],
            [
              134.0172854825,
              34.806014773
            ],
            [
              134.0189294599,
              34.8052151465
            ],
            [
              134.0193756631,
              34.8057632593
            ],
            [
              134.018720298,
              34.8061630169
            ],
            [
              134.0197612216,
              34.807509791
            ]
          ]
        ]
      }
    },
    {
      "type": "Feature",
      "properties": {
        "key_code": "33213037002",
        "pref": "岡山県",
        "city": "赤磐市",
        "ward": "",
        "district": "西軽部",
        "name": "赤磐市  西軽部"
      },
      "geometry": {
        "type": "Polygon",
        "coordinates": [
          [
            [
              134.02242309,
              34.8111262953
            ],
            [
              134.021121081,
              34.8118151457
            ],
            [
              134.0209218584,
              34.8119969066
            ],
            [
              134.0207277898,
              34.8126122437
            ],
            [
              134.0205784019,
              34.8127458162
            ],
            [
              134.0196763786,
              34.8132441083
            ],
            [
              134.0179410598,
              34.8145513024
            ],
            [
              134.0175946951,
              34.814864942
            ],
            [
              134.0167348743,
              34.8161149439
            ],
            [
              134.0152221574,
              34.8175919881
            ],
            [
              134.0147294991,
              34.817806495
            ],
            [
              134.0142601479,
              34.8178276621
            ],
            [
              134.0138093534,
              34.8177147787
            ],
            [
              134.0126588829,
              34.8170884523
            ],
            [
              134.0120944195,
              34.8166198763
            ],
            [
              134.0102043429,
              34.8147451149
            ],
            [
              134.0089605762,
              34.813772411
            ],
            [
              134.0075380063,
              34.8129461281
            ],
            [
              134.0064878131,
              34.8121004052
            ],
            [
              134.00578062,
              34.8118008632
            ],
            [
              134.0053500704,
              34.8117196926
            ],
            [
              134.0047066127,
              34.8112788927
            ],
            [
              134.0042009993,
              34.8107805684
            ],
            [
              134.0038689397,
              34.8103220135
            ],
            [
              134.0035801374,
              34.8093525351
            ],
            [
              134.0042691941,
              34.8084000762
            ],
            [
              134.0045833296,
              34.8077136696
            ],
            [
              134.0070933424,
              34.8078504497
            ],
            [
              134.0077524328,
              34.8077479809
            ],
            [
              134.0119352173,
              34.8064716458
            ],
            [
              134.0139412472,
              34.8057288212
            ],
            [
              134.0153504459,
              34.805312047
            ],
            [
              134.0171032811,
              34.8052887282
            ],
            [
              134.0180152991,
              34.805702268
            ],
            [
              134.0172854825,
              34.806014773
            ],
            [
              134.0189021592,
              34.8079912869
            ],
            [
              134.0197612216,
              34.807509791
            ],
            [
              134.0200965297,
              34.8083218674
            ],
            [
              134.021024298,
              34.8093568963
            ],
            [
              134.02242309,
              34.8111262953
            ]
          ]
        ]
      }
    },
    {
      "type": "Feature",
      "properties": {
        "key_code": "33213037003",
        "pref": "岡山県",
        "city": "赤磐市",
        "ward": "",
        "district": "西軽部",
        "name": "赤磐市  西軽部"
      },
      "geometry": {
        "type": "Polygon",
        "coordinates": [
          [
            [
              134.0180152991,
              34.805702268
            ],
            [
              134.0171032811,
              34.8052887282
            ],
            [
              134.0153504459,
              34.805312047
            ],
            [
              134.0139412472,
              34.8057288212
            ],
            [
              134.0119352173,
              34.8064716458
            ],
            [
              134.0077524328,
              34.8077479809
            ],
            [
              134.0070933424,
              34.8078504497
            ],
            [
              134.0045833296,
              34.8077136696
            ],
            [
              134.0046561954,
              34.8070221019
            ],
            [
              134.0046998688,
              34.8030791186
            ],
            [
              134.0090039229,
              34.8028824807
            ],
            [
              134.0101325034,
              34.8026633487
            ],
            [
              134.0107143821,
              34.8023524678
            ],
            [
              134.0137503934,
              34.7999793886
            ],
            [
              134.0158637337,
              34.7989370648
            ],
            [
              134.0161428731,
              34.800325268
            ],
            [
              134.0169368919,
              34.8013960439
            ],
            [
              134.0168612841,
              34.8016093914
            ],
            [
              134.0164792252,
              34.8018705378
            ],
            [
              134.0165705426,
              34.8020606555
            ],
            [
              134.0192310517,
              34.8050495706
            ],
            [
              134.0180152991,
              34.805702268
            ]
          ]
        ]
      }
    },
    {
      "type": "Feature",
      "properties": {
        "key_code": "33213038001",
        "pref": "岡山県",
        "city": "赤磐市",
        "ward": "",
        "district": "東軽部",
        "name": "赤磐市  東軽部"
      },
      "geometry": {
        "type": "Polygon",
        "coordinates": [
          [
            [
              134.0306188357,
              34.8116481215
            ],
            [
              134.0299579039,
              34.8111321982
            ],
            [
              134.0293705085,
              34.8108881736
            ],
            [
              134.0281968532,
              34.8116954628
            ],
            [
              134.0273095386,
              34.8124873992
            ],
            [
              134.0269636132,
              34.8126999311
            ],
            [
              134.0267637085,
              34.8126704115
            ],
            [
              134.0255097033,
              34.8118633653
            ],
            [
              134.0242081524,
              34.8106631854
            ],
            [
              134.0236864544,
              34.8106845382
            ],
            [
              134.02242309,
              34.8111262953
            ],
            [
              134.021024298,
              34.8093568963
            ],
            [
              134.0200965297,
              34.8083218674
            ],
            [
              134.0197612216,
              34.807509791
            ],
            [
              134.018720298,
              34.8061630169
            ],
            [
              134.0193756631,
              34.8057632593
            ],
            [
              134.0189294599,
              34.8052151465
            ],
            [
              134.0192310517,
              34.8050495706
            ],
            [
              134.0165705426,
              34.8020606555
            ],
            [
              134.0164792252,
              34.8018705378
            ],
            [
              134.0168612841,
              34.8016093914
            ],
            [
              134.0169368919,
              34.8013960439
            ],
            [
              134.0161428731,
              34.800325268
            ],
            [
              134.0158637337,
              34.7989370648
            ],
            [
              134.0169629563,
              34.7983378925
            ],
            [
              134.0180049421,
              34.7979959127
            ],
            [
              134.0181604802,
              34.7984065017
            ],
            [
              134.0188413964,
              34.7993430148
            ],
            [
              134.0188917953,
              34.7997083963
            ],
            [
              134.019333226,
              34.8008555783
            ],
            [
              134.0192876858,
              34.8015915981
            ],
            [
              134.0195260066,
              34.8019538018
            ],
            [
              134.0195652746,
              34.8021702649
            ],
            [
              134.0218837936,
              34.8048243994
            ],
            [
              134.0223493866,
              34.8049427867
            ],
            [
              134.0225359094,
              34.8050975045
            ],
            [
              134.0227609741,
              34.805660391
            ],
            [
              134.0231182588,
              34.8061558605
            ],
            [
              134.0235976312,
              34.8066172697
            ],
            [
              134.0240945027,
              34.806863769
            ],
            [
              134.0250165601,
              34.8068716006
            ],
            [
              134.0256954246,
              34.8066969609
            ],
            [
              134.0264131638,
              34.8063942325
            ],
            [
              134.0277545637,
              34.8054786362
            ],
            [
              134.0282965833,
              34.8052623668
            ],
            [
              134.0286640027,
              34.8052797669
            ],
            [
              134.0292642794,
              34.8051201234
            ],
            [
              134.0296714955,
              34.8052229813
            ],
            [
              134.0318409986,
              34.8048646706
            ],
            [
              134.032918479,
              34.8048494446
            ],
            [
              134.0338380007,
              34.80462577
            ],
            [
              134.0367786815,
              34.8044125207
            ],
            [
              134.0384271805,
              34.804123536
            ],
            [
              134.0386548384,
              34.8047950031
            ],
            [
              134.0392957795,
              34.8054877524
            ],
            [
              134.040120438,
              34.8060551522
            ],
            [
              134.0410928732,
              34.8064220356
            ],
            [
              134.0406388795,
              34.8066057532
            ],
            [
              134.0401212364,
              34.8066849389
            ],
            [
              134.0391801451,
              34.8065987164
            ],
            [
              134.0385848542,
              34.8064521915
            ],
            [
              134.0383047502,
              34.8065213796
            ],
            [
              134.0380699851,
              34.8069440941
            ],
            [
              134.0376172424,
              34.8072595076
            ],
            [
              134.0374125514,
              34.8075808747
            ],
            [
              134.0371956968,
              34.8077447311
            ],
            [
              134.0352135528,
              34.8082365648
            ],
            [
              134.0340750136,
              34.8088038319
            ],
            [
              134.0328461139,
              34.8097242825
            ],
            [
              134.031252563,
              34.811201621
            ],
            [
              134.0312776795,
              34.8112925376
            ],
            [
              134.0306188357,
              34.8116481215
            ]
          ]
        ]
      }
    },
    {
      "type": "Feature",
      "properties": {
        "key_code": "33213038002",
        "pref": "岡山県",
        "city": "赤磐市",
        "ward": "",
        "district": "東軽部",
        "name": "赤磐市  東軽部"
      },
      "geometry": {
        "type": "Polygon",
        "coordinates": [
          [
            [
              134.0380393516,
              34.8028628869
            ],
            [
              134.0384271805,
              34.804123536
            ],
            [
              134.0367786815,
              34.8044125207
            ],
            [
              134.0338380007,
              34.80462577
            ],
            [
              134.0331825053,
              34.8048169933
            ],
            [
              134.0318409986,
              34.8048646706
            ],
            [
              134.0296714955,
              34.8052229813
            ],
            [
              134.0292642794,
              34.8051201234
            ],
            [
              134.0286640027,
              34.8052797669
            ],
            [
              134.0282965833,
              34.8052623668
            ],
            [
              134.0277545637,
              34.8054786362
            ],
            [
              134.0264131638,
              34.8063942325
            ],
            [
              134.0256954246,
              34.8066969609
            ],
            [
              134.0250165601,
              34.8068716006
            ],
            [
              134.0240945027,
              34.806863769
            ],
            [
              134.0235976312,
              34.8066172697
            ],
            [
              134.0231182588,
              34.8061558605
            ],
            [
              134.0227609741,
              34.805660391
            ],
            [
              134.0225359094,
              34.8050975045
            ],
            [
              134.0223493866,
              34.8049427867
            ],
            [
              134.0218837936,
              34.8048243994
            ],
            [
              134.0195652746,
              34.8021702649
            ],
            [
              134.0195260066,
              34.8019538018
            ],
            [
              134.0192876858,
              34.8015915981
            ],
            [
              134.019333226,
              34.8008555783
            ],
            [
              134.0188917953,
              34.7997083963
            ],
            [
              134.0188413964,
              34.7993430148
            ],
            [
              134.0181604802,
              34.7984065017
            ],
            [
              134.0180049421,
              34.7979959127
            ],
            [
              134.0210532726,
              34.7967240585
            ],
            [
              134.0223238808,
              34.7959961049
            ],
            [
              134.0230748226,
              34.7954635957
            ],
            [
              134.0248537486,
              34.794563372
            ],
            [
              134.0264127007,
              34.7939772501
            ],
            [
              134.0278641744,
              34.7936267805
            ],
            [
              134.0303703484,
              34.7932604714
            ],
            [
              134.0332696935,
              34.793406967
            ],
            [
              134.033894649,
              34.7938702466
            ],
            [
              134.0347220331,
              34.7941745669
            ],
            [
              134.0350343549,
              34.7943769053
            ],
            [
              134.0350985787,
              34.7945660972
            ],
            [
              134.0348493378,
              34.794871011
            ],
            [
              134.0352527371,
              34.7957616748
            ],
            [
              134.0358362906,
              34.7959269255
            ],
            [
              134.0362497404,
              34.7961435941
            ],
            [
              134.0360948226,
              34.7967575061
            ],
            [
              134.0358054678,
              34.7970637326
            ],
            [
              134.0365179238,
              34.7980182518
            ],
            [
              134.0365169771,
              34.7982827842
            ],
            [
              134.0360272772,
              34.7985588005
            ],
            [
              134.0359384607,
              34.7988388953
            ],
            [
              134.0362746146,
              34.799329487
            ],
            [
              134.0366161621,
              34.8004436781
            ],
            [
              134.0369520345,
              34.801009909
            ],
            [
              134.0377126551,
              34.8018557914
            ],
            [
              134.0379532525,
              34.8023744575
            ],
            [
              134.0380393516,
              34.8028628869
            ]
          ]
        ]
      }
    },
    {
      "type": "Feature",
      "properties": {
        "key_code": "332130390",
        "pref": "岡山県",
        "city": "赤磐市",
        "ward": "",
        "district": "南佐古田",
        "name": "赤磐市  南佐古田"
      },
      "geometry": {
        "type": "Polygon",
        "coordinates": [
          [
            [
              134.0531764911,
              34.8119235377
            ],
            [
              134.0511904736,
              34.8129684944
            ],
            [
              134.0494149638,
              34.8136666912
            ],
            [
              134.0471381624,
              34.8143952381
            ],
            [
              134.0463978969,
              34.8147577563
            ],
            [
              134.0452483122,
              34.8149705566
            ],
            [
              134.044432673,
              34.8150211645
            ],
            [
              134.0433229939,
              34.8153582784
            ],
            [
              134.0427560193,
              34.815355096
            ],
            [
              134.0412582847,
              34.8161291949
            ],
            [
              134.039284008,
              34.8165360346
            ],
            [
              134.0385095642,
              34.8169439209
            ],
            [
              134.0367949036,
              34.8171972487
            ],
            [
              134.0365068893,
              34.8175696825
            ],
            [
              134.0361706359,
              34.8177718402
            ],
            [
              134.0357538713,
              34.817914499
            ],
            [
              134.0351338675,
              34.8179474939
            ],
            [
              134.0355113675,
              34.8171284763
            ],
            [
              134.0354372426,
              34.8170215244
            ],
            [
              134.0349081944,
              34.8168941602
            ],
            [
              134.034845788,
              34.8168000541
            ],
            [
              134.0347846375,
              34.8158117783
            ],
            [
              134.0339331072,
              34.8137524395
            ],
            [
              134.0335882904,
              34.8136674986
            ],
            [
              134.0334505397,
              34.8137997076
            ],
            [
              134.0333549861,
              34.8141941599
            ],
            [
              134.0332175386,
              34.8142422768
            ],
            [
              134.0330881132,
              34.8142387177
            ],
            [
              134.0328731673,
              34.8140280258
            ],
            [
              134.0327143764,
              34.8140162245
            ],
            [
              134.0323973902,
              34.8138213372
            ],
            [
              134.0320804895,
              34.8136039128
            ],
            [
              134.0318952423,
              34.8133172287
            ],
            [
              134.0319469518,
              34.8131167733
            ],
            [
              134.0322912496,
              34.8128085796
            ],
            [
              134.032271874,
              34.8127472586
            ],
            [
              134.0306188357,
              34.8116481215
            ],
            [
              134.0312776795,
              34.8112925376
            ],
            [
              134.031252563,
              34.811201621
            ],
            [
              134.0328461139,
              34.8097242825
            ],
            [
              134.0340750136,
              34.8088038319
            ],
            [
              134.0352135528,
              34.8082365648
            ],
            [
              134.0371956968,
              34.8077447311
            ],
            [
              134.0374125514,
              34.8075808747
            ],
            [
              134.0376172424,
              34.8072595076
            ],
            [
              134.0380699851,
              34.8069440941
            ],
            [
              134.0382280908,
              34.8066121888
            ],
            [
              134.0383811773,
              34.8064901528
            ],
            [
              134.0385848542,
              34.8064521915
            ],
            [
              134.0398413474,
              34.8066877858
            ],
            [
              134.0406388795,
              34.8066057532
            ],
            [
              134.0410928732,
              34.8064220356
            ],
            [
              134.042046642,
              34.8066425138
            ],
            [
              134.0449850464,
              34.8066037281
            ],
            [
              134.0456306689,
              34.8059706816
            ],
            [
              134.046092978,
              34.8058899338
            ],
            [
              134.04722775,
              34.8062279928
            ],
            [
              134.0489050193,
              34.8064885738
            ],
            [
              134.0497285301,
              34.8068527879
            ],
            [
              134.0506438683,
              34.8077193733
            ],
            [
              134.0520813291,
              34.809445555
            ],
            [
              134.0528727365,
              34.8114063088
            ],
            [
              134.0531764911,
              34.8119235377
            ]
          ]
        ]
      }
    },
    {
      "type": "Feature",
      "properties": {
        "key_code": "332130400",
        "pref": "岡山県",
        "city": "赤磐市",
        "ward": "",
        "district": "北佐古田",
        "name": "赤磐市  北佐古田"
      },
      "geometry": {
        "type": "Polygon",
        "coordinates": [
          [
            [
              134.0462670367,
              34.8270007364
            ],
            [
              134.0457388763,
              34.8279861967
            ],
            [
              134.0449971649,
              34.8282886261
            ],
            [
              134.0440737302,
              34.8291866609
            ],
            [
              134.0432503314,
              34.829830327
            ],
            [
              134.0426303453,
              34.8301816294
            ],
            [
              134.0416710792,
              34.8303525256
            ],
            [
              134.0413119497,
              34.8303768796
            ],
            [
              134.0402906424,
              34.8302295593
            ],
            [
              134.0378137161,
              34.828260026
            ],
            [
              134.0366061908,
              34.8270889633
            ],
            [
              134.0365572589,
              34.8260414276
            ],
            [
              134.0361279212,
              34.8249736677
            ],
            [
              134.035731411,
              34.8245430139
            ],
            [
              134.035302081,
              34.8242933516
            ],
            [
              134.0347523859,
              34.8241472047
            ],
            [
              134.0341015257,
              34.8230638899
            ],
            [
              134.0339853755,
              34.822643074
            ],
            [
              134.033901524,
              34.821963581
            ],
            [
              134.0340184504,
              34.8210840707
            ],
            [
              134.0351338675,
              34.8179474939
            ],
            [
              134.0357538713,
              34.817914499
            ],
            [
              134.0361706359,
              34.8177718402
            ],
            [
              134.0365068893,
              34.8175696825
            ],
            [
              134.0367949036,
              34.8171972487
            ],
            [
              134.0385095642,
              34.8169439209
            ],
            [
              134.039284008,
              34.8165360346
            ],
            [
              134.0412582847,
              34.8161291949
            ],
            [
              134.0427560193,
              34.815355096
            ],
            [
              134.0433229939,
              34.8153582784
            ],
            [
              134.044432673,
              34.8150211645
            ],
            [
              134.0452483122,
              34.8149705566
            ],
            [
              134.0463978969,
              34.8147577563
            ],
            [
              134.0471381624,
              34.8143952381
            ],
            [
              134.0494149638,
              34.8136666912
            ],
            [
              134.0511904736,
              34.8129684944
            ],
            [
              134.0531764911,
              34.8119235377
            ],
            [
              134.0531632632,
              34.8124369376
            ],
            [
              134.0530325713,
              34.812694832
            ],
            [
              134.0517133879,
              34.8143295548
            ],
            [
              134.051570762,
              34.8147229255
            ],
            [
              134.0508493704,
              34.815735438
            ],
            [
              134.0508021578,
              34.8161446645
            ],
            [
              134.0508849789,
              34.816491369
            ],
            [
              134.0504112185,
              34.8176775674
            ],
            [
              134.0498669856,
              34.818243258
            ],
            [
              134.049593893,
              34.8188126773
            ],
            [
              134.04924101,
              34.8192654195
            ],
            [
              134.0492555598,
              34.8194732202
            ],
            [
              134.0494077528,
              34.819637393
            ],
            [
              134.0502234403,
              34.8200991939
            ],
            [
              134.0523567177,
              34.8216661706
            ],
            [
              134.0525477348,
              34.8216478071
            ],
            [
              134.054223253,
              34.8208201782
            ],
            [
              134.0544524232,
              34.8208080256
            ],
            [
              134.0546125285,
              34.8208965693
            ],
            [
              134.0547111894,
              34.8210858251
            ],
            [
              134.0546776257,
              34.8219801925
            ],
            [
              134.0543318076,
              34.8226030462
            ],
            [
              134.0538116759,
              34.8239528855
            ],
            [
              134.0532742008,
              34.8247831298
            ],
            [
              134.0528408972,
              34.825295487
            ],
            [
              134.0525635682,
              34.8259877234
            ],
            [
              134.0519724115,
              34.8268681944
            ],
            [
              134.0502689385,
              34.8268957973
            ],
            [
              134.0499254413,
              34.8268256964
            ],
            [
              134.0493274849,
              34.8263424311
            ],
            [
              134.0487091593,
              34.8262275973
            ],
            [
              134.0480827368,
              34.8262512745
            ],
            [
              134.0474252377,
              34.8264261554
            ],
            [
              134.0462670367,
              34.8270007364
            ]
          ]
        ]
      }
    },
    {
      "type": "Feature",
      "properties": {
        "key_code": "332130410",
        "pref": "岡山県",
        "city": "赤磐市",
        "ward": "",
        "district": "今井",
        "name": "赤磐市  今井"
      },
      "geometry": {
        "type": "Polygon",
        "coordinates": [
          [
            [
              134.0347523859,
              34.8241472047
            ],
            [
              134.0333000925,
              34.8243222417
            ],
            [
              134.0324822323,
              34.8246798327
            ],
            [
              134.0323114925,
              34.8249545055
            ],
            [
              134.0322282112,
              34.8253163745
            ],
            [
              134.0322391055,
              34.8263518462
            ],
            [
              134.0323609256,
              34.8266561881
            ],
            [
              134.0321817778,
              34.8268222392
            ],
            [
              134.0305791707,
              34.8264659797
            ],
            [
              134.0302221385,
              34.8264553714
            ],
            [
              134.0301397153,
              34.8265855305
            ],
            [
              134.0301507628,
              34.8267641655
            ],
            [
              134.0309291934,
              34.8276035702
            ],
            [
              134.031149862,
              34.8280868374
            ],
            [
              134.0312597859,
              34.8284442552
            ],
            [
              134.0312693781,
              34.8290236274
            ],
            [
              134.0304907882,
              34.8290313415
            ],
            [
              134.0299021534,
              34.8283203047
            ],
            [
              134.0282953151,
              34.8283138236
            ],
            [
              134.0267193755,
              34.8273706261
            ],
            [
              134.0251537766,
              34.8266713294
            ],
            [
              134.0237069123,
              34.8258144836
            ],
            [
              134.0227834138,
              34.825519992
            ],
            [
              134.0213986706,
              34.8254895473
            ],
            [
              134.0211138443,
              34.8254082461
            ],
            [
              134.0208457649,
              34.8252059903
            ],
            [
              134.0203510745,
              34.8246203006
            ],
            [
              134.0199273758,
              34.8235678482
            ],
            [
              134.0198615978,
              34.8226508352
            ],
            [
              134.0199905969,
              34.8219222997
            ],
            [
              134.0199900053,
              34.8209986229
            ],
            [
              134.0190658212,
              34.8176776149
            ],
            [
              134.0185865011,
              34.8162690566
            ],
            [
              134.0180525804,
              34.8153002563
            ],
            [
              134.0175946951,
              34.814864942
            ],
            [
              134.0196763786,
              34.8132441083
            ],
            [
              134.0205784019,
              34.8127458162
            ],
            [
              134.0207277898,
              34.8126122437
            ],
            [
              134.0209218584,
              34.8119969066
            ],
            [
              134.021121081,
              34.8118151457
            ],
            [
              134.02242309,
              34.8111262953
            ],
            [
              134.0233330918,
              34.8107904104
            ],
            [
              134.0239141056,
              34.8106397596
            ],
            [
              134.0242081524,
              34.8106631854
            ],
            [
              134.0255097033,
              34.8118633653
            ],
            [
              134.0267637085,
              34.8126704115
            ],
            [
              134.0269636132,
              34.8126999311
            ],
            [
              134.0292448715,
              34.8109298356
            ],
            [
              134.0293705085,
              34.8108881736
            ],
            [
              134.0299579039,
              34.8111321982
            ],
            [
              134.032271874,
              34.8127472586
            ],
            [
              134.0322912496,
              34.8128085796
            ],
            [
              134.0319469518,
              34.8131167733
            ],
            [
              134.0318952423,
              34.8133172287
            ],
            [
              134.0320804895,
              34.8136039128
            ],
            [
              134.0323973902,
              34.8138213372
            ],
            [
              134.0327143764,
              34.8140162245
            ],
            [
              134.0328731673,
              34.8140280258
            ],
            [
              134.0330881132,
              34.8142387177
            ],
            [
              134.0332175386,
              34.8142422768
            ],
            [
              134.0333549861,
              34.8141941599
            ],
            [
              134.0334505397,
              34.8137997076
            ],
            [
              134.0335882904,
              34.8136674986
            ],
            [
              134.0339331072,
              34.8137524395
            ],
            [
              134.0347846375,
              34.8158117783
            ],
            [
              134.034845788,
              34.8168000541
            ],
            [
              134.0349081944,
              34.8168941602
            ],
            [
              134.0354881317,
              34.8170475669
            ],
            [
              134.035432013,
              34.817383801
            ],
            [
              134.0351338675,
              34.8179474939
            ],
            [
              134.0342625258,
              34.8202905149
            ],
            [
              134.0339262883,
              34.821620865
            ],
            [
              134.033931324,
              34.8224036236
            ],
            [
              134.0341015257,
              34.8230638899
            ],
            [
              134.0347523859,
              34.8241472047
            ]
          ]
        ]
      }
    },
    {
      "type": "Feature",
      "properties": {
        "key_code": "33213042001",
        "pref": "岡山県",
        "city": "赤磐市",
        "ward": "",
        "district": "多賀",
        "name": "赤磐市  多賀"
      },
      "geometry": {
        "type": "Polygon",
        "coordinates": [
          [
            [
              134.0058491724,
              34.8289795553
            ],
            [
              134.0044319883,
              34.8291156725
            ],
            [
              134.0038116802,
              34.8290706088
            ],
            [
              134.0031748362,
              34.8287599804
            ],
            [
              134.0025707087,
              34.8283214676
            ],
            [
              134.0019037347,
              34.8282327423
            ],
            [
              134.0009816039,
              34.8282760739
            ],
            [
              134.0004901163,
              34.8282167663
            ],
            [
              133.9996020173,
              34.8277992253
            ],
            [
              133.9983596567,
              34.8274120426
            ],
            [
              133.9973724678,
              34.8268977242
            ],
            [
              133.9970858809,
              34.8268341804
            ],
            [
              133.9968282751,
              34.826847907
            ],
            [
              133.9953074548,
              34.8272854239
            ],
            [
              133.9928170432,
              34.8271987593
            ],
            [
              133.9922552964,
              34.8271547189
            ],
            [
              133.9921774764,
              34.8270226583
            ],
            [
              133.9906202841,
              34.8263963291
            ],
            [
              133.9904492861,
              34.8261821671
            ],
            [
              133.990539884,
              34.8253658713
            ],
            [
              133.9904558267,
              34.8252197062
            ],
            [
              133.9898120448,
              34.8245662843
            ],
            [
              133.9886200336,
              34.8243492351
            ],
            [
              133.9876578147,
              34.8237837109
            ],
            [
              133.987343761,
              34.8234296186
            ],
            [
              133.9871810188,
              34.8230822236
            ],
            [
              133.9870599275,
              34.8224094961
            ],
            [
              133.9871807147,
              34.8218866236
            ],
            [
              133.9871277057,
              34.8217984371
            ],
            [
              133.9864824228,
              34.8215472122
            ],
            [
              133.9860924798,
              34.8212086772
            ],
            [
              133.9855293326,
              34.8211679816
            ],
            [
              133.9854174472,
              34.8209818705
            ],
            [
              133.9853777874,
              34.8205415774
            ],
            [
              133.985053119,
              34.8201935761
            ],
            [
              133.9851047288,
              34.8199076416
            ],
            [
              133.9852535168,
              34.8197759422
            ],
            [
              133.9860580998,
              34.8195069448
            ],
            [
              133.9864639145,
              34.8188821247
            ],
            [
              133.9869747548,
              34.8186684877
            ],
            [
              133.9871796277,
              34.8178865987
            ],
            [
              133.9868140735,
              34.8173917077
            ],
            [
              133.9867410617,
              34.8171249949
            ],
            [
              133.9867786534,
              34.8166409701
            ],
            [
              133.987080069,
              34.8161650198
            ],
            [
              133.9870209607,
              34.8157950973
            ],
            [
              133.9952113502,
              34.8143637248
            ],
            [
              133.9958297355,
              34.8140831563
            ],
            [
              134.0016899143,
              34.8176430236
            ],
            [
              134.0047002991,
              34.8199026919
            ],
            [
              134.0060967277,
              34.8212643968
            ],
            [
              134.0079001369,
              34.8226949277
            ],
            [
              134.0092434972,
              34.8228600802
            ],
            [
              134.0102161459,
              34.822794705
            ],
            [
              134.0103513716,
              34.8240703882
            ],
            [
              134.0108903223,
              34.8256701285
            ],
            [
              134.0092737158,
              34.8265154146
            ],
            [
              134.0082974879,
              34.8274835281
            ],
            [
              134.0071280082,
              34.8290384212
            ],
            [
              134.0058491724,
              34.8289795553
            ]
          ]
        ]
      }
    },
    {
      "type": "Feature",
      "properties": {
        "key_code": "33213042002",
        "pref": "岡山県",
        "city": "赤磐市",
        "ward": "",
        "district": "多賀",
        "name": "赤磐市  多賀"
      },
      "geometry": {
        "type": "Polygon",
        "coordinates": [
          [
            [
              134.0198615978,
              34.8226508352
            ],
            [
              134.019477158,
              34.8230662908
            ],
            [
              134.0190362461,
              34.823333838
            ],
            [
              134.0175713429,
              34.8240387708
            ],
            [
              134.0163312414,
              34.8245326336
            ],
            [
              134.0155646169,
              34.824765725
            ],
            [
              134.0149206769,
              34.8248648253
            ],
            [
              134.0127902946,
              34.8249028969
            ],
            [
              134.0122357021,
              34.8250693368
            ],
            [
              134.0108903223,
              34.8256701285
            ],
            [
              134.0103513716,
              34.8240703882
            ],
            [
              134.0102161459,
              34.822794705
            ],
            [
              134.0092434972,
              34.8228600802
            ],
            [
              134.0079001369,
              34.8226949277
            ],
            [
              134.0060967277,
              34.8212643968
            ],
            [
              134.0047002991,
              34.8199026919
            ],
            [
              134.0016899143,
              34.8176430236
            ],
            [
              133.9958297355,
              34.8140831563
            ],
            [
              133.9961032889,
              34.8137345817
            ],
            [
              133.9966628389,
              34.8120538429
            ],
            [
              133.9970748309,
              34.811467172
            ],
            [
              133.9974070559,
              34.8111811582
            ],
            [
              133.9978231113,
              34.8109741188
            ],
            [
              133.9982048438,
              34.8109241816
            ],
            [
              133.9983226824,
              34.8109245068
            ],
            [
              133.9986583648,
              34.8111661614
            ],
            [
              133.9988211365,
              34.8111573137
            ],
            [
              133.9989000129,
              34.8110789309
            ],
            [
              133.9988488992,
              34.8105349314
            ],
            [
              133.9989897152,
              34.8104010803
            ],
            [
              133.9993490817,
              34.8103326257
            ],
            [
              133.9997836055,
              34.8104149553
            ],
            [
              134.0010327197,
              34.8109505482
            ],
            [
              134.0018511786,
              34.8111425241
            ],
            [
              134.0023912462,
              34.8107876216
            ],
            [
              134.0035801374,
              34.8093525351
            ],
            [
              134.0038689397,
              34.8103220135
            ],
            [
              134.0042009993,
              34.8107805684
            ],
            [
              134.0047066127,
              34.8112788927
            ],
            [
              134.0053500704,
              34.8117196926
            ],
            [
              134.00578062,
              34.8118008632
            ],
            [
              134.0064878131,
              34.8121004052
            ],
            [
              134.0075380063,
              34.8129461281
            ],
            [
              134.0089605762,
              34.813772411
            ],
            [
              134.0102043429,
              34.8147451149
            ],
            [
              134.0123124858,
              34.8168232882
            ],
            [
              134.0126588829,
              34.8170884523
            ],
            [
              134.0138093534,
              34.8177147787
            ],
            [
              134.0145579249,
              34.8178359077
            ],
            [
              134.0152221574,
              34.8175919881
            ],
            [
              134.0167348743,
              34.8161149439
            ],
            [
              134.0175946951,
              34.814864942
            ],
            [
              134.0180525804,
              34.8153002563
            ],
            [
              134.0183602617,
              34.8157849023
            ],
            [
              134.0190658212,
              34.8176776149
            ],
            [
              134.0199900053,
              34.8209986229
            ],
            [
              134.0199905969,
              34.8219222997
            ],
            [
              134.0198615978,
              34.8226508352
            ]
          ]
        ]
      }
    },
    {
      "type": "Feature",
      "properties": {
        "key_code": "33213042003",
        "pref": "岡山県",
        "city": "赤磐市",
        "ward": "",
        "district": "多賀出屋",
        "name": "赤磐市  多賀出屋"
      },
      "geometry": {
        "type": "Polygon",
        "coordinates": [
          [
            [
              134.0254173869,
              34.8348254593
            ],
            [
              134.023827415,
              34.8341843254
            ],
            [
              134.0229348964,
              34.8341168332
            ],
            [
              134.0187637157,
              34.8348977405
            ],
            [
              134.0158716445,
              34.8341493228
            ],
            [
              134.0145248065,
              34.8334868714
            ],
            [
              134.0124966609,
              34.8326416801
            ],
            [
              134.0116485674,
              34.8324463256
            ],
            [
              134.0098190153,
              34.8324824656
            ],
            [
              134.0097022554,
              34.832400105
            ],
            [
              134.0097047278,
              34.8317678024
            ],
            [
              134.0096183578,
              34.8314007091
            ],
            [
              134.0084087949,
              34.829346033
            ],
            [
              134.0081167195,
              34.8291859419
            ],
            [
              134.0071280082,
              34.8290384212
            ],
            [
              134.0082974879,
              34.8274835281
            ],
            [
              134.0092737158,
              34.8265154146
            ],
            [
              134.0103397514,
              34.825909041
            ],
            [
              134.0122357021,
              34.8250693368
            ],
            [
              134.0127902946,
              34.8249028969
            ],
            [
              134.0149206769,
              34.8248648253
            ],
            [
              134.0155646169,
              34.824765725
            ],
            [
              134.0163312414,
              34.8245326336
            ],
            [
              134.0175713429,
              34.8240387708
            ],
            [
              134.0190362461,
              34.823333838
            ],
            [
              134.019477158,
              34.8230662908
            ],
            [
              134.0198615978,
              34.8226508352
            ],
            [
              134.0199273758,
              34.8235678482
            ],
            [
              134.0201852427,
              34.8243075214
            ],
            [
              134.020545555,
              34.8248895571
            ],
            [
              134.0211138443,
              34.8254082461
            ],
            [
              134.0213986706,
              34.8254895473
            ],
            [
              134.0227834138,
              34.825519992
            ],
            [
              134.0237069123,
              34.8258144836
            ],
            [
              134.0251537766,
              34.8266713294
            ],
            [
              134.0267193755,
              34.8273706261
            ],
            [
              134.0282953151,
              34.8283138236
            ],
            [
              134.0269033417,
              34.8287712842
            ],
            [
              134.0264749611,
              34.8290550899
            ],
            [
              134.0262515819,
              34.8293054639
            ],
            [
              134.0259597249,
              34.8298718902
            ],
            [
              134.0258335916,
              34.830735662
            ],
            [
              134.0254348751,
              34.8316928358
            ],
            [
              134.0254173869,
              34.8348254593
            ]
          ]
        ]
      }
    },
    {
      "type": "Feature",
      "properties": {
        "key_code": "33213044001",
        "pref": "岡山県",
        "city": "赤磐市",
        "ward": "",
        "district": "小原小原",
        "name": "赤磐市  小原小原"
      },
      "geometry": {
        "type": "Polygon",
        "coordinates": [
          [
            [
              134.006721704,
              34.8395628144
            ],
            [
              134.0052477986,
              34.8398257687
            ],
            [
              134.0049653061,
              34.8397723957
            ],
            [
              134.004547157,
              34.8394254643
            ],
            [
              134.0026352179,
              34.8372382056
            ],
            [
              134.003343616,
              34.8357937409
            ],
            [
              134.0058491724,
              34.8289795553
            ],
            [
              134.0075084108,
              34.8290588792
            ],
            [
              134.0081167195,
              34.8291859419
            ],
            [
              134.0084087949,
              34.829346033
            ],
            [
              134.0096183578,
              34.8314007091
            ],
            [
              134.0097047278,
              34.8317678024
            ],
            [
              134.0097022554,
              34.832400105
            ],
            [
              134.0098190153,
              34.8324824656
            ],
            [
              134.0116485674,
              34.8324463256
            ],
            [
              134.0120580612,
              34.8325246675
            ],
            [
              134.0124966609,
              34.8326416801
            ],
            [
              134.0145248065,
              34.8334868714
            ],
            [
              134.0134508091,
              34.834542879
            ],
            [
              134.0124892561,
              34.8361664761
            ],
            [
              134.0122270266,
              34.836241918
            ],
            [
              134.0117956525,
              34.8362281721
            ],
            [
              134.0116990316,
              34.8363136293
            ],
            [
              134.0117404241,
              34.8365646054
            ],
            [
              134.0115005083,
              34.8368434307
            ],
            [
              134.0114365308,
              34.8374467613
            ],
            [
              134.0098255399,
              34.8386462492
            ],
            [
              134.0098079822,
              34.8391987825
            ],
            [
              134.006721704,
              34.8395628144
            ]
          ]
        ]
      }
    },
    {
      "type": "Feature",
      "properties": {
        "key_code": "33213044002",
        "pref": "岡山県",
        "city": "赤磐市",
        "ward": "",
        "district": "小原奥小原",
        "name": "赤磐市  小原奥小原"
      },
      "geometry": {
        "type": "Polygon",
        "coordinates": [
          [
            [
              133.9976708999,
              34.8451965585
            ],
            [
              133.9969962801,
              34.8449653094
            ],
            [
              133.9947333146,
              34.8457081865
            ],
            [
              133.993863515,
              34.846103898
            ],
            [
              133.9933444528,
              34.8464597339
            ],
            [
              133.9931991032,
              34.8466801217
            ],
            [
              133.9931914211,
              34.846838987
            ],
            [
              133.9928643281,
              34.8464468427
            ],
            [
              133.9927679198,
              34.8459813922
            ],
            [
              133.9928686884,
              34.8453076729
            ],
            [
              133.9927930244,
              34.8449084836
            ],
            [
              133.9928369856,
              34.8440314239
            ],
            [
              133.9926250172,
              34.8430643449
            ],
            [
              133.9928041941,
              34.8411804711
            ],
            [
              133.9927241962,
              34.8410195303
            ],
            [
              133.9921788602,
              34.8407076955
            ],
            [
              133.991171518,
              34.8387173804
            ],
            [
              133.9923410644,
              34.8381362527
            ],
            [
              133.9940165865,
              34.8374791981
            ],
            [
              133.9962185283,
              34.837232065
            ],
            [
              133.9977908541,
              34.8373438883
            ],
            [
              133.9986566452,
              34.8372695782
            ],
            [
              133.9993937304,
              34.8368035395
            ],
            [
              134.0000067814,
              34.8359343014
            ],
            [
              134.0002776451,
              34.8356894582
            ],
            [
              134.0018639114,
              34.8346348957
            ],
            [
              134.0025902958,
              34.8345064389
            ],
            [
              134.0030555036,
              34.8345308039
            ],
            [
              134.0037434128,
              34.834716701
            ],
            [
              134.003343616,
              34.8357937409
            ],
            [
              134.0026352179,
              34.8372382056
            ],
            [
              134.0015939675,
              34.836974504
            ],
            [
              134.0008126443,
              34.8368725737
            ],
            [
              134.0004307328,
              34.8369636483
            ],
            [
              134.0003091823,
              34.8371014248
            ],
            [
              134.000307144,
              34.8376077971
            ],
            [
              134.0003991578,
              34.8378689146
            ],
            [
              134.0013095337,
              34.839440611
            ],
            [
              134.0013537273,
              34.8400238055
            ],
            [
              134.0012974213,
              34.8401388013
            ],
            [
              134.0007757409,
              34.8402678085
            ],
            [
              133.999399446,
              34.8399954936
            ],
            [
              133.9991939173,
              34.8401867752
            ],
            [
              133.999137102,
              34.8404322016
            ],
            [
              133.9998247716,
              34.8418420865
            ],
            [
              133.9997289895,
              34.8425093394
            ],
            [
              133.9995601422,
              34.8428388312
            ],
            [
              133.9983315848,
              34.8439979345
            ],
            [
              133.9980227489,
              34.8444190166
            ],
            [
              133.9976708999,
              34.8451965585
            ]
          ]
        ]
      }
    },
    {
      "type": "Feature",
      "properties": {
        "key_code": "33213044003",
        "pref": "岡山県",
        "city": "赤磐市",
        "ward": "",
        "district": "小原小原上",
        "name": "赤磐市  小原小原上"
      },
      "geometry": {
        "type": "Polygon",
        "coordinates": [
          [
            [
              134.0037434128,
              34.834716701
            ],
            [
              134.0030555036,
              34.8345308039
            ],
            [
              134.0025902958,
              34.8345064389
            ],
            [
              134.0018639114,
              34.8346348957
            ],
            [
              134.0002776451,
              34.8356894582
            ],
            [
              134.0000067814,
              34.8359343014
            ],
            [
              133.9993937304,
              34.8368035395
            ],
            [
              133.9986566452,
              34.8372695782
            ],
            [
              133.9977908541,
              34.8373438883
            ],
            [
              133.9962185283,
              34.837232065
            ],
            [
              133.9940165865,
              34.8374791981
            ],
            [
              133.9923410644,
              34.8381362527
            ],
            [
              133.991171518,
              34.8387173804
            ],
            [
              133.9909162723,
              34.8383543788
            ],
            [
              133.9906473873,
              34.8382264284
            ],
            [
              133.9905269401,
              34.8375387085
            ],
            [
              133.9903571652,
              34.8372725735
            ],
            [
              133.9899515076,
              34.8370322539
            ],
            [
              133.989160553,
              34.8370984024
            ],
            [
              133.9887087664,
              34.8363529755
            ],
            [
              133.9880402141,
              34.8360728153
            ],
            [
              133.9874899087,
              34.8355770551
            ],
            [
              133.9874723356,
              34.8354638266
            ],
            [
              133.9875088922,
              34.8353567388
            ],
            [
              133.9878401789,
              34.8351270282
            ],
            [
              133.9883461753,
              34.8349915524
            ],
            [
              133.9883900726,
              34.8348546938
            ],
            [
              133.9882529711,
              34.8339643006
            ],
            [
              133.9883947522,
              34.832863343
            ],
            [
              133.9885901554,
              34.8327567051
            ],
            [
              133.9894282919,
              34.8326161779
            ],
            [
              133.9908760991,
              34.8325875837
            ],
            [
              133.9910858872,
              34.8324868986
            ],
            [
              133.991165936,
              34.8323383074
            ],
            [
              133.9911122479,
              34.8321327872
            ],
            [
              133.9910047614,
              34.8320690283
            ],
            [
              133.9904713644,
              34.8320040706
            ],
            [
              133.9899597197,
              34.8316472451
            ],
            [
              133.9897097994,
              34.8312869318
            ],
            [
              133.9895830033,
              34.8309268947
            ],
            [
              133.9885647799,
              34.8308542194
            ],
            [
              133.9883854438,
              34.8307902557
            ],
            [
              133.9882425743,
              34.8305994825
            ],
            [
              133.988278975,
              34.83006771
            ],
            [
              133.9883724911,
              34.8298240109
            ],
            [
              133.9886239311,
              34.8294055329
            ],
            [
              133.989087726,
              34.8290790709
            ],
            [
              133.9894291655,
              34.8286549298
            ],
            [
              133.9897986199,
              34.8278071664
            ],
            [
              133.9899273768,
              34.8276933652
            ],
            [
              133.9901582925,
              34.8276854935
            ],
            [
              133.9912889509,
              34.8278600991
            ],
            [
              133.9914687723,
              34.8278054583
            ],
            [
              133.9922552964,
              34.8271547189
            ],
            [
              133.9953074548,
              34.8272854239
            ],
            [
              133.9968282751,
              34.826847907
            ],
            [
              133.9970858809,
              34.8268341804
            ],
            [
              133.9973724678,
              34.8268977242
            ],
            [
              133.9983596567,
              34.8274120426
            ],
            [
              133.9996020173,
              34.8277992253
            ],
            [
              134.0004901163,
              34.8282167663
            ],
            [
              134.0009816039,
              34.8282760739
            ],
            [
              134.0019037347,
              34.8282327423
            ],
            [
              134.0025707087,
              34.8283214676
            ],
            [
              134.0031748362,
              34.8287599804
            ],
            [
              134.0038116802,
              34.8290706088
            ],
            [
              134.0044319883,
              34.8291156725
            ],
            [
              134.0058491724,
              34.8289795553
            ],
            [
              134.0037434128,
              34.834716701
            ]
          ]
        ]
      }
    },
    {
      "type": "Feature",
      "properties": {
        "key_code": "33213047001",
        "pref": "岡山県",
        "city": "赤磐市",
        "ward": "",
        "district": "坂辺",
        "name": "赤磐市  坂辺"
      },
      "geometry": {
        "type": "Polygon",
        "coordinates": [
          [
            [
              134.0143969315,
              34.8612520273
            ],
            [
              134.0139371565,
              34.8612794895
            ],
            [
              134.0133098689,
              34.860032891
            ],
            [
              134.0127671593,
              34.8594262084
            ],
            [
              134.0125067004,
              34.8592414247
            ],
            [
              134.0118762797,
              34.8590896835
            ],
            [
              134.0100380016,
              34.8593281553
            ],
            [
              134.0088093441,
              34.8588923136
            ],
            [
              134.007312201,
              34.8586130037
            ],
            [
              134.0066752395,
              34.8569639785
            ],
            [
              134.0063858553,
              34.8554904755
            ],
            [
              134.0057985391,
              34.854696435
            ],
            [
              134.0057174585,
              34.8541470879
            ],
            [
              134.0053389783,
              34.8531882424
            ],
            [
              134.0047525347,
              34.8521882645
            ],
            [
              134.0040583529,
              34.8506794274
            ],
            [
              134.0037333005,
              34.8505724812
            ],
            [
              134.0022762535,
              34.8505528853
            ],
            [
              134.0011932704,
              34.8506935341
            ],
            [
              134.0016975509,
              34.8497769466
            ],
            [
              134.0018065038,
              34.8491961378
            ],
            [
              134.00175124,
              34.8486619988
            ],
            [
              134.0014917333,
              34.8479314392
            ],
            [
              134.0008292829,
              34.8464530237
            ],
            [
              134.0000990323,
              34.8465389182
            ],
            [
              133.9997404923,
              34.8461201528
            ],
            [
              133.9988681172,
              34.8456725058
            ],
            [
              133.998045562,
              34.845559807
            ],
            [
              133.9976708999,
              34.8451965585
            ],
            [
              133.9980227489,
              34.8444190166
            ],
            [
              133.9983315848,
              34.8439979345
            ],
            [
              133.9995601422,
              34.8428388312
            ],
            [
              133.9997289895,
              34.8425093394
            ],
            [
              133.9998247716,
              34.8418420865
            ],
            [
              133.999137102,
              34.8404322016
            ],
            [
              133.9991939173,
              34.8401867752
            ],
            [
              133.999399446,
              34.8399954936
            ],
            [
              134.0007757409,
              34.8402678085
            ],
            [
              134.0012974213,
              34.8401388013
            ],
            [
              134.0013537273,
              34.8400238055
            ],
            [
              134.0013095337,
              34.839440611
            ],
            [
              134.000307144,
              34.8376077971
            ],
            [
              134.0002806843,
              34.8372471331
            ],
            [
              134.0004307328,
              34.8369636483
            ],
            [
              134.0008126443,
              34.8368725737
            ],
            [
              134.0012405826,
              34.8369121262
            ],
            [
              134.0026352179,
              34.8372382056
            ],
            [
              134.004547157,
              34.8394254643
            ],
            [
              134.0049653061,
              34.8397723957
            ],
            [
              134.0052477986,
              34.8398257687
            ],
            [
              134.006721704,
              34.8395628144
            ],
            [
              134.0072639384,
              34.8408200743
            ],
            [
              134.0081575149,
              34.8420292543
            ],
            [
              134.0089928792,
              34.8429713499
            ],
            [
              134.0113068184,
              34.8448084203
            ],
            [
              134.0137335208,
              34.846878796
            ],
            [
              134.0129990985,
              34.8476953827
            ],
            [
              134.0131706546,
              34.8483970195
            ],
            [
              134.012025589,
              34.8486474034
            ],
            [
              134.0119924811,
              34.8487250689
            ],
            [
              134.0128173241,
              34.8496259803
            ],
            [
              134.0126074425,
              34.8503449941
            ],
            [
              134.0122185396,
              34.8505347597
            ],
            [
              134.0122775859,
              34.8507072529
            ],
            [
              134.0128754177,
              34.8515623492
            ],
            [
              134.0134647668,
              34.8516057339
            ],
            [
              134.0138524094,
              34.8517421145
            ],
            [
              134.013817118,
              34.8531450943
            ],
            [
              134.0139916792,
              34.8582040433
            ],
            [
              134.0143969315,
              34.8612520273
            ]
          ]
        ]
      }
    },
    {
      "type": "Feature",
      "properties": {
        "key_code": "33213047002",
        "pref": "岡山県",
        "city": "赤磐市",
        "ward": "",
        "district": "坂辺",
        "name": "赤磐市  坂辺"
      },
      "geometry": {
        "type": "Polygon",
        "coordinates": [
          [
            [
              134.0162566642,
              34.8428653506
            ],
            [
              134.0154629781,
              34.8435094589
            ],
            [
              134.0147655433,
              34.8443506605
            ],
            [
              134.01430046,
              34.8459094995
            ],
            [
              134.0137335208,
              34.846878796
            ],
            [
              134.0113068184,
              34.8448084203
            ],
            [
              134.0089928792,
              34.8429713499
            ],
            [
              134.0081575149,
              34.8420292543
            ],
            [
              134.0072639384,
              34.8408200743
            ],
            [
              134.006721704,
              34.8395628144
            ],
            [
              134.0098079822,
              34.8391987825
            ],
            [
              134.0098255399,
              34.8386462492
            ],
            [
              134.0114365308,
              34.8374467613
            ],
            [
              134.0114908426,
              34.8373516156
            ],
            [
              134.01142981,
              34.8371927086
            ],
            [
              134.012487643,
              34.8375733495
            ],
            [
              134.0120098848,
              34.8385916084
            ],
            [
              134.015175531,
              34.8417918061
            ],
            [
              134.0157438867,
              34.842256991
            ],
            [
              134.0162566642,
              34.8428653506
            ]
          ]
        ]
      }
    },
    {
      "type": "Feature",
      "properties": {
        "key_code": "33213049001",
        "pref": "岡山県",
        "city": "赤磐市",
        "ward": "",
        "district": "惣分惣分",
        "name": "赤磐市  惣分惣分"
      },
      "geometry": {
        "type": "Polygon",
        "coordinates": [
          [
            [
              134.0200089961,
              34.8607846943
            ],
            [
              134.0194699325,
              34.8606042821
            ],
            [
              134.0188890391,
              34.8600723964
            ],
            [
              134.0184428392,
              34.8599589131
            ],
            [
              134.0159930109,
              34.8611568837
            ],
            [
              134.0143969315,
              34.8612520273
            ],
            [
              134.0139916792,
              34.8582040433
            ],
            [
              134.013817118,
              34.8531450943
            ],
            [
              134.0138524094,
              34.8517421145
            ],
            [
              134.0134647668,
              34.8516057339
            ],
            [
              134.0128754177,
              34.8515623492
            ],
            [
              134.0122775859,
              34.8507072529
            ],
            [
              134.0122185396,
              34.8505347597
            ],
            [
              134.0126074425,
              34.8503449941
            ],
            [
              134.0128173241,
              34.8496259803
            ],
            [
              134.0119967268,
              34.8486878236
            ],
            [
              134.0131706546,
              34.8483970195
            ],
            [
              134.0129990985,
              34.8476953827
            ],
            [
              134.0137335208,
              34.846878796
            ],
            [
              134.01430046,
              34.8459094995
            ],
            [
              134.0147655433,
              34.8443506605
            ],
            [
              134.0154629781,
              34.8435094589
            ],
            [
              134.0162566642,
              34.8428653506
            ],
            [
              134.0182435729,
              34.8424951293
            ],
            [
              134.0186503506,
              34.8424992112
            ],
            [
              134.0194408942,
              34.8426735918
            ],
            [
              134.0208726945,
              34.8432691575
            ],
            [
              134.0222390444,
              34.8441174489
            ],
            [
              134.0242060767,
              34.8455314401
            ],
            [
              134.0250619582,
              34.8458343353
            ],
            [
              134.0255866478,
              34.8458829886
            ],
            [
              134.0265550736,
              34.8456961887
            ],
            [
              134.0274261351,
              34.8452253123
            ],
            [
              134.0277469238,
              34.8449693356
            ],
            [
              134.0287820753,
              34.843717251
            ],
            [
              134.0305904772,
              34.8452495498
            ],
            [
              134.0311587088,
              34.8460109484
            ],
            [
              134.0312457098,
              34.8467188256
            ],
            [
              134.0310796709,
              34.8472107067
            ],
            [
              134.0297825344,
              34.8487766923
            ],
            [
              134.0289436071,
              34.8495562121
            ],
            [
              134.0277442557,
              34.8498885198
            ],
            [
              134.027691217,
              34.8501037556
            ],
            [
              134.0278917689,
              34.8503751247
            ],
            [
              134.0284357208,
              34.8506410136
            ],
            [
              134.0297331186,
              34.8510504803
            ],
            [
              134.0301352843,
              34.8513038249
            ],
            [
              134.0338562281,
              34.8544883524
            ],
            [
              134.0346620797,
              34.8556318398
            ],
            [
              134.0350425802,
              34.8573455984
            ],
            [
              134.0344738019,
              34.8576250032
            ],
            [
              134.0335613261,
              34.8585536125
            ],
            [
              134.0330848319,
              34.8587619616
            ],
            [
              134.0325602781,
              34.8586525568
            ],
            [
              134.0318299534,
              34.858738572
            ],
            [
              134.0313966147,
              34.8583590851
            ],
            [
              134.0310854479,
              34.8582163986
            ],
            [
              134.0283208685,
              34.8582368908
            ],
            [
              134.0277950154,
              34.8581638046
            ],
            [
              134.0270388513,
              34.857931039
            ],
            [
              134.0262020606,
              34.8580131607
            ],
            [
              134.0256578082,
              34.8577996556
            ],
            [
              134.0231619501,
              34.8582020078
            ],
            [
              134.0227137885,
              34.8586064554
            ],
            [
              134.0219069543,
              34.8597712387
            ],
            [
              134.0213792581,
              34.8601848506
            ],
            [
              134.0200089961,
              34.8607846943
            ]
          ]
        ]
      }
    },
    {
      "type": "Feature",
      "properties": {
        "key_code": "33213049002",
        "pref": "岡山県",
        "city": "赤磐市",
        "ward": "",
        "district": "惣分下分",
        "name": "赤磐市  惣分下分"
      },
      "geometry": {
        "type": "Polygon",
        "coordinates": [
          [
            [
              134.0287820753,
              34.843717251
            ],
            [
              134.0277469238,
              34.8449693356
            ],
            [
              134.0274261351,
              34.8452253123
            ],
            [
              134.0265550736,
              34.8456961887
            ],
            [
              134.0255866478,
              34.8458829886
            ],
            [
              134.0250619582,
              34.8458343353
            ],
            [
              134.0242060767,
              34.8455314401
            ],
            [
              134.0222390444,
              34.8441174489
            ],
            [
              134.0208726945,
              34.8432691575
            ],
            [
              134.0194408942,
              34.8426735918
            ],
            [
              134.0186503506,
              34.8424992112
            ],
            [
              134.0182435729,
              34.8424951293
            ],
            [
              134.0162566642,
              34.8428653506
            ],
            [
              134.0157438867,
              34.842256991
            ],
            [
              134.015175531,
              34.8417918061
            ],
            [
              134.0120098848,
              34.8385916084
            ],
            [
              134.012487643,
              34.8375733495
            ],
            [
              134.01142981,
              34.8371927086
            ],
            [
              134.0115005083,
              34.8368434307
            ],
            [
              134.0117404241,
              34.8365646054
            ],
            [
              134.0116990316,
              34.8363136293
            ],
            [
              134.0117956525,
              34.8362281721
            ],
            [
              134.0122270266,
              34.836241918
            ],
            [
              134.0124892561,
              34.8361664761
            ],
            [
              134.0134508091,
              34.834542879
            ],
            [
              134.0145248065,
              34.8334868714
            ],
            [
              134.0158716445,
              34.8341493228
            ],
            [
              134.0187637157,
              34.8348977405
            ],
            [
              134.0218805105,
              34.8342830964
            ],
            [
              134.0229348964,
              34.8341168332
            ],
            [
              134.0234237378,
              34.8341156858
            ],
            [
              134.0247862682,
              34.834519749
            ],
            [
              134.0254173869,
              34.8348254593
            ],
            [
              134.0256246423,
              34.8350637513
            ],
            [
              134.0260202936,
              34.8352774472
            ],
            [
              134.0271820111,
              34.8356486497
            ],
            [
              134.0296340805,
              34.83584186
            ],
            [
              134.0305004137,
              34.8360114317
            ],
            [
              134.0307546622,
              34.8363685048
            ],
            [
              134.030741501,
              34.8366973027
            ],
            [
              134.0306345378,
              34.8372089764
            ],
            [
              134.0303267918,
              34.8377674783
            ],
            [
              134.0302481069,
              34.838381696
            ],
            [
              134.0291458938,
              34.8406434155
            ],
            [
              134.028056162,
              34.8421017876
            ],
            [
              134.0277865004,
              34.8426840448
            ],
            [
              134.0277858302,
              34.8428651133
            ],
            [
              134.0279661613,
              34.8431886185
            ],
            [
              134.0287820753,
              34.843717251
            ]
          ]
        ]
      }
    },
    {
      "type": "Feature",
      "properties": {
        "key_code": "33213050001",
        "pref": "岡山県",
        "city": "赤磐市",
        "ward": "",
        "district": "大屋大屋",
        "name": "赤磐市  大屋大屋"
      },
      "geometry": {
        "type": "Polygon",
        "coordinates": [
          [
            [
              134.039218684,
              34.8367949632
            ],
            [
              134.03780816,
              34.837439283
            ],
            [
              134.0374616562,
              34.838163004
            ],
            [
              134.0372985441,
              34.8383674832
            ],
            [
              134.037001927,
              34.8384927586
            ],
            [
              134.0365434685,
              34.8384680524
            ],
            [
              134.0358544225,
              34.8382069919
            ],
            [
              134.0355916304,
              34.8383145286
            ],
            [
              134.0346524624,
              34.8395150678
            ],
            [
              134.0332509741,
              34.8409865167
            ],
            [
              134.032617621,
              34.8415087244
            ],
            [
              134.0318536053,
              34.841878483
            ],
            [
              134.031512289,
              34.84214801
            ],
            [
              134.0309296445,
              34.8422546717
            ],
            [
              134.030448862,
              34.842537371
            ],
            [
              134.0295150791,
              34.8427934461
            ],
            [
              134.0287820753,
              34.843717251
            ],
            [
              134.0279661613,
              34.8431886185
            ],
            [
              134.0277858302,
              34.8428651133
            ],
            [
              134.0278253472,
              34.8425108888
            ],
            [
              134.0291458938,
              34.8406434155
            ],
            [
              134.0302481069,
              34.838381696
            ],
            [
              134.0303267918,
              34.8377674783
            ],
            [
              134.0306345378,
              34.8372089764
            ],
            [
              134.0307546622,
              34.8363685048
            ],
            [
              134.0306574845,
              34.8361614134
            ],
            [
              134.0303620475,
              34.8359677027
            ],
            [
              134.0296340805,
              34.83584186
            ],
            [
              134.0271820111,
              34.8356486497
            ],
            [
              134.0264996584,
              34.835461843
            ],
            [
              134.0256246423,
              34.8350637513
            ],
            [
              134.0254173869,
              34.8348254593
            ],
            [
              134.0254348751,
              34.8316928358
            ],
            [
              134.0294502858,
              34.832192202
            ],
            [
              134.0340679215,
              34.8329169553
            ],
            [
              134.0356159327,
              34.8330563927
            ],
            [
              134.0378782248,
              34.8329170159
            ],
            [
              134.0386699243,
              34.8325660103
            ],
            [
              134.0392170717,
              34.8329886355
            ],
            [
              134.0398367509,
              34.8332333873
            ],
            [
              134.0403637218,
              34.8340146529
            ],
            [
              134.0399696858,
              34.8352274776
            ],
            [
              134.0397644693,
              34.8354765844
            ],
            [
              134.0396128272,
              34.8355572836
            ],
            [
              134.0389922927,
              34.835549522
            ],
            [
              134.0385455002,
              34.8356358467
            ],
            [
              134.0385060195,
              34.836091285
            ],
            [
              134.0386264295,
              34.8362849739
            ],
            [
              134.039218684,
              34.8367949632
            ]
          ]
        ]
      }
    },
    {
      "type": "Feature",
      "properties": {
        "key_code": "33213050002",
        "pref": "岡山県",
        "city": "赤磐市",
        "ward": "",
        "district": "大屋大屋下",
        "name": "赤磐市  大屋大屋下"
      },
      "geometry": {
        "type": "Polygon",
        "coordinates": [
          [
            [
              134.0386699243,
              34.8325660103
            ],
            [
              134.0378782248,
              34.8329170159
            ],
            [
              134.0356159327,
              34.8330563927
            ],
            [
              134.0340679215,
              34.8329169553
            ],
            [
              134.0294502858,
              34.832192202
            ],
            [
              134.0254348751,
              34.8316928358
            ],
            [
              134.0258335916,
              34.830735662
            ],
            [
              134.0259597249,
              34.8298718902
            ],
            [
              134.0262515819,
              34.8293054639
            ],
            [
              134.0264749611,
              34.8290550899
            ],
            [
              134.0269033417,
              34.8287712842
            ],
            [
              134.0282953151,
              34.8283138236
            ],
            [
              134.0299021534,
              34.8283203047
            ],
            [
              134.0304907882,
              34.8290313415
            ],
            [
              134.0312693781,
              34.8290236274
            ],
            [
              134.0312597859,
              34.8284442552
            ],
            [
              134.031149862,
              34.8280868374
            ],
            [
              134.0309291934,
              34.8276035702
            ],
            [
              134.0301507628,
              34.8267641655
            ],
            [
              134.0301397153,
              34.8265855305
            ],
            [
              134.0302221385,
              34.8264553714
            ],
            [
              134.0305791707,
              34.8264659797
            ],
            [
              134.0321817778,
              34.8268222392
            ],
            [
              134.0323609256,
              34.8266561881
            ],
            [
              134.0322391055,
              34.8263518462
            ],
            [
              134.0322282112,
              34.8253163745
            ],
            [
              134.0323114925,
              34.8249545055
            ],
            [
              134.0324822323,
              34.8246798327
            ],
            [
              134.0333000925,
              34.8243222417
            ],
            [
              134.0347523859,
              34.8241472047
            ],
            [
              134.035302081,
              34.8242933516
            ],
            [
              134.035731411,
              34.8245430139
            ],
            [
              134.0361279212,
              34.8249736677
            ],
            [
              134.0365572589,
              34.8260414276
            ],
            [
              134.0366061908,
              34.8270889633
            ],
            [
              134.0368218162,
              34.8273598638
            ],
            [
              134.0378137161,
              34.828260026
            ],
            [
              134.0402906424,
              34.8302295593
            ],
            [
              134.0401689521,
              34.8302420853
            ],
            [
              134.0398272981,
              34.8305595324
            ],
            [
              134.0391431409,
              34.831431485
            ],
            [
              134.0390442388,
              34.8315747106
            ],
            [
              134.0389898894,
              34.8319615163
            ],
            [
              134.0386699243,
              34.8325660103
            ]
          ]
        ]
      }
    },
    {
      "type": "Feature",
      "properties": {
        "key_code": "332130520",
        "pref": "岡山県",
        "city": "赤磐市",
        "ward": "",
        "district": "山手",
        "name": "赤磐市  山手"
      },
      "geometry": {
        "type": "Polygon",
        "coordinates": [
          [
            [
              134.0433011215,
              34.8578404715
            ],
            [
              134.0432871622,
              34.85925001
            ],
            [
              134.0429902137,
              34.8597360394
            ],
            [
              134.0429436637,
              34.8600603962
            ],
            [
              134.0433144346,
              34.8611875829
            ],
            [
              134.0432605848,
              34.8614308582
            ],
            [
              134.0431085459,
              34.8616052315
            ],
            [
              134.0421238011,
              34.8617775486
            ],
            [
              134.0417747212,
              34.862013851
            ],
            [
              134.0415478554,
              34.8619447103
            ],
            [
              134.0411286463,
              34.8616784677
            ],
            [
              134.0407064231,
              34.8611969161
            ],
            [
              134.0400910281,
              34.8607493397
            ],
            [
              134.0396744708,
              34.8607982717
            ],
            [
              134.0394881142,
              34.8606799951
            ],
            [
              134.0391868627,
              34.8600507601
            ],
            [
              134.038857131,
              34.8605095137
            ],
            [
              134.0382313482,
              34.8610724185
            ],
            [
              134.03741326,
              34.861213969
            ],
            [
              134.0367411331,
              34.860443535
            ],
            [
              134.0370767781,
              34.8589885159
            ],
            [
              134.0363078213,
              34.8570492193
            ],
            [
              134.0360044906,
              34.857198213
            ],
            [
              134.0354367106,
              34.857209365
            ],
            [
              134.0350425802,
              34.8573455984
            ],
            [
              134.0346620797,
              34.8556318398
            ],
            [
              134.0338562281,
              34.8544883524
            ],
            [
              134.0301352843,
              34.8513038249
            ],
            [
              134.0297331186,
              34.8510504803
            ],
            [
              134.0284357208,
              34.8506410136
            ],
            [
              134.0278917689,
              34.8503751247
            ],
            [
              134.027691217,
              34.8501037556
            ],
            [
              134.0277442557,
              34.8498885198
            ],
            [
              134.0289436071,
              34.8495562121
            ],
            [
              134.0297825344,
              34.8487766923
            ],
            [
              134.0310796709,
              34.8472107067
            ],
            [
              134.0312457098,
              34.8467188256
            ],
            [
              134.0311587088,
              34.8460109484
            ],
            [
              134.0305904772,
              34.8452495498
            ],
            [
              134.0287820753,
              34.843717251
            ],
            [
              134.0291981303,
              34.8431238078
            ],
            [
              134.0295150791,
              34.8427934461
            ],
            [
              134.030448862,
              34.842537371
            ],
            [
              134.0309296445,
              34.8422546717
            ],
            [
              134.031512289,
              34.84214801
            ],
            [
              134.0318536053,
              34.841878483
            ],
            [
              134.032617621,
              34.8415087244
            ],
            [
              134.0332509741,
              34.8409865167
            ],
            [
              134.0339115781,
              34.8402971769
            ],
            [
              134.0346524624,
              34.8395150678
            ],
            [
              134.0355916304,
              34.8383145286
            ],
            [
              134.0357560219,
              34.8382067523
            ],
            [
              134.0365434685,
              34.8384680524
            ],
            [
              134.037001927,
              34.8384927586
            ],
            [
              134.0372985441,
              34.8383674832
            ],
            [
              134.0374616562,
              34.838163004
            ],
            [
              134.03780816,
              34.837439283
            ],
            [
              134.039218684,
              34.8367949632
            ],
            [
              134.0393771326,
              34.8369326083
            ],
            [
              134.0397229831,
              34.8375699653
            ],
            [
              134.039668649,
              34.8379566932
            ],
            [
              134.0398171038,
              34.8387745037
            ],
            [
              134.0398273231,
              34.8390896924
            ],
            [
              134.0394607084,
              34.8400309918
            ],
            [
              134.0395953099,
              34.8404868408
            ],
            [
              134.0394492793,
              34.8421806258
            ],
            [
              134.0395238522,
              34.8424927997
            ],
            [
              134.0389645485,
              34.8433370071
            ],
            [
              134.0384178985,
              34.8438161449
            ],
            [
              134.0373331856,
              34.8444874436
            ],
            [
              134.0370367249,
              34.8448423838
            ],
            [
              134.0371045591,
              34.8449236812
            ],
            [
              134.0378456337,
              34.8451064057
            ],
            [
              134.0382079431,
              34.8453818802
            ],
            [
              134.0389115804,
              34.8454584431
            ],
            [
              134.0395163427,
              34.8456658311
            ],
            [
              134.0399326446,
              34.8456606339
            ],
            [
              134.040334335,
              34.8455117271
            ],
            [
              134.0417216932,
              34.8459425436
            ],
            [
              134.0424783915,
              34.8459942811
            ],
            [
              134.0428709389,
              34.8462884773
            ],
            [
              134.0431418055,
              34.8467508461
            ],
            [
              134.0435715692,
              34.8472261278
            ],
            [
              134.0443754472,
              34.8478613894
            ],
            [
              134.0446834977,
              34.8485110401
            ],
            [
              134.0449172127,
              34.8487799219
            ],
            [
              134.0449754306,
              34.8494477155
            ],
            [
              134.0448615468,
              34.8506299309
            ],
            [
              134.0451319868,
              34.8523060465
            ],
            [
              134.0452895201,
              34.8527120117
            ],
            [
              134.0449768761,
              34.8533726664
            ],
            [
              134.044658694,
              34.8534468526
            ],
            [
              134.0441881399,
              34.8537951409
            ],
            [
              134.0438269397,
              34.854265388
            ],
            [
              134.0437631971,
              34.855176311
            ],
            [
              134.0438608544,
              34.8553887463
            ],
            [
              134.0437516145,
              34.8563244931
            ],
            [
              134.0433011215,
              34.8578404715
            ]
          ]
        ]
      }
    },
    {
      "type": "Feature",
      "properties": {
        "key_code": "33213053001",
        "pref": "岡山県",
        "city": "赤磐市",
        "ward": "",
        "district": "可真下",
        "name": "赤磐市  可真下"
      },
      "geometry": {
        "type": "Polygon",
        "coordinates": [
          [
            [
              134.0652415564,
              34.8039827722
            ],
            [
              134.0646793359,
              34.8037782721
            ],
            [
              134.0639609478,
              34.8029206836
            ],
            [
              134.0628238498,
              34.8010174143
            ],
            [
              134.0626931974,
              34.8006327208
            ],
            [
              134.0628185931,
              34.7999365957
            ],
            [
              134.0627150125,
              34.7993413788
            ],
            [
              134.0622820507,
              34.7972800756
            ],
            [
              134.0618804983,
              34.796365148
            ],
            [
              134.0618128626,
              34.7956428146
            ],
            [
              134.0636072256,
              34.7961453106
            ],
            [
              134.0645744323,
              34.7946906923
            ],
            [
              134.0678768539,
              34.7967025139
            ],
            [
              134.0690599172,
              34.7970386462
            ],
            [
              134.0706814605,
              34.7957238683
            ],
            [
              134.0709809409,
              34.7953988507
            ],
            [
              134.0712324958,
              34.7950023134
            ],
            [
              134.0714371869,
              34.7942085886
            ],
            [
              134.0719018915,
              34.7933835874
            ],
            [
              134.072866374,
              34.7928139076
            ],
            [
              134.0732526452,
              34.7924335678
            ],
            [
              134.0741032829,
              34.7913234355
            ],
            [
              134.077478154,
              34.7864304895
            ],
            [
              134.07771129,
              34.7857479559
            ],
            [
              134.0779815642,
              34.7855103315
            ],
            [
              134.0783671359,
              34.7853363353
            ],
            [
              134.0792990988,
              34.7851691152
            ],
            [
              134.0795555646,
              34.7857547775
            ],
            [
              134.0798086722,
              34.786059279
            ],
            [
              134.0800830838,
              34.7862864923
            ],
            [
              134.0805155632,
              34.7864045867
            ],
            [
              134.0803115853,
              34.7907951861
            ],
            [
              134.0799815998,
              34.7909859278
            ],
            [
              134.0796599448,
              34.7909110239
            ],
            [
              134.0793398503,
              34.7903239569
            ],
            [
              134.0791531013,
              34.7901939756
            ],
            [
              134.0790332729,
              34.7902121771
            ],
            [
              134.0787178311,
              34.7905511304
            ],
            [
              134.0785895352,
              34.7908841366
            ],
            [
              134.0784248525,
              34.7920906787
            ],
            [
              134.0784679786,
              34.7926647722
            ],
            [
              134.0791485532,
              34.7940891625
            ],
            [
              134.0791703959,
              34.7942866931
            ],
            [
              134.0790125542,
              34.7944962447
            ],
            [
              134.0785625429,
              34.7947606827
            ],
            [
              134.0772093812,
              34.7952798626
            ],
            [
              134.0768654629,
              34.7961348523
            ],
            [
              134.0766463886,
              34.7963483542
            ],
            [
              134.0763866694,
              34.7964604926
            ],
            [
              134.0757272477,
              34.7963935991
            ],
            [
              134.07597835,
              34.7971557507
            ],
            [
              134.0749920023,
              34.7992145583
            ],
            [
              134.0743584453,
              34.7998705976
            ],
            [
              134.0738827827,
              34.8014379001
            ],
            [
              134.0738392744,
              34.8023836708
            ],
            [
              134.0712640811,
              34.8018485227
            ],
            [
              134.06947085,
              34.8015688418
            ],
            [
              134.0688897909,
              34.8017563288
            ],
            [
              134.0684840048,
              34.8021471719
            ],
            [
              134.0679728743,
              34.8024652414
            ],
            [
              134.0674273109,
              34.8025510997
            ],
            [
              134.0670229893,
              34.802477672
            ],
            [
              134.0667949273,
              34.8022885624
            ],
            [
              134.0666912227,
              34.801722507
            ],
            [
              134.0663920605,
              34.8017653752
            ],
            [
              134.0660220757,
              34.8019531714
            ],
            [
              134.0656147027,
              34.8028227795
            ],
            [
              134.0653826427,
              34.8038670159
            ],
            [
              134.0652415564,
              34.8039827722
            ]
          ]
        ]
      }
    },
    {
      "type": "Feature",
      "properties": {
        "key_code": "33213053002",
        "pref": "岡山県",
        "city": "赤磐市",
        "ward": "",
        "district": "可真下",
        "name": "赤磐市  可真下"
      },
      "geometry": {
        "type": "Polygon",
        "coordinates": [
          [
            [
              134.0716226418,
              34.7827971013
            ],
            [
              134.0732999704,
              34.7819187866
            ],
            [
              134.074519442,
              34.7816143176
            ],
            [
              134.0749422744,
              34.781729595
            ],
            [
              134.0757724402,
              34.7822491551
            ],
            [
              134.0760130316,
              34.7823098118
            ],
            [
              134.0770317005,
              34.7820501078
            ],
            [
              134.078045849,
              34.7820702727
            ],
            [
              134.0793943264,
              34.7813296453
            ],
            [
              134.0796336589,
              34.7817997689
            ],
            [
              134.0810019401,
              34.782928361
            ],
            [
              134.0812423532,
              34.7830492943
            ],
            [
              134.0821324079,
              34.7830871963
            ],
            [
              134.0803351628,
              34.7835611201
            ],
            [
              134.0798688892,
              34.7837989043
            ],
            [
              134.0795813045,
              34.7840483287
            ],
            [
              134.0794412238,
              34.7842980597
            ],
            [
              134.0792990988,
              34.7851691152
            ],
            [
              134.0783671359,
              34.7853363353
            ],
            [
              134.0779815642,
              34.7855103315
            ],
            [
              134.07771129,
              34.7857479559
            ],
            [
              134.077478154,
              34.7864304895
            ],
            [
              134.0741032829,
              34.7913234355
            ],
            [
              134.0732526452,
              34.7924335678
            ],
            [
              134.072866374,
              34.7928139076
            ],
            [
              134.0719018915,
              34.7933835874
            ],
            [
              134.0714371869,
              34.7942085886
            ],
            [
              134.0712324958,
              34.7950023134
            ],
            [
              134.0709809409,
              34.7953988507
            ],
            [
              134.0706814605,
              34.7957238683
            ],
            [
              134.0690599172,
              34.7970386462
            ],
            [
              134.0678768539,
              34.7967025139
            ],
            [
              134.0645744323,
              34.7946906923
            ],
            [
              134.065057317,
              34.7935865721
            ],
            [
              134.0650479914,
              34.7930032492
            ],
            [
              134.065725114,
              34.7913889376
            ],
            [
              134.0658562086,
              34.7907888802
            ],
            [
              134.0661695536,
              34.7871060774
            ],
            [
              134.0670513645,
              34.7870930834
            ],
            [
              134.0677988562,
              34.786912589
            ],
            [
              134.0687170831,
              34.7864245426
            ],
            [
              134.0696186022,
              34.7858522222
            ],
            [
              134.0702485717,
              34.7852514165
            ],
            [
              134.0704452498,
              34.784796586
            ],
            [
              134.0699184014,
              34.7849915193
            ],
            [
              134.0691965477,
              34.7851230618
            ],
            [
              134.0681268412,
              34.7852187666
            ],
            [
              134.0672442062,
              34.7852027484
            ],
            [
              134.0665317939,
              34.7850331392
            ],
            [
              134.0659387313,
              34.7847098296
            ],
            [
              134.065583641,
              34.7842888627
            ],
            [
              134.0655086305,
              34.7838614707
            ],
            [
              134.0656301381,
              34.7830354569
            ],
            [
              134.0667906534,
              34.7800334816
            ],
            [
              134.0671359468,
              34.7803190576
            ],
            [
              134.0675954653,
              34.7803623235
            ],
            [
              134.0680656142,
              34.7805108331
            ],
            [
              134.069231348,
              34.7810370934
            ],
            [
              134.0695949013,
              34.7814351079
            ],
            [
              134.0697398032,
              34.7817546096
            ],
            [
              134.069814095,
              34.7824801966
            ],
            [
              134.0700686456,
              34.7827396482
            ],
            [
              134.0713297953,
              34.7831035419
            ],
            [
              134.0716226418,
              34.7827971013
            ]
          ]
        ]
      }
    },
    {
      "type": "Feature",
      "properties": {
        "key_code": "33213053003",
        "pref": "岡山県",
        "city": "赤磐市",
        "ward": "",
        "district": "可真下",
        "name": "赤磐市  可真下"
      },
      "geometry": {
        "type": "Polygon",
        "coordinates": [
          [
            [
              134.0645744323,
              34.7946906923
            ],
            [
              134.0636072256,
              34.7961453106
            ],
            [
              134.0618128626,
              34.7956428146
            ],
            [
              134.0617785486,
              34.7952767867
            ],
            [
              134.0622913771,
              34.7944362976
            ],
            [
              134.0621509476,
              34.7943489322
            ],
            [
              134.0610258591,
              34.7941868208
            ],
            [
              134.0606586797,
              34.7940416156
            ],
            [
              134.0603990021,
              34.7938145292
            ],
            [
              134.0600909682,
              34.7933087114
            ],
            [
              134.0600144803,
              34.7930240016
            ],
            [
              134.0606185461,
              34.7912775656
            ],
            [
              134.0609428695,
              34.7900501325
            ],
            [
              134.0614335565,
              34.7863928091
            ],
            [
              134.0617405765,
              34.7863530705
            ],
            [
              134.063165869,
              34.7865382418
            ],
            [
              134.0643710018,
              34.7865689487
            ],
            [
              134.0657953477,
              34.7870483456
            ],
            [
              134.0661695536,
              34.7871060774
            ],
            [
              134.0658562086,
              34.7907888802
            ],
            [
              134.065725114,
              34.7913889376
            ],
            [
              134.0650479914,
              34.7930032492
            ],
            [
              134.065057317,
              34.7935865721
            ],
            [
              134.0645744323,
              34.7946906923
            ]
          ]
        ]
      }
    },
    {
      "type": "Feature",
      "properties": {
        "key_code": "33213054001",
        "pref": "岡山県",
        "city": "赤磐市",
        "ward": "",
        "district": "可真上",
        "name": "赤磐市  可真上"
      },
      "geometry": {
        "type": "Polygon",
        "coordinates": [
          [
            [
              134.0555182667,
              34.7913455858
            ],
            [
              134.0540914972,
              34.7929823479
            ],
            [
              134.0533046698,
              34.7929925082
            ],
            [
              134.0529554253,
              34.7938178478
            ],
            [
              134.0520140991,
              34.7939810392
            ],
            [
              134.051778884,
              34.7941095218
            ],
            [
              134.0515524032,
              34.7945367884
            ],
            [
              134.0514053654,
              34.7946251893
            ],
            [
              134.05118044,
              34.7946086081
            ],
            [
              134.0501844433,
              34.7940735561
            ],
            [
              134.049803133,
              34.7940081516
            ],
            [
              134.0490114837,
              34.7936675314
            ],
            [
              134.0482201117,
              34.7930501166
            ],
            [
              134.0486631792,
              34.791783978
            ],
            [
              134.0486428993,
              34.7916117988
            ],
            [
              134.0484643058,
              34.7913567045
            ],
            [
              134.0477975333,
              34.7910489082
            ],
            [
              134.0468717081,
              34.79089981
            ],
            [
              134.0460957053,
              34.7905606164
            ],
            [
              134.0464850341,
              34.7901440268
            ],
            [
              134.0455358113,
              34.7895076283
            ],
            [
              134.0438304515,
              34.7885568516
            ],
            [
              134.0434812457,
              34.7885271424
            ],
            [
              134.0431316155,
              34.7886185711
            ],
            [
              134.0428377015,
              34.7884079859
            ],
            [
              134.041918821,
              34.7880712414
            ],
            [
              134.0416029857,
              34.7877721402
            ],
            [
              134.0417627325,
              34.7877112494
            ],
            [
              134.0433264842,
              34.7879812208
            ],
            [
              134.0437960198,
              34.7884184451
            ],
            [
              134.0442147755,
              34.7885346661
            ],
            [
              134.0446550746,
              34.7884838771
            ],
            [
              134.0447523219,
              34.7886455347
            ],
            [
              134.0474972288,
              34.7898421555
            ],
            [
              134.0475676017,
              34.7896982209
            ],
            [
              134.0472636451,
              34.78933972
            ],
            [
              134.0464200935,
              34.7887764017
            ],
            [
              134.0437601518,
              34.7866892981
            ],
            [
              134.0435077746,
              34.7866312248
            ],
            [
              134.0436348032,
              34.7865572943
            ],
            [
              134.0437908501,
              34.7865893608
            ],
            [
              134.0443403747,
              34.7861824547
            ],
            [
              134.0467192642,
              34.7875213383
            ],
            [
              134.0468997373,
              34.7872734281
            ],
            [
              134.0480052852,
              34.7876269138
            ],
            [
              134.0480101517,
              34.7877445438
            ],
            [
              134.049545717,
              34.7882493247
            ],
            [
              134.0497089035,
              34.7876504858
            ],
            [
              134.049651014,
              34.7875849913
            ],
            [
              134.0499584025,
              34.7872979314
            ],
            [
              134.0506850552,
              34.7879882923
            ],
            [
              134.0510080007,
              34.7877885993
            ],
            [
              134.0512028526,
              34.787963437
            ],
            [
              134.0512142355,
              34.788361253
            ],
            [
              134.0513543542,
              34.7885590652
            ],
            [
              134.0518599314,
              34.7889085858
            ],
            [
              134.0527323737,
              34.7890035735
            ],
            [
              134.0531833527,
              34.7888536129
            ],
            [
              134.0537475395,
              34.788529808
            ],
            [
              134.0547776999,
              34.7877771649
            ],
            [
              134.0552003404,
              34.7876737567
            ],
            [
              134.0555239586,
              34.7877208406
            ],
            [
              134.0570559871,
              34.7884211736
            ],
            [
              134.0575974578,
              34.788567632
            ],
            [
              134.0582732199,
              34.7885459226
            ],
            [
              134.0585973867,
              34.7884304472
            ],
            [
              134.0611942588,
              34.7863922728
            ],
            [
              134.0614335565,
              34.7863928091
            ],
            [
              134.0609428695,
              34.7900501325
            ],
            [
              134.0606185461,
              34.7912775656
            ],
            [
              134.0602494476,
              34.7922114848
            ],
            [
              134.0600415082,
              34.7931246371
            ],
            [
              134.0574001887,
              34.7921226384
            ],
            [
              134.0560311708,
              34.7921090944
            ],
            [
              134.0555182667,
              34.7913455858
            ]
          ]
        ]
      }
    },
    {
      "type": "Feature",
      "properties": {
        "key_code": "33213054002",
        "pref": "岡山県",
        "city": "赤磐市",
        "ward": "",
        "district": "可真上",
        "name": "赤磐市  可真上"
      },
      "geometry": {
        "type": "Polygon",
        "coordinates": [
          [
            [
              134.0617405765,
              34.7863530705
            ],
            [
              134.0611942588,
              34.7863922728
            ],
            [
              134.0585973867,
              34.7884304472
            ],
            [
              134.0582732199,
              34.7885459226
            ],
            [
              134.0575974578,
              34.788567632
            ],
            [
              134.0570559871,
              34.7884211736
            ],
            [
              134.0555239586,
              34.7877208406
            ],
            [
              134.0552003404,
              34.7876737567
            ],
            [
              134.0547776999,
              34.7877771649
            ],
            [
              134.0537475395,
              34.788529808
            ],
            [
              134.0531833527,
              34.7888536129
            ],
            [
              134.0527323737,
              34.7890035735
            ],
            [
              134.0518599314,
              34.7889085858
            ],
            [
              134.0513543542,
              34.7885590652
            ],
            [
              134.0512142355,
              34.788361253
            ],
            [
              134.0512028526,
              34.787963437
            ],
            [
              134.0514190195,
              34.7880902916
            ],
            [
              134.0516206134,
              34.7878466479
            ],
            [
              134.0511352828,
              34.7876450771
            ],
            [
              134.0509562819,
              34.7874659084
            ],
            [
              134.0507793026,
              34.7874633844
            ],
            [
              134.0506586698,
              34.787210259
            ],
            [
              134.0508382656,
              34.787215044
            ],
            [
              134.0509168817,
              34.7873983453
            ],
            [
              134.0519953855,
              34.7871611049
            ],
            [
              134.052139183,
              34.7868170347
            ],
            [
              134.0520297794,
              34.7863679995
            ],
            [
              134.051898359,
              34.7861802101
            ],
            [
              134.0520104573,
              34.7850624593
            ],
            [
              134.051767944,
              34.7849224452
            ],
            [
              134.0522108316,
              34.7843983441
            ],
            [
              134.0522463248,
              34.7832826701
            ],
            [
              134.0530908396,
              34.7832584242
            ],
            [
              134.0538604367,
              34.7833509145
            ],
            [
              134.0550830065,
              34.7836486877
            ],
            [
              134.0555888858,
              34.7836437901
            ],
            [
              134.0560913982,
              34.7833454708
            ],
            [
              134.0564579263,
              34.7823092964
            ],
            [
              134.060443203,
              34.7820557702
            ],
            [
              134.0607180947,
              34.7820790666
            ],
            [
              134.0614176526,
              34.7825571656
            ],
            [
              134.0621050793,
              34.7825472952
            ],
            [
              134.0626006707,
              34.7823442961
            ],
            [
              134.0643604801,
              34.7796034224
            ],
            [
              134.064693094,
              34.7798802447
            ],
            [
              134.064926492,
              34.7799048489
            ],
            [
              134.0652614553,
              34.7801102587
            ],
            [
              134.0656555258,
              34.7800870422
            ],
            [
              134.0663858517,
              34.7798779268
            ],
            [
              134.0667906534,
              34.7800334816
            ],
            [
              134.0656301381,
              34.7830354569
            ],
            [
              134.0655086305,
              34.7838614707
            ],
            [
              134.065583641,
              34.7842888627
            ],
            [
              134.0659387313,
              34.7847098296
            ],
            [
              134.0665317939,
              34.7850331392
            ],
            [
              134.0672442062,
              34.7852027484
            ],
            [
              134.0681268412,
              34.7852187666
            ],
            [
              134.0691965477,
              34.7851230618
            ],
            [
              134.0699184014,
              34.7849915193
            ],
            [
              134.0704452498,
              34.784796586
            ],
            [
              134.0702485717,
              34.7852514165
            ],
            [
              134.0696186022,
              34.7858522222
            ],
            [
              134.0677988562,
              34.786912589
            ],
            [
              134.0670513645,
              34.7870930834
            ],
            [
              134.0664400722,
              34.7871478037
            ],
            [
              134.0657953477,
              34.7870483456
            ],
            [
              134.0643710018,
              34.7865689487
            ],
            [
              134.063165869,
              34.7865382418
            ],
            [
              134.0617405765,
              34.7863530705
            ]
          ]
        ]
      }
    },
    {
      "type": "Feature",
      "properties": {
        "key_code": "332130550",
        "pref": "岡山県",
        "city": "赤磐市",
        "ward": "",
        "district": "弥上",
        "name": "赤磐市  弥上"
      },
      "geometry": {
        "type": "Polygon",
        "coordinates": [
          [
            [
              134.0643604801,
              34.7796034224
            ],
            [
              134.0626006707,
              34.7823442961
            ],
            [
              134.0621050793,
              34.7825472952
            ],
            [
              134.0614176526,
              34.7825571656
            ],
            [
              134.0607180947,
              34.7820790666
            ],
            [
              134.060443203,
              34.7820557702
            ],
            [
              134.0564579263,
              34.7823092964
            ],
            [
              134.0560913982,
              34.7833454708
            ],
            [
              134.0555888858,
              34.7836437901
            ],
            [
              134.0550830065,
              34.7836486877
            ],
            [
              134.0538604367,
              34.7833509145
            ],
            [
              134.0530908396,
              34.7832584242
            ],
            [
              134.0522463248,
              34.7832826701
            ],
            [
              134.0524269986,
              34.7821912784
            ],
            [
              134.0524026936,
              34.7815766471
            ],
            [
              134.0522354845,
              34.781040285
            ],
            [
              134.0520037766,
              34.7808262026
            ],
            [
              134.0512035475,
              34.7805195194
            ],
            [
              134.0510401784,
              34.780584921
            ],
            [
              134.0512412735,
              34.7799582774
            ],
            [
              134.0517617091,
              34.7799406124
            ],
            [
              134.0517035014,
              34.7798318733
            ],
            [
              134.0518019175,
              34.779807874
            ],
            [
              134.0518547167,
              34.7795438836
            ],
            [
              134.0519168481,
              34.7795468452
            ],
            [
              134.0519136584,
              34.7790117078
            ],
            [
              134.0520444718,
              34.778792269
            ],
            [
              134.0523045824,
              34.7787979439
            ],
            [
              134.0525018798,
              34.7790640644
            ],
            [
              134.052415086,
              34.7790844292
            ],
            [
              134.0527094837,
              34.7799385864
            ],
            [
              134.0527994454,
              34.7799347091
            ],
            [
              134.0527647552,
              34.779706294
            ],
            [
              134.0528754219,
              34.7797572601
            ],
            [
              134.052913446,
              34.7796201503
            ],
            [
              134.0527875447,
              34.7795433713
            ],
            [
              134.05290459,
              34.7795003979
            ],
            [
              134.0529523098,
              34.7793738745
            ],
            [
              134.052910432,
              34.779037544
            ],
            [
              134.0531356134,
              34.7790358114
            ],
            [
              134.0531908539,
              34.7791074964
            ],
            [
              134.053437649,
              34.7788742386
            ],
            [
              134.0528373224,
              34.7787736836
            ],
            [
              134.0532581545,
              34.7779907673
            ],
            [
              134.0527505937,
              34.7778663393
            ],
            [
              134.0522779195,
              34.7774313908
            ],
            [
              134.0519790395,
              34.7774632346
            ],
            [
              134.0516817982,
              34.7757574195
            ],
            [
              134.0521576968,
              34.7755766745
            ],
            [
              134.0521664687,
              34.7756323353
            ],
            [
              134.0530382935,
              34.7752299462
            ],
            [
              134.0535542833,
              34.7768925961
            ],
            [
              134.053698228,
              34.7768953232
            ],
            [
              134.0537631152,
              34.7770914109
            ],
            [
              134.0541377522,
              34.77716496
            ],
            [
              134.0541517629,
              34.7774505175
            ],
            [
              134.0542813901,
              34.7775785775
            ],
            [
              134.0545603436,
              34.777507663
            ],
            [
              134.0545619029,
              34.7770477552
            ],
            [
              134.0546815752,
              34.7764551478
            ],
            [
              134.0544772612,
              34.7764342525
            ],
            [
              134.0543786836,
              34.7762807686
            ],
            [
              134.0546316954,
              34.7756400124
            ],
            [
              134.0542925237,
              34.7752098864
            ],
            [
              134.0544035948,
              34.7748881341
            ],
            [
              134.0540793362,
              34.7744598726
            ],
            [
              134.0542524934,
              34.7742285564
            ],
            [
              134.0541972604,
              34.7740802431
            ],
            [
              134.0542633654,
              34.7739551706
            ],
            [
              134.0539598944,
              34.7737654339
            ],
            [
              134.0539296239,
              34.7735557628
            ],
            [
              134.0537504765,
              34.7734275883
            ],
            [
              134.0534159403,
              34.7734575215
            ],
            [
              134.0534094346,
              34.7735444175
            ],
            [
              134.0528338063,
              34.7734460302
            ],
            [
              134.0514490393,
              34.773613956
            ],
            [
              134.0509619697,
              34.7729740133
            ],
            [
              134.0509318689,
              34.7727234921
            ],
            [
              134.0499865733,
              34.7729639834
            ],
            [
              134.0499756401,
              34.7725450364
            ],
            [
              134.0495302854,
              34.7723804517
            ],
            [
              134.0490903421,
              34.7715514335
            ],
            [
              134.0490631722,
              34.7713495153
            ],
            [
              134.0493264592,
              34.7713246387
            ],
            [
              134.0497308182,
              34.7716935185
            ],
            [
              134.0498005449,
              34.7716702987
            ],
            [
              134.0497655681,
              34.7712256579
            ],
            [
              134.0498623073,
              34.7709734612
            ],
            [
              134.0509986136,
              34.7697945777
            ],
            [
              134.0501764486,
              34.7694210626
            ],
            [
              134.0499112218,
              34.7691129408
            ],
            [
              134.0490460168,
              34.7694044602
            ],
            [
              134.0487357613,
              34.7693585129
            ],
            [
              134.0486357719,
              34.7692302335
            ],
            [
              134.0486015868,
              34.7685596531
            ],
            [
              134.0483648992,
              34.7683556901
            ],
            [
              134.0472454578,
              34.7677538157
            ],
            [
              134.0470150939,
              34.7674676073
            ],
            [
              134.0474821931,
              34.767513924
            ],
            [
              134.0478711291,
              34.7674003261
            ],
            [
              134.047700549,
              34.7665696824
            ],
            [
              134.0477019814,
              34.7661575249
            ],
            [
              134.0479259138,
              34.7656084139
            ],
            [
              134.0485631268,
              34.7646392499
            ],
            [
              134.0487682357,
              34.7652596667
            ],
            [
              134.048744678,
              34.7657412161
            ],
            [
              134.0489689447,
              34.7662836402
            ],
            [
              134.04888009,
              34.7666626286
            ],
            [
              134.0489670709,
              34.7668253876
            ],
            [
              134.0498517343,
              34.767324291
            ],
            [
              134.049966205,
              34.7679746334
            ],
            [
              134.050089614,
              34.7681555065
            ],
            [
              134.0506647378,
              34.7685061908
            ],
            [
              134.0510354253,
              34.7689103427
            ],
            [
              134.0517457153,
              34.7692040055
            ],
            [
              134.052202723,
              34.7699696596
            ],
            [
              134.0522374812,
              34.7704693755
            ],
            [
              134.0526664628,
              34.7708977454
            ],
            [
              134.0540996217,
              34.7710246025
            ],
            [
              134.0544374645,
              34.770363054
            ],
            [
              134.0547378154,
              34.7700025796
            ],
            [
              134.0546960486,
              34.769406507
            ],
            [
              134.0549492157,
              34.76897057
            ],
            [
              134.0554106219,
              34.7684418635
            ],
            [
              134.0560312822,
              34.7682807424
            ],
            [
              134.0563668674,
              34.768281514
            ],
            [
              134.0566519158,
              34.7681196177
            ],
            [
              134.056725353,
              34.7679752662
            ],
            [
              134.0569736323,
              34.7679035759
            ],
            [
              134.0571862149,
              34.7676031904
            ],
            [
              134.0574160228,
              34.7676006178
            ],
            [
              134.0581228655,
              34.7678429609
            ],
            [
              134.0582389351,
              34.7680359193
            ],
            [
              134.05922865,
              34.7687786626
            ],
            [
              134.0592719343,
              34.7689232802
            ],
            [
              134.0589996014,
              34.770737769
            ],
            [
              134.0590721721,
              34.7708523126
            ],
            [
              134.0599093575,
              34.77139596
            ],
            [
              134.0601875265,
              34.7722124546
            ],
            [
              134.0601726946,
              34.7722845407
            ],
            [
              134.0596246714,
              34.7725422013
            ],
            [
              134.0593612621,
              34.7727703618
            ],
            [
              134.0593226254,
              34.7734145696
            ],
            [
              134.0594775054,
              34.7740138592
            ],
            [
              134.0598268075,
              34.7742796082
            ],
            [
              134.0601461151,
              34.7747979924
            ],
            [
              134.0601003087,
              34.7754059826
            ],
            [
              134.0601537481,
              34.7757883986
            ],
            [
              134.0602994635,
              34.7758549314
            ],
            [
              134.060357164,
              34.7760538156
            ],
            [
              134.0615067266,
              34.7770194627
            ],
            [
              134.0621843267,
              34.7773100261
            ],
            [
              134.0622949504,
              34.7780537318
            ],
            [
              134.0629495614,
              34.7786813151
            ],
            [
              134.0639627837,
              34.7789726151
            ],
            [
              134.0642171692,
              34.7792741969
            ],
            [
              134.0643604801,
              34.7796034224
            ]
          ]
        ]
      }
    },
    {
      "type": "Feature",
      "properties": {
        "key_code": "332130560",
        "pref": "岡山県",
        "city": "赤磐市",
        "ward": "",
        "district": "野間",
        "name": "赤磐市  野間"
      },
      "geometry": {
        "type": "Polygon",
        "coordinates": [
          [
            [
              134.0436593647,
              34.8031199331
            ],
            [
              134.042559001,
              34.8031491441
            ],
            [
              134.0419216475,
              34.8032590406
            ],
            [
              134.0409740663,
              34.8037503424
            ],
            [
              134.0402784899,
              34.803939817
            ],
            [
              134.0396220717,
              34.8039700701
            ],
            [
              134.0391204868,
              34.803889132
            ],
            [
              134.0383094283,
              34.8035982665
            ],
            [
              134.0380393516,
              34.8028628869
            ],
            [
              134.0379532525,
              34.8023744575
            ],
            [
              134.0377126551,
              34.8018557914
            ],
            [
              134.0369520345,
              34.801009909
            ],
            [
              134.0366161621,
              34.8004436781
            ],
            [
              134.0362746146,
              34.799329487
            ],
            [
              134.0359384607,
              34.7988388953
            ],
            [
              134.0360272772,
              34.7985588005
            ],
            [
              134.0365169771,
              34.7982827842
            ],
            [
              134.0365179238,
              34.7980182518
            ],
            [
              134.0358054678,
              34.7970637326
            ],
            [
              134.0360948226,
              34.7967575061
            ],
            [
              134.0362497404,
              34.7961435941
            ],
            [
              134.0358362906,
              34.7959269255
            ],
            [
              134.0352527371,
              34.7957616748
            ],
            [
              134.0348493378,
              34.794871011
            ],
            [
              134.0350985787,
              34.7945660972
            ],
            [
              134.0350343549,
              34.7943769053
            ],
            [
              134.0347220331,
              34.7941745669
            ],
            [
              134.033894649,
              34.7938702466
            ],
            [
              134.033138587,
              34.7933283252
            ],
            [
              134.0340385477,
              34.7923867776
            ],
            [
              134.0347010143,
              34.7913951981
            ],
            [
              134.0345385749,
              34.790061978
            ],
            [
              134.0346760802,
              34.7896787522
            ],
            [
              134.0349510593,
              34.7894120737
            ],
            [
              134.0359148438,
              34.789317104
            ],
            [
              134.0358345144,
              34.7888641812
            ],
            [
              134.0359324535,
              34.7886805983
            ],
            [
              134.0360829914,
              34.7886774456
            ],
            [
              134.0363103893,
              34.7892859559
            ],
            [
              134.036281078,
              34.7893895575
            ],
            [
              134.0364333453,
              34.7892794953
            ],
            [
              134.0367745763,
              34.7897429148
            ],
            [
              134.0369226747,
              34.7900107697
            ],
            [
              134.0367761407,
              34.7900749265
            ],
            [
              134.0368901676,
              34.7902380396
            ],
            [
              134.0371148502,
              34.7901461834
            ],
            [
              134.0375294882,
              34.7901309948
            ],
            [
              134.0374177709,
              34.7900019767
            ],
            [
              134.0374377658,
              34.7898652497
            ],
            [
              134.0378382548,
              34.7897173355
            ],
            [
              134.0382371739,
              34.7900039705
            ],
            [
              134.0383334824,
              34.7903542424
            ],
            [
              134.0384412937,
              34.7902137845
            ],
            [
              134.0394868266,
              34.7910873994
            ],
            [
              134.0404985866,
              34.7915407369
            ],
            [
              134.0412270748,
              34.7915930603
            ],
            [
              134.0417516501,
              34.7917795524
            ],
            [
              134.0425865983,
              34.791814515
            ],
            [
              134.0427758825,
              34.7916767842
            ],
            [
              134.043004701,
              34.7916466243
            ],
            [
              134.0434938457,
              34.7917003333
            ],
            [
              134.0441066499,
              34.7914985326
            ],
            [
              134.0442051344,
              34.7906592398
            ],
            [
              134.044446327,
              34.7908129291
            ],
            [
              134.0448993054,
              34.7909240175
            ],
            [
              134.0448672965,
              34.7911612908
            ],
            [
              134.0456958837,
              34.7911707224
            ],
            [
              134.0467139038,
              34.7910153658
            ],
            [
              134.0468717081,
              34.79089981
            ],
            [
              134.0477975333,
              34.7910489082
            ],
            [
              134.0484643058,
              34.7913567045
            ],
            [
              134.0486428993,
              34.7916117988
            ],
            [
              134.0486631792,
              34.791783978
            ],
            [
              134.0478978884,
              34.794245544
            ],
            [
              134.0476077618,
              34.79441995
            ],
            [
              134.0466125546,
              34.794775812
            ],
            [
              134.0436565684,
              34.7956286051
            ],
            [
              134.0434433711,
              34.7958829111
            ],
            [
              134.0433422022,
              34.7972199894
            ],
            [
              134.0422595529,
              34.8004735091
            ],
            [
              134.0423717981,
              34.8014927541
            ],
            [
              134.0427170637,
              34.8021146286
            ],
            [
              134.0436593647,
              34.8031199331
            ]
          ]
        ]
      }
    },
    {
      "type": "Feature",
      "properties": {
        "key_code": "332130570",
        "pref": "岡山県",
        "city": "赤磐市",
        "ward": "",
        "district": "稗田",
        "name": "赤磐市  稗田"
      },
      "geometry": {
        "type": "Polygon",
        "coordinates": [
          [
            [
              134.0540914972,
              34.7929823479
            ],
            [
              134.0555182667,
              34.7913455858
            ],
            [
              134.0560311708,
              34.7921090944
            ],
            [
              134.0574001887,
              34.7921226384
            ],
            [
              134.0600415082,
              34.7931246371
            ],
            [
              134.0603990021,
              34.7938145292
            ],
            [
              134.0606586797,
              34.7940416156
            ],
            [
              134.0610258591,
              34.7941868208
            ],
            [
              134.0621509476,
              34.7943489322
            ],
            [
              134.0622913771,
              34.7944362976
            ],
            [
              134.0617785486,
              34.7952767867
            ],
            [
              134.0618804983,
              34.796365148
            ],
            [
              134.0622820507,
              34.7972800756
            ],
            [
              134.0628185931,
              34.7999365957
            ],
            [
              134.0626931974,
              34.8006327208
            ],
            [
              134.0628238498,
              34.8010174143
            ],
            [
              134.0633659025,
              34.802005333
            ],
            [
              134.0639609478,
              34.8029206836
            ],
            [
              134.0646793359,
              34.8037782721
            ],
            [
              134.0639556595,
              34.8053348478
            ],
            [
              134.0635960298,
              34.8057185944
            ],
            [
              134.0633531619,
              34.8058203178
            ],
            [
              134.0627117995,
              34.8058322728
            ],
            [
              134.0620862093,
              34.8059686369
            ],
            [
              134.0614128283,
              34.8058826166
            ],
            [
              134.0609178164,
              34.8056414848
            ],
            [
              134.0604504496,
              34.8051870131
            ],
            [
              134.0601974685,
              34.8050930553
            ],
            [
              134.0598072803,
              34.8043783066
            ],
            [
              134.0592298852,
              34.8039245678
            ],
            [
              134.0575416128,
              34.8031039074
            ],
            [
              134.0556712872,
              34.8020567297
            ],
            [
              134.0544682291,
              34.8019283277
            ],
            [
              134.0538730506,
              34.8022410751
            ],
            [
              134.0517918099,
              34.8024258645
            ],
            [
              134.0499830804,
              34.802403629
            ],
            [
              134.0491317625,
              34.8028152018
            ],
            [
              134.0472119049,
              34.8034218843
            ],
            [
              134.0446823537,
              34.8038472269
            ],
            [
              134.0436593647,
              34.8031199331
            ],
            [
              134.0427170637,
              34.8021146286
            ],
            [
              134.0423717981,
              34.8014927541
            ],
            [
              134.0422595529,
              34.8004735091
            ],
            [
              134.0433422022,
              34.7972199894
            ],
            [
              134.0434433711,
              34.7958829111
            ],
            [
              134.0436565684,
              34.7956286051
            ],
            [
              134.0466125546,
              34.794775812
            ],
            [
              134.0477715568,
              34.7943444125
            ],
            [
              134.0479517061,
              34.7941555201
            ],
            [
              134.0482201117,
              34.7930501166
            ],
            [
              134.0490114837,
              34.7936675314
            ],
            [
              134.049803133,
              34.7940081516
            ],
            [
              134.0501844433,
              34.7940735561
            ],
            [
              134.05118044,
              34.7946086081
            ],
            [
              134.0514053654,
              34.7946251893
            ],
            [
              134.0515524032,
              34.7945367884
            ],
            [
              134.051778884,
              34.7941095218
            ],
            [
              134.0520140991,
              34.7939810392
            ],
            [
              134.0529554253,
              34.7938178478
            ],
            [
              134.0533046698,
              34.7929925082
            ],
            [
              134.0540914972,
              34.7929823479
            ]
          ]
        ]
      }
    },
    {
      "type": "Feature",
      "properties": {
        "key_code": "332130580",
        "pref": "岡山県",
        "city": "赤磐市",
        "ward": "",
        "district": "石蓮寺",
        "name": "赤磐市  石蓮寺"
      },
      "geometry": {
        "type": "Polygon",
        "coordinates": [
          [
            [
              134.0551967032,
              34.8127664176
            ],
            [
              134.0528274363,
              34.8112932359
            ],
            [
              134.0520813291,
              34.809445555
            ],
            [
              134.0506438683,
              34.8077193733
            ],
            [
              134.0497285301,
              34.8068527879
            ],
            [
              134.0489050193,
              34.8064885738
            ],
            [
              134.04722775,
              34.8062279928
            ],
            [
              134.046092978,
              34.8058899338
            ],
            [
              134.0456306689,
              34.8059706816
            ],
            [
              134.0449850464,
              34.8066037281
            ],
            [
              134.042046642,
              34.8066425138
            ],
            [
              134.0412244186,
              34.806462497
            ],
            [
              134.040120438,
              34.8060551522
            ],
            [
              134.0392957795,
              34.8054877524
            ],
            [
              134.0386548384,
              34.8047950031
            ],
            [
              134.0383094283,
              34.8035982665
            ],
            [
              134.0391204868,
              34.803889132
            ],
            [
              134.0396220717,
              34.8039700701
            ],
            [
              134.0402784899,
              34.803939817
            ],
            [
              134.0409740663,
              34.8037503424
            ],
            [
              134.0419216475,
              34.8032590406
            ],
            [
              134.042559001,
              34.8031491441
            ],
            [
              134.0436593647,
              34.8031199331
            ],
            [
              134.0446823537,
              34.8038472269
            ],
            [
              134.0451837491,
              34.8038124959
            ],
            [
              134.0472119049,
              34.8034218843
            ],
            [
              134.0483026022,
              34.8031187818
            ],
            [
              134.0499830804,
              34.802403629
            ],
            [
              134.0517918099,
              34.8024258645
            ],
            [
              134.0538730506,
              34.8022410751
            ],
            [
              134.0544682291,
              34.8019283277
            ],
            [
              134.0556712872,
              34.8020567297
            ],
            [
              134.0575416128,
              34.8031039074
            ],
            [
              134.0592298852,
              34.8039245678
            ],
            [
              134.0598072803,
              34.8043783066
            ],
            [
              134.0601974685,
              34.8050930553
            ],
            [
              134.0604504496,
              34.8051870131
            ],
            [
              134.0609178164,
              34.8056414848
            ],
            [
              134.0614128283,
              34.8058826166
            ],
            [
              134.0620862093,
              34.8059686369
            ],
            [
              134.0627117995,
              34.8058322728
            ],
            [
              134.0633531619,
              34.8058203178
            ],
            [
              134.0639878029,
              34.8054935263
            ],
            [
              134.0642679069,
              34.8056371178
            ],
            [
              134.064439885,
              34.8060458479
            ],
            [
              134.0645767595,
              34.8071013227
            ],
            [
              134.0643391628,
              34.8078325574
            ],
            [
              134.0640332237,
              34.8080156997
            ],
            [
              134.0628517221,
              34.8084281849
            ],
            [
              134.0623552719,
              34.8088220457
            ],
            [
              134.0622474693,
              34.808971537
            ],
            [
              134.061812709,
              34.8104754977
            ],
            [
              134.0611629316,
              34.8113987794
            ],
            [
              134.0604271269,
              34.812250591
            ],
            [
              134.0598920554,
              34.8126984463
            ],
            [
              134.0599603275,
              34.8132452742
            ],
            [
              134.0598949662,
              34.8134496544
            ],
            [
              134.0591400418,
              34.8135547281
            ],
            [
              134.0584718663,
              34.8135087111
            ],
            [
              134.0566732665,
              34.8130334673
            ],
            [
              134.0557033163,
              34.8129690008
            ],
            [
              134.0551967032,
              34.8127664176
            ]
          ]
        ]
      }
    },
    {
      "type": "Feature",
      "properties": {
        "key_code": "33213059001",
        "pref": "岡山県",
        "city": "赤磐市",
        "ward": "",
        "district": "沢原",
        "name": "赤磐市  沢原"
      },
      "geometry": {
        "type": "Polygon",
        "coordinates": [
          [
            [
              134.087586959,
              34.8060787164
            ],
            [
              134.0856059415,
              34.8050306744
            ],
            [
              134.084953098,
              34.8049082096
            ],
            [
              134.0840554197,
              34.8049694806
            ],
            [
              134.0825959565,
              34.8047995673
            ],
            [
              134.0805305059,
              34.8043455372
            ],
            [
              134.079678743,
              34.8039085141
            ],
            [
              134.079108227,
              34.8035101036
            ],
            [
              134.0790155716,
              34.8027398381
            ],
            [
              134.0785298539,
              34.8021046789
            ],
            [
              134.0782731335,
              34.8019601847
            ],
            [
              134.0779335694,
              34.8019273571
            ],
            [
              134.0744901352,
              34.8023704072
            ],
            [
              134.0738392744,
              34.8023836708
            ],
            [
              134.0738827827,
              34.8014379001
            ],
            [
              134.0743584453,
              34.7998705976
            ],
            [
              134.0749920023,
              34.7992145583
            ],
            [
              134.07597835,
              34.7971557507
            ],
            [
              134.0757272477,
              34.7963935991
            ],
            [
              134.0763866694,
              34.7964604926
            ],
            [
              134.0766463886,
              34.7963483542
            ],
            [
              134.0768654629,
              34.7961348523
            ],
            [
              134.0772093812,
              34.7952798626
            ],
            [
              134.0774828739,
              34.7951228184
            ],
            [
              134.0780702905,
              34.79497756
            ],
            [
              134.0811896155,
              34.7971348291
            ],
            [
              134.0817066658,
              34.7976765125
            ],
            [
              134.0822229897,
              34.798465821
            ],
            [
              134.0830945334,
              34.7991658503
            ],
            [
              134.0851385048,
              34.8003860605
            ],
            [
              134.085956421,
              34.8007705723
            ],
            [
              134.0873298515,
              34.8025637964
            ],
            [
              134.0878421006,
              34.8047495337
            ],
            [
              134.087586959,
              34.8060787164
            ]
          ]
        ]
      }
    },
    {
      "type": "Feature",
      "properties": {
        "key_code": "33213059002",
        "pref": "岡山県",
        "city": "赤磐市",
        "ward": "",
        "district": "沢原",
        "name": "赤磐市  沢原"
      },
      "geometry": {
        "type": "Polygon",
        "coordinates": [
          [
            [
              134.0939074177,
              34.7986091691
            ],
            [
              134.096049003,
              34.7998360047
            ],
            [
              134.0985387185,
              34.8006004468
            ],
            [
              134.1003496305,
              34.8019668319
            ],
            [
              134.101051489,
              34.8028172526
            ],
            [
              134.1005162147,
              34.8033998209
            ],
            [
              134.1000993,
              34.80357426
            ],
            [
              134.0994939342,
              34.803977092
            ],
            [
              134.0989527296,
              34.8047775404
            ],
            [
              134.0986687234,
              34.8049698332
            ],
            [
              134.0982349528,
              34.8051531074
            ],
            [
              134.097708593,
              34.8055852366
            ],
            [
              134.0965525338,
              34.8058537347
            ],
            [
              134.0953232436,
              34.8064740719
            ],
            [
              134.0948231576,
              34.8068953854
            ],
            [
              134.093927124,
              34.808030629
            ],
            [
              134.093834251,
              34.8083661083
            ],
            [
              134.0944073367,
              34.8099482059
            ],
            [
              134.0943798246,
              34.8103812869
            ],
            [
              134.0942240154,
              34.810901589
            ],
            [
              134.0920337582,
              34.8112256274
            ],
            [
              134.09142312,
              34.8115044457
            ],
            [
              134.0907942421,
              34.8119888724
            ],
            [
              134.0902917748,
              34.8121629599
            ],
            [
              134.0896018477,
              34.8122653987
            ],
            [
              134.0887477457,
              34.8111457174
            ],
            [
              134.0880698226,
              34.8098276247
            ],
            [
              134.0884422796,
              34.8095152448
            ],
            [
              134.0886392065,
              34.809192371
            ],
            [
              134.0887880809,
              34.8085595144
            ],
            [
              134.0887572197,
              34.8079533438
            ],
            [
              134.0884010542,
              34.806901974
            ],
            [
              134.087586959,
              34.8060787164
            ],
            [
              134.0878421006,
              34.8047495337
            ],
            [
              134.0873298515,
              34.8025637964
            ],
            [
              134.085956421,
              34.8007705723
            ],
            [
              134.0851385048,
              34.8003860605
            ],
            [
              134.0830945334,
              34.7991658503
            ],
            [
              134.0822229897,
              34.798465821
            ],
            [
              134.0817066658,
              34.7976765125
            ],
            [
              134.0811896155,
              34.7971348291
            ],
            [
              134.0780702905,
              34.79497756
            ],
            [
              134.0790125542,
              34.7944962447
            ],
            [
              134.0791703959,
              34.7942866931
            ],
            [
              134.0791485532,
              34.7940891625
            ],
            [
              134.0784679786,
              34.7926647722
            ],
            [
              134.0784248525,
              34.7920906787
            ],
            [
              134.0785895352,
              34.7908841366
            ],
            [
              134.0787178311,
              34.7905511304
            ],
            [
              134.0790332729,
              34.7902121771
            ],
            [
              134.0791531013,
              34.7901939756
            ],
            [
              134.0793398503,
              34.7903239569
            ],
            [
              134.0796599448,
              34.7909110239
            ],
            [
              134.0799815998,
              34.7909859278
            ],
            [
              134.0803115853,
              34.7907951861
            ],
            [
              134.0805155632,
              34.7864045867
            ],
            [
              134.081977157,
              34.7868042771
            ],
            [
              134.0831943303,
              34.7872982472
            ],
            [
              134.0841943649,
              34.7879482558
            ],
            [
              134.0850026319,
              34.7893352641
            ],
            [
              134.0854025912,
              34.7914140395
            ],
            [
              134.0854804735,
              34.7925312154
            ],
            [
              134.0857979933,
              34.7932757383
            ],
            [
              134.0879842236,
              34.794647044
            ],
            [
              134.0900286145,
              34.7962004319
            ],
            [
              134.0939074177,
              34.7986091691
            ]
          ]
        ]
      }
    },
    {
      "type": "Feature",
      "properties": {
        "key_code": "33213060001",
        "pref": "岡山県",
        "city": "赤磐市",
        "ward": "",
        "district": "殿谷",
        "name": "赤磐市  殿谷"
      },
      "geometry": {
        "type": "Polygon",
        "coordinates": [
          [
            [
              134.0722167557,
              34.8123172911
            ],
            [
              134.0740187168,
              34.8102986637
            ],
            [
              134.0762810566,
              34.8117010047
            ],
            [
              134.076896356,
              34.8111466146
            ],
            [
              134.0786924938,
              34.8106294842
            ],
            [
              134.0800085618,
              34.8103940336
            ],
            [
              134.0804976961,
              34.8104281506
            ],
            [
              134.0819236407,
              34.8109803045
            ],
            [
              134.0822670957,
              34.8114440116
            ],
            [
              134.0827576325,
              34.8115951748
            ],
            [
              134.0829142791,
              34.8119762313
            ],
            [
              134.0839736041,
              34.8121016497
            ],
            [
              134.0847685995,
              34.8122921608
            ],
            [
              134.0859721028,
              34.8129233809
            ],
            [
              134.0866560376,
              34.8135366397
            ],
            [
              134.0874552152,
              34.814510717
            ],
            [
              134.0877912063,
              34.8148023991
            ],
            [
              134.0883035524,
              34.8151407754
            ],
            [
              134.0891273348,
              34.8153865236
            ],
            [
              134.0884536761,
              34.816753171
            ],
            [
              134.0882001898,
              34.8175966725
            ],
            [
              134.0875996994,
              34.8182481964
            ],
            [
              134.087653639,
              34.8195858719
            ],
            [
              134.0874003511,
              34.8203497886
            ],
            [
              134.0867013572,
              34.8216540505
            ],
            [
              134.0854315314,
              34.8233473283
            ],
            [
              134.0851994499,
              34.8234742635
            ],
            [
              134.0846198743,
              34.8235686592
            ],
            [
              134.0838273973,
              34.8238376302
            ],
            [
              134.0822801291,
              34.8246784744
            ],
            [
              134.0820097367,
              34.8246938356
            ],
            [
              134.0810643247,
              34.8244529968
            ],
            [
              134.0806779352,
              34.8245159365
            ],
            [
              134.0799625377,
              34.8248328622
            ],
            [
              134.0794957367,
              34.8259306445
            ],
            [
              134.0793411135,
              34.8259780741
            ],
            [
              134.0769895064,
              34.8246356652
            ],
            [
              134.0762758299,
              34.8243952743
            ],
            [
              134.0747918316,
              34.8243277743
            ],
            [
              134.0747441633,
              34.8241821688
            ],
            [
              134.0750364714,
              34.8230581869
            ],
            [
              134.0750222174,
              34.8224892364
            ],
            [
              134.0742997434,
              34.8200996214
            ],
            [
              134.0746214149,
              34.8198357744
            ],
            [
              134.0747665068,
              34.8196111338
            ],
            [
              134.0748806274,
              34.8190293557
            ],
            [
              134.0748659603,
              34.8185926691
            ],
            [
              134.0746110595,
              34.8180232092
            ],
            [
              134.0745973054,
              34.817295514
            ],
            [
              134.0739738114,
              34.8166062471
            ],
            [
              134.0733116516,
              34.8154736186
            ],
            [
              134.0728830366,
              34.8153171989
            ],
            [
              134.0722040109,
              34.8144493364
            ],
            [
              134.0721808714,
              34.8141581352
            ],
            [
              134.0728349748,
              34.8127056596
            ],
            [
              134.0722167557,
              34.8123172911
            ]
          ]
        ]
      }
    },
    {
      "type": "Feature",
      "properties": {
        "key_code": "33213060002",
        "pref": "岡山県",
        "city": "赤磐市",
        "ward": "",
        "district": "殿谷",
        "name": "赤磐市  殿谷"
      },
      "geometry": {
        "type": "Polygon",
        "coordinates": [
          [
            [
              134.0880698226,
              34.8098276247
            ],
            [
              134.0887477457,
              34.8111457174
            ],
            [
              134.0896018477,
              34.8122653987
            ],
            [
              134.089608909,
              34.8126358633
            ],
            [
              134.0898434449,
              34.8136110526
            ],
            [
              134.0897647974,
              34.8140886792
            ],
            [
              134.0891273348,
              34.8153865236
            ],
            [
              134.0883035524,
              34.8151407754
            ],
            [
              134.0877912063,
              34.8148023991
            ],
            [
              134.0874552152,
              34.814510717
            ],
            [
              134.0866560376,
              34.8135366397
            ],
            [
              134.0859721028,
              34.8129233809
            ],
            [
              134.0847685995,
              34.8122921608
            ],
            [
              134.0839736041,
              34.8121016497
            ],
            [
              134.0829142791,
              34.8119762313
            ],
            [
              134.0827576325,
              34.8115951748
            ],
            [
              134.0822670957,
              34.8114440116
            ],
            [
              134.0819236407,
              34.8109803045
            ],
            [
              134.0813309682,
              34.8107011676
            ],
            [
              134.0804976961,
              34.8104281506
            ],
            [
              134.0795512876,
              34.810432946
            ],
            [
              134.076896356,
              34.8111466146
            ],
            [
              134.0762810566,
              34.8117010047
            ],
            [
              134.0740187168,
              34.8102986637
            ],
            [
              134.0795010178,
              34.8041139656
            ],
            [
              134.0803369348,
              34.8045858483
            ],
            [
              134.0805305059,
              34.8043455372
            ],
            [
              134.0825959565,
              34.8047995673
            ],
            [
              134.0840554197,
              34.8049694806
            ],
            [
              134.084953098,
              34.8049082096
            ],
            [
              134.0856059415,
              34.8050306744
            ],
            [
              134.087586959,
              34.8060787164
            ],
            [
              134.0884010542,
              34.806901974
            ],
            [
              134.0887572197,
              34.8079533438
            ],
            [
              134.0887880809,
              34.8085595144
            ],
            [
              134.0886392065,
              34.809192371
            ],
            [
              134.0884422796,
              34.8095152448
            ],
            [
              134.0880698226,
              34.8098276247
            ]
          ]
        ]
      }
    },
    {
      "type": "Feature",
      "properties": {
        "key_code": "332130610",
        "pref": "岡山県",
        "city": "赤磐市",
        "ward": "",
        "district": "佐古",
        "name": "赤磐市  佐古"
      },
      "geometry": {
        "type": "Polygon",
        "coordinates": [
          [
            [
              134.0795010178,
              34.8041139656
            ],
            [
              134.0740187168,
              34.8102986637
            ],
            [
              134.0725837473,
              34.8093289865
            ],
            [
              134.0714764481,
              34.8095533884
            ],
            [
              134.0708991925,
              34.8094159318
            ],
            [
              134.0703883762,
              34.8091425473
            ],
            [
              134.0694155366,
              34.8088273082
            ],
            [
              134.0675829074,
              34.8089867084
            ],
            [
              134.0671539719,
              34.8089177351
            ],
            [
              134.0668903311,
              34.8087809465
            ],
            [
              134.0666434112,
              34.8085761592
            ],
            [
              134.0664629152,
              34.8082491123
            ],
            [
              134.0663817759,
              34.8078132576
            ],
            [
              134.0664905814,
              34.8073437338
            ],
            [
              134.0664949811,
              34.8059823439
            ],
            [
              134.0652086222,
              34.8043900628
            ],
            [
              134.0648891584,
              34.8038914228
            ],
            [
              134.0652415564,
              34.8039827722
            ],
            [
              134.0653826427,
              34.8038670159
            ],
            [
              134.0656147027,
              34.8028227795
            ],
            [
              134.0660220757,
              34.8019531714
            ],
            [
              134.0663920605,
              34.8017653752
            ],
            [
              134.0666912227,
              34.801722507
            ],
            [
              134.0667949273,
              34.8022885624
            ],
            [
              134.0670229893,
              34.802477672
            ],
            [
              134.0674273109,
              34.8025510997
            ],
            [
              134.0679728743,
              34.8024652414
            ],
            [
              134.0684840048,
              34.8021471719
            ],
            [
              134.0688897909,
              34.8017563288
            ],
            [
              134.06947085,
              34.8015688418
            ],
            [
              134.0712640811,
              34.8018485227
            ],
            [
              134.0738392744,
              34.8023836708
            ],
            [
              134.0744901352,
              34.8023704072
            ],
            [
              134.0779335694,
              34.8019273571
            ],
            [
              134.0782731335,
              34.8019601847
            ],
            [
              134.0785298539,
              34.8021046789
            ],
            [
              134.0790155716,
              34.8027398381
            ],
            [
              134.079108227,
              34.8035101036
            ],
            [
              134.079678743,
              34.8039085141
            ],
            [
              134.0805305059,
              34.8043455372
            ],
            [
              134.0803369348,
              34.8045858483
            ],
            [
              134.0795010178,
              34.8041139656
            ]
          ]
        ]
      }
    },
    {
      "type": "Feature",
      "properties": {
        "key_code": "332130620",
        "pref": "岡山県",
        "city": "赤磐市",
        "ward": "",
        "district": "岡",
        "name": "赤磐市  岡"
      },
      "geometry": {
        "type": "Polygon",
        "coordinates": [
          [
            [
              134.0690457294,
              34.8195159147
            ],
            [
              134.0679423211,
              34.8198658039
            ],
            [
              134.0667499175,
              34.8206721456
            ],
            [
              134.0665254881,
              34.8206186926
            ],
            [
              134.0646375664,
              34.8190534242
            ],
            [
              134.0643002849,
              34.8191717053
            ],
            [
              134.0637550227,
              34.8191176789
            ],
            [
              134.063659255,
              34.8189719608
            ],
            [
              134.0636604232,
              34.8186146063
            ],
            [
              134.0633406904,
              34.8182700628
            ],
            [
              134.0626347348,
              34.8183080786
            ],
            [
              134.0614840229,
              34.8182248046
            ],
            [
              134.0610262244,
              34.8180258763
            ],
            [
              134.0603351683,
              34.8175555519
            ],
            [
              134.0592924608,
              34.8175532106
            ],
            [
              134.058667266,
              34.8174193951
            ],
            [
              134.0576263931,
              34.8168613556
            ],
            [
              134.0566170878,
              34.8164621263
            ],
            [
              134.0563906852,
              34.8163021595
            ],
            [
              134.0559645089,
              34.815790154
            ],
            [
              134.0556352059,
              34.8150407396
            ],
            [
              134.0551967032,
              34.8127664176
            ],
            [
              134.0557033163,
              34.8129690008
            ],
            [
              134.0566732665,
              34.8130334673
            ],
            [
              134.0584718663,
              34.8135087111
            ],
            [
              134.0591400418,
              34.8135547281
            ],
            [
              134.0598949662,
              34.8134496544
            ],
            [
              134.0599603275,
              34.8132452742
            ],
            [
              134.0598920554,
              34.8126984463
            ],
            [
              134.0604271269,
              34.812250591
            ],
            [
              134.0611629316,
              34.8113987794
            ],
            [
              134.061812709,
              34.8104754977
            ],
            [
              134.0622474693,
              34.808971537
            ],
            [
              134.0623552719,
              34.8088220457
            ],
            [
              134.0628517221,
              34.8084281849
            ],
            [
              134.0640332237,
              34.8080156997
            ],
            [
              134.0643391628,
              34.8078325574
            ],
            [
              134.0645767595,
              34.8071013227
            ],
            [
              134.064439885,
              34.8060458479
            ],
            [
              134.0641691932,
              34.8055415381
            ],
            [
              134.0639878029,
              34.8054935263
            ],
            [
              134.0637878315,
              34.8055656244
            ],
            [
              134.0643461451,
              34.8045800066
            ],
            [
              134.0646793359,
              34.8037782721
            ],
            [
              134.0648891584,
              34.8038914228
            ],
            [
              134.0652086222,
              34.8043900628
            ],
            [
              134.0664949811,
              34.8059823439
            ],
            [
              134.0664905814,
              34.8073437338
            ],
            [
              134.0663817759,
              34.8078132576
            ],
            [
              134.0664629152,
              34.8082491123
            ],
            [
              134.0666434112,
              34.8085761592
            ],
            [
              134.0668903311,
              34.8087809465
            ],
            [
              134.0671539719,
              34.8089177351
            ],
            [
              134.0675829074,
              34.8089867084
            ],
            [
              134.0694155366,
              34.8088273082
            ],
            [
              134.0703883762,
              34.8091425473
            ],
            [
              134.0708991925,
              34.8094159318
            ],
            [
              134.0714764481,
              34.8095533884
            ],
            [
              134.0725837473,
              34.8093289865
            ],
            [
              134.0740187168,
              34.8102986637
            ],
            [
              134.0722167557,
              34.8123172911
            ],
            [
              134.0728349748,
              34.8127056596
            ],
            [
              134.0721808714,
              34.8141581352
            ],
            [
              134.0722040109,
              34.8144493364
            ],
            [
              134.0728830366,
              34.8153171989
            ],
            [
              134.0733116516,
              34.8154736186
            ],
            [
              134.0739738114,
              34.8166062471
            ],
            [
              134.0745973054,
              34.817295514
            ],
            [
              134.0746110595,
              34.8180232092
            ],
            [
              134.0748659603,
              34.8185926691
            ],
            [
              134.0748806274,
              34.8190293557
            ],
            [
              134.0747665068,
              34.8196111338
            ],
            [
              134.0746214149,
              34.8198357744
            ],
            [
              134.0742997434,
              34.8200996214
            ],
            [
              134.0739963353,
              34.8202032119
            ],
            [
              134.0738242998,
              34.82006692
            ],
            [
              134.0735488775,
              34.8191058325
            ],
            [
              134.0734186098,
              34.8191172467
            ],
            [
              134.0732377402,
              34.8194074494
            ],
            [
              134.0730124109,
              34.8195244435
            ],
            [
              134.0702235366,
              34.8193453482
            ],
            [
              134.0690457294,
              34.8195159147
            ]
          ]
        ]
      }
    },
    {
      "type": "Feature",
      "properties": {
        "key_code": "332130630",
        "pref": "岡山県",
        "city": "赤磐市",
        "ward": "",
        "district": "酌田",
        "name": "赤磐市  酌田"
      },
      "geometry": {
        "type": "Polygon",
        "coordinates": [
          [
            [
              134.057435305,
              34.8286057055
            ],
            [
              134.0547567104,
              34.8298336541
            ],
            [
              134.0545818528,
              34.8301517324
            ],
            [
              134.0546005653,
              34.8303269303
            ],
            [
              134.0552521384,
              34.8318093215
            ],
            [
              134.0552510134,
              34.8321436428
            ],
            [
              134.0550183083,
              34.8324298258
            ],
            [
              134.0541867834,
              34.8327782342
            ],
            [
              134.0520822152,
              34.8326778199
            ],
            [
              134.0504394233,
              34.8330720774
            ],
            [
              134.0497843183,
              34.8326405874
            ],
            [
              134.0494753987,
              34.8326240204
            ],
            [
              134.0491081122,
              34.832734582
            ],
            [
              134.0488576154,
              34.8325747585
            ],
            [
              134.0483197747,
              34.8317454713
            ],
            [
              134.0483801738,
              34.8310290715
            ],
            [
              134.0488656129,
              34.8302499278
            ],
            [
              134.0488280275,
              34.8299473488
            ],
            [
              134.0485779989,
              34.8296601204
            ],
            [
              134.0473528157,
              34.8293626452
            ],
            [
              134.0471023845,
              34.8291869016
            ],
            [
              134.0467958459,
              34.8284855571
            ],
            [
              134.0465460244,
              34.8281346586
            ],
            [
              134.0459177685,
              34.8276768031
            ],
            [
              134.0462670367,
              34.8270007364
            ],
            [
              134.0474252377,
              34.8264261554
            ],
            [
              134.0480827368,
              34.8262512745
            ],
            [
              134.0487091593,
              34.8262275973
            ],
            [
              134.0493274849,
              34.8263424311
            ],
            [
              134.0499254413,
              34.8268256964
            ],
            [
              134.0502689385,
              34.8268957973
            ],
            [
              134.0519724115,
              34.8268681944
            ],
            [
              134.0525635682,
              34.8259877234
            ],
            [
              134.0528408972,
              34.825295487
            ],
            [
              134.0532742008,
              34.8247831298
            ],
            [
              134.0538116759,
              34.8239528855
            ],
            [
              134.0543318076,
              34.8226030462
            ],
            [
              134.0546776257,
              34.8219801925
            ],
            [
              134.0547111894,
              34.8210858251
            ],
            [
              134.0546125285,
              34.8208965693
            ],
            [
              134.0544524232,
              34.8208080256
            ],
            [
              134.054223253,
              34.8208201782
            ],
            [
              134.0525477348,
              34.8216478071
            ],
            [
              134.0523567177,
              34.8216661706
            ],
            [
              134.0492555598,
              34.8194732202
            ],
            [
              134.0493025221,
              34.8191458327
            ],
            [
              134.049593893,
              34.8188126773
            ],
            [
              134.0498669856,
              34.818243258
            ],
            [
              134.0504112185,
              34.8176775674
            ],
            [
              134.0506111658,
              34.8172748936
            ],
            [
              134.0508849789,
              34.816491369
            ],
            [
              134.0508021578,
              34.8161446645
            ],
            [
              134.0508493704,
              34.815735438
            ],
            [
              134.051570762,
              34.8147229255
            ],
            [
              134.0517133879,
              34.8143295548
            ],
            [
              134.0530325713,
              34.812694832
            ],
            [
              134.0531632632,
              34.8124369376
            ],
            [
              134.0531764911,
              34.8119235377
            ],
            [
              134.0528274363,
              34.8112932359
            ],
            [
              134.0551967032,
              34.8127664176
            ],
            [
              134.0556352059,
              34.8150407396
            ],
            [
              134.0559645089,
              34.815790154
            ],
            [
              134.0563906852,
              34.8163021595
            ],
            [
              134.058667266,
              34.8174193951
            ],
            [
              134.0592924608,
              34.8175532106
            ],
            [
              134.0603351683,
              34.8175555519
            ],
            [
              134.0610262244,
              34.8180258763
            ],
            [
              134.0616236464,
              34.8182575139
            ],
            [
              134.0633406904,
              34.8182700628
            ],
            [
              134.0636604232,
              34.8186146063
            ],
            [
              134.063659255,
              34.8189719608
            ],
            [
              134.0637550227,
              34.8191176789
            ],
            [
              134.0643002849,
              34.8191717053
            ],
            [
              134.0646375664,
              34.8190534242
            ],
            [
              134.0665254881,
              34.8206186926
            ],
            [
              134.0667499175,
              34.8206721456
            ],
            [
              134.0679423211,
              34.8198658039
            ],
            [
              134.0690457294,
              34.8195159147
            ],
            [
              134.0702235366,
              34.8193453482
            ],
            [
              134.0730124109,
              34.8195244435
            ],
            [
              134.0732377402,
              34.8194074494
            ],
            [
              134.0734186098,
              34.8191172467
            ],
            [
              134.0735488775,
              34.8191058325
            ],
            [
              134.0737275744,
              34.8198257083
            ],
            [
              134.0738840404,
              34.8201473357
            ],
            [
              134.074176372,
              34.8201851423
            ],
            [
              134.0742997434,
              34.8200996214
            ],
            [
              134.0750222174,
              34.8224892364
            ],
            [
              134.0750364714,
              34.8230581869
            ],
            [
              134.0747441633,
              34.8241821688
            ],
            [
              134.0747918316,
              34.8243277743
            ],
            [
              134.0734851406,
              34.8245565729
            ],
            [
              134.0732335172,
              34.8247470397
            ],
            [
              134.0725929314,
              34.8258125954
            ],
            [
              134.0720316153,
              34.8262413615
            ],
            [
              134.0715676319,
              34.8264155231
            ],
            [
              134.0701379556,
              34.8266513427
            ],
            [
              134.0673726925,
              34.8278872858
            ],
            [
              134.0663098156,
              34.8281397059
            ],
            [
              134.0653826802,
              34.8282173996
            ],
            [
              134.0646983466,
              34.8278575558
            ],
            [
              134.0634447719,
              34.8273770754
            ],
            [
              134.0629822746,
              34.827089478
            ],
            [
              134.0624440456,
              34.8263399112
            ],
            [
              134.0623679155,
              34.8260053469
            ],
            [
              134.0625423716,
              34.8257986744
            ],
            [
              134.0635479796,
              34.8253391709
            ],
            [
              134.063066484,
              34.8249559605
            ],
            [
              134.0623914467,
              34.8247155701
            ],
            [
              134.0607115618,
              34.8247118293
            ],
            [
              134.0593185571,
              34.8255367369
            ],
            [
              134.0586983312,
              34.826235963
            ],
            [
              134.0583294403,
              34.8268401826
            ],
            [
              134.058134007,
              34.8275403643
            ],
            [
              134.0578421234,
              34.8282085653
            ],
            [
              134.057435305,
              34.8286057055
            ]
          ]
        ]
      }
    },
    {
      "type": "Feature",
      "properties": {
        "key_code": "33213064001",
        "pref": "岡山県",
        "city": "赤磐市",
        "ward": "",
        "district": "円光寺",
        "name": "赤磐市  円光寺"
      },
      "geometry": {
        "type": "Polygon",
        "coordinates": [
          [
            [
              134.1022323595,
              34.7935793983
            ],
            [
              134.1012634458,
              34.7950942076
            ],
            [
              134.0988679302,
              34.7984433914
            ],
            [
              134.0972205163,
              34.800191691
            ],
            [
              134.096049003,
              34.7998360047
            ],
            [
              134.0965410892,
              34.799137875
            ],
            [
              134.0969620164,
              34.798257897
            ],
            [
              134.0971897241,
              34.7968362209
            ],
            [
              134.0970342111,
              34.7957291884
            ],
            [
              134.0967915525,
              34.7948241203
            ],
            [
              134.0965187598,
              34.7943714364
            ],
            [
              134.096288515,
              34.7941685766
            ],
            [
              134.0961272283,
              34.7940482523
            ],
            [
              134.0955833289,
              34.7940355051
            ],
            [
              134.0955473407,
              34.7937778045
            ],
            [
              134.0955261646,
              34.7933875837
            ],
            [
              134.0962376583,
              34.7917882444
            ],
            [
              134.0964564149,
              34.7909676021
            ],
            [
              134.0969853411,
              34.7910144048
            ],
            [
              134.0986685974,
              34.7909346592
            ],
            [
              134.0993006056,
              34.7907754215
            ],
            [
              134.0998564956,
              34.7905361699
            ],
            [
              134.1001395654,
              34.7903020337
            ],
            [
              134.100207565,
              34.7899022632
            ],
            [
              134.1016691122,
              34.790104332
            ],
            [
              134.1028191116,
              34.7910808091
            ],
            [
              134.1014277075,
              34.7922997312
            ],
            [
              134.1022323595,
              34.7935793983
            ]
          ]
        ]
      }
    },
    {
      "type": "Feature",
      "properties": {
        "key_code": "33213064002",
        "pref": "岡山県",
        "city": "赤磐市",
        "ward": "",
        "district": "円光寺東円光寺",
        "name": "赤磐市  円光寺東円光寺"
      },
      "geometry": {
        "type": "Polygon",
        "coordinates": [
          [
            [
              134.1026508294,
              34.8028415206
            ],
            [
              134.1016479672,
              34.8026172266
            ],
            [
              134.1012144578,
              34.8026610654
            ],
            [
              134.101051489,
              34.8028172526
            ],
            [
              134.1003496305,
              34.8019668319
            ],
            [
              134.0991604918,
              34.8010261784
            ],
            [
              134.0985387185,
              34.8006004468
            ],
            [
              134.0972205163,
              34.800191691
            ],
            [
              134.0988679302,
              34.7984433914
            ],
            [
              134.1012634458,
              34.7950942076
            ],
            [
              134.1022323595,
              34.7935793983
            ],
            [
              134.1034288623,
              34.7952798336
            ],
            [
              134.1044107899,
              34.7962083724
            ],
            [
              134.1056478874,
              34.7970228548
            ],
            [
              134.1049275846,
              34.7978049801
            ],
            [
              134.1045083675,
              34.7986068165
            ],
            [
              134.1044599235,
              34.7993711678
            ],
            [
              134.1041815862,
              34.7994853099
            ],
            [
              134.1036472801,
              34.8000194396
            ],
            [
              134.1028322901,
              34.8015084896
            ],
            [
              134.1026508294,
              34.8028415206
            ]
          ]
        ]
      }
    },
    {
      "type": "Feature",
      "properties": {
        "key_code": "33213065001",
        "pref": "岡山県",
        "city": "赤磐市",
        "ward": "",
        "district": "吉原畑",
        "name": "赤磐市  吉原畑"
      },
      "geometry": {
        "type": "Polygon",
        "coordinates": [
          [
            [
              134.1052753746,
              34.8034284207
            ],
            [
              134.1026508294,
              34.8028415206
            ],
            [
              134.1028322901,
              34.8015084896
            ],
            [
              134.1036472801,
              34.8000194396
            ],
            [
              134.1041815862,
              34.7994853099
            ],
            [
              134.1044599235,
              34.7993711678
            ],
            [
              134.1045083675,
              34.7986068165
            ],
            [
              134.1049275846,
              34.7978049801
            ],
            [
              134.1056478874,
              34.7970228548
            ],
            [
              134.1068207541,
              34.797561264
            ],
            [
              134.1076781872,
              34.7977945478
            ],
            [
              134.1112601498,
              34.798259547
            ],
            [
              134.1112002407,
              34.7983676184
            ],
            [
              134.1114998541,
              34.7988687701
            ],
            [
              134.1115385093,
              34.7991699961
            ],
            [
              134.1110437568,
              34.7996738003
            ],
            [
              134.1108461794,
              34.7997630292
            ],
            [
              134.1108550508,
              34.8001292776
            ],
            [
              134.1106761832,
              34.8005847723
            ],
            [
              134.1099150053,
              34.8010879461
            ],
            [
              134.1095694811,
              34.8011443671
            ],
            [
              134.1091934875,
              34.8015182281
            ],
            [
              134.109054297,
              34.8019004063
            ],
            [
              134.1077997168,
              34.8023866192
            ],
            [
              134.107404901,
              34.8024264649
            ],
            [
              134.1066925934,
              34.8030845189
            ],
            [
              134.1061974573,
              34.8030279701
            ],
            [
              134.1052753746,
              34.8034284207
            ]
          ]
        ]
      }
    },
    {
      "type": "Feature",
      "properties": {
        "key_code": "33213065002",
        "pref": "岡山県",
        "city": "赤磐市",
        "ward": "",
        "district": "吉原丁切",
        "name": "赤磐市  吉原丁切"
      },
      "geometry": {
        "type": "Polygon",
        "coordinates": [
          [
            [
              134.1094824075,
              34.7904037116
            ],
            [
              134.1109802117,
              34.7911659302
            ],
            [
              134.1174498861,
              34.7929980163
            ],
            [
              134.1182070388,
              34.7932795089
            ],
            [
              134.1187483371,
              34.7936630288
            ],
            [
              134.1186781586,
              34.7959532995
            ],
            [
              134.1182769727,
              34.796188964
            ],
            [
              134.1128584651,
              34.7981915666
            ],
            [
              134.1116945244,
              34.7980266447
            ],
            [
              134.1112601498,
              34.798259547
            ],
            [
              134.1076781872,
              34.7977945478
            ],
            [
              134.106403367,
              34.7973965372
            ],
            [
              134.1056478874,
              34.7970228548
            ],
            [
              134.1044107899,
              34.7962083724
            ],
            [
              134.1031922748,
              34.7949783765
            ],
            [
              134.1014277075,
              34.7922997312
            ],
            [
              134.1038600927,
              34.7901687141
            ],
            [
              134.1045912924,
              34.7896159313
            ],
            [
              134.1061222376,
              34.7888257197
            ],
            [
              134.1066901958,
              34.7886643528
            ],
            [
              134.1082107736,
              34.788599522
            ],
            [
              134.1084143988,
              34.7891930534
            ],
            [
              134.1094824075,
              34.7904037116
            ]
          ]
        ]
      }
    },
    {
      "type": "Feature",
      "properties": {
        "key_code": "332130660",
        "pref": "岡山県",
        "city": "赤磐市",
        "ward": "",
        "district": "河田原",
        "name": "赤磐市  河田原"
      },
      "geometry": {
        "type": "Polygon",
        "coordinates": [
          [
            [
              134.1028191116,
              34.7910808091
            ],
            [
              134.1016691122,
              34.790104332
            ],
            [
              134.100207565,
              34.7899022632
            ],
            [
              134.1004688261,
              34.7876515466
            ],
            [
              134.1016983283,
              34.7869197013
            ],
            [
              134.1016636327,
              34.7862577393
            ],
            [
              134.1018922546,
              34.7837104532
            ],
            [
              134.1018436566,
              34.7831658021
            ],
            [
              134.1026712017,
              34.7830776223
            ],
            [
              134.106290551,
              34.782997412
            ],
            [
              134.1067208947,
              34.7838249049
            ],
            [
              134.1073860751,
              34.7861956556
            ],
            [
              134.1082107736,
              34.788599522
            ],
            [
              134.1066901958,
              34.7886643528
            ],
            [
              134.1061222376,
              34.7888257197
            ],
            [
              134.1045912924,
              34.7896159313
            ],
            [
              134.1028191116,
              34.7910808091
            ]
          ]
        ]
      }
    },
    {
      "type": "Feature",
      "properties": {
        "key_code": "332130670",
        "pref": "岡山県",
        "city": "赤磐市",
        "ward": "",
        "district": "釣井",
        "name": "赤磐市  釣井"
      },
      "geometry": {
        "type": "Polygon",
        "coordinates": [
          [
            [
              134.106290551,
              34.782997412
            ],
            [
              134.1026712017,
              34.7830776223
            ],
            [
              134.1018436566,
              34.7831658021
            ],
            [
              134.1018922546,
              34.7837104532
            ],
            [
              134.1016636327,
              34.7862577393
            ],
            [
              134.1016699806,
              34.7869747243
            ],
            [
              134.0999872801,
              34.7846341442
            ],
            [
              134.0986535421,
              34.7823030819
            ],
            [
              134.0984324071,
              34.782057427
            ],
            [
              134.0981212558,
              34.781939923
            ],
            [
              134.0976527888,
              34.780716377
            ],
            [
              134.0975246626,
              34.7793143066
            ],
            [
              134.0975116539,
              34.7779542928
            ],
            [
              134.097655624,
              34.7774191681
            ],
            [
              134.0980055522,
              34.7768190759
            ],
            [
              134.0994487489,
              34.775321112
            ],
            [
              134.1025102412,
              34.7779790716
            ],
            [
              134.1056092418,
              34.7816872956
            ],
            [
              134.106290551,
              34.782997412
            ]
          ]
        ]
      }
    },
    {
      "type": "Feature",
      "properties": {
        "key_code": "332130680",
        "pref": "岡山県",
        "city": "赤磐市",
        "ward": "",
        "district": "徳富",
        "name": "赤磐市  徳富"
      },
      "geometry": {
        "type": "Polygon",
        "coordinates": [
          [
            [
              134.0981212558,
              34.781939923
            ],
            [
              134.0952622577,
              34.7832155099
            ],
            [
              134.0951392567,
              34.7833242951
            ],
            [
              134.0952910819,
              34.7843038402
            ],
            [
              134.0947349137,
              34.784637294
            ],
            [
              134.0945724509,
              34.7834789773
            ],
            [
              134.094318032,
              34.7833305785
            ],
            [
              134.0920023442,
              34.7827769566
            ],
            [
              134.090719281,
              34.7825563649
            ],
            [
              134.0894358572,
              34.7824602781
            ],
            [
              134.0869660477,
              34.7819833034
            ],
            [
              134.0870271136,
              34.7810864393
            ],
            [
              134.0880154688,
              34.7799626869
            ],
            [
              134.0873887226,
              34.7784955102
            ],
            [
              134.0874018106,
              34.777770122
            ],
            [
              134.087636358,
              34.7774153535
            ],
            [
              134.0875501497,
              34.7769637352
            ],
            [
              134.0875732984,
              34.7765423391
            ],
            [
              134.0876907383,
              34.7763017101
            ],
            [
              134.088418924,
              34.7755538144
            ],
            [
              134.0890035774,
              34.7752238311
            ],
            [
              134.0892892234,
              34.7748450738
            ],
            [
              134.0900200837,
              34.7744191713
            ],
            [
              134.0900787618,
              34.7743109694
            ],
            [
              134.0904583373,
              34.7730023185
            ],
            [
              134.0900803556,
              34.7725319504
            ],
            [
              134.0899468569,
              34.7719644542
            ],
            [
              134.0908828025,
              34.771320483
            ],
            [
              134.0911903566,
              34.7709297915
            ],
            [
              134.0920749134,
              34.7703114844
            ],
            [
              134.0928781784,
              34.7700541684
            ],
            [
              134.0994487489,
              34.775321112
            ],
            [
              134.0980055522,
              34.7768190759
            ],
            [
              134.097655624,
              34.7774191681
            ],
            [
              134.0975116539,
              34.7779542928
            ],
            [
              134.0975246626,
              34.7793143066
            ],
            [
              134.0976527888,
              34.780716377
            ],
            [
              134.0981212558,
              34.781939923
            ]
          ]
        ]
      }
    },
    {
      "type": "Feature",
      "properties": {
        "key_code": "332130690",
        "pref": "岡山県",
        "city": "赤磐市",
        "ward": "",
        "district": "小瀬木",
        "name": "赤磐市  小瀬木"
      },
      "geometry": {
        "type": "Polygon",
        "coordinates": [
          [
            [
              134.1016699806,
              34.7869747243
            ],
            [
              134.1001256353,
              34.7878440169
            ],
            [
              134.0996741257,
              34.7879258466
            ],
            [
              134.0969165374,
              34.7880472198
            ],
            [
              134.0967046869,
              34.7874499904
            ],
            [
              134.0961372381,
              34.7875300244
            ],
            [
              134.0960062933,
              34.7876016076
            ],
            [
              134.0956399653,
              34.788576626
            ],
            [
              134.0954476,
              34.7886245664
            ],
            [
              134.0925484435,
              34.7883706921
            ],
            [
              134.0899076162,
              34.7883654579
            ],
            [
              134.0883859151,
              34.7886106108
            ],
            [
              134.085101265,
              34.7898477714
            ],
            [
              134.0850026319,
              34.7893352641
            ],
            [
              134.0841943649,
              34.7879482558
            ],
            [
              134.0831943303,
              34.7872982472
            ],
            [
              134.081977157,
              34.7868042771
            ],
            [
              134.0800830838,
              34.7862864923
            ],
            [
              134.0795555646,
              34.7857547775
            ],
            [
              134.0793437045,
              34.785362326
            ],
            [
              134.0793165319,
              34.7848723621
            ],
            [
              134.0794412238,
              34.7842980597
            ],
            [
              134.0795813045,
              34.7840483287
            ],
            [
              134.0798688892,
              34.7837989043
            ],
            [
              134.0803351628,
              34.7835611201
            ],
            [
              134.0809856986,
              34.7833613264
            ],
            [
              134.082475606,
              34.7830097294
            ],
            [
              134.0833925828,
              34.7825931278
            ],
            [
              134.0844381268,
              34.7818788678
            ],
            [
              134.0847740132,
              34.7817953215
            ],
            [
              134.0869660477,
              34.7819833034
            ],
            [
              134.0894358572,
              34.7824602781
            ],
            [
              134.090719281,
              34.7825563649
            ],
            [
              134.0920023442,
              34.7827769566
            ],
            [
              134.0937144471,
              34.7831502234
            ],
            [
              134.0945724509,
              34.7834789773
            ],
            [
              134.0947349137,
              34.784637294
            ],
            [
              134.0952910819,
              34.7843038402
            ],
            [
              134.0951392567,
              34.7833242951
            ],
            [
              134.0952622577,
              34.7832155099
            ],
            [
              134.0981212558,
              34.781939923
            ],
            [
              134.0984324071,
              34.782057427
            ],
            [
              134.0986535421,
              34.7823030819
            ],
            [
              134.0999872801,
              34.7846341442
            ],
            [
              134.1016699806,
              34.7869747243
            ]
          ]
        ]
      }
    },
    {
      "type": "Feature",
      "properties": {
        "key_code": "332130700",
        "pref": "岡山県",
        "city": "赤磐市",
        "ward": "",
        "district": "松木",
        "name": "赤磐市  松木"
      },
      "geometry": {
        "type": "Polygon",
        "coordinates": [
          [
            [
              134.0986685974,
              34.7909346592
            ],
            [
              134.0964564149,
              34.7909676021
            ],
            [
              134.0962376583,
              34.7917882444
            ],
            [
              134.0955261646,
              34.7933875837
            ],
            [
              134.0955833289,
              34.7940355051
            ],
            [
              134.0961272283,
              34.7940482523
            ],
            [
              134.0965187598,
              34.7943714364
            ],
            [
              134.0967915525,
              34.7948241203
            ],
            [
              134.0970342111,
              34.7957291884
            ],
            [
              134.0971897241,
              34.7968362209
            ],
            [
              134.0969620164,
              34.798257897
            ],
            [
              134.0965410892,
              34.799137875
            ],
            [
              134.096049003,
              34.7998360047
            ],
            [
              134.0927200687,
              34.7979290238
            ],
            [
              134.0900286145,
              34.7962004319
            ],
            [
              134.0879842236,
              34.794647044
            ],
            [
              134.0857979933,
              34.7932757383
            ],
            [
              134.0854804735,
              34.7925312154
            ],
            [
              134.0854025912,
              34.7914140395
            ],
            [
              134.085101265,
              34.7898477714
            ],
            [
              134.0883859151,
              34.7886106108
            ],
            [
              134.0899076162,
              34.7883654579
            ],
            [
              134.0925484435,
              34.7883706921
            ],
            [
              134.0954476,
              34.7886245664
            ],
            [
              134.0956399653,
              34.788576626
            ],
            [
              134.0960062933,
              34.7876016076
            ],
            [
              134.0961372381,
              34.7875300244
            ],
            [
              134.0967046869,
              34.7874499904
            ],
            [
              134.0969165374,
              34.7880472198
            ],
            [
              134.0996741257,
              34.7879258466
            ],
            [
              134.1001256353,
              34.7878440169
            ],
            [
              134.1004688261,
              34.7876515466
            ],
            [
              134.1001395654,
              34.7903020337
            ],
            [
              134.0998564956,
              34.7905361699
            ],
            [
              134.0993006056,
              34.7907754215
            ],
            [
              134.0986685974,
              34.7909346592
            ]
          ]
        ]
      }
    },
    {
      "type": "Feature",
      "properties": {
        "key_code": "332130710",
        "pref": "岡山県",
        "city": "赤磐市",
        "ward": "",
        "district": "勢力",
        "name": "赤磐市  勢力"
      },
      "geometry": {
        "type": "Polygon",
        "coordinates": [
          [
            [
              134.1155570048,
              34.7713841009
            ],
            [
              134.114549117,
              34.7714840331
            ],
            [
              134.1137993999,
              34.7713348079
            ],
            [
              134.1131786155,
              34.7714380882
            ],
            [
              134.1118668014,
              34.7722700705
            ],
            [
              134.1113900484,
              34.7727344799
            ],
            [
              134.1105356333,
              34.7727926747
            ],
            [
              134.1099975302,
              34.7735926363
            ],
            [
              134.107998343,
              34.7737752397
            ],
            [
              134.1076191623,
              34.7739141425
            ],
            [
              134.1074091656,
              34.7740865949
            ],
            [
              134.1073401282,
              34.7742757839
            ],
            [
              134.1071821489,
              34.7760437001
            ],
            [
              134.1069537577,
              34.7763073941
            ],
            [
              134.1064109453,
              34.7765972748
            ],
            [
              134.1059612399,
              34.7767375905
            ],
            [
              134.1050846815,
              34.7767709115
            ],
            [
              134.1047222507,
              34.7766805164
            ],
            [
              134.1041690515,
              34.7763589002
            ],
            [
              134.1038426686,
              34.7763515349
            ],
            [
              134.1036197254,
              34.7768231387
            ],
            [
              134.1032789249,
              34.7769271642
            ],
            [
              134.101195549,
              34.7765183091
            ],
            [
              134.1005985878,
              34.7762604045
            ],
            [
              134.0928781784,
              34.7700541684
            ],
            [
              134.0924791119,
              34.7693068441
            ],
            [
              134.0913173148,
              34.7661892251
            ],
            [
              134.0904725685,
              34.7632015305
            ],
            [
              134.0901684546,
              34.7617015054
            ],
            [
              134.091076745,
              34.7614756811
            ],
            [
              134.0917664912,
              34.7615601488
            ],
            [
              134.0931563407,
              34.7610318553
            ],
            [
              134.0938057024,
              34.7611962384
            ],
            [
              134.0942039143,
              34.7611444776
            ],
            [
              134.0945641909,
              34.761368577
            ],
            [
              134.0951236964,
              34.7615251708
            ],
            [
              134.0959210141,
              34.7613485368
            ],
            [
              134.0961227941,
              34.7616861364
            ],
            [
              134.0963930049,
              34.7617146901
            ],
            [
              134.0969963783,
              34.7615724638
            ],
            [
              134.0974464161,
              34.7613172502
            ],
            [
              134.0977997229,
              34.7609509867
            ],
            [
              134.0985383035,
              34.7609681478
            ],
            [
              134.0990939044,
              34.7612462501
            ],
            [
              134.1014690779,
              34.7608826073
            ],
            [
              134.1018160384,
              34.7602893989
            ],
            [
              134.1023646433,
              34.7598464309
            ],
            [
              134.1027269275,
              34.7591635216
            ],
            [
              134.103940293,
              34.7587259895
            ],
            [
              134.1058950596,
              34.757720161
            ],
            [
              134.1067215676,
              34.7571359692
            ],
            [
              134.1072896259,
              34.7563611493
            ],
            [
              134.1075074567,
              34.7564366167
            ],
            [
              134.1083432973,
              34.756431492
            ],
            [
              134.1085561186,
              34.756228756
            ],
            [
              134.1084488073,
              34.7568935521
            ],
            [
              134.1084931987,
              34.7582157183
            ],
            [
              134.1084004459,
              34.7588210985
            ],
            [
              134.1084571734,
              34.7591299592
            ],
            [
              134.1087056813,
              34.7594628269
            ],
            [
              134.1081942552,
              34.7605782055
            ],
            [
              134.1083730982,
              34.7606692381
            ],
            [
              134.1083821568,
              34.7609016693
            ],
            [
              134.1124763922,
              34.7637379754
            ],
            [
              134.1151030426,
              34.7649928671
            ],
            [
              134.1167394676,
              34.7656708617
            ],
            [
              134.1168162403,
              34.7672428689
            ],
            [
              134.1169698504,
              34.7684255268
            ],
            [
              134.1169298848,
              34.7687257741
            ],
            [
              134.1163907792,
              34.769380828
            ],
            [
              134.1155570048,
              34.7713841009
            ]
          ]
        ]
      }
    },
    {
      "type": "Feature",
      "properties": {
        "key_code": "332130720",
        "pref": "岡山県",
        "city": "赤磐市",
        "ward": "",
        "district": "千躰",
        "name": "赤磐市  千躰"
      },
      "geometry": {
        "type": "Polygon",
        "coordinates": [
          [
            [
              134.1094824075,
              34.7904037116
            ],
            [
              134.1084143988,
              34.7891930534
            ],
            [
              134.1073860751,
              34.7861956556
            ],
            [
              134.1067208947,
              34.7838249049
            ],
            [
              134.1056092418,
              34.7816872956
            ],
            [
              134.1025102412,
              34.7779790716
            ],
            [
              134.1005985878,
              34.7762604045
            ],
            [
              134.101195549,
              34.7765183091
            ],
            [
              134.1019072483,
              34.7767024744
            ],
            [
              134.1032789249,
              34.7769271642
            ],
            [
              134.1036197254,
              34.7768231387
            ],
            [
              134.1038426686,
              34.7763515349
            ],
            [
              134.1041690515,
              34.7763589002
            ],
            [
              134.1047222507,
              34.7766805164
            ],
            [
              134.1050846815,
              34.7767709115
            ],
            [
              134.1056569022,
              34.7767753451
            ],
            [
              134.1062677479,
              34.7766484257
            ],
            [
              134.1069537577,
              34.7763073941
            ],
            [
              134.1071821489,
              34.7760437001
            ],
            [
              134.1073401282,
              34.7742757839
            ],
            [
              134.1074091656,
              34.7740865949
            ],
            [
              134.1076191623,
              34.7739141425
            ],
            [
              134.107998343,
              34.7737752397
            ],
            [
              134.1099975302,
              34.7735926363
            ],
            [
              134.1105356333,
              34.7727926747
            ],
            [
              134.1113900484,
              34.7727344799
            ],
            [
              134.1118668014,
              34.7722700705
            ],
            [
              134.1131786155,
              34.7714380882
            ],
            [
              134.1137993999,
              34.7713348079
            ],
            [
              134.114549117,
              34.7714840331
            ],
            [
              134.1155570048,
              34.7713841009
            ],
            [
              134.1151491506,
              34.7731941457
            ],
            [
              134.1151462099,
              34.7743027115
            ],
            [
              134.1153223109,
              34.7754486375
            ],
            [
              134.1155438926,
              34.7763358831
            ],
            [
              134.1161690233,
              34.7770391682
            ],
            [
              134.1171078793,
              34.7776689064
            ],
            [
              134.1177320866,
              34.7787416555
            ],
            [
              134.1181528743,
              34.7805346768
            ],
            [
              134.1177890595,
              34.7826404495
            ],
            [
              134.117519271,
              34.7830464997
            ],
            [
              134.1145616103,
              34.7836325031
            ],
            [
              134.1141126245,
              34.7840380886
            ],
            [
              134.1142009351,
              34.7845187153
            ],
            [
              134.1149607992,
              34.7851113822
            ],
            [
              134.1155411007,
              34.7858513481
            ],
            [
              134.1156738064,
              34.7864798121
            ],
            [
              134.1156726333,
              34.7869232388
            ],
            [
              134.1153136405,
              34.7871813694
            ],
            [
              134.1145519844,
              34.7872538395
            ],
            [
              134.1134774641,
              34.7870672722
            ],
            [
              134.1125363674,
              34.7872502678
            ],
            [
              134.1117741128,
              34.787544574
            ],
            [
              134.1109212793,
              34.7882081884
            ],
            [
              134.1099777335,
              34.7892782934
            ],
            [
              134.1094824075,
              34.7904037116
            ]
          ]
        ]
      }
    },
    {
      "type": "Feature",
      "properties": {
        "key_code": "33213073001",
        "pref": "岡山県",
        "city": "赤磐市",
        "ward": "",
        "district": "奥吉原",
        "name": "赤磐市  奥吉原"
      },
      "geometry": {
        "type": "Polygon",
        "coordinates": [
          [
            [
              134.1311377719,
              34.793026792
            ],
            [
              134.1187483371,
              34.7936630288
            ],
            [
              134.1182070388,
              34.7932795089
            ],
            [
              134.1174498861,
              34.7929980163
            ],
            [
              134.1109802117,
              34.7911659302
            ],
            [
              134.1094824075,
              34.7904037116
            ],
            [
              134.1099777335,
              34.7892782934
            ],
            [
              134.1109212793,
              34.7882081884
            ],
            [
              134.1117741128,
              34.787544574
            ],
            [
              134.1125363674,
              34.7872502678
            ],
            [
              134.1134774641,
              34.7870672722
            ],
            [
              134.1145519844,
              34.7872538395
            ],
            [
              134.1153136405,
              34.7871813694
            ],
            [
              134.1156726333,
              34.7869232388
            ],
            [
              134.1156738064,
              34.7864798121
            ],
            [
              134.1155411007,
              34.7858513481
            ],
            [
              134.1149607992,
              34.7851113822
            ],
            [
              134.1142009351,
              34.7845187153
            ],
            [
              134.1141126245,
              34.7840380886
            ],
            [
              134.1145616103,
              34.7836325031
            ],
            [
              134.117519271,
              34.7830464997
            ],
            [
              134.1177890595,
              34.7826404495
            ],
            [
              134.1187545014,
              34.7829251097
            ],
            [
              134.1197448122,
              34.7830375333
            ],
            [
              134.120801877,
              34.7833164181
            ],
            [
              134.1260852945,
              34.7854865041
            ],
            [
              134.1271750496,
              34.7861393973
            ],
            [
              134.1279620121,
              34.7870272962
            ],
            [
              134.128448191,
              34.7873329361
            ],
            [
              134.1290522832,
              34.7874862188
            ],
            [
              134.1296233195,
              34.7874318126
            ],
            [
              134.1303377001,
              34.7871212753
            ],
            [
              134.1307584619,
              34.7867202374
            ],
            [
              134.1314475419,
              34.7864444466
            ],
            [
              134.1320563241,
              34.7863281143
            ],
            [
              134.1332038027,
              34.7862691473
            ],
            [
              134.1350410852,
              34.78646033
            ],
            [
              134.1362175343,
              34.7862522127
            ],
            [
              134.1365766959,
              34.7863227984
            ],
            [
              134.1370400233,
              34.7865390577
            ],
            [
              134.1387152066,
              34.787605937
            ],
            [
              134.1395018603,
              34.7880025814
            ],
            [
              134.140378353,
              34.7881797608
            ],
            [
              134.1417717718,
              34.7880940544
            ],
            [
              134.1422583167,
              34.7882662417
            ],
            [
              134.1413095987,
              34.7884460432
            ],
            [
              134.1399895281,
              34.78917855
            ],
            [
              134.1386362358,
              34.789787456
            ],
            [
              134.1384464642,
              34.7899111111
            ],
            [
              134.1382231919,
              34.79040109
            ],
            [
              134.1380398594,
              34.7905623648
            ],
            [
              134.1371702748,
              34.7907115544
            ],
            [
              134.1344673722,
              34.7904792823
            ],
            [
              134.134269525,
              34.7906906746
            ],
            [
              134.1340967756,
              34.7927659759
            ],
            [
              134.1338003298,
              34.7929445277
            ],
            [
              134.133346242,
              34.7930252053
            ],
            [
              134.1311377719,
              34.793026792
            ]
          ]
        ]
      }
    },
    {
      "type": "Feature",
      "properties": {
        "key_code": "33213073002",
        "pref": "岡山県",
        "city": "赤磐市",
        "ward": "",
        "district": "奥吉原",
        "name": "赤磐市  奥吉原"
      },
      "geometry": {
        "type": "Polygon",
        "coordinates": [
          [
            [
              134.1452806979,
              34.7860437969
            ],
            [
              134.1449167496,
              34.7863573516
            ],
            [
              134.1445753094,
              34.7864857107
            ],
            [
              134.143314674,
              34.7865409456
            ],
            [
              134.1426192914,
              34.7871982422
            ],
            [
              134.1424091584,
              34.7880470179
            ],
            [
              134.1422583167,
              34.7882662417
            ],
            [
              134.1417717718,
              34.7880940544
            ],
            [
              134.140378353,
              34.7881797608
            ],
            [
              134.1395018603,
              34.7880025814
            ],
            [
              134.1387152066,
              34.787605937
            ],
            [
              134.1370400233,
              34.7865390577
            ],
            [
              134.1365766959,
              34.7863227984
            ],
            [
              134.1362175343,
              34.7862522127
            ],
            [
              134.1350410852,
              34.78646033
            ],
            [
              134.1332038027,
              34.7862691473
            ],
            [
              134.1320563241,
              34.7863281143
            ],
            [
              134.1314475419,
              34.7864444466
            ],
            [
              134.1307584619,
              34.7867202374
            ],
            [
              134.1303377001,
              34.7871212753
            ],
            [
              134.1296233195,
              34.7874318126
            ],
            [
              134.1290522832,
              34.7874862188
            ],
            [
              134.128448191,
              34.7873329361
            ],
            [
              134.1279620121,
              34.7870272962
            ],
            [
              134.1271750496,
              34.7861393973
            ],
            [
              134.1260852945,
              34.7854865041
            ],
            [
              134.120801877,
              34.7833164181
            ],
            [
              134.1197448122,
              34.7830375333
            ],
            [
              134.1187545014,
              34.7829251097
            ],
            [
              134.1177890595,
              34.7826404495
            ],
            [
              134.1181528743,
              34.7805346768
            ],
            [
              134.1177320866,
              34.7787416555
            ],
            [
              134.1171078793,
              34.7776689064
            ],
            [
              134.1161690233,
              34.7770391682
            ],
            [
              134.1155438926,
              34.7763358831
            ],
            [
              134.1151462099,
              34.7743027115
            ],
            [
              134.1151491506,
              34.7731941457
            ],
            [
              134.1155570048,
              34.7713841009
            ],
            [
              134.1163907792,
              34.769380828
            ],
            [
              134.1169298848,
              34.7687257741
            ],
            [
              134.1169698504,
              34.7684255268
            ],
            [
              134.1168162403,
              34.7672428689
            ],
            [
              134.1167394676,
              34.7656708617
            ],
            [
              134.1207207242,
              34.7669005237
            ],
            [
              134.1259211477,
              34.7687579328
            ],
            [
              134.1274087399,
              34.768725228
            ],
            [
              134.128348111,
              34.7691333299
            ],
            [
              134.1295555769,
              34.7698004884
            ],
            [
              134.1310771396,
              34.7702095342
            ],
            [
              134.1376130011,
              34.7711809943
            ],
            [
              134.1385075966,
              34.7716258623
            ],
            [
              134.14172721,
              34.7736634623
            ],
            [
              134.1440315819,
              34.774535477
            ],
            [
              134.1467625627,
              34.77490917
            ],
            [
              134.1510112922,
              34.7752128164
            ],
            [
              134.1509614797,
              34.7764245612
            ],
            [
              134.1510985532,
              34.7767478984
            ],
            [
              134.1503304686,
              34.7780663273
            ],
            [
              134.1503943589,
              34.7786947946
            ],
            [
              134.1500959046,
              34.7791850991
            ],
            [
              134.150127242,
              34.7797685827
            ],
            [
              134.1504894316,
              34.7799787224
            ],
            [
              134.150916389,
              34.7804220786
            ],
            [
              134.150763387,
              34.7807390638
            ],
            [
              134.1505381888,
              34.7809002914
            ],
            [
              134.1500608058,
              34.7819319299
            ],
            [
              134.1495811525,
              34.7823560395
            ],
            [
              134.1497922792,
              34.7836459155
            ],
            [
              134.1497195032,
              34.7837535637
            ],
            [
              134.1487538049,
              34.7842010258
            ],
            [
              134.1472954069,
              34.7844022164
            ],
            [
              134.1466635678,
              34.7847483279
            ],
            [
              134.1457480795,
              34.7854410769
            ],
            [
              134.1452806979,
              34.7860437969
            ]
          ]
        ]
      }
    },
    {
      "type": "Feature",
      "properties": {
        "key_code": "33213073003",
        "pref": "岡山県",
        "city": "赤磐市",
        "ward": "",
        "district": "奥吉原",
        "name": "赤磐市  奥吉原"
      },
      "geometry": {
        "type": "Polygon",
        "coordinates": [
          [
            [
              134.1459905999,
              34.7669760248
            ],
            [
              134.14665321,
              34.766830975
            ],
            [
              134.1470302956,
              34.7668376115
            ],
            [
              134.147660689,
              34.7670659221
            ],
            [
              134.1477981484,
              34.7672157229
            ],
            [
              134.1481511049,
              34.7682994598
            ],
            [
              134.148950627,
              34.769117512
            ],
            [
              134.1487748578,
              34.7698952037
            ],
            [
              134.1488686263,
              34.7701287522
            ],
            [
              134.1489554392,
              34.770218613
            ],
            [
              134.1495353238,
              34.7703451405
            ],
            [
              134.1497888603,
              34.7704772281
            ],
            [
              134.1508135433,
              34.771158002
            ],
            [
              134.1511531633,
              34.7717151912
            ],
            [
              134.1522610159,
              34.7725186218
            ],
            [
              134.1518758678,
              34.7728711837
            ],
            [
              134.1514474893,
              34.7730859186
            ],
            [
              134.1516028292,
              34.7733585735
            ],
            [
              134.1512821468,
              34.7740702825
            ],
            [
              134.1506861073,
              34.7746736805
            ],
            [
              134.1509031418,
              34.7749254407
            ],
            [
              134.1510112922,
              34.7752128164
            ],
            [
              134.1467625627,
              34.77490917
            ],
            [
              134.1440315819,
              34.774535477
            ],
            [
              134.14172721,
              34.7736634623
            ],
            [
              134.1385075966,
              34.7716258623
            ],
            [
              134.1376130011,
              34.7711809943
            ],
            [
              134.1310771396,
              34.7702095342
            ],
            [
              134.1295555769,
              34.7698004884
            ],
            [
              134.128348111,
              34.7691333299
            ],
            [
              134.1274087399,
              34.768725228
            ],
            [
              134.1259211477,
              34.7687579328
            ],
            [
              134.1251987387,
              34.7685480904
            ],
            [
              134.1207207242,
              34.7669005237
            ],
            [
              134.1167394676,
              34.7656708617
            ],
            [
              134.1151030426,
              34.7649928671
            ],
            [
              134.1124763922,
              34.7637379754
            ],
            [
              134.1083821568,
              34.7609016693
            ],
            [
              134.1090470315,
              34.7608852518
            ],
            [
              134.1096990254,
              34.7605876552
            ],
            [
              134.1108866262,
              34.7596232051
            ],
            [
              134.1124917127,
              34.7592492512
            ],
            [
              134.112938038,
              34.7590398781
            ],
            [
              134.1131206683,
              34.7589173717
            ],
            [
              134.1138114819,
              34.7579061025
            ],
            [
              134.1150336834,
              34.7573563601
            ],
            [
              134.1163342466,
              34.7572753746
            ],
            [
              134.1183059886,
              34.7572853946
            ],
            [
              134.1185497015,
              34.7574566727
            ],
            [
              134.1192880029,
              34.7572389037
            ],
            [
              134.1180961789,
              34.7542604153
            ],
            [
              134.1180614641,
              34.7540472393
            ],
            [
              134.1181318748,
              34.7538932625
            ],
            [
              134.1186334485,
              34.7535845214
            ],
            [
              134.1193821781,
              34.753361983
            ],
            [
              134.1204258634,
              34.7533719329
            ],
            [
              134.1215782854,
              34.7530092104
            ],
            [
              134.122410241,
              34.753075132
            ],
            [
              134.1220078747,
              34.7537284464
            ],
            [
              134.1219437785,
              34.7540203335
            ],
            [
              134.1225255045,
              34.7547295507
            ],
            [
              134.1217632594,
              34.7554474689
            ],
            [
              134.1217313039,
              34.7555562968
            ],
            [
              134.1220205227,
              34.7560493599
            ],
            [
              134.1221305381,
              34.7563981654
            ],
            [
              134.1224050816,
              34.7564248319
            ],
            [
              134.1236073767,
              34.7560498364
            ],
            [
              134.124795397,
              34.7561172353
            ],
            [
              134.1262563738,
              34.7557732222
            ],
            [
              134.1264939844,
              34.7557823598
            ],
            [
              134.1270817276,
              34.7562126891
            ],
            [
              134.1272765516,
              34.7564440245
            ],
            [
              134.1273079746,
              34.7565487346
            ],
            [
              134.1271856655,
              34.756888415
            ],
            [
              134.1272593618,
              34.75698883
            ],
            [
              134.1278845152,
              34.7572448381
            ],
            [
              134.1279949052,
              34.757449831
            ],
            [
              134.1282690007,
              34.7576594659
            ],
            [
              134.1287574852,
              34.7576581755
            ],
            [
              134.1293534803,
              34.7579599068
            ],
            [
              134.1301187195,
              34.7581572613
            ],
            [
              134.1311261759,
              34.758651378
            ],
            [
              134.1325545074,
              34.7588234786
            ],
            [
              134.1327779644,
              34.7589469573
            ],
            [
              134.1333223154,
              34.7600147086
            ],
            [
              134.1336448491,
              34.7602921656
            ],
            [
              134.1348623042,
              34.7612181872
            ],
            [
              134.1354584736,
              34.7614766505
            ],
            [
              134.1364050996,
              34.7624167381
            ],
            [
              134.136678153,
              34.7625319812
            ],
            [
              134.1371359074,
              34.7624934244
            ],
            [
              134.1374604238,
              34.7626535427
            ],
            [
              134.1377048326,
              34.762883679
            ],
            [
              134.1378034184,
              34.7631765428
            ],
            [
              134.1379732798,
              34.763317253
            ],
            [
              134.1383495373,
              34.7633964587
            ],
            [
              134.1388682605,
              34.7632079777
            ],
            [
              134.1393826848,
              34.7631971105
            ],
            [
              134.1397331069,
              34.7633126117
            ],
            [
              134.1396364857,
              34.7638315219
            ],
            [
              134.1400393615,
              34.7641183901
            ],
            [
              134.1406652339,
              34.7649801741
            ],
            [
              134.1415476303,
              34.7658668686
            ],
            [
              134.1419441103,
              34.7661313233
            ],
            [
              134.1425576787,
              34.7661960981
            ],
            [
              134.143576996,
              34.7658507618
            ],
            [
              134.1440721856,
              34.7658047702
            ],
            [
              134.1445153712,
              34.765950263
            ],
            [
              134.1446748581,
              34.7661206678
            ],
            [
              134.1449338488,
              34.7667573263
            ],
            [
              134.1452680471,
              34.7672090134
            ],
            [
              134.1456083803,
              34.7672308098
            ],
            [
              134.1459905999,
              34.7669760248
            ]
          ]
        ]
      }
    },
    {
      "type": "Feature",
      "properties": {
        "key_code": "33213074001",
        "pref": "岡山県",
        "city": "赤磐市",
        "ward": "",
        "district": "桜が丘東１丁目",
        "name": "赤磐市  桜が丘東１丁目"
      },
      "geometry": {
        "type": "Polygon",
        "coordinates": [
          [
            [
              134.0490553132,
              34.771388938
            ],
            [
              134.0495302854,
              34.7723804517
            ],
            [
              134.0499756401,
              34.7725450364
            ],
            [
              134.0499865733,
              34.7729639834
            ],
            [
              134.0509318689,
              34.7727234921
            ],
            [
              134.0509619697,
              34.7729740133
            ],
            [
              134.0514490393,
              34.773613956
            ],
            [
              134.0528338063,
              34.7734460302
            ],
            [
              134.0534094346,
              34.7735444175
            ],
            [
              134.0534159403,
              34.7734575215
            ],
            [
              134.0537504765,
              34.7734275883
            ],
            [
              134.0539296239,
              34.7735557628
            ],
            [
              134.0539598944,
              34.7737654339
            ],
            [
              134.0542633654,
              34.7739551706
            ],
            [
              134.0541972604,
              34.7740802431
            ],
            [
              134.0542524934,
              34.7742285564
            ],
            [
              134.0540793362,
              34.7744598726
            ],
            [
              134.0544035948,
              34.7748881341
            ],
            [
              134.0542925237,
              34.7752098864
            ],
            [
              134.0546316954,
              34.7756400124
            ],
            [
              134.0543786836,
              34.7762807686
            ],
            [
              134.0544772612,
              34.7764342525
            ],
            [
              134.0546815752,
              34.7764551478
            ],
            [
              134.0545619029,
              34.7770477552
            ],
            [
              134.0545603436,
              34.777507663
            ],
            [
              134.0542813901,
              34.7775785775
            ],
            [
              134.0541517629,
              34.7774505175
            ],
            [
              134.0541377522,
              34.77716496
            ],
            [
              134.0537631152,
              34.7770914109
            ],
            [
              134.053698228,
              34.7768953232
            ],
            [
              134.0535542833,
              34.7768925961
            ],
            [
              134.0530382935,
              34.7752299462
            ],
            [
              134.0521664687,
              34.7756323353
            ],
            [
              134.0521576968,
              34.7755766745
            ],
            [
              134.0516817982,
              34.7757574195
            ],
            [
              134.0519790395,
              34.7774632346
            ],
            [
              134.0522779195,
              34.7774313908
            ],
            [
              134.0527505937,
              34.7778663393
            ],
            [
              134.0532581545,
              34.7779907673
            ],
            [
              134.0528373224,
              34.7787736836
            ],
            [
              134.053437649,
              34.7788742386
            ],
            [
              134.0531908539,
              34.7791074964
            ],
            [
              134.0531356134,
              34.7790358114
            ],
            [
              134.052910432,
              34.779037544
            ],
            [
              134.0529523098,
              34.7793738745
            ],
            [
              134.05290459,
              34.7795003979
            ],
            [
              134.0527875447,
              34.7795433713
            ],
            [
              134.052913446,
              34.7796201503
            ],
            [
              134.0528754219,
              34.7797572601
            ],
            [
              134.0527647552,
              34.779706294
            ],
            [
              134.0527994454,
              34.7799347091
            ],
            [
              134.0527094837,
              34.7799385864
            ],
            [
              134.052415086,
              34.7790844292
            ],
            [
              134.0525018798,
              34.7790640644
            ],
            [
              134.0522179981,
              34.7787568929
            ],
            [
              134.0520444718,
              34.778792269
            ],
            [
              134.0519136584,
              34.7790117078
            ],
            [
              134.0514866057,
              34.7789187328
            ],
            [
              134.0512197126,
              34.7790867214
            ],
            [
              134.0509099652,
              34.7791064241
            ],
            [
              134.0500406809,
              34.778836054
            ],
            [
              134.0490423254,
              34.7782792854
            ],
            [
              134.0485733515,
              34.77777235
            ],
            [
              134.0474075551,
              34.7755080697
            ],
            [
              134.0467721144,
              34.7757175836
            ],
            [
              134.0448074875,
              34.7758304146
            ],
            [
              134.0447083472,
              34.7750686832
            ],
            [
              134.0444142316,
              34.7740647697
            ],
            [
              134.0438071947,
              34.7730358842
            ],
            [
              134.0431905184,
              34.7723367293
            ],
            [
              134.0442978967,
              34.7715096907
            ],
            [
              134.0433399641,
              34.7704901119
            ],
            [
              134.0450181324,
              34.7693080448
            ],
            [
              134.0449149958,
              34.7691897584
            ],
            [
              134.0449940088,
              34.7691533216
            ],
            [
              134.0451035726,
              34.76884439
            ],
            [
              134.0460795865,
              34.7682181713
            ],
            [
              134.0461399054,
              34.7676690939
            ],
            [
              134.0466426045,
              34.7672489595
            ],
            [
              134.0466348764,
              34.7666385878
            ],
            [
              134.0462108824,
              34.7659194786
            ],
            [
              134.046258058,
              34.7656566006
            ],
            [
              134.0463551781,
              34.7655052618
            ],
            [
              134.0466219972,
              34.76541292
            ],
            [
              134.0468893722,
              34.7651546432
            ],
            [
              134.0473951847,
              34.7644471559
            ],
            [
              134.0477981335,
              34.7641647012
            ],
            [
              134.0480499456,
              34.7641261401
            ],
            [
              134.0485631268,
              34.7646392499
            ],
            [
              134.0479259138,
              34.7656084139
            ],
            [
              134.0477019814,
              34.7661575249
            ],
            [
              134.047700549,
              34.7665696824
            ],
            [
              134.0478711291,
              34.7674003261
            ],
            [
              134.0474821931,
              34.767513924
            ],
            [
              134.0470150939,
              34.7674676073
            ],
            [
              134.0472454578,
              34.7677538157
            ],
            [
              134.0483648992,
              34.7683556901
            ],
            [
              134.0486015868,
              34.7685596531
            ],
            [
              134.0486357719,
              34.7692302335
            ],
            [
              134.0487357613,
              34.7693585129
            ],
            [
              134.0490460168,
              34.7694044602
            ],
            [
              134.0499112218,
              34.7691129408
            ],
            [
              134.0501764486,
              34.7694210626
            ],
            [
              134.0509986136,
              34.7697945777
            ],
            [
              134.0498623073,
              34.7709734612
            ],
            [
              134.0497655681,
              34.7712256579
            ],
            [
              134.0498005449,
              34.7716702987
            ],
            [
              134.0497308182,
              34.7716935185
            ],
            [
              134.0493264592,
              34.7713246387
            ],
            [
              134.0491066412,
              34.7713113032
            ],
            [
              134.0490553132,
              34.771388938
            ]
          ]
        ]
      }
    },
    {
      "type": "Feature",
      "properties": {
        "key_code": "33213074002",
        "pref": "岡山県",
        "city": "赤磐市",
        "ward": "",
        "district": "桜が丘東２丁目",
        "name": "赤磐市  桜が丘東２丁目"
      },
      "geometry": {
        "type": "Polygon",
        "coordinates": [
          [
            [
              134.0448074875,
              34.7758304146
            ],
            [
              134.0467721144,
              34.7757175836
            ],
            [
              134.0474075551,
              34.7755080697
            ],
            [
              134.0483886495,
              34.7774549776
            ],
            [
              134.0488201283,
              34.7780538083
            ],
            [
              134.0495645385,
              34.7786101251
            ],
            [
              134.0509099652,
              34.7791064241
            ],
            [
              134.0495992241,
              34.7806245176
            ],
            [
              134.0486879138,
              34.7812072351
            ],
            [
              134.0483502702,
              34.781311665
            ],
            [
              134.0470188708,
              34.7814402331
            ],
            [
              134.0459866233,
              34.7813982135
            ],
            [
              134.0449351225,
              34.7809970849
            ],
            [
              134.0434382224,
              34.7798460669
            ],
            [
              134.044134927,
              34.7790505944
            ],
            [
              134.0445879159,
              34.7780428249
            ],
            [
              134.0447665972,
              34.7772807674
            ],
            [
              134.0448074875,
              34.7758304146
            ]
          ]
        ]
      }
    },
    {
      "type": "Feature",
      "properties": {
        "key_code": "33213074003",
        "pref": "岡山県",
        "city": "赤磐市",
        "ward": "",
        "district": "桜が丘東３丁目",
        "name": "赤磐市  桜が丘東３丁目"
      },
      "geometry": {
        "type": "Polygon",
        "coordinates": [
          [
            [
              134.0522632148,
              34.7829732379
            ],
            [
              134.0521522595,
              34.7845332939
            ],
            [
              134.051767944,
              34.7849224452
            ],
            [
              134.0520104573,
              34.7850624593
            ],
            [
              134.051898359,
              34.7861802101
            ],
            [
              134.0520297794,
              34.7863679995
            ],
            [
              134.052139183,
              34.7868170347
            ],
            [
              134.0519953855,
              34.7871611049
            ],
            [
              134.0509168817,
              34.7873983453
            ],
            [
              134.0508382656,
              34.787215044
            ],
            [
              134.0506586698,
              34.787210259
            ],
            [
              134.0507793026,
              34.7874633844
            ],
            [
              134.0509562819,
              34.7874659084
            ],
            [
              134.0511352828,
              34.7876450771
            ],
            [
              134.0516206134,
              34.7878466479
            ],
            [
              134.0514190195,
              34.7880902916
            ],
            [
              134.0510080007,
              34.7877885993
            ],
            [
              134.0506850552,
              34.7879882923
            ],
            [
              134.0499584025,
              34.7872979314
            ],
            [
              134.049651014,
              34.7875849913
            ],
            [
              134.0497089035,
              34.7876504858
            ],
            [
              134.049545717,
              34.7882493247
            ],
            [
              134.0480101517,
              34.7877445438
            ],
            [
              134.0480052852,
              34.7876269138
            ],
            [
              134.0468997373,
              34.7872734281
            ],
            [
              134.0467192642,
              34.7875213383
            ],
            [
              134.0441464306,
              34.7860333845
            ],
            [
              134.0441163268,
              34.7855801633
            ],
            [
              134.0444811277,
              34.7854980648
            ],
            [
              134.0450195847,
              34.7848477212
            ],
            [
              134.0457236051,
              34.7852002757
            ],
            [
              134.0468725507,
              34.7836928207
            ],
            [
              134.0473536141,
              34.7828331524
            ],
            [
              134.0478752007,
              34.781371399
            ],
            [
              134.0486879138,
              34.7812072351
            ],
            [
              134.0494072141,
              34.7807895797
            ],
            [
              134.0509099652,
              34.7791064241
            ],
            [
              134.0512197126,
              34.7790867214
            ],
            [
              134.0514866057,
              34.7789187328
            ],
            [
              134.0519136584,
              34.7790117078
            ],
            [
              134.0519168481,
              34.7795468452
            ],
            [
              134.0518547167,
              34.7795438836
            ],
            [
              134.0518019175,
              34.779807874
            ],
            [
              134.0517035014,
              34.7798318733
            ],
            [
              134.0517617091,
              34.7799406124
            ],
            [
              134.0512412735,
              34.7799582774
            ],
            [
              134.0510401784,
              34.780584921
            ],
            [
              134.0512035475,
              34.7805195194
            ],
            [
              134.0521461402,
              34.7809004846
            ],
            [
              134.0523297672,
              34.7812713744
            ],
            [
              134.0524269986,
              34.7821912784
            ],
            [
              134.0522632148,
              34.7829732379
            ]
          ]
        ]
      }
    },
    {
      "type": "Feature",
      "properties": {
        "key_code": "33213074004",
        "pref": "岡山県",
        "city": "赤磐市",
        "ward": "",
        "district": "桜が丘東４丁目",
        "name": "赤磐市  桜が丘東４丁目"
      },
      "geometry": {
        "type": "Polygon",
        "coordinates": [
          [
            [
              134.0445690286,
              34.7807585823
            ],
            [
              134.0453082463,
              34.7811785538
            ],
            [
              134.0459866233,
              34.7813982135
            ],
            [
              134.0470188708,
              34.7814402331
            ],
            [
              134.0478752007,
              34.781371399
            ],
            [
              134.0473536141,
              34.7828331524
            ],
            [
              134.0468725507,
              34.7836928207
            ],
            [
              134.0457236051,
              34.7852002757
            ],
            [
              134.0450195847,
              34.7848477212
            ],
            [
              134.0444811277,
              34.7854980648
            ],
            [
              134.0441163268,
              34.7855801633
            ],
            [
              134.0441464306,
              34.7860333845
            ],
            [
              134.0443403747,
              34.7861824547
            ],
            [
              134.0437908501,
              34.7865893608
            ],
            [
              134.0436348032,
              34.7865572943
            ],
            [
              134.0435077746,
              34.7866312248
            ],
            [
              134.0433026149,
              34.7864793095
            ],
            [
              134.0430486043,
              34.7865036355
            ],
            [
              134.0429591047,
              34.7864162284
            ],
            [
              134.0421746771,
              34.7848998134
            ],
            [
              134.041114618,
              34.7821624519
            ],
            [
              134.0403157215,
              34.7811644991
            ],
            [
              134.0418565444,
              34.7807488634
            ],
            [
              134.042886054,
              34.7802560621
            ],
            [
              134.0434382224,
              34.7798460669
            ],
            [
              134.0445690286,
              34.7807585823
            ]
          ]
        ]
      }
    },
    {
      "type": "Feature",
      "properties": {
        "key_code": "33213074005",
        "pref": "岡山県",
        "city": "赤磐市",
        "ward": "",
        "district": "桜が丘東５丁目",
        "name": "赤磐市  桜が丘東５丁目"
      },
      "geometry": {
        "type": "Polygon",
        "coordinates": [
          [
            [
              134.0371207099,
              34.7812998643
            ],
            [
              134.0390430171,
              34.7813139748
            ],
            [
              134.0403157215,
              34.7811644991
            ],
            [
              134.041114618,
              34.7821624519
            ],
            [
              134.0419951145,
              34.7844444015
            ],
            [
              134.04159795,
              34.7846324838
            ],
            [
              134.0387768994,
              34.7853991409
            ],
            [
              134.0383950228,
              34.7854741372
            ],
            [
              134.0371349556,
              34.7854912135
            ],
            [
              134.0371207099,
              34.7812998643
            ]
          ]
        ]
      }
    },
    {
      "type": "Feature",
      "properties": {
        "key_code": "33213074006",
        "pref": "岡山県",
        "city": "赤磐市",
        "ward": "",
        "district": "桜が丘東６丁目",
        "name": "赤磐市  桜が丘東６丁目"
      },
      "geometry": {
        "type": "Polygon",
        "coordinates": [
          [
            [
              134.0419951145,
              34.7844444015
            ],
            [
              134.0430486043,
              34.7865036355
            ],
            [
              134.0433026149,
              34.7864793095
            ],
            [
              134.0435077746,
              34.7866312248
            ],
            [
              134.0437601518,
              34.7866892981
            ],
            [
              134.0464200935,
              34.7887764017
            ],
            [
              134.0472636451,
              34.78933972
            ],
            [
              134.0475676017,
              34.7896982209
            ],
            [
              134.0474972288,
              34.7898421555
            ],
            [
              134.0447523219,
              34.7886455347
            ],
            [
              134.0446550746,
              34.7884838771
            ],
            [
              134.0442147755,
              34.7885346661
            ],
            [
              134.0437960198,
              34.7884184451
            ],
            [
              134.0433264842,
              34.7879812208
            ],
            [
              134.0417627325,
              34.7877112494
            ],
            [
              134.0416150617,
              34.7877549847
            ],
            [
              134.041616962,
              34.7878334482
            ],
            [
              134.041918821,
              34.7880712414
            ],
            [
              134.0428377015,
              34.7884079859
            ],
            [
              134.0431316155,
              34.7886185711
            ],
            [
              134.0434812457,
              34.7885271424
            ],
            [
              134.0438304515,
              34.7885568516
            ],
            [
              134.0455358113,
              34.7895076283
            ],
            [
              134.0464850341,
              34.7901440268
            ],
            [
              134.0460957053,
              34.7905606164
            ],
            [
              134.0468717081,
              34.79089981
            ],
            [
              134.0468377782,
              34.7909600181
            ],
            [
              134.0456958837,
              34.7911707224
            ],
            [
              134.0448672965,
              34.7911612908
            ],
            [
              134.0448993054,
              34.7909240175
            ],
            [
              134.044446327,
              34.7908129291
            ],
            [
              134.0442051344,
              34.7906592398
            ],
            [
              134.0441066499,
              34.7914985326
            ],
            [
              134.0434938457,
              34.7917003333
            ],
            [
              134.0428397884,
              34.7916572167
            ],
            [
              134.0425865983,
              34.791814515
            ],
            [
              134.0417516501,
              34.7917795524
            ],
            [
              134.0412270748,
              34.7915930603
            ],
            [
              134.0404985866,
              34.7915407369
            ],
            [
              134.0397034117,
              34.7912207548
            ],
            [
              134.0384412937,
              34.7902137845
            ],
            [
              134.0383334824,
              34.7903542424
            ],
            [
              134.0382371739,
              34.7900039705
            ],
            [
              134.0378382548,
              34.7897173355
            ],
            [
              134.0374377658,
              34.7898652497
            ],
            [
              134.0374177709,
              34.7900019767
            ],
            [
              134.0375294882,
              34.7901309948
            ],
            [
              134.0371148502,
              34.7901461834
            ],
            [
              134.0368901676,
              34.7902380396
            ],
            [
              134.0367761407,
              34.7900749265
            ],
            [
              134.0369226747,
              34.7900107697
            ],
            [
              134.0367745763,
              34.7897429148
            ],
            [
              134.0364333453,
              34.7892794953
            ],
            [
              134.036281078,
              34.7893895575
            ],
            [
              134.0363103893,
              34.7892859559
            ],
            [
              134.0360829914,
              34.7886774456
            ],
            [
              134.0359324535,
              34.7886805983
            ],
            [
              134.0358345144,
              34.7888641812
            ],
            [
              134.0359148438,
              34.789317104
            ],
            [
              134.0351462776,
              34.7893708585
            ],
            [
              134.0350317586,
              34.7891085768
            ],
            [
              134.0352391165,
              34.7878702183
            ],
            [
              134.0353950773,
              34.7875038003
            ],
            [
              134.0353820691,
              34.786913281
            ],
            [
              134.0357719438,
              34.786728723
            ],
            [
              134.0362301375,
              34.7867868941
            ],
            [
              134.0366518532,
              34.7862925177
            ],
            [
              134.0373302544,
              34.7860930242
            ],
            [
              134.0371349556,
              34.7854912135
            ],
            [
              134.0383950228,
              34.7854741372
            ],
            [
              134.0387768994,
              34.7853991409
            ],
            [
              134.04159795,
              34.7846324838
            ],
            [
              134.0419951145,
              34.7844444015
            ]
          ]
        ]
      }
    },
    {
      "type": "Feature",
      "properties": {
        "key_code": "332130750",
        "pref": "岡山県",
        "city": "赤磐市",
        "ward": "",
        "district": "河原屋",
        "name": "赤磐市  河原屋"
      },
      "geometry": {
        "type": "Polygon",
        "coordinates": [
          [
            [
              134.0779424854,
              34.940865745
            ],
            [
              134.0746627567,
              34.9408996252
            ],
            [
              134.0725696065,
              34.9412841405
            ],
            [
              134.0719970269,
              34.9399737628
            ],
            [
              134.0715271611,
              34.939555827
            ],
            [
              134.0713597828,
              34.9391152312
            ],
            [
              134.0702268765,
              34.9382064643
            ],
            [
              134.0697846261,
              34.9379507009
            ],
            [
              134.0678822013,
              34.9376481541
            ],
            [
              134.0673091243,
              34.9368536147
            ],
            [
              134.0665551681,
              34.9373094474
            ],
            [
              134.0654115337,
              34.9375588402
            ],
            [
              134.0650388657,
              34.9375348457
            ],
            [
              134.0644472777,
              34.9377941829
            ],
            [
              134.0636801948,
              34.9379487562
            ],
            [
              134.0626064841,
              34.9383199766
            ],
            [
              134.0620368829,
              34.938307153
            ],
            [
              134.0610085712,
              34.9387623399
            ],
            [
              134.0589464262,
              34.9394523791
            ],
            [
              134.0582711001,
              34.9385086763
            ],
            [
              134.0570794778,
              34.9383145423
            ],
            [
              134.0553805607,
              34.9383803064
            ],
            [
              134.0542635176,
              34.9382693496
            ],
            [
              134.0516438523,
              34.9371568694
            ],
            [
              134.0511909838,
              34.937166167
            ],
            [
              134.0501725167,
              34.9367406605
            ],
            [
              134.0494115246,
              34.9366921838
            ],
            [
              134.0481996996,
              34.9343793014
            ],
            [
              134.048085839,
              34.933889348
            ],
            [
              134.0482239523,
              34.9334132297
            ],
            [
              134.0485216429,
              34.9330411563
            ],
            [
              134.0490054622,
              34.9328726345
            ],
            [
              134.0497195423,
              34.9331241893
            ],
            [
              134.0500925086,
              34.9334277631
            ],
            [
              134.0504536502,
              34.9335648865
            ],
            [
              134.0507920772,
              34.933343337
            ],
            [
              134.0516716519,
              34.9330737496
            ],
            [
              134.0518330277,
              34.9328598845
            ],
            [
              134.0526446938,
              34.9309152903
            ],
            [
              134.0530549217,
              34.930698339
            ],
            [
              134.0538664797,
              34.9309698165
            ],
            [
              134.0541632848,
              34.9311455149
            ],
            [
              134.0555758679,
              34.9311725043
            ],
            [
              134.0568341098,
              34.9318446634
            ],
            [
              134.0575123248,
              34.9318681164
            ],
            [
              134.0591218486,
              34.9310340444
            ],
            [
              134.0604327498,
              34.9310223631
            ],
            [
              134.0636562033,
              34.9301579915
            ],
            [
              134.0663960434,
              34.9301013965
            ],
            [
              134.0672024481,
              34.9299008393
            ],
            [
              134.0677540188,
              34.9295942879
            ],
            [
              134.0682702945,
              34.9290873625
            ],
            [
              134.0696336444,
              34.9261130121
            ],
            [
              134.0697893673,
              34.9258161455
            ],
            [
              134.0699220354,
              34.9258363659
            ],
            [
              134.0710016761,
              34.9263876354
            ],
            [
              134.0719053916,
              34.9272285376
            ],
            [
              134.0728361973,
              34.9277617752
            ],
            [
              134.0734616892,
              34.9279239646
            ],
            [
              134.0741201725,
              34.9279629709
            ],
            [
              134.0745464763,
              34.9278780916
            ],
            [
              134.075045392,
              34.9282046654
            ],
            [
              134.0756126865,
              34.9289104808
            ],
            [
              134.0764226425,
              34.9312234452
            ],
            [
              134.0772705167,
              34.9330599066
            ],
            [
              134.0781174329,
              34.9345771168
            ],
            [
              134.0782782817,
              34.9350779747
            ],
            [
              134.0786410248,
              34.9356399602
            ],
            [
              134.0790589784,
              34.9361670576
            ],
            [
              134.0806961256,
              34.9371401514
            ],
            [
              134.0814536128,
              34.9377544914
            ],
            [
              134.0815212766,
              34.9379102731
            ],
            [
              134.0815784245,
              34.9390316446
            ],
            [
              134.0813564281,
              34.9403399855
            ],
            [
              134.0812858055,
              34.9414384163
            ],
            [
              134.0791297359,
              34.9410016762
            ],
            [
              134.0779424854,
              34.940865745
            ]
          ]
        ]
      }
    },
    {
      "type": "Feature",
      "properties": {
        "key_code": "332130760",
        "pref": "岡山県",
        "city": "赤磐市",
        "ward": "",
        "district": "草生",
        "name": "赤磐市  草生"
      },
      "geometry": {
        "type": "Polygon",
        "coordinates": [
          [
            [
              134.0903508155,
              34.9406169221
            ],
            [
              134.0892767743,
              34.9417483598
            ],
            [
              134.0881952359,
              34.9423611592
            ],
            [
              134.0877899387,
              34.9425011281
            ],
            [
              134.0868898732,
              34.9426029878
            ],
            [
              134.0855091883,
              34.9424482944
            ],
            [
              134.0812858055,
              34.9414384163
            ],
            [
              134.0813564281,
              34.9403399855
            ],
            [
              134.0815784245,
              34.9390316446
            ],
            [
              134.0815212766,
              34.9379102731
            ],
            [
              134.0814536128,
              34.9377544914
            ],
            [
              134.0806961256,
              34.9371401514
            ],
            [
              134.0790589784,
              34.9361670576
            ],
            [
              134.0786410248,
              34.9356399602
            ],
            [
              134.0782782817,
              34.9350779747
            ],
            [
              134.0781174329,
              34.9345771168
            ],
            [
              134.0772705167,
              34.9330599066
            ],
            [
              134.0764226425,
              34.9312234452
            ],
            [
              134.0756126865,
              34.9289104808
            ],
            [
              134.075045392,
              34.9282046654
            ],
            [
              134.0745464763,
              34.9278780916
            ],
            [
              134.0751937681,
              34.9272997664
            ],
            [
              134.0756424495,
              34.9266138978
            ],
            [
              134.0758801355,
              34.925885115
            ],
            [
              134.0758809437,
              34.9256265749
            ],
            [
              134.0755652688,
              34.9247931672
            ],
            [
              134.0755680916,
              34.924532941
            ],
            [
              134.0765643355,
              34.924376365
            ],
            [
              134.0769341885,
              34.9237058208
            ],
            [
              134.0788251041,
              34.9233104494
            ],
            [
              134.0796076106,
              34.923255453
            ],
            [
              134.0803269574,
              34.923253847
            ],
            [
              134.0810955783,
              34.9233631913
            ],
            [
              134.0828937058,
              34.9238071354
            ],
            [
              134.0834576587,
              34.9239855573
            ],
            [
              134.0840942226,
              34.9243504054
            ],
            [
              134.0845646661,
              34.9245048971
            ],
            [
              134.0849178788,
              34.9244894873
            ],
            [
              134.0860324879,
              34.9241160157
            ],
            [
              134.0872505844,
              34.9239814221
            ],
            [
              134.0885732637,
              34.9240080932
            ],
            [
              134.0889557822,
              34.924186478
            ],
            [
              134.0903486097,
              34.9259386794
            ],
            [
              134.0918453818,
              34.9273880898
            ],
            [
              134.0915494456,
              34.9276385799
            ],
            [
              134.0898067044,
              34.9283203797
            ],
            [
              134.0895722004,
              34.9285274595
            ],
            [
              134.0890754651,
              34.9291858736
            ],
            [
              134.0888761026,
              34.9296744469
            ],
            [
              134.0887756086,
              34.9301929389
            ],
            [
              134.0887330454,
              34.9309003605
            ],
            [
              134.0901218667,
              34.9343298822
            ],
            [
              134.090515459,
              34.9351012733
            ],
            [
              134.0910308551,
              34.9357578969
            ],
            [
              134.0912814475,
              34.9362103922
            ],
            [
              134.09162056,
              34.9371593498
            ],
            [
              134.091423421,
              34.9384222566
            ],
            [
              134.0912327495,
              34.9390145825
            ],
            [
              134.0903508155,
              34.9406169221
            ]
          ]
        ]
      }
    },
    {
      "type": "Feature",
      "properties": {
        "key_code": "33213077001",
        "pref": "岡山県",
        "city": "赤磐市",
        "ward": "",
        "district": "周匝周匝",
        "name": "赤磐市  周匝周匝"
      },
      "geometry": {
        "type": "Polygon",
        "coordinates": [
          [
            [
              134.0994735001,
              34.916243082
            ],
            [
              134.1001331728,
              34.9177191264
            ],
            [
              134.1003991647,
              34.9185040028
            ],
            [
              134.100470992,
              34.9191889934
            ],
            [
              134.1004294037,
              34.9196695228
            ],
            [
              134.0998127906,
              34.9207426553
            ],
            [
              134.0987956483,
              34.9235383088
            ],
            [
              134.0985595342,
              34.923925772
            ],
            [
              134.0980387893,
              34.924500588
            ],
            [
              134.0973684192,
              34.9249701752
            ],
            [
              134.0963705465,
              34.9255228641
            ],
            [
              134.0954326624,
              34.925571609
            ],
            [
              134.0932800585,
              34.926471271
            ],
            [
              134.0925141885,
              34.926892119
            ],
            [
              134.0918453818,
              34.9273880898
            ],
            [
              134.0903486097,
              34.9259386794
            ],
            [
              134.0889557822,
              34.924186478
            ],
            [
              134.0885732637,
              34.9240080932
            ],
            [
              134.0872505844,
              34.9239814221
            ],
            [
              134.0860324879,
              34.9241160157
            ],
            [
              134.0849178788,
              34.9244894873
            ],
            [
              134.0845646661,
              34.9245048971
            ],
            [
              134.0840942226,
              34.9243504054
            ],
            [
              134.0834576587,
              34.9239855573
            ],
            [
              134.0830669935,
              34.9234029532
            ],
            [
              134.0826636489,
              34.9218889134
            ],
            [
              134.0827684546,
              34.9208834189
            ],
            [
              134.0829589211,
              34.9203809554
            ],
            [
              134.0833088965,
              34.9200105181
            ],
            [
              134.0846266356,
              34.9196021905
            ],
            [
              134.0854263481,
              34.918894455
            ],
            [
              134.08603954,
              34.9190002837
            ],
            [
              134.0863358279,
              34.9189625694
            ],
            [
              134.0877017253,
              34.9185035197
            ],
            [
              134.0883317325,
              34.9186476839
            ],
            [
              134.0888936638,
              34.9189206652
            ],
            [
              134.089481931,
              34.9189205015
            ],
            [
              134.0896718962,
              34.9187241723
            ],
            [
              134.093113533,
              34.9174388948
            ],
            [
              134.0924349205,
              34.9162204061
            ],
            [
              134.0930204507,
              34.9160230901
            ],
            [
              134.0934924691,
              34.9159690822
            ],
            [
              134.0944349499,
              34.9154824326
            ],
            [
              134.0942110708,
              34.9146448759
            ],
            [
              134.0938480191,
              34.9138183858
            ],
            [
              134.0945597713,
              34.9134772821
            ],
            [
              134.0943862498,
              34.9132008614
            ],
            [
              134.0950442294,
              34.9128928219
            ],
            [
              134.0951653023,
              34.9127549468
            ],
            [
              134.09732955,
              34.9121100716
            ],
            [
              134.0994735001,
              34.916243082
            ]
          ]
        ]
      }
    },
    {
      "type": "Feature",
      "properties": {
        "key_code": "33213077002",
        "pref": "岡山県",
        "city": "赤磐市",
        "ward": "",
        "district": "周匝中村",
        "name": "赤磐市  周匝中村"
      },
      "geometry": {
        "type": "Polygon",
        "coordinates": [
          [
            [
              134.0944349499,
              34.9154824326
            ],
            [
              134.0934924691,
              34.9159690822
            ],
            [
              134.0930204507,
              34.9160230901
            ],
            [
              134.0924349205,
              34.9162204061
            ],
            [
              134.093113533,
              34.9174388948
            ],
            [
              134.0896718962,
              34.9187241723
            ],
            [
              134.089481931,
              34.9189205015
            ],
            [
              134.0888936638,
              34.9189206652
            ],
            [
              134.0883317325,
              34.9186476839
            ],
            [
              134.0877017253,
              34.9185035197
            ],
            [
              134.0863358279,
              34.9189625694
            ],
            [
              134.08603954,
              34.9190002837
            ],
            [
              134.0854263481,
              34.918894455
            ],
            [
              134.0846266356,
              34.9196021905
            ],
            [
              134.0848689793,
              34.9160748239
            ],
            [
              134.0863410728,
              34.9156772781
            ],
            [
              134.0873713919,
              34.914692716
            ],
            [
              134.0881402348,
              34.9138254486
            ],
            [
              134.0888360233,
              34.9129592986
            ],
            [
              134.090229122,
              34.9102094134
            ],
            [
              134.092065319,
              34.9076713733
            ],
            [
              134.0931586092,
              34.9064040216
            ],
            [
              134.0941125046,
              34.9072120323
            ],
            [
              134.0948331405,
              34.907946334
            ],
            [
              134.0955808938,
              34.9089233885
            ],
            [
              134.0960682201,
              34.909602155
            ],
            [
              134.09732955,
              34.9121100716
            ],
            [
              134.0951653023,
              34.9127549468
            ],
            [
              134.0950442294,
              34.9128928219
            ],
            [
              134.0943862498,
              34.9132008614
            ],
            [
              134.0945597713,
              34.9134772821
            ],
            [
              134.0938480191,
              34.9138183858
            ],
            [
              134.0942110708,
              34.9146448759
            ],
            [
              134.0944349499,
              34.9154824326
            ]
          ]
        ]
      }
    },
    {
      "type": "Feature",
      "properties": {
        "key_code": "332130780",
        "pref": "岡山県",
        "city": "赤磐市",
        "ward": "",
        "district": "福田",
        "name": "赤磐市  福田"
      },
      "geometry": {
        "type": "Polygon",
        "coordinates": [
          [
            [
              134.0883070824,
              34.9028008633
            ],
            [
              134.0890810401,
              34.9034416342
            ],
            [
              134.0931586092,
              34.9064040216
            ],
            [
              134.092065319,
              34.9076713733
            ],
            [
              134.090229122,
              34.9102094134
            ],
            [
              134.0888360233,
              34.9129592986
            ],
            [
              134.0881402348,
              34.9138254486
            ],
            [
              134.0873713919,
              34.914692716
            ],
            [
              134.0863410728,
              34.9156772781
            ],
            [
              134.0848689793,
              34.9160748239
            ],
            [
              134.0849652154,
              34.9156400499
            ],
            [
              134.0849682774,
              34.9146258076
            ],
            [
              134.0849099174,
              34.9137721592
            ],
            [
              134.0847891548,
              34.9133903994
            ],
            [
              134.0845828481,
              34.9130886833
            ],
            [
              134.0838713883,
              34.9125500687
            ],
            [
              134.0833123851,
              34.9119865486
            ],
            [
              134.0823415642,
              34.9105686436
            ],
            [
              134.0808651959,
              34.9090644645
            ],
            [
              134.0791871196,
              34.9077656435
            ],
            [
              134.0771165898,
              34.9060000868
            ],
            [
              134.0764090865,
              34.9055054536
            ],
            [
              134.0759948305,
              34.9054544356
            ],
            [
              134.0754580841,
              34.905603811
            ],
            [
              134.0750306034,
              34.905884132
            ],
            [
              134.0745116502,
              34.9053100197
            ],
            [
              134.0733589798,
              34.9035493718
            ],
            [
              134.0729784707,
              34.9024545625
            ],
            [
              134.0732782066,
              34.9011708166
            ],
            [
              134.0731222715,
              34.9003772875
            ],
            [
              134.0731248394,
              34.8995638126
            ],
            [
              134.0727566103,
              34.8984634534
            ],
            [
              134.0721738728,
              34.8977492992
            ],
            [
              134.0711526934,
              34.8969336074
            ],
            [
              134.0691460227,
              34.8957670578
            ],
            [
              134.0676488253,
              34.8953014709
            ],
            [
              134.0656810857,
              34.8948680723
            ],
            [
              134.0646953252,
              34.8944341434
            ],
            [
              134.0646970398,
              34.8940528317
            ],
            [
              134.0653272402,
              34.893518171
            ],
            [
              134.0658221898,
              34.8933307887
            ],
            [
              134.0669370207,
              34.8931639229
            ],
            [
              134.0673899019,
              34.8931971036
            ],
            [
              134.067956675,
              34.893569663
            ],
            [
              134.0691568211,
              34.8941158105
            ],
            [
              134.0701237688,
              34.8942507506
            ],
            [
              134.0729264718,
              34.8944168225
            ],
            [
              134.0742179625,
              34.8950385344
            ],
            [
              134.075127097,
              34.8949075587
            ],
            [
              134.0755562972,
              34.8947545015
            ],
            [
              134.0769435605,
              34.8940509858
            ],
            [
              134.0772515737,
              34.8939791585
            ],
            [
              134.0780868344,
              34.8940292265
            ],
            [
              134.0785483662,
              34.8940784387
            ],
            [
              134.0786873033,
              34.8941753629
            ],
            [
              134.0793042183,
              34.8949284455
            ],
            [
              134.0799916518,
              34.8954009186
            ],
            [
              134.0813786213,
              34.8959865377
            ],
            [
              134.0826517474,
              34.8966533955
            ],
            [
              134.0831425812,
              34.8967147622
            ],
            [
              134.0860765242,
              34.8962512474
            ],
            [
              134.0856233897,
              34.8967228497
            ],
            [
              134.0854197422,
              34.8970857195
            ],
            [
              134.0852504747,
              34.8979190669
            ],
            [
              134.0852593597,
              34.8986610745
            ],
            [
              134.0857399667,
              34.8996743505
            ],
            [
              134.0875951763,
              34.9020736499
            ],
            [
              134.0883070824,
              34.9028008633
            ]
          ]
        ]
      }
    },
    {
      "type": "Feature",
      "properties": {
        "key_code": "33213079001",
        "pref": "岡山県",
        "city": "赤磐市",
        "ward": "",
        "district": "是里是里東",
        "name": "赤磐市  是里是里東"
      },
      "geometry": {
        "type": "Polygon",
        "coordinates": [
          [
            [
              134.0497422042,
              34.9379056496
            ],
            [
              134.0486537292,
              34.9381688171
            ],
            [
              134.0485134634,
              34.9383382181
            ],
            [
              134.0471378542,
              34.9389894575
            ],
            [
              134.046570118,
              34.9395380847
            ],
            [
              134.0456174172,
              34.9400896002
            ],
            [
              134.0442899914,
              34.9403613931
            ],
            [
              134.0443602027,
              34.9395336134
            ],
            [
              134.0442346179,
              34.939220333
            ],
            [
              134.0440210701,
              34.9389872009
            ],
            [
              134.0433596709,
              34.9386405958
            ],
            [
              134.0433409846,
              34.9384158162
            ],
            [
              134.0436406976,
              34.9376984524
            ],
            [
              134.0437407786,
              34.9369442699
            ],
            [
              134.0436837626,
              34.9365350191
            ],
            [
              134.0434128748,
              34.9359806665
            ],
            [
              134.0430879375,
              34.934911144
            ],
            [
              134.0431683101,
              34.9347273079
            ],
            [
              134.0431440342,
              34.9343167256
            ],
            [
              134.0431830418,
              34.9341919499
            ],
            [
              134.0444212646,
              34.9335973279
            ],
            [
              134.0446959875,
              34.9333793745
            ],
            [
              134.0453995695,
              34.9324549222
            ],
            [
              134.0454759418,
              34.9319701366
            ],
            [
              134.0454638063,
              34.9310243302
            ],
            [
              134.0456116879,
              34.9304907678
            ],
            [
              134.0460147084,
              34.93032974
            ],
            [
              134.0487978144,
              34.9299230493
            ],
            [
              134.0501546868,
              34.929171955
            ],
            [
              134.0512176326,
              34.9288936471
            ],
            [
              134.0538184048,
              34.9276358654
            ],
            [
              134.0554085103,
              34.9270376579
            ],
            [
              134.0577163496,
              34.9259476509
            ],
            [
              134.0620316613,
              34.9234936377
            ],
            [
              134.0631129142,
              34.9247201738
            ],
            [
              134.0638799019,
              34.9261578476
            ],
            [
              134.0645462628,
              34.9258427583
            ],
            [
              134.0661938308,
              34.9255093451
            ],
            [
              134.0689407337,
              34.9256678694
            ],
            [
              134.0697893673,
              34.9258161455
            ],
            [
              134.0682702945,
              34.9290873625
            ],
            [
              134.0677540188,
              34.9295942879
            ],
            [
              134.0672024481,
              34.9299008393
            ],
            [
              134.0663960434,
              34.9301013965
            ],
            [
              134.0636562033,
              34.9301579915
            ],
            [
              134.0604327498,
              34.9310223631
            ],
            [
              134.0591218486,
              34.9310340444
            ],
            [
              134.0575123248,
              34.9318681164
            ],
            [
              134.0568341098,
              34.9318446634
            ],
            [
              134.0555758679,
              34.9311725043
            ],
            [
              134.0541632848,
              34.9311455149
            ],
            [
              134.0538664797,
              34.9309698165
            ],
            [
              134.0530549217,
              34.930698339
            ],
            [
              134.0526446938,
              34.9309152903
            ],
            [
              134.0518330277,
              34.9328598845
            ],
            [
              134.0516716519,
              34.9330737496
            ],
            [
              134.0507920772,
              34.933343337
            ],
            [
              134.0504536502,
              34.9335648865
            ],
            [
              134.0500925086,
              34.9334277631
            ],
            [
              134.0497195423,
              34.9331241893
            ],
            [
              134.0490054622,
              34.9328726345
            ],
            [
              134.0485216429,
              34.9330411563
            ],
            [
              134.0482239523,
              34.9334132297
            ],
            [
              134.048085839,
              34.933889348
            ],
            [
              134.0481996996,
              34.9343793014
            ],
            [
              134.0494115246,
              34.9366921838
            ],
            [
              134.0492270695,
              34.9368308452
            ],
            [
              134.049145935,
              34.9372139919
            ],
            [
              134.0497422042,
              34.9379056496
            ]
          ]
        ]
      }
    },
    {
      "type": "Feature",
      "properties": {
        "key_code": "33213079002",
        "pref": "岡山県",
        "city": "赤磐市",
        "ward": "",
        "district": "是里是里西",
        "name": "赤磐市  是里是里西"
      },
      "geometry": {
        "type": "Polygon",
        "coordinates": [
          [
            [
              134.0392652355,
              34.9434204605
            ],
            [
              134.0390891442,
              34.9432850945
            ],
            [
              134.039116145,
              34.9427227226
            ],
            [
              134.0389049793,
              34.9418234104
            ],
            [
              134.0386012393,
              34.9411265643
            ],
            [
              134.0380684364,
              34.9400440594
            ],
            [
              134.0370066633,
              34.9385850194
            ],
            [
              134.0365007987,
              34.9383510878
            ],
            [
              134.0357503931,
              34.9383813632
            ],
            [
              134.0351633434,
              34.9384574614
            ],
            [
              134.0343984553,
              34.938831523
            ],
            [
              134.0338699261,
              34.9388936732
            ],
            [
              134.0334408596,
              34.9388381718
            ],
            [
              134.0331330375,
              34.9387376834
            ],
            [
              134.0328926148,
              34.9382657816
            ],
            [
              134.0320780698,
              34.938281859
            ],
            [
              134.0317152187,
              34.9381813001
            ],
            [
              134.0311495715,
              34.9378581038
            ],
            [
              134.0309357675,
              34.9376231848
            ],
            [
              134.0309860612,
              34.9374226601
            ],
            [
              134.0314495542,
              34.9370884369
            ],
            [
              134.0329038591,
              34.9366841332
            ],
            [
              134.0332131218,
              34.9363857915
            ],
            [
              134.0333249437,
              34.9359076499
            ],
            [
              134.033117127,
              34.9355426684
            ],
            [
              134.0324565435,
              34.9351601519
            ],
            [
              134.0317243508,
              34.9349807091
            ],
            [
              134.0314907041,
              34.9347948294
            ],
            [
              134.0314988311,
              34.9344546102
            ],
            [
              134.0318503,
              34.9341483487
            ],
            [
              134.0317727299,
              34.9336802993
            ],
            [
              134.0319023563,
              34.9334160237
            ],
            [
              134.03189142,
              34.9332609838
            ],
            [
              134.0318278649,
              34.9330539061
            ],
            [
              134.0316135545,
              34.9328605389
            ],
            [
              134.0310854909,
              34.9328048497
            ],
            [
              134.030987037,
              34.9326414909
            ],
            [
              134.0310865839,
              34.9325057428
            ],
            [
              134.0322000697,
              34.9319827743
            ],
            [
              134.0323277389,
              34.9316794756
            ],
            [
              134.0323975708,
              34.9306373102
            ],
            [
              134.0325421872,
              34.9302117198
            ],
            [
              134.0328402499,
              34.929958708
            ],
            [
              134.0338539865,
              34.9296167619
            ],
            [
              134.0347786966,
              34.929546581
            ],
            [
              134.035273571,
              34.9296474565
            ],
            [
              134.0355158143,
              34.9296118527
            ],
            [
              134.0356262959,
              34.9294941575
            ],
            [
              134.0356124674,
              34.9286082069
            ],
            [
              134.0358400297,
              34.9282076776
            ],
            [
              134.0361271878,
              34.9279273718
            ],
            [
              134.0360931384,
              34.9275516194
            ],
            [
              134.0357306349,
              34.9264988702
            ],
            [
              134.036149774,
              34.9262370599
            ],
            [
              134.0366028605,
              34.9257124901
            ],
            [
              134.0369528659,
              34.9247751631
            ],
            [
              134.0375607522,
              34.9240425008
            ],
            [
              134.0379109914,
              34.9233273779
            ],
            [
              134.0386160414,
              34.9223605624
            ],
            [
              134.0393308141,
              34.9225072477
            ],
            [
              134.0407420884,
              34.9230895297
            ],
            [
              134.0406654272,
              34.9236273489
            ],
            [
              134.0407287651,
              34.9243700322
            ],
            [
              134.0409925005,
              34.9249674125
            ],
            [
              134.0420109623,
              34.925473154
            ],
            [
              134.0421881657,
              34.925732758
            ],
            [
              134.042288672,
              34.9262941042
            ],
            [
              134.0430860676,
              34.9279909525
            ],
            [
              134.042862916,
              34.9288605567
            ],
            [
              134.0431323035,
              34.9291112225
            ],
            [
              134.0438294984,
              34.9294234088
            ],
            [
              134.043995313,
              34.9304104311
            ],
            [
              134.0442593241,
              34.9310568159
            ],
            [
              134.0441531698,
              34.9321622111
            ],
            [
              134.0438404561,
              34.9328317978
            ],
            [
              134.0434878788,
              34.9333025404
            ],
            [
              134.043405175,
              34.933755054
            ],
            [
              134.0431440342,
              34.9343167256
            ],
            [
              134.0431683101,
              34.9347273079
            ],
            [
              134.0430879375,
              34.934911144
            ],
            [
              134.0434128748,
              34.9359806665
            ],
            [
              134.0436837626,
              34.9365350191
            ],
            [
              134.0437407786,
              34.9369442699
            ],
            [
              134.0436406976,
              34.9376984524
            ],
            [
              134.0433409846,
              34.9384158162
            ],
            [
              134.0433596709,
              34.9386405958
            ],
            [
              134.0440210701,
              34.9389872009
            ],
            [
              134.0442346179,
              34.939220333
            ],
            [
              134.0443602027,
              34.9395336134
            ],
            [
              134.0442899914,
              34.9403613931
            ],
            [
              134.04299236,
              34.9413933693
            ],
            [
              134.041830633,
              34.9420168975
            ],
            [
              134.0411424411,
              34.9425118278
            ],
            [
              134.0410113725,
              34.9428551996
            ],
            [
              134.0404949351,
              34.9433008195
            ],
            [
              134.0392652355,
              34.9434204605
            ]
          ]
        ]
      }
    },
    {
      "type": "Feature",
      "properties": {
        "key_code": "33213079003",
        "pref": "岡山県",
        "city": "赤磐市",
        "ward": "",
        "district": "是里是里中",
        "name": "赤磐市  是里是里中"
      },
      "geometry": {
        "type": "Polygon",
        "coordinates": [
          [
            [
              134.0620316613,
              34.9234936377
            ],
            [
              134.0577163496,
              34.9259476509
            ],
            [
              134.0554085103,
              34.9270376579
            ],
            [
              134.0538184048,
              34.9276358654
            ],
            [
              134.0512176326,
              34.9288936471
            ],
            [
              134.0501546868,
              34.929171955
            ],
            [
              134.0487978144,
              34.9299230493
            ],
            [
              134.0460147084,
              34.93032974
            ],
            [
              134.0456116879,
              34.9304907678
            ],
            [
              134.0454638063,
              34.9310243302
            ],
            [
              134.0454759418,
              34.9319701366
            ],
            [
              134.0453995695,
              34.9324549222
            ],
            [
              134.0449353668,
              34.9331250663
            ],
            [
              134.0444212646,
              34.9335973279
            ],
            [
              134.0431830418,
              34.9341919499
            ],
            [
              134.043405175,
              34.933755054
            ],
            [
              134.0434878788,
              34.9333025404
            ],
            [
              134.0438404561,
              34.9328317978
            ],
            [
              134.0441531698,
              34.9321622111
            ],
            [
              134.0442593241,
              34.9310568159
            ],
            [
              134.043995313,
              34.9304104311
            ],
            [
              134.0438294984,
              34.9294234088
            ],
            [
              134.0431323035,
              34.9291112225
            ],
            [
              134.042862916,
              34.9288605567
            ],
            [
              134.0430860676,
              34.9279909525
            ],
            [
              134.042288672,
              34.9262941042
            ],
            [
              134.0421881657,
              34.925732758
            ],
            [
              134.0420109623,
              34.925473154
            ],
            [
              134.0409925005,
              34.9249674125
            ],
            [
              134.0407287651,
              34.9243700322
            ],
            [
              134.0406654272,
              34.9236273489
            ],
            [
              134.0407420884,
              34.9230895297
            ],
            [
              134.0415863667,
              34.9230869947
            ],
            [
              134.0422800579,
              34.9229708419
            ],
            [
              134.0428974489,
              34.9226550482
            ],
            [
              134.0436936229,
              34.9220191609
            ],
            [
              134.0444640292,
              34.9218769107
            ],
            [
              134.0450209945,
              34.9211691704
            ],
            [
              134.0460694706,
              34.9202925151
            ],
            [
              134.0478379453,
              34.9194546705
            ],
            [
              134.0488859068,
              34.9181042755
            ],
            [
              134.049512137,
              34.9179086193
            ],
            [
              134.0508852584,
              34.9183046928
            ],
            [
              134.0513271715,
              34.9183075572
            ],
            [
              134.0525572642,
              34.917613392
            ],
            [
              134.053265045,
              34.9174827715
            ],
            [
              134.0542936849,
              34.9174430393
            ],
            [
              134.0557313205,
              34.916952369
            ],
            [
              134.0590057259,
              34.9167106141
            ],
            [
              134.0598870707,
              34.9163954052
            ],
            [
              134.0606037638,
              34.9159529008
            ],
            [
              134.0609818981,
              34.9164024536
            ],
            [
              134.060980671,
              34.9167740314
            ],
            [
              134.0601624527,
              34.9179686252
            ],
            [
              134.0600508504,
              34.9184396799
            ],
            [
              134.0601272113,
              34.9188439708
            ],
            [
              134.0600264825,
              34.9191556711
            ],
            [
              134.0597306979,
              34.9193904439
            ],
            [
              134.0596049433,
              34.9196929304
            ],
            [
              134.0596043395,
              34.9200099272
            ],
            [
              134.059848691,
              34.9208721689
            ],
            [
              134.0594748846,
              34.9212255049
            ],
            [
              134.0587364079,
              34.9215863908
            ],
            [
              134.0594845218,
              34.9221074978
            ],
            [
              134.0609882474,
              34.9228060239
            ],
            [
              134.0620316613,
              34.9234936377
            ]
          ]
        ]
      }
    },
    {
      "type": "Feature",
      "properties": {
        "key_code": "33213079004",
        "pref": "岡山県",
        "city": "赤磐市",
        "ward": "",
        "district": "是里",
        "name": "赤磐市  是里"
      },
      "geometry": {
        "type": "Polygon",
        "coordinates": [
          [
            [
              134.0390891442,
              34.9432850945
            ],
            [
              134.0381814961,
              34.94318415
            ],
            [
              134.0369101852,
              34.9433809965
            ],
            [
              134.0365878335,
              34.9435879011
            ],
            [
              134.0363535275,
              34.943867702
            ],
            [
              134.0355856923,
              34.9443305743
            ],
            [
              134.0343638242,
              34.9439277524
            ],
            [
              134.0336067555,
              34.9440296968
            ],
            [
              134.033439135,
              34.9441721115
            ],
            [
              134.032826588,
              34.9444146306
            ],
            [
              134.0324473424,
              34.9446629365
            ],
            [
              134.0317890036,
              34.9453519212
            ],
            [
              134.031446248,
              34.9459637223
            ],
            [
              134.0312976574,
              34.9460750516
            ],
            [
              134.0310955639,
              34.946152443
            ],
            [
              134.029979221,
              34.9462067073
            ],
            [
              134.0294237056,
              34.9463663178
            ],
            [
              134.0290251359,
              34.9467184457
            ],
            [
              134.0269916989,
              34.9492005046
            ],
            [
              134.0260762991,
              34.9494682156
            ],
            [
              134.0254832775,
              34.9495341858
            ],
            [
              134.0256291557,
              34.9501550969
            ],
            [
              134.0251532533,
              34.9509431094
            ],
            [
              134.0228159541,
              34.9486369781
            ],
            [
              134.0226109696,
              34.9478056129
            ],
            [
              134.0216788761,
              34.9466426406
            ],
            [
              134.0206723243,
              34.9460014125
            ],
            [
              134.0197271555,
              34.94580685
            ],
            [
              134.0189357226,
              34.945812624
            ],
            [
              134.0181241307,
              34.9453172409
            ],
            [
              134.0180427834,
              34.9451508183
            ],
            [
              134.0180595211,
              34.9448938675
            ],
            [
              134.0182247904,
              34.9445515865
            ],
            [
              134.0186049332,
              34.9440799919
            ],
            [
              134.0187519654,
              34.9435560265
            ],
            [
              134.0185261967,
              34.9432335095
            ],
            [
              134.0185187124,
              34.9427116082
            ],
            [
              134.0187479588,
              34.9421253863
            ],
            [
              134.0193108072,
              34.9416958879
            ],
            [
              134.0192632966,
              34.9410991588
            ],
            [
              134.0175431105,
              34.9392457066
            ],
            [
              134.0156278618,
              34.9381488955
            ],
            [
              134.0144781044,
              34.9366231072
            ],
            [
              134.0140183848,
              34.9356639158
            ],
            [
              134.0141418077,
              34.9347242943
            ],
            [
              134.0143153793,
              34.934439585
            ],
            [
              134.0141546692,
              34.9343610544
            ],
            [
              134.0136926596,
              34.9338216137
            ],
            [
              134.0135705592,
              34.9335561245
            ],
            [
              134.0136002698,
              34.9332208195
            ],
            [
              134.0131668046,
              34.9326501809
            ],
            [
              134.013111397,
              34.9322835209
            ],
            [
              134.0128101996,
              34.9317990842
            ],
            [
              134.0123436932,
              34.9312010988
            ],
            [
              134.0124747121,
              34.9307422482
            ],
            [
              134.0129973647,
              34.9301080817
            ],
            [
              134.0134188853,
              34.9299169271
            ],
            [
              134.0135381086,
              34.9297027855
            ],
            [
              134.0135389231,
              34.9294922039
            ],
            [
              134.012964022,
              34.9287651892
            ],
            [
              134.0130222975,
              34.9283244561
            ],
            [
              134.0129798132,
              34.9279128947
            ],
            [
              134.0121709699,
              34.927120949
            ],
            [
              134.0120465644,
              34.9247740457
            ],
            [
              134.0118668814,
              34.9238103716
            ],
            [
              134.0117183705,
              34.9236682721
            ],
            [
              134.0110031845,
              34.9233216818
            ],
            [
              134.0109481414,
              34.9227361236
            ],
            [
              134.0113742198,
              34.9222556627
            ],
            [
              134.0115273119,
              34.9212173038
            ],
            [
              134.0114761167,
              34.9211180023
            ],
            [
              134.0109727491,
              34.9208428995
            ],
            [
              134.0109751855,
              34.9202196028
            ],
            [
              134.0106232604,
              34.9193310447
            ],
            [
              134.0111611627,
              34.91810012
            ],
            [
              134.0112443156,
              34.9173543605
            ],
            [
              134.0099970192,
              34.9167749893
            ],
            [
              134.0088290445,
              34.9164319111
            ],
            [
              134.0088355698,
              34.9162289532
            ],
            [
              134.0085627925,
              34.9156333122
            ],
            [
              134.0086329298,
              34.915284103
            ],
            [
              134.0085649482,
              34.9150856641
            ],
            [
              134.0083131709,
              34.9149716706
            ],
            [
              134.0078891045,
              34.9149515888
            ],
            [
              134.0073055049,
              34.9146856337
            ],
            [
              134.0073061765,
              34.9145156906
            ],
            [
              134.0076183503,
              34.9138461172
            ],
            [
              134.0069672117,
              34.9132682618
            ],
            [
              134.0065416864,
              34.9121670898
            ],
            [
              134.0063474185,
              34.9120154269
            ],
            [
              134.0056483348,
              34.9119663545
            ],
            [
              134.0049829477,
              34.9120966816
            ],
            [
              134.0046620484,
              34.9120770092
            ],
            [
              134.0044737787,
              34.911864015
            ],
            [
              134.0041757556,
              34.9118537003
            ],
            [
              134.0034414724,
              34.9120122849
            ],
            [
              134.0026970183,
              34.9118496822
            ],
            [
              134.0021715236,
              34.911394969
            ],
            [
              134.0019586323,
              34.911083302
            ],
            [
              134.0020798953,
              34.9101367106
            ],
            [
              134.0047037927,
              34.9104059095
            ],
            [
              134.0058584999,
              34.910365998
            ],
            [
              134.0070411576,
              34.910726752
            ],
            [
              134.0076025414,
              34.9105704982
            ],
            [
              134.0079407572,
              34.9103603286
            ],
            [
              134.0082999374,
              34.9105517314
            ],
            [
              134.0099895335,
              34.9105037758
            ],
            [
              134.0111217262,
              34.9103200918
            ],
            [
              134.0124875003,
              34.9098624829
            ],
            [
              134.0130738281,
              34.9098261468
            ],
            [
              134.0137137671,
              34.9099645433
            ],
            [
              134.0157947879,
              34.9108755398
            ],
            [
              134.0171963887,
              34.9109032315
            ],
            [
              134.0173868151,
              34.9115820367
            ],
            [
              134.0181051054,
              34.9122265781
            ],
            [
              134.0187062369,
              34.9126234628
            ],
            [
              134.0208648562,
              34.9136077486
            ],
            [
              134.0222912241,
              34.9140316111
            ],
            [
              134.0250879177,
              34.9140221606
            ],
            [
              134.0255069931,
              34.9142450116
            ],
            [
              134.0264282902,
              34.9149412968
            ],
            [
              134.0271300354,
              34.9149853363
            ],
            [
              134.0280512917,
              34.915570754
            ],
            [
              134.0291405415,
              34.9159143109
            ],
            [
              134.0291580152,
              34.9172491321
            ],
            [
              134.0292967144,
              34.9179310268
            ],
            [
              134.0295488682,
              34.9181854187
            ],
            [
              134.03179132,
              34.9178777048
            ],
            [
              134.0327857811,
              34.9179418129
            ],
            [
              134.0337331536,
              34.9181180596
            ],
            [
              134.0352419805,
              34.9185757878
            ],
            [
              134.0358680354,
              34.9189036343
            ],
            [
              134.0367677224,
              34.9196400077
            ],
            [
              134.0376656273,
              34.9208840185
            ],
            [
              134.0382713807,
              34.9222767545
            ],
            [
              134.0386160414,
              34.9223605624
            ],
            [
              134.0379109914,
              34.9233273779
            ],
            [
              134.0375607522,
              34.9240425008
            ],
            [
              134.0369528659,
              34.9247751631
            ],
            [
              134.0366028605,
              34.9257124901
            ],
            [
              134.036149774,
              34.9262370599
            ],
            [
              134.0357306349,
              34.9264988702
            ],
            [
              134.0360931384,
              34.9275516194
            ],
            [
              134.0361271878,
              34.9279273718
            ],
            [
              134.0358400297,
              34.9282076776
            ],
            [
              134.0356124674,
              34.9286082069
            ],
            [
              134.0356262959,
              34.9294941575
            ],
            [
              134.0355158143,
              34.9296118527
            ],
            [
              134.035273571,
              34.9296474565
            ],
            [
              134.0347786966,
              34.929546581
            ],
            [
              134.0338539865,
              34.9296167619
            ],
            [
              134.0328402499,
              34.929958708
            ],
            [
              134.0325421872,
              34.9302117198
            ],
            [
              134.0323975708,
              34.9306373102
            ],
            [
              134.0323277389,
              34.9316794756
            ],
            [
              134.0322000697,
              34.9319827743
            ],
            [
              134.0310865839,
              34.9325057428
            ],
            [
              134.030987037,
              34.9326414909
            ],
            [
              134.0310854909,
              34.9328048497
            ],
            [
              134.0316135545,
              34.9328605389
            ],
            [
              134.0318278649,
              34.9330539061
            ],
            [
              134.03189142,
              34.9332609838
            ],
            [
              134.0319023563,
              34.9334160237
            ],
            [
              134.0317727299,
              34.9336802993
            ],
            [
              134.0318503,
              34.9341483487
            ],
            [
              134.0314988311,
              34.9344546102
            ],
            [
              134.0314907041,
              34.9347948294
            ],
            [
              134.0317243508,
              34.9349807091
            ],
            [
              134.0324565435,
              34.9351601519
            ],
            [
              134.033117127,
              34.9355426684
            ],
            [
              134.0333249437,
              34.9359076499
            ],
            [
              134.0332131218,
              34.9363857915
            ],
            [
              134.0329038591,
              34.9366841332
            ],
            [
              134.0314495542,
              34.9370884369
            ],
            [
              134.0309860612,
              34.9374226601
            ],
            [
              134.0309357675,
              34.9376231848
            ],
            [
              134.0311495715,
              34.9378581038
            ],
            [
              134.0317152187,
              34.9381813001
            ],
            [
              134.0320780698,
              34.938281859
            ],
            [
              134.0328926148,
              34.9382657816
            ],
            [
              134.0331330375,
              34.9387376834
            ],
            [
              134.0334408596,
              34.9388381718
            ],
            [
              134.0338699261,
              34.9388936732
            ],
            [
              134.0343984553,
              34.938831523
            ],
            [
              134.0351633434,
              34.9384574614
            ],
            [
              134.0357503931,
              34.9383813632
            ],
            [
              134.0365007987,
              34.9383510878
            ],
            [
              134.0370066633,
              34.9385850194
            ],
            [
              134.0380684364,
              34.9400440594
            ],
            [
              134.038769718,
              34.9414941837
            ],
            [
              134.039116145,
              34.9427227226
            ],
            [
              134.0390891442,
              34.9432850945
            ]
          ]
        ]
      }
    },
    {
      "type": "Feature",
      "properties": {
        "key_code": "332130800",
        "pref": "岡山県",
        "city": "赤磐市",
        "ward": "",
        "district": "滝山",
        "name": "赤磐市  滝山"
      },
      "geometry": {
        "type": "Polygon",
        "coordinates": [
          [
            [
              134.0471215574,
              34.9131375338
            ],
            [
              134.0477939853,
              34.9137364378
            ],
            [
              134.0494087514,
              34.9154196298
            ],
            [
              134.0500459238,
              34.9155933966
            ],
            [
              134.0506215907,
              34.9154139573
            ],
            [
              134.0511459813,
              34.914913732
            ],
            [
              134.0520030505,
              34.9134751129
            ],
            [
              134.0531775942,
              34.9124184579
            ],
            [
              134.0536484112,
              34.9123162329
            ],
            [
              134.0540503983,
              34.9124679537
            ],
            [
              134.0550192578,
              34.9131967376
            ],
            [
              134.0557289757,
              34.9135536876
            ],
            [
              134.0562655954,
              34.9136847221
            ],
            [
              134.0567820259,
              34.9133021426
            ],
            [
              134.0573311668,
              34.9130954962
            ],
            [
              134.0585725727,
              34.9123448181
            ],
            [
              134.0593891827,
              34.9120022111
            ],
            [
              134.06170948,
              34.9122054899
            ],
            [
              134.0629629455,
              34.9109552167
            ],
            [
              134.0635688972,
              34.9110770749
            ],
            [
              134.0638192579,
              34.9112499752
            ],
            [
              134.0634523568,
              34.9124491973
            ],
            [
              134.060600368,
              34.9151505713
            ],
            [
              134.0604441841,
              34.9156671649
            ],
            [
              134.0606037638,
              34.9159529008
            ],
            [
              134.0598870707,
              34.9163954052
            ],
            [
              134.0590057259,
              34.9167106141
            ],
            [
              134.0557313205,
              34.916952369
            ],
            [
              134.0542936849,
              34.9174430393
            ],
            [
              134.053265045,
              34.9174827715
            ],
            [
              134.0525572642,
              34.917613392
            ],
            [
              134.0513271715,
              34.9183075572
            ],
            [
              134.0508852584,
              34.9183046928
            ],
            [
              134.049512137,
              34.9179086193
            ],
            [
              134.0491561753,
              34.9179933528
            ],
            [
              134.0488859068,
              34.9181042755
            ],
            [
              134.0478379453,
              34.9194546705
            ],
            [
              134.0460694706,
              34.9202925151
            ],
            [
              134.0450209945,
              34.9211691704
            ],
            [
              134.0444640292,
              34.9218769107
            ],
            [
              134.0436936229,
              34.9220191609
            ],
            [
              134.0428974489,
              34.9226550482
            ],
            [
              134.0422800579,
              34.9229708419
            ],
            [
              134.0415863667,
              34.9230869947
            ],
            [
              134.0407420884,
              34.9230895297
            ],
            [
              134.0393308141,
              34.9225072477
            ],
            [
              134.0382713807,
              34.9222767545
            ],
            [
              134.0376656273,
              34.9208840185
            ],
            [
              134.0367677224,
              34.9196400077
            ],
            [
              134.0358680354,
              34.9189036343
            ],
            [
              134.0352419805,
              34.9185757878
            ],
            [
              134.0337331536,
              34.9181180596
            ],
            [
              134.0327857811,
              34.9179418129
            ],
            [
              134.03179132,
              34.9178777048
            ],
            [
              134.0295488682,
              34.9181854187
            ],
            [
              134.0292967144,
              34.9179310268
            ],
            [
              134.0291580152,
              34.9172491321
            ],
            [
              134.0291405415,
              34.9159143109
            ],
            [
              134.0280512917,
              34.915570754
            ],
            [
              134.0271300354,
              34.9149853363
            ],
            [
              134.0264282902,
              34.9149412968
            ],
            [
              134.0255069931,
              34.9142450116
            ],
            [
              134.0250879177,
              34.9140221606
            ],
            [
              134.0222912241,
              34.9140316111
            ],
            [
              134.0208648562,
              34.9136077486
            ],
            [
              134.0187062369,
              34.9126234628
            ],
            [
              134.0181051054,
              34.9122265781
            ],
            [
              134.0173868151,
              34.9115820367
            ],
            [
              134.0171963887,
              34.9109032315
            ],
            [
              134.0180643609,
              34.9108561989
            ],
            [
              134.0192408299,
              34.9109128595
            ],
            [
              134.0205317172,
              34.9107885889
            ],
            [
              134.0212656019,
              34.9102400773
            ],
            [
              134.0214902928,
              34.909716378
            ],
            [
              134.0211797156,
              34.9077103683
            ],
            [
              134.0212466111,
              34.9068456623
            ],
            [
              134.0215517794,
              34.90607327
            ],
            [
              134.0224621891,
              34.9051057215
            ],
            [
              134.0242233746,
              34.9041993708
            ],
            [
              134.024639141,
              34.9038224363
            ],
            [
              134.025706006,
              34.9033382054
            ],
            [
              134.0265181408,
              34.9031043312
            ],
            [
              134.0271542369,
              34.9031584149
            ],
            [
              134.0279168758,
              34.9034093152
            ],
            [
              134.0288745551,
              34.9041024394
            ],
            [
              134.0295420544,
              34.9048615936
            ],
            [
              134.0300478744,
              34.9057409141
            ],
            [
              134.0306652677,
              34.9065681833
            ],
            [
              134.0310670645,
              34.9066465915
            ],
            [
              134.0319976285,
              34.9066169421
            ],
            [
              134.0334601419,
              34.9068566628
            ],
            [
              134.0340366782,
              34.9068780241
            ],
            [
              134.0355289807,
              34.9057925904
            ],
            [
              134.0363537113,
              34.9052799963
            ],
            [
              134.0372382081,
              34.9048762158
            ],
            [
              134.0385587576,
              34.9043948271
            ],
            [
              134.039559608,
              34.9038706673
            ],
            [
              134.0417253726,
              34.9029547051
            ],
            [
              134.0426561022,
              34.9026943208
            ],
            [
              134.0433586736,
              34.9026129073
            ],
            [
              134.0449638541,
              34.9021564295
            ],
            [
              134.0457314867,
              34.9018509773
            ],
            [
              134.0462897485,
              34.9015169205
            ],
            [
              134.0468816233,
              34.9016944062
            ],
            [
              134.0472895908,
              34.9020147065
            ],
            [
              134.0473965644,
              34.9022100529
            ],
            [
              134.0472418876,
              34.9026932601
            ],
            [
              134.0466810418,
              34.9036540032
            ],
            [
              134.046679811,
              34.9040088279
            ],
            [
              134.0470417131,
              34.9051981281
            ],
            [
              134.0470889139,
              34.9055467998
            ],
            [
              134.0470333923,
              34.9060451026
            ],
            [
              134.0476617172,
              34.9077183955
            ],
            [
              134.0476822336,
              34.9081761696
            ],
            [
              134.0475254099,
              34.9090492024
            ],
            [
              134.0471402235,
              34.9098983095
            ],
            [
              134.0468876448,
              34.9107320239
            ],
            [
              134.0467925519,
              34.9115766763
            ],
            [
              134.0471215574,
              34.9131375338
            ]
          ]
        ]
      }
    },
    {
      "type": "Feature",
      "properties": {
        "key_code": "332130810",
        "pref": "岡山県",
        "city": "赤磐市",
        "ward": "",
        "district": "黒本",
        "name": "赤磐市  黒本"
      },
      "geometry": {
        "type": "Polygon",
        "coordinates": [
          [
            [
              134.073619747,
              34.9154680335
            ],
            [
              134.0750527779,
              34.9156979279
            ],
            [
              134.0754026738,
              34.9158629082
            ],
            [
              134.0762960612,
              34.9157336546
            ],
            [
              134.0773287443,
              34.9158311875
            ],
            [
              134.0778013065,
              34.915991277
            ],
            [
              134.0784950251,
              34.9164301622
            ],
            [
              134.0797649387,
              34.9178641373
            ],
            [
              134.0802954716,
              34.9180084208
            ],
            [
              134.0811745138,
              34.9178512123
            ],
            [
              134.083394201,
              34.916523755
            ],
            [
              134.0840611379,
              34.9162546719
            ],
            [
              134.0848689793,
              34.9160748239
            ],
            [
              134.0846266356,
              34.9196021905
            ],
            [
              134.0833088965,
              34.9200105181
            ],
            [
              134.0829589211,
              34.9203809554
            ],
            [
              134.0827684546,
              34.9208834189
            ],
            [
              134.0826636489,
              34.9218889134
            ],
            [
              134.0830669935,
              34.9234029532
            ],
            [
              134.0834576587,
              34.9239855573
            ],
            [
              134.0810955783,
              34.9233631913
            ],
            [
              134.0803269574,
              34.923253847
            ],
            [
              134.0788251041,
              34.9233104494
            ],
            [
              134.0769341885,
              34.9237058208
            ],
            [
              134.0765643355,
              34.924376365
            ],
            [
              134.0755680916,
              34.924532941
            ],
            [
              134.0755652688,
              34.9247931672
            ],
            [
              134.0758809437,
              34.9256265749
            ],
            [
              134.0758801355,
              34.925885115
            ],
            [
              134.0756424495,
              34.9266138978
            ],
            [
              134.0751937681,
              34.9272997664
            ],
            [
              134.0745464763,
              34.9278780916
            ],
            [
              134.0741201725,
              34.9279629709
            ],
            [
              134.0734616892,
              34.9279239646
            ],
            [
              134.0728361973,
              34.9277617752
            ],
            [
              134.0719053916,
              34.9272285376
            ],
            [
              134.0710016761,
              34.9263876354
            ],
            [
              134.0699220354,
              34.9258363659
            ],
            [
              134.0689407337,
              34.9256678694
            ],
            [
              134.0661938308,
              34.9255093451
            ],
            [
              134.0645462628,
              34.9258427583
            ],
            [
              134.0638799019,
              34.9261578476
            ],
            [
              134.0631129142,
              34.9247201738
            ],
            [
              134.0620316613,
              34.9234936377
            ],
            [
              134.0609882474,
              34.9228060239
            ],
            [
              134.0594845218,
              34.9221074978
            ],
            [
              134.0587364079,
              34.9215863908
            ],
            [
              134.0594748846,
              34.9212255049
            ],
            [
              134.059848691,
              34.9208721689
            ],
            [
              134.0596043395,
              34.9200099272
            ],
            [
              134.0596049433,
              34.9196929304
            ],
            [
              134.0597306979,
              34.9193904439
            ],
            [
              134.0600264825,
              34.9191556711
            ],
            [
              134.0601272113,
              34.9188439708
            ],
            [
              134.0600508504,
              34.9184396799
            ],
            [
              134.0601624527,
              34.9179686252
            ],
            [
              134.060980671,
              34.9167740314
            ],
            [
              134.0609818981,
              34.9164024536
            ],
            [
              134.0604441841,
              34.9156671649
            ],
            [
              134.060600368,
              34.9151505713
            ],
            [
              134.0634523568,
              34.9124491973
            ],
            [
              134.0638192579,
              34.9112499752
            ],
            [
              134.0653268238,
              34.9106073386
            ],
            [
              134.0666279165,
              34.9107610042
            ],
            [
              134.0671787026,
              34.9109633644
            ],
            [
              134.0684645063,
              34.9118242972
            ],
            [
              134.0686310011,
              34.9120658099
            ],
            [
              134.0686921271,
              34.9125654248
            ],
            [
              134.0687114231,
              34.913064949
            ],
            [
              134.0685673159,
              34.9139818994
            ],
            [
              134.0685963924,
              34.9146968153
            ],
            [
              134.0687519695,
              34.9150846555
            ],
            [
              134.069127386,
              34.915386982
            ],
            [
              134.069931565,
              34.9156556619
            ],
            [
              134.0718132616,
              34.9157286253
            ],
            [
              134.0729166211,
              34.9155066086
            ],
            [
              134.073619747,
              34.9154680335
            ]
          ]
        ]
      }
    },
    {
      "type": "Feature",
      "properties": {
        "key_code": "332130820",
        "pref": "岡山県",
        "city": "赤磐市",
        "ward": "",
        "district": "黒沢",
        "name": "赤磐市  黒沢"
      },
      "geometry": {
        "type": "Polygon",
        "coordinates": [
          [
            [
              134.0638192579,
              34.9112499752
            ],
            [
              134.0635688972,
              34.9110770749
            ],
            [
              134.0629629455,
              34.9109552167
            ],
            [
              134.06170948,
              34.9122054899
            ],
            [
              134.0593891827,
              34.9120022111
            ],
            [
              134.0585725727,
              34.9123448181
            ],
            [
              134.0573311668,
              34.9130954962
            ],
            [
              134.0567820259,
              34.9133021426
            ],
            [
              134.0562655954,
              34.9136847221
            ],
            [
              134.0557289757,
              34.9135536876
            ],
            [
              134.0550192578,
              34.9131967376
            ],
            [
              134.0540503983,
              34.9124679537
            ],
            [
              134.0536484112,
              34.9123162329
            ],
            [
              134.0531775942,
              34.9124184579
            ],
            [
              134.0520030505,
              34.9134751129
            ],
            [
              134.0511459813,
              34.914913732
            ],
            [
              134.0506215907,
              34.9154139573
            ],
            [
              134.0500459238,
              34.9155933966
            ],
            [
              134.0494087514,
              34.9154196298
            ],
            [
              134.0477939853,
              34.9137364378
            ],
            [
              134.0471215574,
              34.9131375338
            ],
            [
              134.0467925519,
              34.9115766763
            ],
            [
              134.0468876448,
              34.9107320239
            ],
            [
              134.0471402235,
              34.9098983095
            ],
            [
              134.0475254099,
              34.9090492024
            ],
            [
              134.0489918322,
              34.9085765623
            ],
            [
              134.049618681,
              34.9086116348
            ],
            [
              134.0513458802,
              34.908977699
            ],
            [
              134.0519489918,
              34.9089170595
            ],
            [
              134.0523909602,
              34.9087584254
            ],
            [
              134.0537471022,
              34.9085779669
            ],
            [
              134.0549164458,
              34.908520315
            ],
            [
              134.0556326993,
              34.9083727957
            ],
            [
              134.0566954387,
              34.9077528457
            ],
            [
              134.0570685661,
              34.9072525189
            ],
            [
              134.0574166858,
              34.9061713637
            ],
            [
              134.0577518401,
              34.9057552521
            ],
            [
              134.0584616241,
              34.9054957859
            ],
            [
              134.0593896291,
              34.9053421061
            ],
            [
              134.0606490011,
              34.9054070092
            ],
            [
              134.0612199871,
              34.9052841302
            ],
            [
              134.0617703576,
              34.9048863115
            ],
            [
              134.0626378377,
              34.9046266139
            ],
            [
              134.064059496,
              34.9044435808
            ],
            [
              134.0659055422,
              34.9045142467
            ],
            [
              134.0667715867,
              34.9046978737
            ],
            [
              134.0669661733,
              34.9044500391
            ],
            [
              134.0683205913,
              34.9040857334
            ],
            [
              134.0691675221,
              34.9040064581
            ],
            [
              134.0706451908,
              34.9037178288
            ],
            [
              134.0733589798,
              34.9035493718
            ],
            [
              134.0745116502,
              34.9053100197
            ],
            [
              134.0750306034,
              34.905884132
            ],
            [
              134.0754580841,
              34.905603811
            ],
            [
              134.0759948305,
              34.9054544356
            ],
            [
              134.0764090865,
              34.9055054536
            ],
            [
              134.0771165898,
              34.9060000868
            ],
            [
              134.0791871196,
              34.9077656435
            ],
            [
              134.0808651959,
              34.9090644645
            ],
            [
              134.0823415642,
              34.9105686436
            ],
            [
              134.0833123851,
              34.9119865486
            ],
            [
              134.0838713883,
              34.9125500687
            ],
            [
              134.0845828481,
              34.9130886833
            ],
            [
              134.0847891548,
              34.9133903994
            ],
            [
              134.0849099174,
              34.9137721592
            ],
            [
              134.0849652154,
              34.9156400499
            ],
            [
              134.0848689793,
              34.9160748239
            ],
            [
              134.0840611379,
              34.9162546719
            ],
            [
              134.083394201,
              34.916523755
            ],
            [
              134.0811745138,
              34.9178512123
            ],
            [
              134.0802954716,
              34.9180084208
            ],
            [
              134.0797649387,
              34.9178641373
            ],
            [
              134.079553097,
              34.9176887507
            ],
            [
              134.0784950251,
              34.9164301622
            ],
            [
              134.0778013065,
              34.915991277
            ],
            [
              134.0773287443,
              34.9158311875
            ],
            [
              134.0762960612,
              34.9157336546
            ],
            [
              134.0754026738,
              34.9158629082
            ],
            [
              134.0750527779,
              34.9156979279
            ],
            [
              134.073619747,
              34.9154680335
            ],
            [
              134.0729166211,
              34.9155066086
            ],
            [
              134.0718132616,
              34.9157286253
            ],
            [
              134.069931565,
              34.9156556619
            ],
            [
              134.069127386,
              34.915386982
            ],
            [
              134.0687519695,
              34.9150846555
            ],
            [
              134.0685963924,
              34.9146968153
            ],
            [
              134.0685673159,
              34.9139818994
            ],
            [
              134.0687114231,
              34.913064949
            ],
            [
              134.0686921271,
              34.9125654248
            ],
            [
              134.0686310011,
              34.9120658099
            ],
            [
              134.0684645063,
              34.9118242972
            ],
            [
              134.0671787026,
              34.9109633644
            ],
            [
              134.0666279165,
              34.9107610042
            ],
            [
              134.06567698,
              34.910629665
            ],
            [
              134.0653268238,
              34.9106073386
            ],
            [
              134.0638192579,
              34.9112499752
            ]
          ]
        ]
      }
    },
    {
      "type": "Feature",
      "properties": {
        "key_code": "332130830",
        "pref": "岡山県",
        "city": "赤磐市",
        "ward": "",
        "district": "中山",
        "name": "赤磐市  中山"
      },
      "geometry": {
        "type": "Polygon",
        "coordinates": [
          [
            [
              134.0667715867,
              34.9046978737
            ],
            [
              134.0659055422,
              34.9045142467
            ],
            [
              134.064059496,
              34.9044435808
            ],
            [
              134.0626378377,
              34.9046266139
            ],
            [
              134.0617703576,
              34.9048863115
            ],
            [
              134.0612199871,
              34.9052841302
            ],
            [
              134.0606490011,
              34.9054070092
            ],
            [
              134.0593896291,
              34.9053421061
            ],
            [
              134.0584616241,
              34.9054957859
            ],
            [
              134.0577518401,
              34.9057552521
            ],
            [
              134.0574166858,
              34.9061713637
            ],
            [
              134.0570685661,
              34.9072525189
            ],
            [
              134.0566954387,
              34.9077528457
            ],
            [
              134.0556326993,
              34.9083727957
            ],
            [
              134.0549164458,
              34.908520315
            ],
            [
              134.0537471022,
              34.9085779669
            ],
            [
              134.0523909602,
              34.9087584254
            ],
            [
              134.0519489918,
              34.9089170595
            ],
            [
              134.0513458802,
              34.908977699
            ],
            [
              134.049618681,
              34.9086116348
            ],
            [
              134.0489918322,
              34.9085765623
            ],
            [
              134.0475254099,
              34.9090492024
            ],
            [
              134.0476822336,
              34.9081761696
            ],
            [
              134.0476617172,
              34.9077183955
            ],
            [
              134.0470333923,
              34.9060451026
            ],
            [
              134.0470889139,
              34.9055467998
            ],
            [
              134.0470417131,
              34.9051981281
            ],
            [
              134.046679811,
              34.9040088279
            ],
            [
              134.0466810418,
              34.9036540032
            ],
            [
              134.0472418876,
              34.9026932601
            ],
            [
              134.0473965644,
              34.9022100529
            ],
            [
              134.0472895908,
              34.9020147065
            ],
            [
              134.0468816233,
              34.9016944062
            ],
            [
              134.0462897485,
              34.9015169205
            ],
            [
              134.0470542716,
              34.9008727541
            ],
            [
              134.0474349134,
              34.90020309
            ],
            [
              134.0474825769,
              34.8995597514
            ],
            [
              134.0470959167,
              34.8987984678
            ],
            [
              134.0465246539,
              34.898118653
            ],
            [
              134.045647452,
              34.8973651386
            ],
            [
              134.0447550167,
              34.8967434279
            ],
            [
              134.0440770068,
              34.8961146893
            ],
            [
              134.04362925,
              34.8951199807
            ],
            [
              134.0436203367,
              34.8942803726
            ],
            [
              134.0438540048,
              34.8932071065
            ],
            [
              134.0435346171,
              34.8922568891
            ],
            [
              134.0434840456,
              34.8905150643
            ],
            [
              134.0442069362,
              34.8904424246
            ],
            [
              134.0460884608,
              34.8905383322
            ],
            [
              134.0473292535,
              34.8904888787
            ],
            [
              134.0484009868,
              34.8910353348
            ],
            [
              134.0497516753,
              34.8914053792
            ],
            [
              134.050324099,
              34.8914591924
            ],
            [
              134.0564422847,
              34.8907198409
            ],
            [
              134.0574124933,
              34.8907220603
            ],
            [
              134.0589303895,
              34.8910466096
            ],
            [
              134.0638818757,
              34.8927979078
            ],
            [
              134.0653272402,
              34.893518171
            ],
            [
              134.0646970398,
              34.8940528317
            ],
            [
              134.0646953252,
              34.8944341434
            ],
            [
              134.0656810857,
              34.8948680723
            ],
            [
              134.0676488253,
              34.8953014709
            ],
            [
              134.0691460227,
              34.8957670578
            ],
            [
              134.0711526934,
              34.8969336074
            ],
            [
              134.0721738728,
              34.8977492992
            ],
            [
              134.0727566103,
              34.8984634534
            ],
            [
              134.0729498403,
              34.8990162589
            ],
            [
              134.0731248394,
              34.8995638126
            ],
            [
              134.0731222715,
              34.9003772875
            ],
            [
              134.0732782066,
              34.9011708166
            ],
            [
              134.0729784707,
              34.9024545625
            ],
            [
              134.0733589798,
              34.9035493718
            ],
            [
              134.0706451908,
              34.9037178288
            ],
            [
              134.0691675221,
              34.9040064581
            ],
            [
              134.0683205913,
              34.9040857334
            ],
            [
              134.0669661733,
              34.9044500391
            ],
            [
              134.0667715867,
              34.9046978737
            ]
          ]
        ]
      }
    },
    {
      "type": "Feature",
      "properties": {
        "key_code": "33213084001",
        "pref": "岡山県",
        "city": "赤磐市",
        "ward": "",
        "district": "稲蒔",
        "name": "赤磐市  稲蒔"
      },
      "geometry": {
        "type": "Polygon",
        "coordinates": [
          [
            [
              134.0860765242,
              34.8962512474
            ],
            [
              134.0831425812,
              34.8967147622
            ],
            [
              134.0831972842,
              34.8963413787
            ],
            [
              134.0837477381,
              34.8951708165
            ],
            [
              134.0844921232,
              34.8944640768
            ],
            [
              134.0848482133,
              34.8942620991
            ],
            [
              134.0856301785,
              34.894038306
            ],
            [
              134.0857324325,
              34.893806722
            ],
            [
              134.0857261664,
              34.8932916388
            ],
            [
              134.0860017397,
              34.8925776647
            ],
            [
              134.0860114768,
              34.8919337952
            ],
            [
              134.0859343863,
              34.8915796466
            ],
            [
              134.0861674514,
              34.8907076776
            ],
            [
              134.0860039274,
              34.8905271101
            ],
            [
              134.0859192328,
              34.8901085008
            ],
            [
              134.0862284612,
              34.8893107814
            ],
            [
              134.0862533433,
              34.8882928062
            ],
            [
              134.0859035293,
              34.887536641
            ],
            [
              134.0858006459,
              34.886991358
            ],
            [
              134.0843684831,
              34.8841237276
            ],
            [
              134.0837936075,
              34.8833758221
            ],
            [
              134.0821505327,
              34.8820714856
            ],
            [
              134.0818619175,
              34.8815337027
            ],
            [
              134.0812742765,
              34.8802500569
            ],
            [
              134.0805479388,
              34.8772180835
            ],
            [
              134.0810827512,
              34.8772996893
            ],
            [
              134.0815925179,
              34.8772112907
            ],
            [
              134.0823803246,
              34.8770023184
            ],
            [
              134.0830858359,
              34.8766110373
            ],
            [
              134.0838010044,
              34.8764502927
            ],
            [
              134.0843187453,
              34.8765025499
            ],
            [
              134.0847608892,
              34.8764351998
            ],
            [
              134.0853765826,
              34.8760551482
            ],
            [
              134.0856122481,
              34.8757482698
            ],
            [
              134.0863727574,
              34.8754368308
            ],
            [
              134.0868296497,
              34.8749003031
            ],
            [
              134.0870275242,
              34.8748336565
            ],
            [
              134.0878412822,
              34.8748927166
            ],
            [
              134.0879693329,
              34.8748355754
            ],
            [
              134.0882276111,
              34.8739831781
            ],
            [
              134.0884262662,
              34.8736385382
            ],
            [
              134.0888685825,
              34.8734765282
            ],
            [
              134.0892755889,
              34.873467774
            ],
            [
              134.0912555756,
              34.8743294753
            ],
            [
              134.0915778106,
              34.8754992078
            ],
            [
              134.0920068104,
              34.8759217379
            ],
            [
              134.0925064938,
              34.8760281713
            ],
            [
              134.0929256568,
              34.8758277144
            ],
            [
              134.0933333328,
              34.8755794818
            ],
            [
              134.0935898841,
              34.8753211582
            ],
            [
              134.0936952079,
              34.8750818317
            ],
            [
              134.0939516482,
              34.874861892
            ],
            [
              134.0952183367,
              34.8751135834
            ],
            [
              134.0964554728,
              34.8755424075
            ],
            [
              134.0967969853,
              34.8759411522
            ],
            [
              134.0972881618,
              34.8760881169
            ],
            [
              134.0975241328,
              34.8762627524
            ],
            [
              134.0977428308,
              34.876714147
            ],
            [
              134.0980674911,
              34.8770405904
            ],
            [
              134.0988117179,
              34.8770324554
            ],
            [
              134.0990498297,
              34.8771239833
            ],
            [
              134.1007418829,
              34.8783335754
            ],
            [
              134.1023475156,
              34.8788169112
            ],
            [
              134.103624101,
              34.8787770065
            ],
            [
              134.1041264328,
              34.8810195482
            ],
            [
              134.1040208899,
              34.8813452316
            ],
            [
              134.1036007424,
              34.8819002054
            ],
            [
              134.1029718952,
              34.8822248277
            ],
            [
              134.1021340378,
              34.8824341084
            ],
            [
              134.0984875048,
              34.8827577273
            ],
            [
              134.0971961128,
              34.8829660994
            ],
            [
              134.096253471,
              34.8832325338
            ],
            [
              134.0955199915,
              34.8835378272
            ],
            [
              134.0942971087,
              34.8842062161
            ],
            [
              134.0934224263,
              34.8850862252
            ],
            [
              134.0932233258,
              34.885574488
            ],
            [
              134.093365832,
              34.8865762372
            ],
            [
              134.0940126828,
              34.8880917217
            ],
            [
              134.0967196301,
              34.8910630239
            ],
            [
              134.0978198169,
              34.8927038096
            ],
            [
              134.0977857231,
              34.8944719252
            ],
            [
              134.0973600396,
              34.8969339133
            ],
            [
              134.0967767981,
              34.8975365125
            ],
            [
              134.0963804757,
              34.8978520474
            ],
            [
              134.0912741984,
              34.8960163462
            ],
            [
              134.0898808005,
              34.8952565193
            ],
            [
              134.0888346909,
              34.8950532089
            ],
            [
              134.0883229758,
              34.8950521831
            ],
            [
              134.0880639079,
              34.8951578721
            ],
            [
              134.0860765242,
              34.8962512474
            ]
          ]
        ]
      }
    },
    {
      "type": "Feature",
      "properties": {
        "key_code": "33213084002",
        "pref": "岡山県",
        "city": "赤磐市",
        "ward": "",
        "district": "稲蒔",
        "name": "赤磐市  稲蒔"
      },
      "geometry": {
        "type": "Polygon",
        "coordinates": [
          [
            [
              134.0831425812,
              34.8967147622
            ],
            [
              134.0826517474,
              34.8966533955
            ],
            [
              134.0813786213,
              34.8959865377
            ],
            [
              134.0799916518,
              34.8954009186
            ],
            [
              134.0793042183,
              34.8949284455
            ],
            [
              134.0785483662,
              34.8940784387
            ],
            [
              134.0772515737,
              34.8939791585
            ],
            [
              134.0769435605,
              34.8940509858
            ],
            [
              134.0760258977,
              34.894562296
            ],
            [
              134.075127097,
              34.8949075587
            ],
            [
              134.0742179625,
              34.8950385344
            ],
            [
              134.0729264718,
              34.8944168225
            ],
            [
              134.0701237688,
              34.8942507506
            ],
            [
              134.0691568211,
              34.8941158105
            ],
            [
              134.067956675,
              34.893569663
            ],
            [
              134.0666541454,
              34.8928371312
            ],
            [
              134.0661247995,
              34.8920101548
            ],
            [
              134.066156638,
              34.8917280043
            ],
            [
              134.0664235902,
              34.8912980406
            ],
            [
              134.0670973426,
              34.8906230873
            ],
            [
              134.0672483425,
              34.8903110515
            ],
            [
              134.0673687133,
              34.8899549275
            ],
            [
              134.0675424404,
              34.8885891347
            ],
            [
              134.0678293544,
              34.8882660521
            ],
            [
              134.0687450739,
              34.8878250899
            ],
            [
              134.0690413972,
              34.8875973188
            ],
            [
              134.0692482591,
              34.8867832134
            ],
            [
              134.070912106,
              34.8852651929
            ],
            [
              134.0714124111,
              34.884345025
            ],
            [
              134.0715069767,
              34.8840079321
            ],
            [
              134.0714588794,
              34.8833850774
            ],
            [
              134.0715234278,
              34.8826659017
            ],
            [
              134.0717570416,
              34.8817064239
            ],
            [
              134.071820957,
              34.8804691552
            ],
            [
              134.0727170483,
              34.8801808909
            ],
            [
              134.0742631072,
              34.8792015209
            ],
            [
              134.0759198596,
              34.8783234283
            ],
            [
              134.0768677308,
              34.877988195
            ],
            [
              134.0805479388,
              34.8772180835
            ],
            [
              134.0812742765,
              34.8802500569
            ],
            [
              134.0818619175,
              34.8815337027
            ],
            [
              134.0821505327,
              34.8820714856
            ],
            [
              134.0837936075,
              34.8833758221
            ],
            [
              134.0843684831,
              34.8841237276
            ],
            [
              134.0858006459,
              34.886991358
            ],
            [
              134.0859035293,
              34.887536641
            ],
            [
              134.0862533433,
              34.8882928062
            ],
            [
              134.0862284612,
              34.8893107814
            ],
            [
              134.0859192328,
              34.8901085008
            ],
            [
              134.0860039274,
              34.8905271101
            ],
            [
              134.0861674514,
              34.8907076776
            ],
            [
              134.0859343863,
              34.8915796466
            ],
            [
              134.0860114768,
              34.8919337952
            ],
            [
              134.0860017397,
              34.8925776647
            ],
            [
              134.0857261664,
              34.8932916388
            ],
            [
              134.0857324325,
              34.893806722
            ],
            [
              134.0856301785,
              34.894038306
            ],
            [
              134.0848482133,
              34.8942620991
            ],
            [
              134.0844921232,
              34.8944640768
            ],
            [
              134.0837477381,
              34.8951708165
            ],
            [
              134.0831972842,
              34.8963413787
            ],
            [
              134.0831425812,
              34.8967147622
            ]
          ]
        ]
      }
    },
    {
      "type": "Feature",
      "properties": {
        "key_code": "332130850",
        "pref": "岡山県",
        "city": "赤磐市",
        "ward": "",
        "district": "光木",
        "name": "赤磐市  光木"
      },
      "geometry": {
        "type": "Polygon",
        "coordinates": [
          [
            [
              134.0662327057,
              34.8922037273
            ],
            [
              134.0656552819,
              34.8915749096
            ],
            [
              134.0653522711,
              34.8914226733
            ],
            [
              134.063190853,
              34.8907435127
            ],
            [
              134.0627438544,
              34.8902813373
            ],
            [
              134.0624050145,
              34.8894069565
            ],
            [
              134.0609442725,
              34.888660094
            ],
            [
              134.0601904432,
              34.8887666622
            ],
            [
              134.0600153908,
              34.8887085871
            ],
            [
              134.0598495275,
              34.8885277024
            ],
            [
              134.0596584325,
              34.8880291157
            ],
            [
              134.0592662969,
              34.8873856903
            ],
            [
              134.0588289988,
              34.887153688
            ],
            [
              134.0581760449,
              34.8872208058
            ],
            [
              134.0576245245,
              34.887089537
            ],
            [
              134.057052556,
              34.8864136519
            ],
            [
              134.0564491742,
              34.8863361392
            ],
            [
              134.0559455642,
              34.8858934569
            ],
            [
              134.0556007294,
              34.8858621709
            ],
            [
              134.054309627,
              34.8860597218
            ],
            [
              134.0539223589,
              34.8858253525
            ],
            [
              134.053318847,
              34.8857884628
            ],
            [
              134.0527712454,
              34.8856094997
            ],
            [
              134.0521751502,
              34.8852020872
            ],
            [
              134.0519788188,
              34.884978296
            ],
            [
              134.0514704818,
              34.8850303612
            ],
            [
              134.0509461218,
              34.8852626881
            ],
            [
              134.0506382244,
              34.8852415459
            ],
            [
              134.0503367067,
              34.8851545654
            ],
            [
              134.0500300125,
              34.8847833847
            ],
            [
              134.0498577103,
              34.8847322018
            ],
            [
              134.0487924448,
              34.8846383588
            ],
            [
              134.0475033708,
              34.8842521163
            ],
            [
              134.0469363302,
              34.8843624808
            ],
            [
              134.0466469879,
              34.8843160881
            ],
            [
              134.0461117986,
              34.8841219142
            ],
            [
              134.0459091901,
              34.883933668
            ],
            [
              134.0454564071,
              34.8839503424
            ],
            [
              134.0452195882,
              34.8838609678
            ],
            [
              134.0444486212,
              34.8832830898
            ],
            [
              134.0442714574,
              34.8828664279
            ],
            [
              134.0440870362,
              34.8827644997
            ],
            [
              134.0437853766,
              34.8827232135
            ],
            [
              134.0428424688,
              34.8828732308
            ],
            [
              134.0425038635,
              34.8828267119
            ],
            [
              134.0422212263,
              34.8826330586
            ],
            [
              134.0420407173,
              34.8818793833
            ],
            [
              134.0419847854,
              34.8811662216
            ],
            [
              134.0420200328,
              34.8799486518
            ],
            [
              134.0422298564,
              34.878005933
            ],
            [
              134.042963306,
              34.8782679887
            ],
            [
              134.0446352366,
              34.8783716848
            ],
            [
              134.0471032972,
              34.8781170499
            ],
            [
              134.0474740632,
              34.8782741336
            ],
            [
              134.0483630862,
              34.8788831913
            ],
            [
              134.0491471634,
              34.8796324349
            ],
            [
              134.049657558,
              34.8799778216
            ],
            [
              134.0511405178,
              34.8806290963
            ],
            [
              134.0555113597,
              34.8835462743
            ],
            [
              134.0573247176,
              34.8842757112
            ],
            [
              134.0580433728,
              34.8843107287
            ],
            [
              134.0590326148,
              34.8842317636
            ],
            [
              134.0608424861,
              34.8834942543
            ],
            [
              134.0616096142,
              34.882397376
            ],
            [
              134.0626525503,
              34.8815580347
            ],
            [
              134.0630770476,
              34.8810982824
            ],
            [
              134.0648439591,
              34.8810339209
            ],
            [
              134.0657829674,
              34.8808566583
            ],
            [
              134.0667943502,
              34.8803385187
            ],
            [
              134.0690710948,
              34.8793977718
            ],
            [
              134.0699809149,
              34.8792981694
            ],
            [
              134.0701648107,
              34.8796476921
            ],
            [
              134.0703582324,
              34.8798060842
            ],
            [
              134.071820957,
              34.8804691552
            ],
            [
              134.0717570416,
              34.8817064239
            ],
            [
              134.0715234278,
              34.8826659017
            ],
            [
              134.0714588794,
              34.8833850774
            ],
            [
              134.0715069767,
              34.8840079321
            ],
            [
              134.0714124111,
              34.884345025
            ],
            [
              134.070912106,
              34.8852651929
            ],
            [
              134.0692482591,
              34.8867832134
            ],
            [
              134.0690413972,
              34.8875973188
            ],
            [
              134.0687450739,
              34.8878250899
            ],
            [
              134.0678293544,
              34.8882660521
            ],
            [
              134.0675424404,
              34.8885891347
            ],
            [
              134.0673687133,
              34.8899549275
            ],
            [
              134.0672483425,
              34.8903110515
            ],
            [
              134.0670973426,
              34.8906230873
            ],
            [
              134.0662417952,
              34.8915239386
            ],
            [
              134.0661247995,
              34.8920101548
            ],
            [
              134.0662327057,
              34.8922037273
            ]
          ]
        ]
      }
    },
    {
      "type": "Feature",
      "properties": {
        "key_code": "33213086001",
        "pref": "岡山県",
        "city": "赤磐市",
        "ward": "",
        "district": "石仁軒屋",
        "name": "赤磐市  石仁軒屋"
      },
      "geometry": {
        "type": "Polygon",
        "coordinates": [
          [
            [
              134.0632858833,
              34.8807932133
            ],
            [
              134.0626525503,
              34.8815580347
            ],
            [
              134.0616096142,
              34.882397376
            ],
            [
              134.0608424861,
              34.8834942543
            ],
            [
              134.0590326148,
              34.8842317636
            ],
            [
              134.0580433728,
              34.8843107287
            ],
            [
              134.0573247176,
              34.8842757112
            ],
            [
              134.0563469248,
              34.8839203418
            ],
            [
              134.0559476118,
              34.8816809281
            ],
            [
              134.0555609409,
              34.8800440775
            ],
            [
              134.0552028062,
              34.8790383522
            ],
            [
              134.0548499128,
              34.878319573
            ],
            [
              134.0538390507,
              34.8771076874
            ],
            [
              134.0537017116,
              34.8767031033
            ],
            [
              134.0536913189,
              34.8762102817
            ],
            [
              134.0538213027,
              34.8756067842
            ],
            [
              134.0537767142,
              34.874939992
            ],
            [
              134.0534089208,
              34.874460012
            ],
            [
              134.0528121254,
              34.8741202922
            ],
            [
              134.0516435596,
              34.873714524
            ],
            [
              134.0506760606,
              34.8732715314
            ],
            [
              134.0496159042,
              34.8723329848
            ],
            [
              134.0491415308,
              34.8715523636
            ],
            [
              134.048885697,
              34.8709440988
            ],
            [
              134.0487805813,
              34.8703737953
            ],
            [
              134.0490045274,
              34.8693846401
            ],
            [
              134.0493023238,
              34.8687118144
            ],
            [
              134.051057887,
              34.8700708184
            ],
            [
              134.0522914293,
              34.8708402278
            ],
            [
              134.052771637,
              34.8709205672
            ],
            [
              134.0530698974,
              34.8708103973
            ],
            [
              134.0536978687,
              34.8698138461
            ],
            [
              134.0541704282,
              34.8693080472
            ],
            [
              134.0549111399,
              34.8690721812
            ],
            [
              134.0547846437,
              34.8695391224
            ],
            [
              134.0548403631,
              34.8701174793
            ],
            [
              134.0550791516,
              34.8705535643
            ],
            [
              134.0555299651,
              34.8708001815
            ],
            [
              134.0552247705,
              34.8715478764
            ],
            [
              134.0551802469,
              34.8719318998
            ],
            [
              134.055400006,
              34.8723046247
            ],
            [
              134.0559373861,
              34.8725355929
            ],
            [
              134.0569075321,
              34.8726645024
            ],
            [
              134.0588537223,
              34.8724247212
            ],
            [
              134.0598179602,
              34.8724082262
            ],
            [
              134.0608935854,
              34.8725171147
            ],
            [
              134.0617875785,
              34.8728773094
            ],
            [
              134.06227152,
              34.8732732845
            ],
            [
              134.0625761661,
              34.873800002
            ],
            [
              134.0628642531,
              34.8745271983
            ],
            [
              134.0628339475,
              34.8749864777
            ],
            [
              134.0625727111,
              34.8755323694
            ],
            [
              134.061471431,
              34.8772961816
            ],
            [
              134.0613705572,
              34.8777579804
            ],
            [
              134.0614329556,
              34.8782589494
            ],
            [
              134.0616218714,
              34.8787293549
            ],
            [
              134.062822225,
              34.8796565603
            ],
            [
              134.0633508972,
              34.8802848449
            ],
            [
              134.0632858833,
              34.8807932133
            ]
          ]
        ]
      }
    },
    {
      "type": "Feature",
      "properties": {
        "key_code": "33213086002",
        "pref": "岡山県",
        "city": "赤磐市",
        "ward": "",
        "district": "石石",
        "name": "赤磐市  石石"
      },
      "geometry": {
        "type": "Polygon",
        "coordinates": [
          [
            [
              134.0563469248,
              34.8839203418
            ],
            [
              134.0555113597,
              34.8835462743
            ],
            [
              134.0511405178,
              34.8806290963
            ],
            [
              134.049657558,
              34.8799778216
            ],
            [
              134.0491471634,
              34.8796324349
            ],
            [
              134.0483630862,
              34.8788831913
            ],
            [
              134.0474740632,
              34.8782741336
            ],
            [
              134.0471032972,
              34.8781170499
            ],
            [
              134.0446352366,
              34.8783716848
            ],
            [
              134.042963306,
              34.8782679887
            ],
            [
              134.0414168705,
              34.8776823388
            ],
            [
              134.0410270855,
              34.8774639184
            ],
            [
              134.0406081584,
              34.8769262384
            ],
            [
              134.0403155417,
              34.8762754684
            ],
            [
              134.0399037259,
              34.8757416067
            ],
            [
              134.0394671224,
              34.8754393968
            ],
            [
              134.0391561823,
              34.875331453
            ],
            [
              134.0379571703,
              34.875231924
            ],
            [
              134.0376144552,
              34.8751200253
            ],
            [
              134.037048388,
              34.8747007906
            ],
            [
              134.036137127,
              34.8737217079
            ],
            [
              134.0360319911,
              34.8737049711
            ],
            [
              134.0362139389,
              34.8731199292
            ],
            [
              134.0359529616,
              34.8720206552
            ],
            [
              134.0359549252,
              34.8714752496
            ],
            [
              134.036115264,
              34.8711827926
            ],
            [
              134.0366806886,
              34.8706894001
            ],
            [
              134.0369496059,
              34.8701604913
            ],
            [
              134.0371889062,
              34.8693464836
            ],
            [
              134.0375692067,
              34.8687086823
            ],
            [
              134.0383195928,
              34.8679851489
            ],
            [
              134.0387024299,
              34.8672606517
            ],
            [
              134.0407440836,
              34.8644329638
            ],
            [
              134.0412084627,
              34.8635139852
            ],
            [
              134.0413645372,
              34.863033466
            ],
            [
              134.0432410936,
              34.8639864936
            ],
            [
              134.0440814427,
              34.8647415963
            ],
            [
              134.0455591984,
              34.8652593732
            ],
            [
              134.0458093684,
              34.8656341568
            ],
            [
              134.0469133486,
              34.8665560758
            ],
            [
              134.0477699803,
              34.8667192293
            ],
            [
              134.0485282234,
              34.8669744094
            ],
            [
              134.04867178,
              34.8671410995
            ],
            [
              134.0487658801,
              34.8677194766
            ],
            [
              134.04893738,
              34.8681475972
            ],
            [
              134.0493023238,
              34.8687118144
            ],
            [
              134.0490045274,
              34.8693846401
            ],
            [
              134.0487805813,
              34.8703737953
            ],
            [
              134.048885697,
              34.8709440988
            ],
            [
              134.0491415308,
              34.8715523636
            ],
            [
              134.0496159042,
              34.8723329848
            ],
            [
              134.0506760606,
              34.8732715314
            ],
            [
              134.0516435596,
              34.873714524
            ],
            [
              134.0528121254,
              34.8741202922
            ],
            [
              134.0534089208,
              34.874460012
            ],
            [
              134.0537767142,
              34.874939992
            ],
            [
              134.0538213027,
              34.8756067842
            ],
            [
              134.0536913189,
              34.8762102817
            ],
            [
              134.0537017116,
              34.8767031033
            ],
            [
              134.0538390507,
              34.8771076874
            ],
            [
              134.0548499128,
              34.878319573
            ],
            [
              134.0552028062,
              34.8790383522
            ],
            [
              134.0555609409,
              34.8800440775
            ],
            [
              134.0559476118,
              34.8816809281
            ],
            [
              134.0563469248,
              34.8839203418
            ]
          ]
        ]
      }
    },
    {
      "type": "Feature",
      "properties": {
        "key_code": "332130870",
        "pref": "岡山県",
        "city": "赤磐市",
        "ward": "",
        "district": "八島田",
        "name": "赤磐市  八島田"
      },
      "geometry": {
        "type": "Polygon",
        "coordinates": [
          [
            [
              134.0556085738,
              34.8688400859
            ],
            [
              134.0541704282,
              34.8693080472
            ],
            [
              134.0536978687,
              34.8698138461
            ],
            [
              134.0530698974,
              34.8708103973
            ],
            [
              134.052771637,
              34.8709205672
            ],
            [
              134.0522914293,
              34.8708402278
            ],
            [
              134.0507524037,
              34.8698743866
            ],
            [
              134.0493023238,
              34.8687118144
            ],
            [
              134.04893738,
              34.8681475972
            ],
            [
              134.0487658801,
              34.8677194766
            ],
            [
              134.04867178,
              34.8671410995
            ],
            [
              134.0485282234,
              34.8669744094
            ],
            [
              134.0477699803,
              34.8667192293
            ],
            [
              134.0469133486,
              34.8665560758
            ],
            [
              134.0458093684,
              34.8656341568
            ],
            [
              134.0455591984,
              34.8652593732
            ],
            [
              134.0440814427,
              34.8647415963
            ],
            [
              134.0432410936,
              34.8639864936
            ],
            [
              134.0413645372,
              34.863033466
            ],
            [
              134.0416306906,
              34.8619699108
            ],
            [
              134.0417747212,
              34.862013851
            ],
            [
              134.0421238011,
              34.8617775486
            ],
            [
              134.0431085459,
              34.8616052315
            ],
            [
              134.0432605848,
              34.8614308582
            ],
            [
              134.0433144346,
              34.8611875829
            ],
            [
              134.0429436637,
              34.8600603962
            ],
            [
              134.0429902137,
              34.8597360394
            ],
            [
              134.0432871622,
              34.85925001
            ],
            [
              134.0433011215,
              34.8578404715
            ],
            [
              134.0472733389,
              34.8577145492
            ],
            [
              134.0478330594,
              34.8575678894
            ],
            [
              134.048843648,
              34.8568076439
            ],
            [
              134.049009509,
              34.8567624633
            ],
            [
              134.0500267224,
              34.8570864142
            ],
            [
              134.0507037657,
              34.8569570593
            ],
            [
              134.0517393188,
              34.8569594581
            ],
            [
              134.053495319,
              34.8573675587
            ],
            [
              134.0547171077,
              34.8574221253
            ],
            [
              134.0551443393,
              34.8571935028
            ],
            [
              134.0554298242,
              34.856857009
            ],
            [
              134.0555111737,
              34.8562738291
            ],
            [
              134.055935318,
              34.8553698503
            ],
            [
              134.0562544237,
              34.854915322
            ],
            [
              134.0591584468,
              34.8546117262
            ],
            [
              134.0595119163,
              34.8541970604
            ],
            [
              134.0599733055,
              34.8545453125
            ],
            [
              134.0610622537,
              34.8550997029
            ],
            [
              134.0616388705,
              34.85504697
            ],
            [
              134.0623428673,
              34.8551054434
            ],
            [
              134.063039611,
              34.8552663007
            ],
            [
              134.0641370863,
              34.8563871406
            ],
            [
              134.0644188415,
              34.8567918129
            ],
            [
              134.0644928321,
              34.857389565
            ],
            [
              134.0643327202,
              34.8577988971
            ],
            [
              134.0648177037,
              34.8583321266
            ],
            [
              134.0653464039,
              34.8592324543
            ],
            [
              134.065051839,
              34.8606489066
            ],
            [
              134.0651320681,
              34.8611037013
            ],
            [
              134.0650719612,
              34.8618639216
            ],
            [
              134.0647596183,
              34.862113401
            ],
            [
              134.0637016569,
              34.8622672841
            ],
            [
              134.0634993092,
              34.8625314406
            ],
            [
              134.0631112887,
              34.8635346972
            ],
            [
              134.0629754443,
              34.8639462689
            ],
            [
              134.0629603807,
              34.8643289504
            ],
            [
              134.063276689,
              34.8653309461
            ],
            [
              134.0631872883,
              34.8657603683
            ],
            [
              134.0630717166,
              34.8658875902
            ],
            [
              134.0604768666,
              34.866286518
            ],
            [
              134.0602639603,
              34.8666430501
            ],
            [
              134.0600358381,
              34.8673328928
            ],
            [
              134.0595067928,
              34.8683301886
            ],
            [
              134.0591912247,
              34.8687585365
            ],
            [
              134.0588056935,
              34.8690562908
            ],
            [
              134.0582977426,
              34.869265942
            ],
            [
              134.0573562171,
              34.869216275
            ],
            [
              134.0562619027,
              34.8688732662
            ],
            [
              134.0556085738,
              34.8688400859
            ]
          ]
        ]
      }
    },
    {
      "type": "Feature",
      "properties": {
        "key_code": "332130880",
        "pref": "岡山県",
        "city": "赤磐市",
        "ward": "",
        "district": "戸津野",
        "name": "赤磐市  戸津野"
      },
      "geometry": {
        "type": "Polygon",
        "coordinates": [
          [
            [
              134.0462897485,
              34.9015169205
            ],
            [
              134.0457314867,
              34.9018509773
            ],
            [
              134.0449638541,
              34.9021564295
            ],
            [
              134.0433586736,
              34.9026129073
            ],
            [
              134.0426561022,
              34.9026943208
            ],
            [
              134.0417253726,
              34.9029547051
            ],
            [
              134.039559608,
              34.9038706673
            ],
            [
              134.0385587576,
              34.9043948271
            ],
            [
              134.0372382081,
              34.9048762158
            ],
            [
              134.0363537113,
              34.9052799963
            ],
            [
              134.0355289807,
              34.9057925904
            ],
            [
              134.0340366782,
              34.9068780241
            ],
            [
              134.0334601419,
              34.9068566628
            ],
            [
              134.0319976285,
              34.9066169421
            ],
            [
              134.0310670645,
              34.9066465915
            ],
            [
              134.0306652677,
              34.9065681833
            ],
            [
              134.0300478744,
              34.9057409141
            ],
            [
              134.0295420544,
              34.9048615936
            ],
            [
              134.0288745551,
              34.9041024394
            ],
            [
              134.0279168758,
              34.9034093152
            ],
            [
              134.0271542369,
              34.9031584149
            ],
            [
              134.0265181408,
              34.9031043312
            ],
            [
              134.025706006,
              34.9033382054
            ],
            [
              134.024639141,
              34.9038224363
            ],
            [
              134.0246902526,
              34.9027488666
            ],
            [
              134.0244724776,
              34.9022050195
            ],
            [
              134.0240974795,
              34.9017124645
            ],
            [
              134.0237058299,
              34.901478694
            ],
            [
              134.0219336861,
              34.9013393442
            ],
            [
              134.0216487128,
              34.9011948657
            ],
            [
              134.0209713982,
              34.899951669
            ],
            [
              134.0209429699,
              34.8990826416
            ],
            [
              134.0202321421,
              34.8972676104
            ],
            [
              134.0200190055,
              34.8970122471
            ],
            [
              134.0200291663,
              34.8964177114
            ],
            [
              134.0194482087,
              34.8959229214
            ],
            [
              134.0194967702,
              34.8956616848
            ],
            [
              134.0196642686,
              34.8954073065
            ],
            [
              134.0204031527,
              34.8950367891
            ],
            [
              134.020618137,
              34.8948086616
            ],
            [
              134.0206830215,
              34.8944233038
            ],
            [
              134.0205301903,
              34.8939492068
            ],
            [
              134.0206499942,
              34.8937273849
            ],
            [
              134.0211099883,
              34.893708922
            ],
            [
              134.0214227695,
              34.8927754233
            ],
            [
              134.0213446326,
              34.8924680834
            ],
            [
              134.0225366001,
              34.8907495209
            ],
            [
              134.0226717148,
              34.8900910085
            ],
            [
              134.0247151246,
              34.889692391
            ],
            [
              134.0250970162,
              34.8895089813
            ],
            [
              134.0254181771,
              34.889228999
            ],
            [
              134.0256853031,
              34.8887928103
            ],
            [
              134.0259343994,
              34.8881540228
            ],
            [
              134.0259584624,
              34.8878268732
            ],
            [
              134.0265426461,
              34.8869974406
            ],
            [
              134.0270795949,
              34.8866279231
            ],
            [
              134.0277581795,
              34.8863230633
            ],
            [
              134.0277410589,
              34.887067025
            ],
            [
              134.0278819433,
              34.8873295144
            ],
            [
              134.028614868,
              34.8880224736
            ],
            [
              134.0299673228,
              34.8886744411
            ],
            [
              134.0304563752,
              34.8890265371
            ],
            [
              134.0308033654,
              34.8894101814
            ],
            [
              134.0309570225,
              34.8897294636
            ],
            [
              134.0309412217,
              34.8905162468
            ],
            [
              134.0311334436,
              34.8908782341
            ],
            [
              134.0316865525,
              34.8913580997
            ],
            [
              134.0321258691,
              34.8911997426
            ],
            [
              134.0326412788,
              34.8914030099
            ],
            [
              134.0338794387,
              34.8915762279
            ],
            [
              134.0342413536,
              34.8914069672
            ],
            [
              134.0351221937,
              34.8904840686
            ],
            [
              134.035550462,
              34.8898153547
            ],
            [
              134.0362097642,
              34.8894873746
            ],
            [
              134.036321563,
              34.8888975328
            ],
            [
              134.0367491014,
              34.8884307278
            ],
            [
              134.0371883475,
              34.8882829899
            ],
            [
              134.0377303834,
              34.8882630468
            ],
            [
              134.0389414417,
              34.8887975953
            ],
            [
              134.039430639,
              34.8891178262
            ],
            [
              134.0399710891,
              34.8895443163
            ],
            [
              134.0402673842,
              34.8896833565
            ],
            [
              134.0408070504,
              34.8903331704
            ],
            [
              134.041064953,
              34.890386969
            ],
            [
              134.0433173631,
              34.8902063974
            ],
            [
              134.0434840456,
              34.8905150643
            ],
            [
              134.0435346171,
              34.8922568891
            ],
            [
              134.0438540048,
              34.8932071065
            ],
            [
              134.0436203367,
              34.8942803726
            ],
            [
              134.04362925,
              34.8951199807
            ],
            [
              134.0440770068,
              34.8961146893
            ],
            [
              134.0447550167,
              34.8967434279
            ],
            [
              134.045647452,
              34.8973651386
            ],
            [
              134.0465246539,
              34.898118653
            ],
            [
              134.0470959167,
              34.8987984678
            ],
            [
              134.0474825769,
              34.8995597514
            ],
            [
              134.0474349134,
              34.90020309
            ],
            [
              134.0470542716,
              34.9008727541
            ],
            [
              134.0462897485,
              34.9015169205
            ]
          ]
        ]
      }
    },
    {
      "type": "Feature",
      "properties": {
        "key_code": "332130890",
        "pref": "岡山県",
        "city": "赤磐市",
        "ward": "",
        "district": "中勢実",
        "name": "赤磐市  中勢実"
      },
      "geometry": {
        "type": "Polygon",
        "coordinates": [
          [
            [
              134.0096199439,
              34.8861459497
            ],
            [
              134.0122272203,
              34.8861981014
            ],
            [
              134.0125614705,
              34.8860760895
            ],
            [
              134.0130793039,
              34.8856784826
            ],
            [
              134.0132394441,
              34.8859726621
            ],
            [
              134.0161698407,
              34.8879649688
            ],
            [
              134.0171151949,
              34.8881972479
            ],
            [
              134.0180579733,
              34.8882825286
            ],
            [
              134.0202299369,
              34.8882990767
            ],
            [
              134.0210507605,
              34.8883884561
            ],
            [
              134.021592266,
              34.8887827722
            ],
            [
              134.0222917036,
              34.8894502603
            ],
            [
              134.0226717148,
              34.8900910085
            ],
            [
              134.0225366001,
              34.8907495209
            ],
            [
              134.0213446326,
              34.8924680834
            ],
            [
              134.0214227695,
              34.8927754233
            ],
            [
              134.0211099883,
              34.893708922
            ],
            [
              134.0206499942,
              34.8937273849
            ],
            [
              134.0205301903,
              34.8939492068
            ],
            [
              134.0206830215,
              34.8944233038
            ],
            [
              134.020618137,
              34.8948086616
            ],
            [
              134.0204031527,
              34.8950367891
            ],
            [
              134.0196642686,
              34.8954073065
            ],
            [
              134.0194967702,
              34.8956616848
            ],
            [
              134.0194482087,
              34.8959229214
            ],
            [
              134.0200291663,
              34.8964177114
            ],
            [
              134.0200190055,
              34.8970122471
            ],
            [
              134.0202321421,
              34.8972676104
            ],
            [
              134.0209429699,
              34.8990826416
            ],
            [
              134.0209713982,
              34.899951669
            ],
            [
              134.0215303297,
              34.9010442653
            ],
            [
              134.021791076,
              34.9012998194
            ],
            [
              134.0219336861,
              34.9013393442
            ],
            [
              134.0237058299,
              34.901478694
            ],
            [
              134.0240974795,
              34.9017124645
            ],
            [
              134.0244724776,
              34.9022050195
            ],
            [
              134.0246902526,
              34.9027488666
            ],
            [
              134.0247042233,
              34.9032146512
            ],
            [
              134.024639141,
              34.9038224363
            ],
            [
              134.0242233746,
              34.9041993708
            ],
            [
              134.0224621891,
              34.9051057215
            ],
            [
              134.0215517794,
              34.90607327
            ],
            [
              134.0212466111,
              34.9068456623
            ],
            [
              134.0211797156,
              34.9077103683
            ],
            [
              134.0214902928,
              34.909716378
            ],
            [
              134.0212656019,
              34.9102400773
            ],
            [
              134.0205317172,
              34.9107885889
            ],
            [
              134.0192408299,
              34.9109128595
            ],
            [
              134.0157947879,
              34.9108755398
            ],
            [
              134.0137137671,
              34.9099645433
            ],
            [
              134.0130738281,
              34.9098261468
            ],
            [
              134.0124875003,
              34.9098624829
            ],
            [
              134.0111217262,
              34.9103200918
            ],
            [
              134.0099895335,
              34.9105037758
            ],
            [
              134.0082999374,
              34.9105517314
            ],
            [
              134.0079407572,
              34.9103603286
            ],
            [
              134.0076025414,
              34.9105704982
            ],
            [
              134.0070411576,
              34.910726752
            ],
            [
              134.0058584999,
              34.910365998
            ],
            [
              134.0047037927,
              34.9104059095
            ],
            [
              134.0020798953,
              34.9101367106
            ],
            [
              134.0027895084,
              34.9092791261
            ],
            [
              134.0031738872,
              34.9089707061
            ],
            [
              134.0032121082,
              34.9088098788
            ],
            [
              134.0026925331,
              34.9081741075
            ],
            [
              134.0013886164,
              34.9073598358
            ],
            [
              134.0014050149,
              34.9070194957
            ],
            [
              134.0016169374,
              34.9066301783
            ],
            [
              134.0022432206,
              34.9059510484
            ],
            [
              134.0023530647,
              34.9057254107
            ],
            [
              134.002300779,
              34.9047134796
            ],
            [
              134.0021000513,
              34.9041930219
            ],
            [
              134.0006469197,
              34.9031430989
            ],
            [
              134.0006775177,
              34.9030071133
            ],
            [
              134.0015415889,
              34.9020346699
            ],
            [
              134.0015950123,
              34.9018243741
            ],
            [
              134.0015436118,
              34.9015333604
            ],
            [
              134.001356502,
              34.901359593
            ],
            [
              134.0012523869,
              34.901099283
            ],
            [
              134.0011415234,
              34.9006472473
            ],
            [
              134.0015873494,
              34.899067191
            ],
            [
              134.0019467262,
              34.8984337473
            ],
            [
              134.0038155585,
              34.8969473612
            ],
            [
              134.0043819495,
              34.89618763
            ],
            [
              134.004533463,
              34.8958662501
            ],
            [
              134.0045403365,
              34.8949104735
            ],
            [
              134.0043464832,
              34.8947145091
            ],
            [
              134.0031746567,
              34.8947454105
            ],
            [
              134.0030773474,
              34.8946585183
            ],
            [
              134.002854604,
              34.8940081389
            ],
            [
              134.002014216,
              34.8937892077
            ],
            [
              134.0010963366,
              34.8932328463
            ],
            [
              134.0006103906,
              34.8926620991
            ],
            [
              134.0005299679,
              34.8921171843
            ],
            [
              134.0004478098,
              34.8919994142
            ],
            [
              133.9992084612,
              34.8909728193
            ],
            [
              133.9991559476,
              34.8904036122
            ],
            [
              133.9985971735,
              34.888756578
            ],
            [
              133.9983842337,
              34.886882027
            ],
            [
              133.9990132189,
              34.8864125285
            ],
            [
              134.0004473417,
              34.8862233634
            ],
            [
              134.0013567331,
              34.8862826228
            ],
            [
              134.0022401339,
              34.8861668614
            ],
            [
              134.0029007727,
              34.8855275602
            ],
            [
              134.0037986786,
              34.8848946044
            ],
            [
              134.0048047651,
              34.8845333636
            ],
            [
              134.0059940414,
              34.8846484906
            ],
            [
              134.0083741642,
              34.8857111036
            ],
            [
              134.0096199439,
              34.8861459497
            ]
          ]
        ]
      }
    },
    {
      "type": "Feature",
      "properties": {
        "key_code": "332130900",
        "pref": "岡山県",
        "city": "赤磐市",
        "ward": "",
        "district": "塩木",
        "name": "赤磐市  塩木"
      },
      "geometry": {
        "type": "Polygon",
        "coordinates": [
          [
            [
              134.0673899019,
              34.8931971036
            ],
            [
              134.0665689421,
              34.893200232
            ],
            [
              134.0658221898,
              34.8933307887
            ],
            [
              134.0653272402,
              34.893518171
            ],
            [
              134.0638818757,
              34.8927979078
            ],
            [
              134.0621169541,
              34.8922203167
            ],
            [
              134.0602717474,
              34.8914936364
            ],
            [
              134.0589303895,
              34.8910466096
            ],
            [
              134.0574124933,
              34.8907220603
            ],
            [
              134.0564422847,
              34.8907198409
            ],
            [
              134.050324099,
              34.8914591924
            ],
            [
              134.0497516753,
              34.8914053792
            ],
            [
              134.0484009868,
              34.8910353348
            ],
            [
              134.0473292535,
              34.8904888787
            ],
            [
              134.0460884608,
              34.8905383322
            ],
            [
              134.0442069362,
              34.8904424246
            ],
            [
              134.0434840456,
              34.8905150643
            ],
            [
              134.0433173631,
              34.8902063974
            ],
            [
              134.041064953,
              34.890386969
            ],
            [
              134.0408070504,
              34.8903331704
            ],
            [
              134.0402673842,
              34.8896833565
            ],
            [
              134.0389414417,
              34.8887975953
            ],
            [
              134.0377303834,
              34.8882630468
            ],
            [
              134.0371883475,
              34.8882829899
            ],
            [
              134.0367491014,
              34.8884307278
            ],
            [
              134.036321563,
              34.8888975328
            ],
            [
              134.0362097642,
              34.8894873746
            ],
            [
              134.035550462,
              34.8898153547
            ],
            [
              134.0351221937,
              34.8904840686
            ],
            [
              134.0342413536,
              34.8914069672
            ],
            [
              134.0338794387,
              34.8915762279
            ],
            [
              134.0326412788,
              34.8914030099
            ],
            [
              134.0321258691,
              34.8911997426
            ],
            [
              134.0316865525,
              34.8913580997
            ],
            [
              134.0311334436,
              34.8908782341
            ],
            [
              134.0309412217,
              34.8905162468
            ],
            [
              134.0309570225,
              34.8897294636
            ],
            [
              134.0308033654,
              34.8894101814
            ],
            [
              134.0304563752,
              34.8890265371
            ],
            [
              134.0299673228,
              34.8886744411
            ],
            [
              134.028614868,
              34.8880224736
            ],
            [
              134.0278819433,
              34.8873295144
            ],
            [
              134.0277410589,
              34.887067025
            ],
            [
              134.0277889398,
              34.8861581978
            ],
            [
              134.0275977297,
              34.8855926705
            ],
            [
              134.027911818,
              34.8844255519
            ],
            [
              134.0283086913,
              34.8840321543
            ],
            [
              134.0286006163,
              34.8838728764
            ],
            [
              134.0297526291,
              34.8837385757
            ],
            [
              134.0303497725,
              34.8835799882
            ],
            [
              134.0306423236,
              34.8832492146
            ],
            [
              134.0307683677,
              34.8829294335
            ],
            [
              134.0309221332,
              34.8807290052
            ],
            [
              134.0310906736,
              34.8801692401
            ],
            [
              134.0311629679,
              34.879369215
            ],
            [
              134.0312753464,
              34.8789922109
            ],
            [
              134.0309711494,
              34.878717063
            ],
            [
              134.0310985129,
              34.8761393082
            ],
            [
              134.0329295786,
              34.8761666824
            ],
            [
              134.0335269115,
              34.8759395465
            ],
            [
              134.0347641182,
              34.8752337945
            ],
            [
              134.0352521411,
              34.8745375919
            ],
            [
              134.0360319911,
              34.8737049711
            ],
            [
              134.036137127,
              34.8737217079
            ],
            [
              134.037048388,
              34.8747007906
            ],
            [
              134.0376144552,
              34.8751200253
            ],
            [
              134.0379571703,
              34.875231924
            ],
            [
              134.0391561823,
              34.875331453
            ],
            [
              134.0394671224,
              34.8754393968
            ],
            [
              134.0399037259,
              34.8757416067
            ],
            [
              134.0403155417,
              34.8762754684
            ],
            [
              134.0406081584,
              34.8769262384
            ],
            [
              134.0410270855,
              34.8774639184
            ],
            [
              134.0422298564,
              34.878005933
            ],
            [
              134.0420200328,
              34.8799486518
            ],
            [
              134.0419847854,
              34.8811662216
            ],
            [
              134.0420407173,
              34.8818793833
            ],
            [
              134.0422212263,
              34.8826330586
            ],
            [
              134.0425038635,
              34.8828267119
            ],
            [
              134.0428424688,
              34.8828732308
            ],
            [
              134.0437853766,
              34.8827232135
            ],
            [
              134.0440870362,
              34.8827644997
            ],
            [
              134.0442714574,
              34.8828664279
            ],
            [
              134.0444486212,
              34.8832830898
            ],
            [
              134.0452195882,
              34.8838609678
            ],
            [
              134.0454564071,
              34.8839503424
            ],
            [
              134.0459091901,
              34.883933668
            ],
            [
              134.0461117986,
              34.8841219142
            ],
            [
              134.0466469879,
              34.8843160881
            ],
            [
              134.0469363302,
              34.8843624808
            ],
            [
              134.0475033708,
              34.8842521163
            ],
            [
              134.0487924448,
              34.8846383588
            ],
            [
              134.0498577103,
              34.8847322018
            ],
            [
              134.0500300125,
              34.8847833847
            ],
            [
              134.0503367067,
              34.8851545654
            ],
            [
              134.0506382244,
              34.8852415459
            ],
            [
              134.0509461218,
              34.8852626881
            ],
            [
              134.0514704818,
              34.8850303612
            ],
            [
              134.0519788188,
              34.884978296
            ],
            [
              134.0521751502,
              34.8852020872
            ],
            [
              134.0527712454,
              34.8856094997
            ],
            [
              134.053318847,
              34.8857884628
            ],
            [
              134.0539223589,
              34.8858253525
            ],
            [
              134.054309627,
              34.8860597218
            ],
            [
              134.0556007294,
              34.8858621709
            ],
            [
              134.0559455642,
              34.8858934569
            ],
            [
              134.0564491742,
              34.8863361392
            ],
            [
              134.057052556,
              34.8864136519
            ],
            [
              134.0576245245,
              34.887089537
            ],
            [
              134.0581760449,
              34.8872208058
            ],
            [
              134.0588289988,
              34.887153688
            ],
            [
              134.0592662969,
              34.8873856903
            ],
            [
              134.0596584325,
              34.8880291157
            ],
            [
              134.0598495275,
              34.8885277024
            ],
            [
              134.0600153908,
              34.8887085871
            ],
            [
              134.0601904432,
              34.8887666622
            ],
            [
              134.0609442725,
              34.888660094
            ],
            [
              134.0624050145,
              34.8894069565
            ],
            [
              134.0627438544,
              34.8902813373
            ],
            [
              134.063190853,
              34.8907435127
            ],
            [
              134.0645989408,
              34.8911557658
            ],
            [
              134.0656552819,
              34.8915749096
            ],
            [
              134.066370122,
              34.8923445405
            ],
            [
              134.0666541454,
              34.8928371312
            ],
            [
              134.0673899019,
              34.8931971036
            ]
          ]
        ]
      }
    },
    {
      "type": "Feature",
      "properties": {
        "key_code": "332130910",
        "pref": "岡山県",
        "city": "赤磐市",
        "ward": "",
        "district": "平山",
        "name": "赤磐市  平山"
      },
      "geometry": {
        "type": "Polygon",
        "coordinates": [
          [
            [
              134.0360319911,
              34.8737049711
            ],
            [
              134.0352521411,
              34.8745375919
            ],
            [
              134.0347641182,
              34.8752337945
            ],
            [
              134.0335269115,
              34.8759395465
            ],
            [
              134.0329295786,
              34.8761666824
            ],
            [
              134.0310985129,
              34.8761393082
            ],
            [
              134.0310906016,
              34.8760008231
            ],
            [
              134.0305265351,
              34.8758180573
            ],
            [
              134.0301830058,
              34.8755518185
            ],
            [
              134.0299035318,
              34.8752617223
            ],
            [
              134.0294692683,
              34.8742303872
            ],
            [
              134.0292033906,
              34.8740500538
            ],
            [
              134.0285859977,
              34.8739187012
            ],
            [
              134.028017503,
              34.8736676674
            ],
            [
              134.0271299747,
              34.8728716152
            ],
            [
              134.0267319381,
              34.8724012657
            ],
            [
              134.0260949629,
              34.8710217668
            ],
            [
              134.0259121377,
              34.8699715494
            ],
            [
              134.0257191779,
              34.8693885384
            ],
            [
              134.0252389258,
              34.8687953614
            ],
            [
              134.0237259406,
              34.8679453715
            ],
            [
              134.0228058591,
              34.8677832862
            ],
            [
              134.022695279,
              34.8674217709
            ],
            [
              134.0219996475,
              34.8663334072
            ],
            [
              134.02184386,
              34.8658837394
            ],
            [
              134.021814385,
              34.8653328365
            ],
            [
              134.020899572,
              34.8641189702
            ],
            [
              134.020658914,
              34.8636890164
            ],
            [
              134.0201014594,
              34.8620209479
            ],
            [
              134.0200089961,
              34.8607846943
            ],
            [
              134.0213792581,
              34.8601848506
            ],
            [
              134.0219069543,
              34.8597712387
            ],
            [
              134.0227137885,
              34.8586064554
            ],
            [
              134.0231619501,
              34.8582020078
            ],
            [
              134.0256578082,
              34.8577996556
            ],
            [
              134.0262020606,
              34.8580131607
            ],
            [
              134.0270388513,
              34.857931039
            ],
            [
              134.0277950154,
              34.8581638046
            ],
            [
              134.0283208685,
              34.8582368908
            ],
            [
              134.0310854479,
              34.8582163986
            ],
            [
              134.0313966147,
              34.8583590851
            ],
            [
              134.0318299534,
              34.858738572
            ],
            [
              134.0325602781,
              34.8586525568
            ],
            [
              134.0330848319,
              34.8587619616
            ],
            [
              134.0335613261,
              34.8585536125
            ],
            [
              134.0344738019,
              34.8576250032
            ],
            [
              134.0354367106,
              34.857209365
            ],
            [
              134.0360044906,
              34.857198213
            ],
            [
              134.0363078213,
              34.8570492193
            ],
            [
              134.0370767781,
              34.8589885159
            ],
            [
              134.0367411331,
              34.860443535
            ],
            [
              134.03741326,
              34.861213969
            ],
            [
              134.0382313482,
              34.8610724185
            ],
            [
              134.038857131,
              34.8605095137
            ],
            [
              134.0391868627,
              34.8600507601
            ],
            [
              134.0394881142,
              34.8606799951
            ],
            [
              134.0396744708,
              34.8607982717
            ],
            [
              134.0400910281,
              34.8607493397
            ],
            [
              134.0407064231,
              34.8611969161
            ],
            [
              134.0411286463,
              34.8616784677
            ],
            [
              134.0416306906,
              34.8619699108
            ],
            [
              134.0412084627,
              34.8635139852
            ],
            [
              134.0407440836,
              34.8644329638
            ],
            [
              134.0387024299,
              34.8672606517
            ],
            [
              134.0383195928,
              34.8679851489
            ],
            [
              134.0375692067,
              34.8687086823
            ],
            [
              134.0371889062,
              34.8693464836
            ],
            [
              134.0369496059,
              34.8701604913
            ],
            [
              134.0366806886,
              34.8706894001
            ],
            [
              134.036115264,
              34.8711827926
            ],
            [
              134.0359549252,
              34.8714752496
            ],
            [
              134.0359529616,
              34.8720206552
            ],
            [
              134.0362139389,
              34.8731199292
            ],
            [
              134.0360319911,
              34.8737049711
            ]
          ]
        ]
      }
    },
    {
      "type": "Feature",
      "properties": {
        "key_code": "332130920",
        "pref": "岡山県",
        "city": "赤磐市",
        "ward": "",
        "district": "仁堀東",
        "name": "赤磐市  仁堀東"
      },
      "geometry": {
        "type": "Polygon",
        "coordinates": [
          [
            [
              134.0226717148,
              34.8900910085
            ],
            [
              134.0222917036,
              34.8894502603
            ],
            [
              134.021592266,
              34.8887827722
            ],
            [
              134.0210507605,
              34.8883884561
            ],
            [
              134.0202299369,
              34.8882990767
            ],
            [
              134.0180579733,
              34.8882825286
            ],
            [
              134.0171151949,
              34.8881972479
            ],
            [
              134.0161698407,
              34.8879649688
            ],
            [
              134.0132394441,
              34.8859726621
            ],
            [
              134.0130793039,
              34.8856784826
            ],
            [
              134.01376194,
              34.8848324005
            ],
            [
              134.0142220154,
              34.883983967
            ],
            [
              134.0144133115,
              34.8830091096
            ],
            [
              134.014020659,
              34.8804416011
            ],
            [
              134.0132288954,
              34.8767082849
            ],
            [
              134.0131054384,
              34.8740487805
            ],
            [
              134.0130348226,
              34.8737474413
            ],
            [
              134.0131235632,
              34.8735837171
            ],
            [
              134.0142108133,
              34.8730566715
            ],
            [
              134.0149627006,
              34.8729674386
            ],
            [
              134.016939871,
              34.8729349251
            ],
            [
              134.017527674,
              34.8727858763
            ],
            [
              134.0179965461,
              34.8723166977
            ],
            [
              134.0184961065,
              34.8720678285
            ],
            [
              134.0189269378,
              34.8720151363
            ],
            [
              134.0196310832,
              34.8721567579
            ],
            [
              134.0201011543,
              34.8720827523
            ],
            [
              134.0205860736,
              34.8715354969
            ],
            [
              134.0209322694,
              34.8714341944
            ],
            [
              134.021135414,
              34.8712034256
            ],
            [
              134.0216007142,
              34.8689353147
            ],
            [
              134.0218111155,
              34.8685056706
            ],
            [
              134.0222039643,
              34.8681410061
            ],
            [
              134.0228058591,
              34.8677832862
            ],
            [
              134.0237259406,
              34.8679453715
            ],
            [
              134.0252389258,
              34.8687953614
            ],
            [
              134.0257191779,
              34.8693885384
            ],
            [
              134.0259121377,
              34.8699715494
            ],
            [
              134.0260949629,
              34.8710217668
            ],
            [
              134.0267319381,
              34.8724012657
            ],
            [
              134.0271299747,
              34.8728716152
            ],
            [
              134.028017503,
              34.8736676674
            ],
            [
              134.0285859977,
              34.8739187012
            ],
            [
              134.0292033906,
              34.8740500538
            ],
            [
              134.0294692683,
              34.8742303872
            ],
            [
              134.0299035318,
              34.8752617223
            ],
            [
              134.0305265351,
              34.8758180573
            ],
            [
              134.0310906016,
              34.8760008231
            ],
            [
              134.0309711494,
              34.878717063
            ],
            [
              134.0312753464,
              34.8789922109
            ],
            [
              134.0311629679,
              34.879369215
            ],
            [
              134.0310906736,
              34.8801692401
            ],
            [
              134.0309221332,
              34.8807290052
            ],
            [
              134.0307683677,
              34.8829294335
            ],
            [
              134.0306423236,
              34.8832492146
            ],
            [
              134.0303497725,
              34.8835799882
            ],
            [
              134.0297526291,
              34.8837385757
            ],
            [
              134.0286006163,
              34.8838728764
            ],
            [
              134.0283086913,
              34.8840321543
            ],
            [
              134.027911818,
              34.8844255519
            ],
            [
              134.0275977297,
              34.8855926705
            ],
            [
              134.0277889398,
              34.8861581978
            ],
            [
              134.0277581795,
              34.8863230633
            ],
            [
              134.0270795949,
              34.8866279231
            ],
            [
              134.0265426461,
              34.8869974406
            ],
            [
              134.0259584624,
              34.8878268732
            ],
            [
              134.0259343994,
              34.8881540228
            ],
            [
              134.0256853031,
              34.8887928103
            ],
            [
              134.0254181771,
              34.889228999
            ],
            [
              134.0250970162,
              34.8895089813
            ],
            [
              134.0247151246,
              34.889692391
            ],
            [
              134.0226717148,
              34.8900910085
            ]
          ]
        ]
      }
    },
    {
      "type": "Feature",
      "properties": {
        "key_code": "332130930",
        "pref": "岡山県",
        "city": "赤磐市",
        "ward": "",
        "district": "仁堀中",
        "name": "赤磐市  仁堀中"
      },
      "geometry": {
        "type": "Polygon",
        "coordinates": [
          [
            [
              134.022695279,
              34.8674217709
            ],
            [
              134.0228058591,
              34.8677832862
            ],
            [
              134.0222039643,
              34.8681410061
            ],
            [
              134.0218111155,
              34.8685056706
            ],
            [
              134.0216007142,
              34.8689353147
            ],
            [
              134.021135414,
              34.8712034256
            ],
            [
              134.0209322694,
              34.8714341944
            ],
            [
              134.0205860736,
              34.8715354969
            ],
            [
              134.0201011543,
              34.8720827523
            ],
            [
              134.0196310832,
              34.8721567579
            ],
            [
              134.0189269378,
              34.8720151363
            ],
            [
              134.0184961065,
              34.8720678285
            ],
            [
              134.0179965461,
              34.8723166977
            ],
            [
              134.017527674,
              34.8727858763
            ],
            [
              134.016939871,
              34.8729349251
            ],
            [
              134.0149627006,
              34.8729674386
            ],
            [
              134.0142108133,
              34.8730566715
            ],
            [
              134.0131235632,
              34.8735837171
            ],
            [
              134.0130348226,
              34.8737474413
            ],
            [
              134.0131054384,
              34.8740487805
            ],
            [
              134.0132288954,
              34.8767082849
            ],
            [
              134.014020659,
              34.8804416011
            ],
            [
              134.0144133115,
              34.8830091096
            ],
            [
              134.0142220154,
              34.883983967
            ],
            [
              134.01376194,
              34.8848324005
            ],
            [
              134.0130793039,
              34.8856784826
            ],
            [
              134.0125614705,
              34.8860760895
            ],
            [
              134.0122272203,
              34.8861981014
            ],
            [
              134.0096199439,
              34.8861459497
            ],
            [
              134.0083741642,
              34.8857111036
            ],
            [
              134.0059940414,
              34.8846484906
            ],
            [
              134.0048047651,
              34.8845333636
            ],
            [
              134.0037986786,
              34.8848946044
            ],
            [
              134.0029007727,
              34.8855275602
            ],
            [
              134.0023997153,
              34.8860467953
            ],
            [
              134.0001968147,
              34.8824009181
            ],
            [
              133.9995696446,
              34.8804886327
            ],
            [
              133.9986575211,
              34.8768006353
            ],
            [
              133.9982769411,
              34.8757721818
            ],
            [
              133.9985347942,
              34.8756080201
            ],
            [
              133.9988550103,
              34.8751581623
            ],
            [
              133.9998658826,
              34.8745049028
            ],
            [
              133.9999506581,
              34.8737246512
            ],
            [
              134.0001070277,
              34.8734156189
            ],
            [
              134.0003774559,
              34.8731606351
            ],
            [
              134.0006228583,
              34.8730402408
            ],
            [
              134.0019300303,
              34.8728730225
            ],
            [
              134.0023550031,
              34.8724783026
            ],
            [
              134.0025776607,
              34.8721305003
            ],
            [
              134.0050226652,
              34.8714975661
            ],
            [
              134.0055591693,
              34.8712613172
            ],
            [
              134.0062462374,
              34.8706317758
            ],
            [
              134.0067586648,
              34.8699762665
            ],
            [
              134.0068954379,
              34.8690880382
            ],
            [
              134.0067761649,
              34.8686183831
            ],
            [
              134.0063163484,
              34.8679434995
            ],
            [
              134.0054281355,
              34.8671811861
            ],
            [
              134.0049342829,
              34.866625229
            ],
            [
              134.0045624151,
              34.865999876
            ],
            [
              134.0044003466,
              34.8653375506
            ],
            [
              134.0043757198,
              34.8647677176
            ],
            [
              134.0045770931,
              34.8634160346
            ],
            [
              134.0045169404,
              34.8624867085
            ],
            [
              134.0040327607,
              34.8614634802
            ],
            [
              134.0053239159,
              34.8608603727
            ],
            [
              134.0059200844,
              34.8604928655
            ],
            [
              134.0060791934,
              34.8603115887
            ],
            [
              134.0058149381,
              34.8594389764
            ],
            [
              134.0058379781,
              34.8592362756
            ],
            [
              134.0059525689,
              34.8591089678
            ],
            [
              134.0073685233,
              34.8586251282
            ],
            [
              134.0088093441,
              34.8588923136
            ],
            [
              134.0100380016,
              34.8593281553
            ],
            [
              134.0112937287,
              34.8591354045
            ],
            [
              134.0118762797,
              34.8590896835
            ],
            [
              134.0122041637,
              34.8591445654
            ],
            [
              134.0127671593,
              34.8594262084
            ],
            [
              134.0133098689,
              34.860032891
            ],
            [
              134.0139371565,
              34.8612794895
            ],
            [
              134.0159930109,
              34.8611568837
            ],
            [
              134.018348155,
              34.859968036
            ],
            [
              134.0188890391,
              34.8600723964
            ],
            [
              134.0194699325,
              34.8606042821
            ],
            [
              134.0200089961,
              34.8607846943
            ],
            [
              134.0201014594,
              34.8620209479
            ],
            [
              134.020658914,
              34.8636890164
            ],
            [
              134.020899572,
              34.8641189702
            ],
            [
              134.021814385,
              34.8653328365
            ],
            [
              134.02184386,
              34.8658837394
            ],
            [
              134.0219996475,
              34.8663334072
            ],
            [
              134.022695279,
              34.8674217709
            ]
          ]
        ]
      }
    },
    {
      "type": "Feature",
      "properties": {
        "key_code": "332130940",
        "pref": "岡山県",
        "city": "赤磐市",
        "ward": "",
        "district": "仁堀西",
        "name": "赤磐市  仁堀西"
      },
      "geometry": {
        "type": "Polygon",
        "coordinates": [
          [
            [
              134.0050226652,
              34.8714975661
            ],
            [
              134.0025776607,
              34.8721305003
            ],
            [
              134.0023550031,
              34.8724783026
            ],
            [
              134.0019300303,
              34.8728730225
            ],
            [
              134.0006228583,
              34.8730402408
            ],
            [
              134.0003774559,
              34.8731606351
            ],
            [
              134.0001070277,
              34.8734156189
            ],
            [
              133.9999506581,
              34.8737246512
            ],
            [
              133.9998658826,
              34.8745049028
            ],
            [
              133.9988550103,
              34.8751581623
            ],
            [
              133.9985347942,
              34.8756080201
            ],
            [
              133.9982769411,
              34.8757721818
            ],
            [
              133.9986575211,
              34.8768006353
            ],
            [
              133.9995696446,
              34.8804886327
            ],
            [
              134.0001968147,
              34.8824009181
            ],
            [
              134.0023997153,
              34.8860467953
            ],
            [
              134.0022401339,
              34.8861668614
            ],
            [
              134.0013567331,
              34.8862826228
            ],
            [
              134.0004473417,
              34.8862233634
            ],
            [
              133.999716568,
              34.8863008667
            ],
            [
              133.9990132189,
              34.8864125285
            ],
            [
              133.9986015492,
              34.8866735955
            ],
            [
              133.9980065817,
              34.8857882246
            ],
            [
              133.996460269,
              34.8842426391
            ],
            [
              133.9950001403,
              34.8832448528
            ],
            [
              133.993627362,
              34.8826627446
            ],
            [
              133.9928856069,
              34.8826117228
            ],
            [
              133.991461479,
              34.8812539642
            ],
            [
              133.9907542812,
              34.8806457306
            ],
            [
              133.9903396215,
              34.8804036281
            ],
            [
              133.989703934,
              34.8801713213
            ],
            [
              133.9887674182,
              34.8799585129
            ],
            [
              133.9831588163,
              34.8792967957
            ],
            [
              133.982031619,
              34.8789259771
            ],
            [
              133.9806272943,
              34.8781688895
            ],
            [
              133.979846456,
              34.8775391054
            ],
            [
              133.9806017733,
              34.8764653011
            ],
            [
              133.9811149675,
              34.8762900156
            ],
            [
              133.9818542295,
              34.8761939103
            ],
            [
              133.983283447,
              34.8763944618
            ],
            [
              133.9836901928,
              34.8763757719
            ],
            [
              133.9843545991,
              34.8762015426
            ],
            [
              133.9848251046,
              34.8756784859
            ],
            [
              133.9853879836,
              34.8743421768
            ],
            [
              133.9863467728,
              34.8735042897
            ],
            [
              133.9866687076,
              34.8733169547
            ],
            [
              133.9871721343,
              34.8726638315
            ],
            [
              133.9882443147,
              34.8703675456
            ],
            [
              133.9893152771,
              34.868805458
            ],
            [
              133.9898895356,
              34.8682571075
            ],
            [
              133.9909525341,
              34.8676609742
            ],
            [
              133.9923907749,
              34.8670806742
            ],
            [
              133.9930285054,
              34.8655798709
            ],
            [
              133.9933509466,
              34.8654039976
            ],
            [
              133.9939225619,
              34.8654714459
            ],
            [
              133.9950078453,
              34.8657563264
            ],
            [
              133.9959125539,
              34.864101517
            ],
            [
              133.9966688022,
              34.8629144966
            ],
            [
              133.9968377009,
              34.8620354515
            ],
            [
              133.9967397376,
              34.8602639077
            ],
            [
              133.9979402585,
              34.8606759897
            ],
            [
              133.9982859463,
              34.8606644771
            ],
            [
              133.9989196207,
              34.860046946
            ],
            [
              133.9993865025,
              34.8597881373
            ],
            [
              133.9999129614,
              34.8596656988
            ],
            [
              134.0005663815,
              34.8597355933
            ],
            [
              134.0019924932,
              34.8601111385
            ],
            [
              134.0026374315,
              34.8604225678
            ],
            [
              134.0033569569,
              34.8608704035
            ],
            [
              134.0040327607,
              34.8614634802
            ],
            [
              134.0045169404,
              34.8624867085
            ],
            [
              134.0045770931,
              34.8634160346
            ],
            [
              134.0043757198,
              34.8647677176
            ],
            [
              134.0044003466,
              34.8653375506
            ],
            [
              134.0045624151,
              34.865999876
            ],
            [
              134.0049342829,
              34.866625229
            ],
            [
              134.0054281355,
              34.8671811861
            ],
            [
              134.0063163484,
              34.8679434995
            ],
            [
              134.0067761649,
              34.8686183831
            ],
            [
              134.0068954379,
              34.8690880382
            ],
            [
              134.0067586648,
              34.8699762665
            ],
            [
              134.0064834629,
              34.8703706307
            ],
            [
              134.0059252855,
              34.8709357265
            ],
            [
              134.0055591693,
              34.8712613172
            ],
            [
              134.0050226652,
              34.8714975661
            ]
          ]
        ]
      }
    },
    {
      "type": "Feature",
      "properties": {
        "key_code": "332130950",
        "pref": "岡山県",
        "city": "赤磐市",
        "ward": "",
        "district": "合田",
        "name": "赤磐市  合田"
      },
      "geometry": {
        "type": "Polygon",
        "coordinates": [
          [
            [
              134.0073685233,
              34.8586251282
            ],
            [
              134.0059525689,
              34.8591089678
            ],
            [
              134.0058379781,
              34.8592362756
            ],
            [
              134.0058149381,
              34.8594389764
            ],
            [
              134.0060791934,
              34.8603115887
            ],
            [
              134.0059200844,
              34.8604928655
            ],
            [
              134.0053239159,
              34.8608603727
            ],
            [
              134.0040327607,
              34.8614634802
            ],
            [
              134.0033569569,
              34.8608704035
            ],
            [
              134.0026374315,
              34.8604225678
            ],
            [
              134.0019924932,
              34.8601111385
            ],
            [
              134.0005663815,
              34.8597355933
            ],
            [
              133.9999129614,
              34.8596656988
            ],
            [
              133.9993865025,
              34.8597881373
            ],
            [
              133.9989196207,
              34.860046946
            ],
            [
              133.9982859463,
              34.8606644771
            ],
            [
              133.9979402585,
              34.8606759897
            ],
            [
              133.9967397376,
              34.8602639077
            ],
            [
              133.9965166917,
              34.8596811296
            ],
            [
              133.9953670237,
              34.8580947856
            ],
            [
              133.9952152762,
              34.8576832038
            ],
            [
              133.9950372097,
              34.8574552254
            ],
            [
              133.9961358313,
              34.8553959227
            ],
            [
              133.9958667348,
              34.8538499795
            ],
            [
              133.9956740322,
              34.8515841856
            ],
            [
              133.9955487847,
              34.8510730201
            ],
            [
              133.9953123202,
              34.8507714232
            ],
            [
              133.9949059081,
              34.8505113285
            ],
            [
              133.9940582958,
              34.8501940842
            ],
            [
              133.9937093173,
              34.8499406957
            ],
            [
              133.99397407,
              34.8496930332
            ],
            [
              133.9940186156,
              34.8492954474
            ],
            [
              133.9939890666,
              34.8491993704
            ],
            [
              133.993312013,
              34.8486398296
            ],
            [
              133.9934290206,
              34.8481093356
            ],
            [
              133.9931914211,
              34.846838987
            ],
            [
              133.9932567777,
              34.8465587228
            ],
            [
              133.9942993186,
              34.8458682612
            ],
            [
              133.9969962801,
              34.8449653094
            ],
            [
              133.9976708999,
              34.8451965585
            ],
            [
              133.998045562,
              34.845559807
            ],
            [
              133.9990093309,
              34.8457249407
            ],
            [
              133.9997404923,
              34.8461201528
            ],
            [
              134.0000990323,
              34.8465389182
            ],
            [
              134.0008292829,
              34.8464530237
            ],
            [
              134.0014917333,
              34.8479314392
            ],
            [
              134.00175124,
              34.8486619988
            ],
            [
              134.0018065038,
              34.8491961378
            ],
            [
              134.0016975509,
              34.8497769466
            ],
            [
              134.0011932704,
              34.8506935341
            ],
            [
              134.0022762535,
              34.8505528853
            ],
            [
              134.0037333005,
              34.8505724812
            ],
            [
              134.0040583529,
              34.8506794274
            ],
            [
              134.0047525347,
              34.8521882645
            ],
            [
              134.0053389783,
              34.8531882424
            ],
            [
              134.0057174585,
              34.8541470879
            ],
            [
              134.0057985391,
              34.854696435
            ],
            [
              134.0063858553,
              34.8554904755
            ],
            [
              134.0066752395,
              34.8569639785
            ],
            [
              134.0073685233,
              34.8586251282
            ]
          ]
        ]
      }
    },
    {
      "type": "Feature",
      "properties": {
        "key_code": "332130960",
        "pref": "岡山県",
        "city": "赤磐市",
        "ward": "",
        "district": "中畑",
        "name": "赤磐市  中畑"
      },
      "geometry": {
        "type": "Polygon",
        "coordinates": [
          [
            [
              133.9953670237,
              34.8580947856
            ],
            [
              133.9928777942,
              34.8586700766
            ],
            [
              133.9924344293,
              34.8586552427
            ],
            [
              133.9913356936,
              34.8582596634
            ],
            [
              133.9900641274,
              34.8579650044
            ],
            [
              133.989472447,
              34.8580715818
            ],
            [
              133.9889468987,
              34.8580700957
            ],
            [
              133.9877488816,
              34.8578637252
            ],
            [
              133.9862056842,
              34.8577239005
            ],
            [
              133.9840532496,
              34.8579614204
            ],
            [
              133.98331328,
              34.8565639728
            ],
            [
              133.9821694092,
              34.8550132306
            ],
            [
              133.9840096966,
              34.8546484345
            ],
            [
              133.9844546639,
              34.8547040825
            ],
            [
              133.9848114077,
              34.8548780068
            ],
            [
              133.9852480127,
              34.8549407394
            ],
            [
              133.9856957429,
              34.8548981419
            ],
            [
              133.9865921222,
              34.8545932099
            ],
            [
              133.9869241407,
              34.8541901085
            ],
            [
              133.9876155804,
              34.8544731521
            ],
            [
              133.9879281852,
              34.8536131969
            ],
            [
              133.9885001124,
              34.8531712616
            ],
            [
              133.9892795068,
              34.852804491
            ],
            [
              133.9903271294,
              34.8525327755
            ],
            [
              133.9907959756,
              34.8522210402
            ],
            [
              133.9918925187,
              34.8520374138
            ],
            [
              133.9921706406,
              34.8519117033
            ],
            [
              133.9924124628,
              34.851731732
            ],
            [
              133.9929496735,
              34.8507816751
            ],
            [
              133.9937093173,
              34.8499406957
            ],
            [
              133.9940582958,
              34.8501940842
            ],
            [
              133.9949059081,
              34.8505113285
            ],
            [
              133.9953123202,
              34.8507714232
            ],
            [
              133.9955487847,
              34.8510730201
            ],
            [
              133.9956740322,
              34.8515841856
            ],
            [
              133.9958667348,
              34.8538499795
            ],
            [
              133.9961358313,
              34.8553959227
            ],
            [
              133.9950372097,
              34.8574552254
            ],
            [
              133.9952152762,
              34.8576832038
            ],
            [
              133.9953670237,
              34.8580947856
            ]
          ]
        ]
      }
    },
    {
      "type": "Feature",
      "properties": {
        "key_code": "332130970",
        "pref": "岡山県",
        "city": "赤磐市",
        "ward": "",
        "district": "石上",
        "name": "赤磐市  石上"
      },
      "geometry": {
        "type": "Polygon",
        "coordinates": [
          [
            [
              133.9817065666,
              34.8550821086
            ],
            [
              133.9806881656,
              34.8554180579
            ],
            [
              133.9797775015,
              34.8556029622
            ],
            [
              133.977310504,
              34.8558304266
            ],
            [
              133.9765607799,
              34.8560787409
            ],
            [
              133.9761054703,
              34.8563787651
            ],
            [
              133.9753090014,
              34.8561249931
            ],
            [
              133.9731399231,
              34.8558694105
            ],
            [
              133.9714793829,
              34.8552134409
            ],
            [
              133.9687980957,
              34.8546770034
            ],
            [
              133.9685794362,
              34.8540453126
            ],
            [
              133.9685294699,
              34.8533286282
            ],
            [
              133.968191994,
              34.853145346
            ],
            [
              133.9669546067,
              34.8530786586
            ],
            [
              133.9647672757,
              34.8524536804
            ],
            [
              133.9644798811,
              34.8516621077
            ],
            [
              133.9640174059,
              34.8513704668
            ],
            [
              133.9626675597,
              34.8508537759
            ],
            [
              133.9620426044,
              34.8504955693
            ],
            [
              133.9616083669,
              34.849821225
            ],
            [
              133.9620421338,
              34.8496843712
            ],
            [
              133.9626080355,
              34.8496861
            ],
            [
              133.9635417429,
              34.8502245553
            ],
            [
              133.9646498671,
              34.8500522762
            ],
            [
              133.9647764862,
              34.8498510939
            ],
            [
              133.9649934449,
              34.8497653366
            ],
            [
              133.9662021042,
              34.8497575161
            ],
            [
              133.9663770282,
              34.8497004345
            ],
            [
              133.9666588686,
              34.8491656067
            ],
            [
              133.9669495891,
              34.8489851308
            ],
            [
              133.9683672697,
              34.8485776762
            ],
            [
              133.9685551439,
              34.8485852128
            ],
            [
              133.9689384439,
              34.8487756753
            ],
            [
              133.9706224377,
              34.8480113573
            ],
            [
              133.9715420258,
              34.8477869697
            ],
            [
              133.9719123515,
              34.8471202011
            ],
            [
              133.972031287,
              34.8466593899
            ],
            [
              133.972174208,
              34.8464463477
            ],
            [
              133.9724001968,
              34.8463231359
            ],
            [
              133.9731729027,
              34.8462669007
            ],
            [
              133.9745001308,
              34.8463878763
            ],
            [
              133.974918056,
              34.8462995941
            ],
            [
              133.9754600372,
              34.84604138
            ],
            [
              133.9762553062,
              34.8453321792
            ],
            [
              133.9762927795,
              34.845033954
            ],
            [
              133.9761169302,
              34.8447915166
            ],
            [
              133.9750976473,
              34.8443477082
            ],
            [
              133.9750416967,
              34.8442678895
            ],
            [
              133.9750856986,
              34.8438587612
            ],
            [
              133.9761896023,
              34.8433349219
            ],
            [
              133.9776072507,
              34.8432347008
            ],
            [
              133.9780464077,
              34.8430171637
            ],
            [
              133.9784272251,
              34.8432835075
            ],
            [
              133.9774855912,
              34.844873422
            ],
            [
              133.9774628127,
              34.845024143
            ],
            [
              133.9776585623,
              34.8454072829
            ],
            [
              133.9774448146,
              34.8456500583
            ],
            [
              133.9774698455,
              34.8460105133
            ],
            [
              133.9778606367,
              34.846472118
            ],
            [
              133.9776197103,
              34.8473300057
            ],
            [
              133.9785624402,
              34.8485696246
            ],
            [
              133.979010986,
              34.849506433
            ],
            [
              133.9796166466,
              34.8495660187
            ],
            [
              133.9799989986,
              34.8498015164
            ],
            [
              133.980147869,
              34.8497963146
            ],
            [
              133.980621987,
              34.8494666769
            ],
            [
              133.9809177251,
              34.8493993598
            ],
            [
              133.9817917911,
              34.8501906188
            ],
            [
              133.9817898369,
              34.8506481867
            ],
            [
              133.9819687296,
              34.8509603497
            ],
            [
              133.9819791282,
              34.851291394
            ],
            [
              133.982202591,
              34.8515453
            ],
            [
              133.9821316773,
              34.8522364208
            ],
            [
              133.9823440379,
              34.8530160435
            ],
            [
              133.982296064,
              34.853181412
            ],
            [
              133.9819877975,
              34.8534142009
            ],
            [
              133.9811246625,
              34.8535091048
            ],
            [
              133.9807308597,
              34.854403807
            ],
            [
              133.9807648615,
              34.8547446365
            ],
            [
              133.980847172,
              34.8548422069
            ],
            [
              133.9817065666,
              34.8550821086
            ]
          ]
        ]
      }
    },
    {
      "type": "Feature",
      "properties": {
        "key_code": "33213099001",
        "pref": "岡山県",
        "city": "赤磐市",
        "ward": "",
        "district": "小鎌小鎌上",
        "name": "赤磐市  小鎌小鎌上"
      },
      "geometry": {
        "type": "Polygon",
        "coordinates": [
          [
            [
              133.9785040029,
              34.8764286255
            ],
            [
              133.9777026019,
              34.8762862703
            ],
            [
              133.9772769202,
              34.8762962214
            ],
            [
              133.9764456429,
              34.8765035876
            ],
            [
              133.9758724046,
              34.8768568594
            ],
            [
              133.9750554566,
              34.8778150198
            ],
            [
              133.974584438,
              34.8786074268
            ],
            [
              133.973968725,
              34.878580816
            ],
            [
              133.9735939769,
              34.878406453
            ],
            [
              133.9733291514,
              34.8779825353
            ],
            [
              133.9729794671,
              34.877626752
            ],
            [
              133.9723664292,
              34.8774683701
            ],
            [
              133.9720895459,
              34.8772446428
            ],
            [
              133.9719266769,
              34.8773378275
            ],
            [
              133.9712726496,
              34.8774139137
            ],
            [
              133.9703762726,
              34.8778365538
            ],
            [
              133.9694497034,
              34.8775415061
            ],
            [
              133.9674716127,
              34.8762789869
            ],
            [
              133.9671193212,
              34.8762070755
            ],
            [
              133.9663606449,
              34.8764774834
            ],
            [
              133.9661691207,
              34.8764208435
            ],
            [
              133.9650176428,
              34.8757803358
            ],
            [
              133.9643479766,
              34.8750013414
            ],
            [
              133.9642576291,
              34.8746779435
            ],
            [
              133.9635546578,
              34.8741654838
            ],
            [
              133.9623669476,
              34.8743391306
            ],
            [
              133.961514402,
              34.8745704157
            ],
            [
              133.9609983012,
              34.8745829909
            ],
            [
              133.9607504679,
              34.8742115681
            ],
            [
              133.960069292,
              34.8726947109
            ],
            [
              133.9592164237,
              34.8730040062
            ],
            [
              133.9569877872,
              34.8732521892
            ],
            [
              133.9565655996,
              34.8734210303
            ],
            [
              133.9562386501,
              34.8734483946
            ],
            [
              133.955726214,
              34.873185791
            ],
            [
              133.9555707903,
              34.8729372585
            ],
            [
              133.9563423679,
              34.8727760595
            ],
            [
              133.9573672724,
              34.872076163
            ],
            [
              133.9584671552,
              34.8716012264
            ],
            [
              133.9592720325,
              34.8699978142
            ],
            [
              133.9606046139,
              34.870307645
            ],
            [
              133.9611809354,
              34.8702952558
            ],
            [
              133.9616892325,
              34.8701591252
            ],
            [
              133.962128884,
              34.8698657981
            ],
            [
              133.9627986812,
              34.8700946208
            ],
            [
              133.96413915,
              34.8703680891
            ],
            [
              133.969165656,
              34.8704860153
            ],
            [
              133.9736340617,
              34.8703894601
            ],
            [
              133.9757077011,
              34.8701759175
            ],
            [
              133.9767312857,
              34.8701504734
            ],
            [
              133.9773502322,
              34.8702161677
            ],
            [
              133.9778358022,
              34.8701284974
            ],
            [
              133.9782120338,
              34.870628441
            ],
            [
              133.9795414219,
              34.8715443648
            ],
            [
              133.9799179615,
              34.8719358432
            ],
            [
              133.9802806212,
              34.8727976704
            ],
            [
              133.9803560613,
              34.8732585603
            ],
            [
              133.9802145279,
              34.8740139828
            ],
            [
              133.9799728131,
              34.8745536745
            ],
            [
              133.9785040029,
              34.8764286255
            ]
          ]
        ]
      }
    },
    {
      "type": "Feature",
      "properties": {
        "key_code": "33213099002",
        "pref": "岡山県",
        "city": "赤磐市",
        "ward": "",
        "district": "小鎌小鎌中",
        "name": "赤磐市  小鎌小鎌中"
      },
      "geometry": {
        "type": "Polygon",
        "coordinates": [
          [
            [
              133.9778358022,
              34.8701284974
            ],
            [
              133.9773502322,
              34.8702161677
            ],
            [
              133.9767312857,
              34.8701504734
            ],
            [
              133.9757077011,
              34.8701759175
            ],
            [
              133.9736340617,
              34.8703894601
            ],
            [
              133.969165656,
              34.8704860153
            ],
            [
              133.96413915,
              34.8703680891
            ],
            [
              133.9627986812,
              34.8700946208
            ],
            [
              133.962128884,
              34.8698657981
            ],
            [
              133.9616892325,
              34.8701591252
            ],
            [
              133.9611809354,
              34.8702952558
            ],
            [
              133.9606046139,
              34.870307645
            ],
            [
              133.9592720325,
              34.8699978142
            ],
            [
              133.9599170454,
              34.8691265679
            ],
            [
              133.9605419868,
              34.8684933662
            ],
            [
              133.9609919488,
              34.8681766934
            ],
            [
              133.9610419646,
              34.8680183837
            ],
            [
              133.960854443,
              34.8676351723
            ],
            [
              133.9609044402,
              34.867251775
            ],
            [
              133.9612294328,
              34.8666936418
            ],
            [
              133.961341927,
              34.8661019685
            ],
            [
              133.9613919478,
              34.8638106727
            ],
            [
              133.9616919257,
              34.8636272799
            ],
            [
              133.9624918654,
              34.8635106317
            ],
            [
              133.9632668233,
              34.8636022989
            ],
            [
              133.963704294,
              34.862744056
            ],
            [
              133.9663245781,
              34.8628586313
            ],
            [
              133.9671298452,
              34.8629746632
            ],
            [
              133.9688000924,
              34.8638144713
            ],
            [
              133.9705983871,
              34.8650124135
            ],
            [
              133.9726441012,
              34.8658826569
            ],
            [
              133.9776787356,
              34.8675781917
            ],
            [
              133.977479326,
              34.8687072731
            ],
            [
              133.9778358022,
              34.8701284974
            ]
          ]
        ]
      }
    },
    {
      "type": "Feature",
      "properties": {
        "key_code": "33213099003",
        "pref": "岡山県",
        "city": "赤磐市",
        "ward": "",
        "district": "小鎌小鎌下",
        "name": "赤磐市  小鎌小鎌下"
      },
      "geometry": {
        "type": "Polygon",
        "coordinates": [
          [
            [
              133.98331328,
              34.8565639728
            ],
            [
              133.9841180173,
              34.8581782424
            ],
            [
              133.9839999286,
              34.8589573998
            ],
            [
              133.9832552304,
              34.8602302132
            ],
            [
              133.9832078623,
              34.860670745
            ],
            [
              133.9837102239,
              34.8615675408
            ],
            [
              133.9831510183,
              34.8620065298
            ],
            [
              133.9829443841,
              34.8624558994
            ],
            [
              133.9830661824,
              34.8632344112
            ],
            [
              133.9834418993,
              34.8644964394
            ],
            [
              133.9831574268,
              34.864801842
            ],
            [
              133.981488222,
              34.8651799386
            ],
            [
              133.9813171448,
              34.8652919163
            ],
            [
              133.9811457841,
              34.8654600956
            ],
            [
              133.9801259991,
              34.8672009349
            ],
            [
              133.9797267194,
              34.8674716957
            ],
            [
              133.9789868701,
              34.8675820141
            ],
            [
              133.9776787356,
              34.8675781917
            ],
            [
              133.9736668783,
              34.8662478294
            ],
            [
              133.9705983871,
              34.8650124135
            ],
            [
              133.9688000924,
              34.8638144713
            ],
            [
              133.9671298452,
              34.8629746632
            ],
            [
              133.9663245781,
              34.8628586313
            ],
            [
              133.963704294,
              34.862744056
            ],
            [
              133.9644668082,
              34.8607860118
            ],
            [
              133.9659293058,
              34.8596112016
            ],
            [
              133.9655668771,
              34.8590028754
            ],
            [
              133.9656418609,
              34.8586863182
            ],
            [
              133.9659543696,
              34.8585529574
            ],
            [
              133.9659793597,
              34.8584196424
            ],
            [
              133.9658418872,
              34.8581697013
            ],
            [
              133.9666418633,
              34.8580614061
            ],
            [
              133.9668793643,
              34.8577613956
            ],
            [
              133.9669043731,
              34.8570864901
            ],
            [
              133.9670794096,
              34.8562782947
            ],
            [
              133.9674544236,
              34.8559199608
            ],
            [
              133.9680044089,
              34.8555534184
            ],
            [
              133.9687980957,
              34.8546770034
            ],
            [
              133.9714793829,
              34.8552134409
            ],
            [
              133.9731399231,
              34.8558694105
            ],
            [
              133.9753090014,
              34.8561249931
            ],
            [
              133.9761054703,
              34.8563787651
            ],
            [
              133.9765607799,
              34.8560787409
            ],
            [
              133.977310504,
              34.8558304266
            ],
            [
              133.9797775015,
              34.8556029622
            ],
            [
              133.9821694092,
              34.8550132306
            ],
            [
              133.98331328,
              34.8565639728
            ]
          ]
        ]
      }
    },
    {
      "type": "Feature",
      "properties": {
        "key_code": "332131000",
        "pref": "岡山県",
        "city": "赤磐市",
        "ward": "",
        "district": "西勢実",
        "name": "赤磐市  西勢実"
      },
      "geometry": {
        "type": "Polygon",
        "coordinates": [
          [
            [
              133.9986015492,
              34.8866735955
            ],
            [
              133.9983842337,
              34.886882027
            ],
            [
              133.9985971735,
              34.888756578
            ],
            [
              133.9991559476,
              34.8904036122
            ],
            [
              133.9992084612,
              34.8909728193
            ],
            [
              133.9986401408,
              34.8904502914
            ],
            [
              133.9984676518,
              34.8903879785
            ],
            [
              133.9980166987,
              34.8904610341
            ],
            [
              133.9969934453,
              34.8908975364
            ],
            [
              133.996123061,
              34.8906661647
            ],
            [
              133.9956094572,
              34.890445075
            ],
            [
              133.9949281091,
              34.8899109538
            ],
            [
              133.9937281842,
              34.8894620102
            ],
            [
              133.9926946914,
              34.8887225803
            ],
            [
              133.992147346,
              34.8884920832
            ],
            [
              133.9910400129,
              34.8883621322
            ],
            [
              133.9906593285,
              34.8877854483
            ],
            [
              133.9893989662,
              34.8874353137
            ],
            [
              133.9887734019,
              34.8870528769
            ],
            [
              133.9881659462,
              34.8868284603
            ],
            [
              133.9873928143,
              34.8867147763
            ],
            [
              133.9856616656,
              34.8866943481
            ],
            [
              133.9849249069,
              34.8868593687
            ],
            [
              133.9838062556,
              34.8867510097
            ],
            [
              133.9831599358,
              34.8868419765
            ],
            [
              133.9820032494,
              34.8868447692
            ],
            [
              133.9796578811,
              34.8864326577
            ],
            [
              133.9784506413,
              34.8850893148
            ],
            [
              133.9776217866,
              34.8839666602
            ],
            [
              133.976292696,
              34.8830251521
            ],
            [
              133.9757680312,
              34.882782182
            ],
            [
              133.9756640605,
              34.8825096705
            ],
            [
              133.9755821499,
              34.8814789207
            ],
            [
              133.9756656603,
              34.8812687259
            ],
            [
              133.9763140511,
              34.8806889644
            ],
            [
              133.9763299506,
              34.8804846979
            ],
            [
              133.9757685734,
              34.8800436442
            ],
            [
              133.9753781198,
              34.8791605896
            ],
            [
              133.974584438,
              34.8786074268
            ],
            [
              133.9750554566,
              34.8778150198
            ],
            [
              133.9760812737,
              34.8766880941
            ],
            [
              133.9768990806,
              34.8763842047
            ],
            [
              133.9777026019,
              34.8762862703
            ],
            [
              133.9785040029,
              34.8764286255
            ],
            [
              133.9790123807,
              34.8767709814
            ],
            [
              133.9799092462,
              34.8776300698
            ],
            [
              133.9806272943,
              34.8781688895
            ],
            [
              133.982031619,
              34.8789259771
            ],
            [
              133.9831588163,
              34.8792967957
            ],
            [
              133.9887674182,
              34.8799585129
            ],
            [
              133.989703934,
              34.8801713213
            ],
            [
              133.9907542812,
              34.8806457306
            ],
            [
              133.9928856069,
              34.8826117228
            ],
            [
              133.993627362,
              34.8826627446
            ],
            [
              133.9950001403,
              34.8832448528
            ],
            [
              133.996460269,
              34.8842426391
            ],
            [
              133.9980065817,
              34.8857882246
            ],
            [
              133.9986015492,
              34.8866735955
            ]
          ]
        ]
      }
    },
    {
      "type": "Feature",
      "properties": {
        "key_code": "332131010",
        "pref": "岡山県",
        "city": "赤磐市",
        "ward": "",
        "district": "広戸",
        "name": "赤磐市  広戸"
      },
      "geometry": {
        "type": "Polygon",
        "coordinates": [
          [
            [
              133.979846456,
              34.8775391054
            ],
            [
              133.9790123807,
              34.8767709814
            ],
            [
              133.9785040029,
              34.8764286255
            ],
            [
              133.9799728131,
              34.8745536745
            ],
            [
              133.9802145279,
              34.8740139828
            ],
            [
              133.9803560613,
              34.8732585603
            ],
            [
              133.9802806212,
              34.8727976704
            ],
            [
              133.9799179615,
              34.8719358432
            ],
            [
              133.9795414219,
              34.8715443648
            ],
            [
              133.9782120338,
              34.870628441
            ],
            [
              133.9778358022,
              34.8701284974
            ],
            [
              133.977479326,
              34.8687072731
            ],
            [
              133.9776787356,
              34.8675781917
            ],
            [
              133.9789868701,
              34.8675820141
            ],
            [
              133.9797267194,
              34.8674716957
            ],
            [
              133.9801259991,
              34.8672009349
            ],
            [
              133.9811457841,
              34.8654600956
            ],
            [
              133.9813171448,
              34.8652919163
            ],
            [
              133.981488222,
              34.8651799386
            ],
            [
              133.9831574268,
              34.864801842
            ],
            [
              133.9834418993,
              34.8644964394
            ],
            [
              133.9830661824,
              34.8632344112
            ],
            [
              133.9829443841,
              34.8624558994
            ],
            [
              133.9831510183,
              34.8620065298
            ],
            [
              133.9837102239,
              34.8615675408
            ],
            [
              133.9832078623,
              34.860670745
            ],
            [
              133.9832552304,
              34.8602302132
            ],
            [
              133.9839999286,
              34.8589573998
            ],
            [
              133.9841180173,
              34.8581782424
            ],
            [
              133.9840532496,
              34.8579614204
            ],
            [
              133.9862056842,
              34.8577239005
            ],
            [
              133.9877488816,
              34.8578637252
            ],
            [
              133.9889468987,
              34.8580700957
            ],
            [
              133.989472447,
              34.8580715818
            ],
            [
              133.9900641274,
              34.8579650044
            ],
            [
              133.9913356936,
              34.8582596634
            ],
            [
              133.9924344293,
              34.8586552427
            ],
            [
              133.9928777942,
              34.8586700766
            ],
            [
              133.9953670237,
              34.8580947856
            ],
            [
              133.9965166917,
              34.8596811296
            ],
            [
              133.9967101161,
              34.8601523377
            ],
            [
              133.9968377009,
              34.8620354515
            ],
            [
              133.9966688022,
              34.8629144966
            ],
            [
              133.9959125539,
              34.864101517
            ],
            [
              133.9950078453,
              34.8657563264
            ],
            [
              133.9939225619,
              34.8654714459
            ],
            [
              133.9933509466,
              34.8654039976
            ],
            [
              133.9930285054,
              34.8655798709
            ],
            [
              133.9923907749,
              34.8670806742
            ],
            [
              133.9909525341,
              34.8676609742
            ],
            [
              133.9898895356,
              34.8682571075
            ],
            [
              133.9893152771,
              34.868805458
            ],
            [
              133.9882443147,
              34.8703675456
            ],
            [
              133.9871721343,
              34.8726638315
            ],
            [
              133.9866687076,
              34.8733169547
            ],
            [
              133.9863467728,
              34.8735042897
            ],
            [
              133.9853879836,
              34.8743421768
            ],
            [
              133.9848251046,
              34.8756784859
            ],
            [
              133.9843545991,
              34.8762015426
            ],
            [
              133.9836901928,
              34.8763757719
            ],
            [
              133.983283447,
              34.8763944618
            ],
            [
              133.9818542295,
              34.8761939103
            ],
            [
              133.9811149675,
              34.8762900156
            ],
            [
              133.9806017733,
              34.8764653011
            ],
            [
              133.979846456,
              34.8775391054
            ]
          ]
        ]
      }
    },
    {
      "type": "Feature",
      "properties": {
        "key_code": "332131020",
        "pref": "岡山県",
        "city": "赤磐市",
        "ward": "",
        "district": "暮田",
        "name": "赤磐市  暮田"
      },
      "geometry": {
        "type": "Polygon",
        "coordinates": [
          [
            [
              134.071820957,
              34.8804691552
            ],
            [
              134.0703582324,
              34.8798060842
            ],
            [
              134.0701648107,
              34.8796476921
            ],
            [
              134.0699809149,
              34.8792981694
            ],
            [
              134.0690710948,
              34.8793977718
            ],
            [
              134.0667943502,
              34.8803385187
            ],
            [
              134.0657829674,
              34.8808566583
            ],
            [
              134.0648439591,
              34.8810339209
            ],
            [
              134.0630770476,
              34.8810982824
            ],
            [
              134.0632858833,
              34.8807932133
            ],
            [
              134.0633508972,
              34.8802848449
            ],
            [
              134.062822225,
              34.8796565603
            ],
            [
              134.0616218714,
              34.8787293549
            ],
            [
              134.0614329556,
              34.8782589494
            ],
            [
              134.0613705572,
              34.8777579804
            ],
            [
              134.061471431,
              34.8772961816
            ],
            [
              134.0625727111,
              34.8755323694
            ],
            [
              134.0628339475,
              34.8749864777
            ],
            [
              134.0628642531,
              34.8745271983
            ],
            [
              134.0625761661,
              34.873800002
            ],
            [
              134.06227152,
              34.8732732845
            ],
            [
              134.0617875785,
              34.8728773094
            ],
            [
              134.0608935854,
              34.8725171147
            ],
            [
              134.0598179602,
              34.8724082262
            ],
            [
              134.0588537223,
              34.8724247212
            ],
            [
              134.0569075321,
              34.8726645024
            ],
            [
              134.0559373861,
              34.8725355929
            ],
            [
              134.055400006,
              34.8723046247
            ],
            [
              134.0551802469,
              34.8719318998
            ],
            [
              134.0552247705,
              34.8715478764
            ],
            [
              134.0555299651,
              34.8708001815
            ],
            [
              134.0550791516,
              34.8705535643
            ],
            [
              134.0548403631,
              34.8701174793
            ],
            [
              134.0547846437,
              34.8695391224
            ],
            [
              134.0549111399,
              34.8690721812
            ],
            [
              134.0556085738,
              34.8688400859
            ],
            [
              134.0562619027,
              34.8688732662
            ],
            [
              134.0573562171,
              34.869216275
            ],
            [
              134.0582977426,
              34.869265942
            ],
            [
              134.0588056935,
              34.8690562908
            ],
            [
              134.0591912247,
              34.8687585365
            ],
            [
              134.0595067928,
              34.8683301886
            ],
            [
              134.0600358381,
              34.8673328928
            ],
            [
              134.0602639603,
              34.8666430501
            ],
            [
              134.0604768666,
              34.866286518
            ],
            [
              134.0630717166,
              34.8658875902
            ],
            [
              134.0631872883,
              34.8657603683
            ],
            [
              134.063276689,
              34.8653309461
            ],
            [
              134.0629603807,
              34.8643289504
            ],
            [
              134.0629754443,
              34.8639462689
            ],
            [
              134.0634993092,
              34.8625314406
            ],
            [
              134.0637016569,
              34.8622672841
            ],
            [
              134.0647596183,
              34.862113401
            ],
            [
              134.0649119248,
              34.8620184447
            ],
            [
              134.0650719612,
              34.8618639216
            ],
            [
              134.0651015659,
              34.8616183989
            ],
            [
              134.0651320681,
              34.8611037013
            ],
            [
              134.065051839,
              34.8606489066
            ],
            [
              134.0652312535,
              34.8606777535
            ],
            [
              134.0661037056,
              34.8598942433
            ],
            [
              134.066525237,
              34.8597757179
            ],
            [
              134.0688208365,
              34.8597721909
            ],
            [
              134.0709517958,
              34.8594381679
            ],
            [
              134.0713384032,
              34.8594389981
            ],
            [
              134.0719592315,
              34.8596110476
            ],
            [
              134.0722827529,
              34.8599133154
            ],
            [
              134.0723650317,
              34.8600956894
            ],
            [
              134.0724644098,
              34.8614275636
            ],
            [
              134.0734953428,
              34.8618196501
            ],
            [
              134.0747219162,
              34.8625847813
            ],
            [
              134.0755841677,
              34.8628314086
            ],
            [
              134.0768125022,
              34.8630274545
            ],
            [
              134.0777943426,
              34.8636811816
            ],
            [
              134.0779939259,
              34.8638920387
            ],
            [
              134.0779310356,
              34.8641367173
            ],
            [
              134.0773614751,
              34.8652395707
            ],
            [
              134.0777214121,
              34.8660684214
            ],
            [
              134.0780307732,
              34.8665015667
            ],
            [
              134.0786298854,
              34.8670149673
            ],
            [
              134.0793129747,
              34.8671587181
            ],
            [
              134.0797961994,
              34.8671880985
            ],
            [
              134.0806565629,
              34.8669423154
            ],
            [
              134.0807738523,
              34.8669710795
            ],
            [
              134.0809047348,
              34.867068047
            ],
            [
              134.0812665006,
              34.8684346768
            ],
            [
              134.0812101328,
              34.8688045216
            ],
            [
              134.0809574443,
              34.8690230357
            ],
            [
              134.0805607665,
              34.8700466786
            ],
            [
              134.0806212516,
              34.8706102517
            ],
            [
              134.0809451472,
              34.87081573
            ],
            [
              134.0809930486,
              34.8709638748
            ],
            [
              134.0810662221,
              34.8730612525
            ],
            [
              134.080888843,
              34.873501998
            ],
            [
              134.0809494638,
              34.8740143678
            ],
            [
              134.0810661078,
              34.8742649205
            ],
            [
              134.0805732706,
              34.8762871778
            ],
            [
              134.0803160393,
              34.8768728446
            ],
            [
              134.0803088632,
              34.8769581917
            ],
            [
              134.0805479388,
              34.8772180835
            ],
            [
              134.0768677308,
              34.877988195
            ],
            [
              134.0759198596,
              34.8783234283
            ],
            [
              134.0742631072,
              34.8792015209
            ],
            [
              134.0727170483,
              34.8801808909
            ],
            [
              134.071820957,
              34.8804691552
            ]
          ]
        ]
      }
    }
  ]
}
