{
  "type": "FeatureCollection",
  "features": [
    {
      "type": "Feature",
      "properties": {
        "key_code": "33212001001",
        "pref": "岡山県",
        "city": "瀬戸内市",
        "ward": "",
        "district": "邑久町尾張駅前",
        "name": "瀬戸内市  邑久町尾張駅前"
      },
      "geometry": {
        "type": "Polygon",
        "coordinates": [
          [
            [
              134.0907854726,
              34.6681898916
            ],
            [
              134.0891492301,
              34.6684972025
            ],
            [
              134.089208078,
              34.6677294627
            ],
            [
              134.0890232616,
              34.6667619047
            ],
            [
              134.0875889023,
              34.6658226597
            ],
            [
              134.0873372265,
              34.6647135334
            ],
            [
              134.0908855068,
              34.664203736
            ],
            [
              134.0919227935,
              34.6639842329
            ],
            [
              134.0924650607,
              34.6656249928
            ],
            [
              134.0929479835,
              34.6677595066
            ],
            [
              134.0919342144,
              34.6680997864
            ],
            [
              134.0911497903,
              34.6682131616
            ],
            [
              134.0907854726,
              34.6681898916
            ]
          ]
        ]
      }
    },
    {
      "type": "Feature",
      "properties": {
        "key_code": "33212001002",
        "pref": "岡山県",
        "city": "瀬戸内市",
        "ward": "",
        "district": "邑久町尾張中村西の北，中村東の一部",
        "name": "瀬戸内市  邑久町尾張中村西の北，中村東の一部"
      },
      "geometry": {
        "type": "Polygon",
        "coordinates": [
          [
            [
              134.0964519955,
              34.6644741244
            ],
            [
              134.096181923,
              34.6650908665
            ],
            [
              134.09628632,
              34.6667080679
            ],
            [
              134.0959543904,
              34.666672763
            ],
            [
              134.0954732634,
              34.6667568985
            ],
            [
              134.095194223,
              34.6669108775
            ],
            [
              134.0935344417,
              34.667429498
            ],
            [
              134.0929479835,
              34.6677595066
            ],
            [
              134.0924650607,
              34.6656249928
            ],
            [
              134.0919227935,
              34.6639842329
            ],
            [
              134.0925411902,
              34.6638555906
            ],
            [
              134.0921079945,
              34.6620833389
            ],
            [
              134.0934453662,
              34.6618683677
            ],
            [
              134.093598011,
              34.6627662674
            ],
            [
              134.0949981107,
              34.6624977332
            ],
            [
              134.0959644395,
              34.6624449823
            ],
            [
              134.0962707405,
              34.663470523
            ],
            [
              134.0964519955,
              34.6644741244
            ]
          ]
        ]
      }
    },
    {
      "type": "Feature",
      "properties": {
        "key_code": "33212001003",
        "pref": "岡山県",
        "city": "瀬戸内市",
        "ward": "",
        "district": "邑久町尾張",
        "name": "瀬戸内市  邑久町尾張"
      },
      "geometry": {
        "type": "Polygon",
        "coordinates": [
          [
            [
              134.0891492301,
              34.6684972025
            ],
            [
              134.0881527807,
              34.6685916757
            ],
            [
              134.0875889023,
              34.6658226597
            ],
            [
              134.0890232616,
              34.6667619047
            ],
            [
              134.089208078,
              34.6677294627
            ],
            [
              134.0891492301,
              34.6684972025
            ]
          ]
        ]
      }
    },
    {
      "type": "Feature",
      "properties": {
        "key_code": "33212001004",
        "pref": "岡山県",
        "city": "瀬戸内市",
        "ward": "",
        "district": "邑久町尾張保止，中村東の一部南",
        "name": "瀬戸内市  邑久町尾張保止，中村東の一部南"
      },
      "geometry": {
        "type": "Polygon",
        "coordinates": [
          [
            [
              134.1032447196,
              34.6592224629
            ],
            [
              134.1042260258,
              34.6640527952
            ],
            [
              134.0962023956,
              34.6653488319
            ],
            [
              134.0962137656,
              34.6648941401
            ],
            [
              134.0964519955,
              34.6644741244
            ],
            [
              134.0962707405,
              34.663470523
            ],
            [
              134.0959644395,
              34.6624449823
            ],
            [
              134.0976724723,
              34.6621947757
            ],
            [
              134.0968018336,
              34.6581934427
            ],
            [
              134.0991754329,
              34.6577716907
            ],
            [
              134.0989567148,
              34.6567743498
            ],
            [
              134.1011921002,
              34.6564392109
            ],
            [
              134.1012225862,
              34.6563113631
            ],
            [
              134.1018078057,
              34.656212902
            ],
            [
              134.1020183226,
              34.6562951517
            ],
            [
              134.1021475164,
              34.6562420123
            ],
            [
              134.1021693209,
              34.6561318972
            ],
            [
              134.1024274983,
              34.6560932335
            ],
            [
              134.1032447196,
              34.6592224629
            ]
          ]
        ]
      }
    },
    {
      "type": "Feature",
      "properties": {
        "key_code": "33212001005",
        "pref": "岡山県",
        "city": "瀬戸内市",
        "ward": "",
        "district": "邑久町尾張船輪",
        "name": "瀬戸内市  邑久町尾張船輪"
      },
      "geometry": {
        "type": "Polygon",
        "coordinates": [
          [
            [
              134.0950932705,
              34.661612017
            ],
            [
              134.0927989459,
              34.6619732932
            ],
            [
              134.092312445,
              34.6600248403
            ],
            [
              134.0947079327,
              34.6596120732
            ],
            [
              134.0944810793,
              34.6585786473
            ],
            [
              134.0968018336,
              34.6581934427
            ],
            [
              134.0976724723,
              34.6621947757
            ],
            [
              134.0959644395,
              34.6624449823
            ],
            [
              134.0957982483,
              34.6620678402
            ],
            [
              134.0950932705,
              34.661612017
            ]
          ]
        ]
      }
    },
    {
      "type": "Feature",
      "properties": {
        "key_code": "33212001006",
        "pref": "岡山県",
        "city": "瀬戸内市",
        "ward": "",
        "district": "邑久町尾張田中，中村東の一部",
        "name": "瀬戸内市  邑久町尾張田中，中村東の一部"
      },
      "geometry": {
        "type": "Polygon",
        "coordinates": [
          [
            [
              134.0959644395,
              34.6624449823
            ],
            [
              134.0949981107,
              34.6624977332
            ],
            [
              134.093598011,
              34.6627662674
            ],
            [
              134.0934453662,
              34.6618683677
            ],
            [
              134.0950932705,
              34.661612017
            ],
            [
              134.0957982483,
              34.6620678402
            ],
            [
              134.0959644395,
              34.6624449823
            ]
          ]
        ]
      }
    },
    {
      "type": "Feature",
      "properties": {
        "key_code": "33212001007",
        "pref": "岡山県",
        "city": "瀬戸内市",
        "ward": "",
        "district": "邑久町尾張千町",
        "name": "瀬戸内市  邑久町尾張千町"
      },
      "geometry": {
        "type": "Polygon",
        "coordinates": [
          [
            [
              134.1091759281,
              34.6631920174
            ],
            [
              134.1042260258,
              34.6640527952
            ],
            [
              134.103888693,
              34.6620596136
            ],
            [
              134.1024274983,
              34.6560932335
            ],
            [
              134.1057909939,
              34.6553053228
            ],
            [
              134.1057658614,
              34.6549871985
            ],
            [
              134.1077827016,
              34.6560272249
            ],
            [
              134.1084625953,
              34.6566154924
            ],
            [
              134.1096270763,
              34.6578456012
            ],
            [
              134.1115710553,
              34.6587291889
            ],
            [
              134.1120158848,
              34.6590132886
            ],
            [
              134.1127876771,
              34.6597146658
            ],
            [
              134.1136875407,
              34.6610615753
            ],
            [
              134.1134810021,
              34.662325604
            ],
            [
              134.1091759281,
              34.6631920174
            ]
          ]
        ]
      }
    },
    {
      "type": "Feature",
      "properties": {
        "key_code": "33212008008",
        "pref": "岡山県",
        "city": "瀬戸内市",
        "ward": "",
        "district": "邑久町山手山手西，東",
        "name": "瀬戸内市  邑久町山手山手西，東"
      },
      "geometry": {
        "type": "Polygon",
        "coordinates": [
          [
            [
              134.1097583343,
              34.6760365837
            ],
            [
              134.1055328927,
              34.6808402714
            ],
            [
              134.1054905355,
              34.6808106093
            ],
            [
              134.1054165448,
              34.6805636767
            ],
            [
              134.1055147937,
              34.6799058911
            ],
            [
              134.105487455,
              34.6790923551
            ],
            [
              134.1049495474,
              34.6789576537
            ],
            [
              134.1055483593,
              34.6768521698
            ],
            [
              134.105506073,
              34.676509225
            ],
            [
              134.1056498101,
              34.6761131051
            ],
            [
              134.1051756718,
              34.6756121363
            ],
            [
              134.1052453806,
              34.6754123817
            ],
            [
              134.1052762183,
              34.6736231793
            ],
            [
              134.1049325378,
              34.672847631
            ],
            [
              134.1046457477,
              34.671024016
            ],
            [
              134.1041750279,
              34.6692982314
            ],
            [
              134.1041105107,
              34.6691837261
            ],
            [
              134.1028997135,
              34.6693672132
            ],
            [
              134.1024587748,
              34.6674280631
            ],
            [
              134.1023545891,
              34.6664234938
            ],
            [
              134.1018832466,
              34.6644611791
            ],
            [
              134.1091759281,
              34.6631920174
            ],
            [
              134.1097275236,
              34.6655516852
            ],
            [
              134.109469645,
              34.6661062116
            ],
            [
              134.1094858969,
              34.6667776035
            ],
            [
              134.1097371025,
              34.6673718152
            ],
            [
              134.1099318602,
              34.6674706415
            ],
            [
              134.1097583343,
              34.6760365837
            ]
          ]
        ]
      }
    },
    {
      "type": "Feature",
      "properties": {
        "key_code": "33212008009",
        "pref": "岡山県",
        "city": "瀬戸内市",
        "ward": "",
        "district": "邑久町山手真徳西，真徳東，亀ケ原",
        "name": "瀬戸内市  邑久町山手真徳西，真徳東，亀ケ原"
      },
      "geometry": {
        "type": "Polygon",
        "coordinates": [
          [
            [
              134.1183544802,
              34.6755242875
            ],
            [
              134.1178878772,
              34.6764888002
            ],
            [
              134.1177394556,
              34.6773163983
            ],
            [
              134.1172442348,
              34.6782636705
            ],
            [
              134.1132259932,
              34.6753942941
            ],
            [
              134.1097583343,
              34.6760365837
            ],
            [
              134.1099318602,
              34.6674706415
            ],
            [
              134.1097371025,
              34.6673718152
            ],
            [
              134.1094858969,
              34.6667776035
            ],
            [
              134.109469645,
              34.6661062116
            ],
            [
              134.1097275236,
              34.6655516852
            ],
            [
              134.1091759281,
              34.6631920174
            ],
            [
              134.1133400245,
              34.6623538019
            ],
            [
              134.1170076513,
              34.6635673718
            ],
            [
              134.1183340866,
              34.6638337265
            ],
            [
              134.1203440094,
              34.6686740353
            ],
            [
              134.1166255128,
              34.6695744292
            ],
            [
              134.1165906987,
              34.6704636467
            ],
            [
              134.1167140432,
              34.6709426692
            ],
            [
              134.1171967744,
              34.6714090956
            ],
            [
              134.1171397445,
              34.6718103184
            ],
            [
              134.1171861363,
              34.6720342361
            ],
            [
              134.1178921166,
              34.6720607168
            ],
            [
              134.1185705173,
              34.6722857636
            ],
            [
              134.1185526963,
              34.6728900425
            ],
            [
              134.1186601383,
              34.673269021
            ],
            [
              134.1185863689,
              34.6734360956
            ],
            [
              134.1184012951,
              34.6734242147
            ],
            [
              134.1183518907,
              34.6744307475
            ],
            [
              134.1181350139,
              34.6745019193
            ],
            [
              134.1181674204,
              34.675231658
            ],
            [
              134.1183544802,
              34.6755242875
            ]
          ]
        ]
      }
    },
    {
      "type": "Feature",
      "properties": {
        "key_code": "33212010010",
        "pref": "岡山県",
        "city": "瀬戸内市",
        "ward": "",
        "district": "邑久町山田庄福吉",
        "name": "瀬戸内市  邑久町山田庄福吉"
      },
      "geometry": {
        "type": "Polygon",
        "coordinates": [
          [
            [
              134.0980380917,
              34.667727987
            ],
            [
              134.0972307254,
              34.6676052607
            ],
            [
              134.0963490548,
              34.6675963482
            ],
            [
              134.0962023956,
              34.6653488319
            ],
            [
              134.1018832466,
              34.6644611791
            ],
            [
              134.1023545891,
              34.6664234938
            ],
            [
              134.1024587748,
              34.6674280631
            ],
            [
              134.0994047649,
              34.6679194133
            ],
            [
              134.0992320886,
              34.6678387844
            ],
            [
              134.0991656509,
              34.6676367942
            ],
            [
              134.0980380917,
              34.667727987
            ]
          ]
        ]
      }
    },
    {
      "type": "Feature",
      "properties": {
        "key_code": "33212010011",
        "pref": "岡山県",
        "city": "瀬戸内市",
        "ward": "",
        "district": "邑久町山田庄中庄西",
        "name": "瀬戸内市  邑久町山田庄中庄西"
      },
      "geometry": {
        "type": "Polygon",
        "coordinates": [
          [
            [
              134.0981006608,
              34.676957556
            ],
            [
              134.096939197,
              34.6761841902
            ],
            [
              134.0965965978,
              34.6763355105
            ],
            [
              134.0955334557,
              34.676438365
            ],
            [
              134.0955331668,
              34.6765396451
            ],
            [
              134.094495645,
              34.6766401457
            ],
            [
              134.092971408,
              34.6727603959
            ],
            [
              134.0949538497,
              34.6725248579
            ],
            [
              134.0961224943,
              34.6722530387
            ],
            [
              134.0968805599,
              34.671938708
            ],
            [
              134.0966674045,
              34.6736162656
            ],
            [
              134.0963262052,
              34.6743359763
            ],
            [
              134.0968692175,
              34.6742025158
            ],
            [
              134.0977875589,
              34.6732453109
            ],
            [
              134.0979831465,
              34.6733972638
            ],
            [
              134.0981786146,
              34.6757907892
            ],
            [
              134.0981006608,
              34.676957556
            ]
          ]
        ]
      }
    },
    {
      "type": "Feature",
      "properties": {
        "key_code": "33212010012",
        "pref": "岡山県",
        "city": "瀬戸内市",
        "ward": "",
        "district": "邑久町山田庄中庄西",
        "name": "瀬戸内市  邑久町山田庄中庄西"
      },
      "geometry": {
        "type": "Polygon",
        "coordinates": [
          [
            [
              134.0984525296,
              34.6725103135
            ],
            [
              134.0968692175,
              34.6742025158
            ],
            [
              134.0963262052,
              34.6743359763
            ],
            [
              134.0966674045,
              34.6736162656
            ],
            [
              134.0968805599,
              34.671938708
            ],
            [
              134.0963474015,
              34.6721648762
            ],
            [
              134.0957962635,
              34.6694679283
            ],
            [
              134.0964773011,
              34.6693347399
            ],
            [
              134.0963490548,
              34.6675963482
            ],
            [
              134.0972307254,
              34.6676052607
            ],
            [
              134.0980380917,
              34.667727987
            ],
            [
              134.098352016,
              34.6687953746
            ],
            [
              134.0982093286,
              34.6699779428
            ],
            [
              134.0985566998,
              34.6714305097
            ],
            [
              134.0985452198,
              34.6715640267
            ],
            [
              134.098110845,
              34.67166291
            ],
            [
              134.0984525296,
              34.6725103135
            ]
          ]
        ]
      }
    },
    {
      "type": "Feature",
      "properties": {
        "key_code": "33212010013",
        "pref": "岡山県",
        "city": "瀬戸内市",
        "ward": "",
        "district": "邑久町山田庄",
        "name": "瀬戸内市  邑久町山田庄"
      },
      "geometry": {
        "type": "Polygon",
        "coordinates": [
          [
            [
              134.0963474015,
              34.6721648762
            ],
            [
              134.0949538497,
              34.6725248579
            ],
            [
              134.092971408,
              34.6727603959
            ],
            [
              134.0918892282,
              34.6700010996
            ],
            [
              134.0935877229,
              34.6698568585
            ],
            [
              134.0957962635,
              34.6694679283
            ],
            [
              134.0963474015,
              34.6721648762
            ]
          ],
          [
            [
              134.0936120523,
              34.6702086452
            ],
            [
              134.0937341316,
              34.6707041666
            ],
            [
              134.0944340648,
              34.670586383
            ],
            [
              134.0943126508,
              34.6700876236
            ],
            [
              134.0936120523,
              34.6702086452
            ]
          ]
        ]
      }
    },
    {
      "type": "Feature",
      "properties": {
        "key_code": "33212010014",
        "pref": "岡山県",
        "city": "瀬戸内市",
        "ward": "",
        "district": "邑久町山田庄中庄西",
        "name": "瀬戸内市  邑久町山田庄中庄西"
      },
      "geometry": {
        "type": "Polygon",
        "coordinates": [
          [
            [
              134.0937341316,
              34.6707041666
            ],
            [
              134.0936120523,
              34.6702086452
            ],
            [
              134.0943126508,
              34.6700876236
            ],
            [
              134.0944340648,
              34.670586383
            ],
            [
              134.0937341316,
              34.6707041666
            ]
          ]
        ]
      }
    },
    {
      "type": "Feature",
      "properties": {
        "key_code": "33212010015",
        "pref": "岡山県",
        "city": "瀬戸内市",
        "ward": "",
        "district": "邑久町山田庄小物屋",
        "name": "瀬戸内市  邑久町山田庄小物屋"
      },
      "geometry": {
        "type": "Polygon",
        "coordinates": [
          [
            [
              134.0907671161,
              34.673213514
            ],
            [
              134.092971408,
              34.6727603959
            ],
            [
              134.094495645,
              34.6766401457
            ],
            [
              134.0919217994,
              34.6770288817
            ],
            [
              134.0912388947,
              34.6752479771
            ],
            [
              134.0917250967,
              34.6751449938
            ],
            [
              134.0913568609,
              34.6741183419
            ],
            [
              134.0900280097,
              34.6743448574
            ],
            [
              134.0893978404,
              34.6743385146
            ],
            [
              134.0894108777,
              34.6741000571
            ],
            [
              134.0892387112,
              34.6733500302
            ],
            [
              134.090151611,
              34.6731440974
            ],
            [
              134.0907671161,
              34.673213514
            ]
          ]
        ]
      }
    },
    {
      "type": "Feature",
      "properties": {
        "key_code": "33212010016",
        "pref": "岡山県",
        "city": "瀬戸内市",
        "ward": "",
        "district": "邑久町山田庄",
        "name": "瀬戸内市  邑久町山田庄"
      },
      "geometry": {
        "type": "Polygon",
        "coordinates": [
          [
            [
              134.092971408,
              34.6727603959
            ],
            [
              134.091710071,
              34.6729972065
            ],
            [
              134.0914041372,
              34.6719058815
            ],
            [
              134.0925551978,
              34.6716877304
            ],
            [
              134.092971408,
              34.6727603959
            ]
          ]
        ]
      }
    },
    {
      "type": "Feature",
      "properties": {
        "key_code": "33212010017",
        "pref": "岡山県",
        "city": "瀬戸内市",
        "ward": "",
        "district": "邑久町山田庄中庄東",
        "name": "瀬戸内市  邑久町山田庄中庄東"
      },
      "geometry": {
        "type": "Polygon",
        "coordinates": [
          [
            [
              134.1049495474,
              34.6789576537
            ],
            [
              134.1048344356,
              34.6789548997
            ],
            [
              134.1036005279,
              34.6773434583
            ],
            [
              134.0981006608,
              34.676957556
            ],
            [
              134.0981786146,
              34.6757907892
            ],
            [
              134.0979831465,
              34.6733972638
            ],
            [
              134.0977875589,
              34.6732453109
            ],
            [
              134.0984525296,
              34.6725103135
            ],
            [
              134.098110845,
              34.67166291
            ],
            [
              134.0985452198,
              34.6715640267
            ],
            [
              134.0985566998,
              34.6714305097
            ],
            [
              134.0982093286,
              34.6699779428
            ],
            [
              134.098352016,
              34.6687953746
            ],
            [
              134.0980380917,
              34.667727987
            ],
            [
              134.0991656509,
              34.6676367942
            ],
            [
              134.0992320886,
              34.6678387844
            ],
            [
              134.0994047649,
              34.6679194133
            ],
            [
              134.1024587748,
              34.6674280631
            ],
            [
              134.1028997135,
              34.6693672132
            ],
            [
              134.1041105107,
              34.6691837261
            ],
            [
              134.1046457477,
              34.671024016
            ],
            [
              134.1049325378,
              34.672847631
            ],
            [
              134.1052762183,
              34.6736231793
            ],
            [
              134.1052453806,
              34.6754123817
            ],
            [
              134.1051756718,
              34.6756121363
            ],
            [
              134.1056498101,
              34.6761131051
            ],
            [
              134.105506073,
              34.676509225
            ],
            [
              134.1055483593,
              34.6768521698
            ],
            [
              134.1049495474,
              34.6789576537
            ]
          ]
        ]
      }
    },
    {
      "type": "Feature",
      "properties": {
        "key_code": "33212010018",
        "pref": "岡山県",
        "city": "瀬戸内市",
        "ward": "",
        "district": "邑久町山田庄",
        "name": "瀬戸内市  邑久町山田庄"
      },
      "geometry": {
        "type": "Polygon",
        "coordinates": [
          [
            [
              134.0919217994,
              34.6770288817
            ],
            [
              134.0903919171,
              34.6772462657
            ],
            [
              134.0902612818,
              34.6773492559
            ],
            [
              134.0902389239,
              34.6775760017
            ],
            [
              134.0896299409,
              34.6776339368
            ],
            [
              134.0895864297,
              34.6773240894
            ],
            [
              134.089279363,
              34.6773224828
            ],
            [
              134.0899531488,
              34.6763335674
            ],
            [
              134.0899585783,
              34.6761603159
            ],
            [
              134.0914934598,
              34.6759250583
            ],
            [
              134.0919217994,
              34.6770288817
            ]
          ]
        ]
      }
    },
    {
      "type": "Feature",
      "properties": {
        "key_code": "33212010019",
        "pref": "岡山県",
        "city": "瀬戸内市",
        "ward": "",
        "district": "邑久町山田庄",
        "name": "瀬戸内市  邑久町山田庄"
      },
      "geometry": {
        "type": "Polygon",
        "coordinates": [
          [
            [
              134.0899804482,
              34.6762765727
            ],
            [
              134.0891183394,
              34.6775544419
            ],
            [
              134.08863728,
              34.6775840351
            ],
            [
              134.0885933983,
              34.6774087112
            ],
            [
              134.0876591302,
              34.6776299424
            ],
            [
              134.0894643244,
              34.6743793585
            ],
            [
              134.0895642393,
              34.6743725166
            ],
            [
              134.0899804482,
              34.6762765727
            ]
          ]
        ]
      }
    },
    {
      "type": "Feature",
      "properties": {
        "key_code": "33212010020",
        "pref": "岡山県",
        "city": "瀬戸内市",
        "ward": "",
        "district": "邑久町山田庄",
        "name": "瀬戸内市  邑久町山田庄"
      },
      "geometry": {
        "type": "Polygon",
        "coordinates": [
          [
            [
              134.0914934598,
              34.6759250583
            ],
            [
              134.0899585783,
              34.6761603159
            ],
            [
              134.0895642393,
              34.6743725166
            ],
            [
              134.0913568609,
              34.6741183419
            ],
            [
              134.0917250967,
              34.6751449938
            ],
            [
              134.0912388947,
              34.6752479771
            ],
            [
              134.0914934598,
              34.6759250583
            ]
          ]
        ]
      }
    },
    {
      "type": "Feature",
      "properties": {
        "key_code": "33212010021",
        "pref": "岡山県",
        "city": "瀬戸内市",
        "ward": "",
        "district": "邑久町山田庄",
        "name": "瀬戸内市  邑久町山田庄"
      },
      "geometry": {
        "type": "Polygon",
        "coordinates": [
          [
            [
              134.0905220444,
              34.673138645
            ],
            [
              134.090151611,
              34.6731440974
            ],
            [
              134.0892387112,
              34.6733500302
            ],
            [
              134.0885428066,
              34.6705517139
            ],
            [
              134.0898945206,
              34.6703313648
            ],
            [
              134.0905220444,
              34.673138645
            ]
          ]
        ]
      }
    },
    {
      "type": "Feature",
      "properties": {
        "key_code": "33212010022",
        "pref": "岡山県",
        "city": "瀬戸内市",
        "ward": "",
        "district": "邑久町山田庄",
        "name": "瀬戸内市  邑久町山田庄"
      },
      "geometry": {
        "type": "Polygon",
        "coordinates": [
          [
            [
              134.091710071,
              34.6729972065
            ],
            [
              134.0907671161,
              34.673213514
            ],
            [
              134.0905220444,
              34.673138645
            ],
            [
              134.0898796344,
              34.6702548452
            ],
            [
              134.0909972671,
              34.670128767
            ],
            [
              134.091710071,
              34.6729972065
            ]
          ]
        ]
      }
    },
    {
      "type": "Feature",
      "properties": {
        "key_code": "33212010023",
        "pref": "岡山県",
        "city": "瀬戸内市",
        "ward": "",
        "district": "邑久町山田庄福吉",
        "name": "瀬戸内市  邑久町山田庄福吉"
      },
      "geometry": {
        "type": "Polygon",
        "coordinates": [
          [
            [
              134.09628632,
              34.6667080679
            ],
            [
              134.0964773011,
              34.6693347399
            ],
            [
              134.0935877229,
              34.6698568585
            ],
            [
              134.0918892282,
              34.6700010996
            ],
            [
              134.0915744196,
              34.6692821967
            ],
            [
              134.0907854726,
              34.6681898916
            ],
            [
              134.0911497903,
              34.6682131616
            ],
            [
              134.0922505606,
              34.6680342123
            ],
            [
              134.0928276145,
              34.6678342074
            ],
            [
              134.0938133819,
              34.6673197538
            ],
            [
              134.095194223,
              34.6669108775
            ],
            [
              134.0954732634,
              34.6667568985
            ],
            [
              134.0959543904,
              34.666672763
            ],
            [
              134.09628632,
              34.6667080679
            ]
          ]
        ]
      }
    },
    {
      "type": "Feature",
      "properties": {
        "key_code": "33212010024",
        "pref": "岡山県",
        "city": "瀬戸内市",
        "ward": "",
        "district": "邑久町山田庄",
        "name": "瀬戸内市  邑久町山田庄"
      },
      "geometry": {
        "type": "Polygon",
        "coordinates": [
          [
            [
              134.0925551978,
              34.6716877304
            ],
            [
              134.0914041372,
              34.6719058815
            ],
            [
              134.0909972671,
              34.670128767
            ],
            [
              134.0918892282,
              34.6700010996
            ],
            [
              134.0925551978,
              34.6716877304
            ]
          ]
        ]
      }
    },
    {
      "type": "Feature",
      "properties": {
        "key_code": "33212010025",
        "pref": "岡山県",
        "city": "瀬戸内市",
        "ward": "",
        "district": "邑久町山田庄",
        "name": "瀬戸内市  邑久町山田庄"
      },
      "geometry": {
        "type": "Polygon",
        "coordinates": [
          [
            [
              134.0888933552,
              34.6704440808
            ],
            [
              134.0889068947,
              34.6704953972
            ],
            [
              134.0885428066,
              34.6705517139
            ],
            [
              134.0883455919,
              34.6695419243
            ],
            [
              134.0914323938,
              34.6690627254
            ],
            [
              134.0918892282,
              34.6700010996
            ],
            [
              134.0888933552,
              34.6704440808
            ]
          ]
        ]
      }
    },
    {
      "type": "Feature",
      "properties": {
        "key_code": "33212010026",
        "pref": "岡山県",
        "city": "瀬戸内市",
        "ward": "",
        "district": "邑久町山田庄",
        "name": "瀬戸内市  邑久町山田庄"
      },
      "geometry": {
        "type": "Polygon",
        "coordinates": [
          [
            [
              134.0914323938,
              34.6690627254
            ],
            [
              134.0883455919,
              34.6695419243
            ],
            [
              134.0881527807,
              34.6685916757
            ],
            [
              134.089398399,
              34.6684774215
            ],
            [
              134.0907854726,
              34.6681898916
            ],
            [
              134.0914323938,
              34.6690627254
            ]
          ]
        ]
      }
    },
    {
      "type": "Feature",
      "properties": {
        "key_code": "33212013013",
        "pref": "岡山県",
        "city": "瀬戸内市",
        "ward": "",
        "district": "邑久町豊安豊安上",
        "name": "瀬戸内市  邑久町豊安豊安上"
      },
      "geometry": {
        "type": "Polygon",
        "coordinates": [
          [
            [
              134.0925411902,
              34.6638555906
            ],
            [
              134.0908855068,
              34.664203736
            ],
            [
              134.0901393868,
              34.6612734922
            ],
            [
              134.0924820049,
              34.6608991177
            ],
            [
              134.0925946491,
              34.6610542961
            ],
            [
              134.0927989459,
              34.6619732932
            ],
            [
              134.0921079945,
              34.6620833389
            ],
            [
              134.0925411902,
              34.6638555906
            ]
          ]
        ]
      }
    },
    {
      "type": "Feature",
      "properties": {
        "key_code": "33212013014",
        "pref": "岡山県",
        "city": "瀬戸内市",
        "ward": "",
        "district": "邑久町豊安豊安下",
        "name": "瀬戸内市  邑久町豊安豊安下"
      },
      "geometry": {
        "type": "Polygon",
        "coordinates": [
          [
            [
              134.0924820049,
              34.6608991177
            ],
            [
              134.0901393868,
              34.6612734922
            ],
            [
              134.0896197907,
              34.6583808647
            ],
            [
              134.0884670165,
              34.6533660508
            ],
            [
              134.0931680436,
              34.6526283433
            ],
            [
              134.0928425605,
              34.6510847584
            ],
            [
              134.0937019463,
              34.6511364792
            ],
            [
              134.0952507294,
              34.6514270623
            ],
            [
              134.0963479083,
              34.651886063
            ],
            [
              134.0988444771,
              34.6531670949
            ],
            [
              134.1036955116,
              34.6542935655
            ],
            [
              134.1049018862,
              34.6546363461
            ],
            [
              134.1057658614,
              34.6549871985
            ],
            [
              134.1057909939,
              34.6553053228
            ],
            [
              134.1021693209,
              34.6561318972
            ],
            [
              134.1020915043,
              34.6562774026
            ],
            [
              134.1018078057,
              34.656212902
            ],
            [
              134.1012225862,
              34.6563113631
            ],
            [
              134.1011921002,
              34.6564392109
            ],
            [
              134.0989567148,
              34.6567743498
            ],
            [
              134.0991754329,
              34.6577716907
            ],
            [
              134.0944810793,
              34.6585786473
            ],
            [
              134.0947079327,
              34.6596120732
            ],
            [
              134.092312445,
              34.6600248403
            ],
            [
              134.0924820049,
              34.6608991177
            ]
          ]
        ]
      }
    },
    {
      "type": "Feature",
      "properties": {
        "key_code": "33212015015",
        "pref": "岡山県",
        "city": "瀬戸内市",
        "ward": "",
        "district": "邑久町豆田八丁",
        "name": "瀬戸内市  邑久町豆田八丁"
      },
      "geometry": {
        "type": "Polygon",
        "coordinates": [
          [
            [
              134.0967253504,
              34.6945683027
            ],
            [
              134.096759773,
              34.6948644619
            ],
            [
              134.0958399851,
              34.6948360293
            ],
            [
              134.0952995719,
              34.6947135409
            ],
            [
              134.0945001032,
              34.6947459067
            ],
            [
              134.0939361224,
              34.6946429447
            ],
            [
              134.0913292295,
              34.6946643625
            ],
            [
              134.0903684498,
              34.6945774902
            ],
            [
              134.0886813683,
              34.6946323945
            ],
            [
              134.0868742099,
              34.6945388446
            ],
            [
              134.0864037658,
              34.694615497
            ],
            [
              134.0855166049,
              34.6944777449
            ],
            [
              134.0854042495,
              34.6947106398
            ],
            [
              134.0819021967,
              34.6933610206
            ],
            [
              134.0807209004,
              34.6930462788
            ],
            [
              134.0804361862,
              34.6925929591
            ],
            [
              134.0801261921,
              34.6915571255
            ],
            [
              134.0798189121,
              34.6908864079
            ],
            [
              134.0867553638,
              34.6908521148
            ],
            [
              134.0872208864,
              34.6913539694
            ],
            [
              134.0872871088,
              34.691524406
            ],
            [
              134.0881965719,
              34.6916214806
            ],
            [
              134.0896310271,
              34.6915867788
            ],
            [
              134.0910517698,
              34.6910536629
            ],
            [
              134.0914123313,
              34.6913414633
            ],
            [
              134.0929175111,
              34.6921818964
            ],
            [
              134.0933808332,
              34.6925372273
            ],
            [
              134.0951479938,
              34.6942812186
            ],
            [
              134.0967253504,
              34.6945683027
            ]
          ]
        ]
      }
    },
    {
      "type": "Feature",
      "properties": {
        "key_code": "33212015016",
        "pref": "岡山県",
        "city": "瀬戸内市",
        "ward": "",
        "district": "邑久町豆田豆田北，南",
        "name": "瀬戸内市  邑久町豆田豆田北，南"
      },
      "geometry": {
        "type": "Polygon",
        "coordinates": [
          [
            [
              134.0910517698,
              34.6910536629
            ],
            [
              134.0896310271,
              34.6915867788
            ],
            [
              134.0881965719,
              34.6916214806
            ],
            [
              134.0872871088,
              34.691524406
            ],
            [
              134.0872208864,
              34.6913539694
            ],
            [
              134.0867553638,
              34.6908521148
            ],
            [
              134.0798189121,
              34.6908864079
            ],
            [
              134.0789409967,
              34.6872865605
            ],
            [
              134.0784835067,
              34.685883889
            ],
            [
              134.0782474328,
              34.6845184394
            ],
            [
              134.0829502116,
              34.6849183947
            ],
            [
              134.0832593936,
              34.6847126672
            ],
            [
              134.0835144708,
              34.6849001148
            ],
            [
              134.084561713,
              34.6850200212
            ],
            [
              134.0866964887,
              34.6850522904
            ],
            [
              134.0872557799,
              34.6847257857
            ],
            [
              134.0889484556,
              34.6887222438
            ],
            [
              134.09052117,
              34.6905725391
            ],
            [
              134.0910517698,
              34.6910536629
            ]
          ]
        ]
      }
    },
    {
      "type": "Feature",
      "properties": {
        "key_code": "33212015017",
        "pref": "岡山県",
        "city": "瀬戸内市",
        "ward": "",
        "district": "邑久町豆田四軒家",
        "name": "瀬戸内市  邑久町豆田四軒家"
      },
      "geometry": {
        "type": "Polygon",
        "coordinates": [
          [
            [
              134.0872557799,
              34.6847257857
            ],
            [
              134.0866964887,
              34.6850522904
            ],
            [
              134.084561713,
              34.6850200212
            ],
            [
              134.0835144708,
              34.6849001148
            ],
            [
              134.0832593936,
              34.6847126672
            ],
            [
              134.0829502116,
              34.6849183947
            ],
            [
              134.0782474328,
              34.6845184394
            ],
            [
              134.0780008788,
              34.6833486255
            ],
            [
              134.0777791681,
              34.6827399177
            ],
            [
              134.0807283882,
              34.6814521112
            ],
            [
              134.0820540111,
              34.6800744023
            ],
            [
              134.0840069646,
              34.6778501072
            ],
            [
              134.0838498953,
              34.6776604642
            ],
            [
              134.0846465316,
              34.6772487983
            ],
            [
              134.0871985788,
              34.6788642361
            ],
            [
              134.0871400534,
              34.6784225121
            ],
            [
              134.0882669622,
              34.6785369315
            ],
            [
              134.0886803278,
              34.6784653661
            ],
            [
              134.088638438,
              34.6786929153
            ],
            [
              134.0889914984,
              34.6795407792
            ],
            [
              134.0890414763,
              34.6800372805
            ],
            [
              134.0895809486,
              34.6809425691
            ],
            [
              134.0897002485,
              34.6813506068
            ],
            [
              134.0896831237,
              34.6816818812
            ],
            [
              134.0893829799,
              34.6823257218
            ],
            [
              134.0891298836,
              34.6824563532
            ],
            [
              134.0885418413,
              34.6825788387
            ],
            [
              134.0882295096,
              34.682360995
            ],
            [
              134.0873805589,
              34.6827683328
            ],
            [
              134.087059201,
              34.6831318069
            ],
            [
              134.0868976009,
              34.6836254822
            ],
            [
              134.0872557799,
              34.6847257857
            ]
          ]
        ]
      }
    },
    {
      "type": "Feature",
      "properties": {
        "key_code": "33212018018",
        "pref": "岡山県",
        "city": "瀬戸内市",
        "ward": "",
        "district": "邑久町福元福元西",
        "name": "瀬戸内市  邑久町福元福元西"
      },
      "geometry": {
        "type": "Polygon",
        "coordinates": [
          [
            [
              134.0849654632,
              34.6774731438
            ],
            [
              134.0846465316,
              34.6772487983
            ],
            [
              134.0838498953,
              34.6776604642
            ],
            [
              134.0840069646,
              34.6778501072
            ],
            [
              134.0820540111,
              34.6800744023
            ],
            [
              134.0807283882,
              34.6814521112
            ],
            [
              134.0777791681,
              34.6827399177
            ],
            [
              134.0775191476,
              34.6820725294
            ],
            [
              134.0769463579,
              34.6811138843
            ],
            [
              134.0758677741,
              34.6796980562
            ],
            [
              134.0779143935,
              34.6779727139
            ],
            [
              134.07771969,
              34.677577182
            ],
            [
              134.0778304353,
              34.677125663
            ],
            [
              134.0778996071,
              34.6761076423
            ],
            [
              134.07979924,
              34.6761868327
            ],
            [
              134.0799304593,
              34.6753619232
            ],
            [
              134.0803105634,
              34.6739701306
            ],
            [
              134.080097048,
              34.6730173044
            ],
            [
              134.0802343349,
              34.6728162941
            ],
            [
              134.0781676478,
              34.6711492218
            ],
            [
              134.0797052331,
              34.6707770295
            ],
            [
              134.0803405319,
              34.6710199327
            ],
            [
              134.0800223803,
              34.6698851732
            ],
            [
              134.083427815,
              34.6693143754
            ],
            [
              134.0837714054,
              34.6704029796
            ],
            [
              134.0837700632,
              34.6707588005
            ],
            [
              134.0840343342,
              34.6715490262
            ],
            [
              134.0840746189,
              34.6720036778
            ],
            [
              134.084404352,
              34.6731211237
            ],
            [
              134.0846139188,
              34.6744353925
            ],
            [
              134.0847217344,
              34.6745233712
            ],
            [
              134.0848772889,
              34.6758352753
            ],
            [
              134.0849761052,
              34.6759759209
            ],
            [
              134.0850266532,
              34.6768514949
            ],
            [
              134.0849654632,
              34.6774731438
            ]
          ]
        ]
      }
    },
    {
      "type": "Feature",
      "properties": {
        "key_code": "33212018019",
        "pref": "岡山県",
        "city": "瀬戸内市",
        "ward": "",
        "district": "邑久町福元福元東",
        "name": "瀬戸内市  邑久町福元福元東"
      },
      "geometry": {
        "type": "Polygon",
        "coordinates": [
          [
            [
              134.0876591302,
              34.6776299424
            ],
            [
              134.0864937389,
              34.6776102398
            ],
            [
              134.0863414052,
              34.6778268591
            ],
            [
              134.0867618606,
              34.6782760879
            ],
            [
              134.0871400534,
              34.6784225121
            ],
            [
              134.0871985788,
              34.6788642361
            ],
            [
              134.0849654632,
              34.6774731438
            ],
            [
              134.0850266532,
              34.6768514949
            ],
            [
              134.0849761052,
              34.6759759209
            ],
            [
              134.0848772889,
              34.6758352753
            ],
            [
              134.0847217344,
              34.6745233712
            ],
            [
              134.0846139188,
              34.6744353925
            ],
            [
              134.084404352,
              34.6731211237
            ],
            [
              134.0840746189,
              34.6720036778
            ],
            [
              134.0840343342,
              34.6715490262
            ],
            [
              134.0837700632,
              34.6707588005
            ],
            [
              134.0837714054,
              34.6704029796
            ],
            [
              134.083427815,
              34.6693143754
            ],
            [
              134.0837984774,
              34.6692394896
            ],
            [
              134.0839339835,
              34.6691156646
            ],
            [
              134.0847551567,
              34.6690243714
            ],
            [
              134.0850594351,
              34.6710617618
            ],
            [
              134.0863165113,
              34.6708348722
            ],
            [
              134.0866845624,
              34.6724814827
            ],
            [
              134.0869293667,
              34.6726453851
            ],
            [
              134.0869584755,
              34.673807574
            ],
            [
              134.0892387112,
              34.6733500302
            ],
            [
              134.0894108777,
              34.6741000571
            ],
            [
              134.0893978404,
              34.6743385146
            ],
            [
              134.0894643244,
              34.6743793585
            ],
            [
              134.0876591302,
              34.6776299424
            ]
          ]
        ]
      }
    },
    {
      "type": "Feature",
      "properties": {
        "key_code": "33212018024",
        "pref": "岡山県",
        "city": "瀬戸内市",
        "ward": "",
        "district": "邑久町福元",
        "name": "瀬戸内市  邑久町福元"
      },
      "geometry": {
        "type": "Polygon",
        "coordinates": [
          [
            [
              134.0870690109,
              34.6707030105
            ],
            [
              134.0862803517,
              34.6707964831
            ],
            [
              134.0858355081,
              34.6688829064
            ],
            [
              134.0863874097,
              34.6688643152
            ],
            [
              134.0881527807,
              34.6685916757
            ],
            [
              134.0883455919,
              34.6695419243
            ],
            [
              134.0868478016,
              34.6697544008
            ],
            [
              134.0870690109,
              34.6707030105
            ]
          ]
        ]
      }
    },
    {
      "type": "Feature",
      "properties": {
        "key_code": "33212018025",
        "pref": "岡山県",
        "city": "瀬戸内市",
        "ward": "",
        "district": "邑久町福元",
        "name": "瀬戸内市  邑久町福元"
      },
      "geometry": {
        "type": "Polygon",
        "coordinates": [
          [
            [
              134.0887712082,
              34.6714548821
            ],
            [
              134.0873213464,
              34.67170014
            ],
            [
              134.0868478016,
              34.6697544008
            ],
            [
              134.0883455919,
              34.6695419243
            ],
            [
              134.0887712082,
              34.6714548821
            ]
          ]
        ]
      }
    },
    {
      "type": "Feature",
      "properties": {
        "key_code": "33212018026",
        "pref": "岡山県",
        "city": "瀬戸内市",
        "ward": "",
        "district": "邑久町福元",
        "name": "瀬戸内市  邑久町福元"
      },
      "geometry": {
        "type": "Polygon",
        "coordinates": [
          [
            [
              134.0862135609,
              34.6705296897
            ],
            [
              134.0850154464,
              34.6707040167
            ],
            [
              134.0847551567,
              34.6690243714
            ],
            [
              134.0858355081,
              34.6688829064
            ],
            [
              134.0862135609,
              34.6705296897
            ]
          ]
        ]
      }
    },
    {
      "type": "Feature",
      "properties": {
        "key_code": "33212018027",
        "pref": "岡山県",
        "city": "瀬戸内市",
        "ward": "",
        "district": "邑久町福元",
        "name": "瀬戸内市  邑久町福元"
      },
      "geometry": {
        "type": "Polygon",
        "coordinates": [
          [
            [
              134.0877182468,
              34.6716358683
            ],
            [
              134.0879318312,
              34.67262362
            ],
            [
              134.0869539715,
              34.6727860174
            ],
            [
              134.0869293667,
              34.6726453851
            ],
            [
              134.0866845624,
              34.6724814827
            ],
            [
              134.0863165113,
              34.6708348722
            ],
            [
              134.0850594351,
              34.6710617618
            ],
            [
              134.0850154464,
              34.6707040167
            ],
            [
              134.0862135609,
              34.6705296897
            ],
            [
              134.0862803517,
              34.6707964831
            ],
            [
              134.0863603872,
              34.6708152409
            ],
            [
              134.0870690109,
              34.6707030105
            ],
            [
              134.0873213464,
              34.67170014
            ],
            [
              134.0877182468,
              34.6716358683
            ]
          ]
        ]
      }
    },
    {
      "type": "Feature",
      "properties": {
        "key_code": "33212018028",
        "pref": "岡山県",
        "city": "瀬戸内市",
        "ward": "",
        "district": "邑久町福元",
        "name": "瀬戸内市  邑久町福元"
      },
      "geometry": {
        "type": "Polygon",
        "coordinates": [
          [
            [
              134.0892387112,
              34.6733500302
            ],
            [
              134.0869584755,
              34.673807574
            ],
            [
              134.0869539715,
              34.6727860174
            ],
            [
              134.0879318312,
              34.67262362
            ],
            [
              134.0877182468,
              34.6716358683
            ],
            [
              134.0887712082,
              34.6714548821
            ],
            [
              134.0892387112,
              34.6733500302
            ]
          ]
        ]
      }
    },
    {
      "type": "Feature",
      "properties": {
        "key_code": "332120190",
        "pref": "岡山県",
        "city": "瀬戸内市",
        "ward": "",
        "district": "邑久町百田",
        "name": "瀬戸内市  邑久町百田"
      },
      "geometry": {
        "type": "Polygon",
        "coordinates": [
          [
            [
              134.0867044926,
              34.661818859
            ],
            [
              134.0881527807,
              34.6685916757
            ],
            [
              134.0863874097,
              34.6688643152
            ],
            [
              134.0839339835,
              34.6691156646
            ],
            [
              134.0837984774,
              34.6692394896
            ],
            [
              134.0823878247,
              34.669514098
            ],
            [
              134.0820035316,
              34.6681553606
            ],
            [
              134.0818944835,
              34.6680628684
            ],
            [
              134.0817968018,
              34.6675931615
            ],
            [
              134.0818880991,
              34.6675293965
            ],
            [
              134.0817983899,
              34.6670661864
            ],
            [
              134.0808350086,
              34.6626688991
            ],
            [
              134.0844674918,
              34.6620819194
            ],
            [
              134.0867044926,
              34.661818859
            ]
          ]
        ]
      }
    },
    {
      "type": "Feature",
      "properties": {
        "key_code": "332120200",
        "pref": "岡山県",
        "city": "瀬戸内市",
        "ward": "",
        "district": "邑久町宗三",
        "name": "瀬戸内市  邑久町宗三"
      },
      "geometry": {
        "type": "Polygon",
        "coordinates": [
          [
            [
              134.0797052331,
              34.6707770295
            ],
            [
              134.0792021114,
              34.6699271335
            ],
            [
              134.0774515438,
              34.6684601571
            ],
            [
              134.0773055793,
              34.6681483961
            ],
            [
              134.075908682,
              34.6672316566
            ],
            [
              134.0754777446,
              34.6658136359
            ],
            [
              134.0749925222,
              34.6635842519
            ],
            [
              134.080846632,
              34.6626937156
            ],
            [
              134.0817983899,
              34.6670661864
            ],
            [
              134.0818880991,
              34.6675293965
            ],
            [
              134.0817968018,
              34.6675931615
            ],
            [
              134.0818944835,
              34.6680628684
            ],
            [
              134.0820035316,
              34.6681553606
            ],
            [
              134.0823878247,
              34.669514098
            ],
            [
              134.0800223803,
              34.6698851732
            ],
            [
              134.0803405319,
              34.6710199327
            ],
            [
              134.0797052331,
              34.6707770295
            ]
          ]
        ]
      }
    },
    {
      "type": "Feature",
      "properties": {
        "key_code": "33212021021",
        "pref": "岡山県",
        "city": "瀬戸内市",
        "ward": "",
        "district": "邑久町福中山根東，山根西，久志良",
        "name": "瀬戸内市  邑久町福中山根東，山根西，久志良"
      },
      "geometry": {
        "type": "Polygon",
        "coordinates": [
          [
            [
              134.0777207194,
              34.6699303732
            ],
            [
              134.0728446553,
              34.6706369036
            ],
            [
              134.0734164403,
              34.6717896897
            ],
            [
              134.0741575391,
              34.6729252246
            ],
            [
              134.0743656145,
              34.6735354686
            ],
            [
              134.0745886896,
              34.6735853853
            ],
            [
              134.0744418093,
              34.6753189704
            ],
            [
              134.0723138422,
              34.6770728352
            ],
            [
              134.069777733,
              34.6760033397
            ],
            [
              134.0680506086,
              34.6751171136
            ],
            [
              134.0672445808,
              34.6746817926
            ],
            [
              134.0659794067,
              34.6737376558
            ],
            [
              134.0648392062,
              34.6731674899
            ],
            [
              134.0636849541,
              34.6724654351
            ],
            [
              134.0627103915,
              34.6720099943
            ],
            [
              134.0654169052,
              34.6708818232
            ],
            [
              134.065628314,
              34.6708769311
            ],
            [
              134.0659621281,
              34.6706553732
            ],
            [
              134.0661101377,
              34.6704493292
            ],
            [
              134.0661703424,
              34.6701568856
            ],
            [
              134.0660810484,
              34.6700297725
            ],
            [
              134.0673473847,
              34.6696500681
            ],
            [
              134.0674554298,
              34.6687297428
            ],
            [
              134.067451678,
              34.6675411076
            ],
            [
              134.0673095149,
              34.6669929727
            ],
            [
              134.0676675307,
              34.6667145507
            ],
            [
              134.0675764429,
              34.6661480728
            ],
            [
              134.067867451,
              34.6657900561
            ],
            [
              134.0674554746,
              34.6654160123
            ],
            [
              134.0675110952,
              34.6650483312
            ],
            [
              134.0703158864,
              34.6663510328
            ],
            [
              134.0704504119,
              34.6663539971
            ],
            [
              134.0707400157,
              34.666160925
            ],
            [
              134.0723623378,
              34.6659277244
            ],
            [
              134.072541972,
              34.6659736089
            ],
            [
              134.073268898,
              34.6657633006
            ],
            [
              134.0744673886,
              34.6655851219
            ],
            [
              134.0756679419,
              34.6664759667
            ],
            [
              134.075908682,
              34.6672316566
            ],
            [
              134.0773055793,
              34.6681483961
            ],
            [
              134.0774515438,
              34.6684601571
            ],
            [
              134.0792021114,
              34.6699271335
            ],
            [
              134.0777568364,
              34.6701896392
            ],
            [
              134.0777207194,
              34.6699303732
            ]
          ]
        ]
      }
    },
    {
      "type": "Feature",
      "properties": {
        "key_code": "33212021022",
        "pref": "岡山県",
        "city": "瀬戸内市",
        "ward": "",
        "district": "邑久町福中山浦西",
        "name": "瀬戸内市  邑久町福中山浦西"
      },
      "geometry": {
        "type": "Polygon",
        "coordinates": [
          [
            [
              134.0778996071,
              34.6761076423
            ],
            [
              134.0778304353,
              34.677125663
            ],
            [
              134.07771969,
              34.677577182
            ],
            [
              134.0779143935,
              34.6779727139
            ],
            [
              134.0758677741,
              34.6796980562
            ],
            [
              134.073765941,
              34.6779421114
            ],
            [
              134.0729384767,
              34.6773815376
            ],
            [
              134.0723138422,
              34.6770728352
            ],
            [
              134.0744418093,
              34.6753189704
            ],
            [
              134.0745886896,
              34.6735853853
            ],
            [
              134.0743656145,
              34.6735354686
            ],
            [
              134.0741575391,
              34.6729252246
            ],
            [
              134.0734164403,
              34.6717896897
            ],
            [
              134.0728446553,
              34.6706369036
            ],
            [
              134.0766740254,
              34.6701060846
            ],
            [
              134.0774214475,
              34.671190621
            ],
            [
              134.0775095318,
              34.6715351683
            ],
            [
              134.0773582611,
              34.6715780844
            ],
            [
              134.0774010742,
              34.6717385864
            ],
            [
              134.0776949252,
              34.6716863691
            ],
            [
              134.0777869418,
              34.6725559111
            ],
            [
              134.0778978746,
              34.6725414723
            ],
            [
              134.0779456121,
              34.6727663005
            ],
            [
              134.0777208657,
              34.6727863598
            ],
            [
              134.0779493207,
              34.6746568461
            ],
            [
              134.0774865466,
              34.6750473367
            ],
            [
              134.0778372747,
              34.6750683572
            ],
            [
              134.0778996071,
              34.6761076423
            ]
          ]
        ]
      }
    },
    {
      "type": "Feature",
      "properties": {
        "key_code": "33212021023",
        "pref": "岡山県",
        "city": "瀬戸内市",
        "ward": "",
        "district": "邑久町福中山浦東",
        "name": "瀬戸内市  邑久町福中山浦東"
      },
      "geometry": {
        "type": "Polygon",
        "coordinates": [
          [
            [
              134.0781676478,
              34.6711492218
            ],
            [
              134.0802343349,
              34.6728162941
            ],
            [
              134.080097048,
              34.6730173044
            ],
            [
              134.0803105634,
              34.6739701306
            ],
            [
              134.0799304593,
              34.6753619232
            ],
            [
              134.07979924,
              34.6761868327
            ],
            [
              134.0778996071,
              34.6761076423
            ],
            [
              134.0778372747,
              34.6750683572
            ],
            [
              134.0774865466,
              34.6750473367
            ],
            [
              134.0779493207,
              34.6746568461
            ],
            [
              134.0777208657,
              34.6727863598
            ],
            [
              134.0779456121,
              34.6727663005
            ],
            [
              134.0778978746,
              34.6725414723
            ],
            [
              134.0777869418,
              34.6725559111
            ],
            [
              134.0776949252,
              34.6716863691
            ],
            [
              134.0774010742,
              34.6717385864
            ],
            [
              134.0773582611,
              34.6715780844
            ],
            [
              134.0775095318,
              34.6715351683
            ],
            [
              134.0774214475,
              34.671190621
            ],
            [
              134.0766740254,
              34.6701060846
            ],
            [
              134.0777207194,
              34.6699303732
            ],
            [
              134.0777568364,
              34.6701896392
            ],
            [
              134.0792021114,
              34.6699271335
            ],
            [
              134.079686932,
              34.6708031926
            ],
            [
              134.0781676478,
              34.6711492218
            ]
          ]
        ]
      }
    },
    {
      "type": "Feature",
      "properties": {
        "key_code": "33212024024",
        "pref": "岡山県",
        "city": "瀬戸内市",
        "ward": "",
        "district": "邑久町大富大富川田，北堀，橋本，",
        "name": "瀬戸内市  邑久町大富大富川田，北堀，橋本，"
      },
      "geometry": {
        "type": "Polygon",
        "coordinates": [
          [
            [
              134.071838863,
              34.6659823946
            ],
            [
              134.0707400157,
              34.666160925
            ],
            [
              134.0704504119,
              34.6663539971
            ],
            [
              134.0703158864,
              34.6663510328
            ],
            [
              134.0651620017,
              34.6638651664
            ],
            [
              134.0638905603,
              34.6634952891
            ],
            [
              134.062915808,
              34.6634796253
            ],
            [
              134.0624056431,
              34.6633628508
            ],
            [
              134.061518194,
              34.6628196825
            ],
            [
              134.0620709947,
              34.6624587364
            ],
            [
              134.0625755651,
              34.6616981859
            ],
            [
              134.0637313571,
              34.6612027612
            ],
            [
              134.064472045,
              34.661158039
            ],
            [
              134.0649007639,
              34.660855548
            ],
            [
              134.0636769415,
              34.6598462272
            ],
            [
              134.0669236702,
              34.6605706087
            ],
            [
              134.068251501,
              34.6605602387
            ],
            [
              134.0689686069,
              34.6634463059
            ],
            [
              134.0712038681,
              34.6631161138
            ],
            [
              134.071838863,
              34.6659823946
            ]
          ]
        ]
      }
    },
    {
      "type": "Feature",
      "properties": {
        "key_code": "33212024025",
        "pref": "岡山県",
        "city": "瀬戸内市",
        "ward": "",
        "district": "邑久町大富沖庄，下沖田",
        "name": "瀬戸内市  邑久町大富沖庄，下沖田"
      },
      "geometry": {
        "type": "Polygon",
        "coordinates": [
          [
            [
              134.080390082,
              34.6607258503
            ],
            [
              134.0745110111,
              34.6616574539
            ],
            [
              134.0742949192,
              34.6606452871
            ],
            [
              134.0704040826,
              34.6612525782
            ],
            [
              134.0700050772,
              34.661181008
            ],
            [
              134.0695228488,
              34.660931061
            ],
            [
              134.0690130399,
              34.6609594074
            ],
            [
              134.068251501,
              34.6605602387
            ],
            [
              134.0678195842,
              34.6585754696
            ],
            [
              134.0747838748,
              34.6574972389
            ],
            [
              134.0750849949,
              34.6585064869
            ],
            [
              134.0797256408,
              34.6577740045
            ],
            [
              134.0799932136,
              34.6588565625
            ],
            [
              134.0802082308,
              34.6602041232
            ],
            [
              134.080390082,
              34.6607258503
            ]
          ]
        ]
      }
    },
    {
      "type": "Feature",
      "properties": {
        "key_code": "33212024026",
        "pref": "岡山県",
        "city": "瀬戸内市",
        "ward": "",
        "district": "邑久町大富下田中，上沖田，中村",
        "name": "瀬戸内市  邑久町大富下田中，上沖田，中村"
      },
      "geometry": {
        "type": "Polygon",
        "coordinates": [
          [
            [
              134.080846632,
              34.6626937156
            ],
            [
              134.0749925222,
              34.6635842519
            ],
            [
              134.0756679419,
              34.6664759667
            ],
            [
              134.0744673886,
              34.6655851219
            ],
            [
              134.073268898,
              34.6657633006
            ],
            [
              134.072541972,
              34.6659736089
            ],
            [
              134.071838863,
              34.6659823946
            ],
            [
              134.0712038681,
              34.6631161138
            ],
            [
              134.0689686069,
              34.6634463059
            ],
            [
              134.068251501,
              34.6605602387
            ],
            [
              134.0690130399,
              34.6609594074
            ],
            [
              134.0695228488,
              34.660931061
            ],
            [
              134.0700050772,
              34.661181008
            ],
            [
              134.0704040826,
              34.6612525782
            ],
            [
              134.0742949192,
              34.6606452871
            ],
            [
              134.0745110111,
              34.6616574539
            ],
            [
              134.080390082,
              34.6607258503
            ],
            [
              134.080846632,
              34.6626937156
            ]
          ]
        ]
      }
    },
    {
      "type": "Feature",
      "properties": {
        "key_code": "33212028028",
        "pref": "岡山県",
        "city": "瀬戸内市",
        "ward": "",
        "district": "邑久町福山台，宮畑，渡場",
        "name": "瀬戸内市  邑久町福山台，宮畑，渡場"
      },
      "geometry": {
        "type": "Polygon",
        "coordinates": [
          [
            [
              134.0675110952,
              34.6650483312
            ],
            [
              134.0674554746,
              34.6654160123
            ],
            [
              134.067867451,
              34.6657900561
            ],
            [
              134.0675764429,
              34.6661480728
            ],
            [
              134.0676675307,
              34.6667145507
            ],
            [
              134.0673095149,
              34.6669929727
            ],
            [
              134.067451678,
              34.6675411076
            ],
            [
              134.0674554298,
              34.6687297428
            ],
            [
              134.0673473847,
              34.6696500681
            ],
            [
              134.0660810484,
              34.6700297725
            ],
            [
              134.0661703424,
              34.6701568856
            ],
            [
              134.0661101377,
              34.6704493292
            ],
            [
              134.0659621281,
              34.6706553732
            ],
            [
              134.065628314,
              34.6708769311
            ],
            [
              134.0654169052,
              34.6708818232
            ],
            [
              134.0627103915,
              34.6720099943
            ],
            [
              134.0612134835,
              34.6711546065
            ],
            [
              134.0600426855,
              34.6701131398
            ],
            [
              134.0596091771,
              34.6696602834
            ],
            [
              134.0582327806,
              34.6674559096
            ],
            [
              134.0598232497,
              34.6671305166
            ],
            [
              134.0601532515,
              34.6667854242
            ],
            [
              134.0603984827,
              34.666770473
            ],
            [
              134.060885998,
              34.6669176323
            ],
            [
              134.0605439608,
              34.6658953117
            ],
            [
              134.0608599253,
              34.6658784044
            ],
            [
              134.0620391546,
              34.6660786477
            ],
            [
              134.0632120096,
              34.6659071194
            ],
            [
              134.0632981607,
              34.6655806398
            ],
            [
              134.0633056219,
              34.6648237824
            ],
            [
              134.0636695588,
              34.6645018566
            ],
            [
              134.063799631,
              34.6645228494
            ],
            [
              134.0638839046,
              34.6643938601
            ],
            [
              134.0640656663,
              34.6639102423
            ],
            [
              134.0640368432,
              34.6635318121
            ],
            [
              134.0651620017,
              34.6638651664
            ],
            [
              134.0675110952,
              34.6650483312
            ]
          ]
        ]
      }
    },
    {
      "type": "Feature",
      "properties": {
        "key_code": "33212028029",
        "pref": "岡山県",
        "city": "瀬戸内市",
        "ward": "",
        "district": "邑久町福山下村１，下村２，本村",
        "name": "瀬戸内市  邑久町福山下村１，下村２，本村"
      },
      "geometry": {
        "type": "Polygon",
        "coordinates": [
          [
            [
              134.0640368432,
              34.6635318121
            ],
            [
              134.0640656663,
              34.6639102423
            ],
            [
              134.0638839046,
              34.6643938601
            ],
            [
              134.063799631,
              34.6645228494
            ],
            [
              134.0636695588,
              34.6645018566
            ],
            [
              134.0633056219,
              34.6648237824
            ],
            [
              134.0632981607,
              34.6655806398
            ],
            [
              134.0632120096,
              34.6659071194
            ],
            [
              134.0620391546,
              34.6660786477
            ],
            [
              134.0608599253,
              34.6658784044
            ],
            [
              134.0605439608,
              34.6658953117
            ],
            [
              134.060885998,
              34.6669176323
            ],
            [
              134.0603984827,
              34.666770473
            ],
            [
              134.0601532515,
              34.6667854242
            ],
            [
              134.0598232497,
              34.6671305166
            ],
            [
              134.0582327806,
              34.6674559096
            ],
            [
              134.0555918691,
              34.6632385036
            ],
            [
              134.0539200397,
              34.6607608114
            ],
            [
              134.0527318142,
              34.6592539264
            ],
            [
              134.053548722,
              34.6586510377
            ],
            [
              134.054150484,
              34.6585495684
            ],
            [
              134.0540646155,
              34.6582239696
            ],
            [
              134.0543330502,
              34.6581258286
            ],
            [
              134.0546021585,
              34.6571016244
            ],
            [
              134.0547868402,
              34.6567646631
            ],
            [
              134.055921453,
              34.6576573665
            ],
            [
              134.0575636374,
              34.6584504763
            ],
            [
              134.0588965393,
              34.6592397747
            ],
            [
              134.0599527733,
              34.659993795
            ],
            [
              134.0604231482,
              34.6604156127
            ],
            [
              134.0607843308,
              34.6609312868
            ],
            [
              134.0612178734,
              34.6622786555
            ],
            [
              134.061518194,
              34.6628196825
            ],
            [
              134.0617947805,
              34.6630399047
            ],
            [
              134.0626756684,
              34.6634397948
            ],
            [
              134.0640368432,
              34.6635318121
            ]
          ]
        ]
      }
    },
    {
      "type": "Feature",
      "properties": {
        "key_code": "33212030030",
        "pref": "岡山県",
        "city": "瀬戸内市",
        "ward": "",
        "district": "邑久町向山谷，端，向山沖田",
        "name": "瀬戸内市  邑久町向山谷，端，向山沖田"
      },
      "geometry": {
        "type": "Polygon",
        "coordinates": [
          [
            [
              134.0809041063,
              34.6575844492
            ],
            [
              134.0750849949,
              34.6585064869
            ],
            [
              134.0745355096,
              34.6565469851
            ],
            [
              134.0701317089,
              34.6572362904
            ],
            [
              134.0701077923,
              34.6574619082
            ],
            [
              134.0699864638,
              34.657643509
            ],
            [
              134.0688103044,
              34.657831716
            ],
            [
              134.0686063754,
              34.6571837073
            ],
            [
              134.0678710525,
              34.6568613656
            ],
            [
              134.0671972417,
              34.6562635329
            ],
            [
              134.0671791463,
              34.655784136
            ],
            [
              134.0674098571,
              34.6548596246
            ],
            [
              134.0680117528,
              34.6546927319
            ],
            [
              134.0682779577,
              34.6543684661
            ],
            [
              134.069272453,
              34.6543314494
            ],
            [
              134.0752072224,
              34.653392278
            ],
            [
              134.0763010846,
              34.6533347206
            ],
            [
              134.0798460824,
              34.6527603605
            ],
            [
              134.0801055298,
              34.6542422645
            ],
            [
              134.0809041063,
              34.6575844492
            ]
          ]
        ]
      }
    },
    {
      "type": "Feature",
      "properties": {
        "key_code": "33212030031",
        "pref": "岡山県",
        "city": "瀬戸内市",
        "ward": "",
        "district": "邑久町向山向山中，今城団地",
        "name": "瀬戸内市  邑久町向山向山中，今城団地"
      },
      "geometry": {
        "type": "Polygon",
        "coordinates": [
          [
            [
              134.0747838748,
              34.6574972389
            ],
            [
              134.0678195842,
              34.6585754696
            ],
            [
              134.068251501,
              34.6605602387
            ],
            [
              134.0669236702,
              34.6605706087
            ],
            [
              134.0636769415,
              34.6598462272
            ],
            [
              134.0649007639,
              34.660855548
            ],
            [
              134.064472045,
              34.661158039
            ],
            [
              134.0637313571,
              34.6612027612
            ],
            [
              134.0625755651,
              34.6616981859
            ],
            [
              134.0620709947,
              34.6624587364
            ],
            [
              134.061518194,
              34.6628196825
            ],
            [
              134.0612178734,
              34.6622786555
            ],
            [
              134.0607843308,
              34.6609312868
            ],
            [
              134.0604231482,
              34.6604156127
            ],
            [
              134.0595761433,
              34.6596999519
            ],
            [
              134.0599919331,
              34.6597043984
            ],
            [
              134.060332889,
              34.6599206842
            ],
            [
              134.06072452,
              34.659715465
            ],
            [
              134.060719685,
              34.6595713462
            ],
            [
              134.0604619555,
              34.6592676009
            ],
            [
              134.0601696117,
              34.6585917956
            ],
            [
              134.060574933,
              34.6584214013
            ],
            [
              134.0604476398,
              34.6579123224
            ],
            [
              134.0608764857,
              34.6576449028
            ],
            [
              134.0617329762,
              34.65733182
            ],
            [
              134.0621185156,
              34.6572837918
            ],
            [
              134.0640197619,
              34.6573578476
            ],
            [
              134.0636016331,
              34.6563578955
            ],
            [
              134.0632557877,
              34.6559231207
            ],
            [
              134.0640947899,
              34.6557639528
            ],
            [
              134.0646563963,
              34.6555147202
            ],
            [
              134.0649775689,
              34.6555344393
            ],
            [
              134.0660578003,
              34.6557568321
            ],
            [
              134.0655744085,
              34.6558963641
            ],
            [
              134.0658142194,
              34.6560717044
            ],
            [
              134.0665195348,
              34.6561579007
            ],
            [
              134.066600568,
              34.6559319845
            ],
            [
              134.0663035864,
              34.6556507305
            ],
            [
              134.0661983223,
              34.6552064867
            ],
            [
              134.0664919239,
              34.6550394933
            ],
            [
              134.0668435911,
              34.6549843323
            ],
            [
              134.0671049338,
              34.6547031644
            ],
            [
              134.0677111811,
              34.6544944452
            ],
            [
              134.0678598083,
              34.6543653084
            ],
            [
              134.0682779577,
              34.6543684661
            ],
            [
              134.0680117528,
              34.6546927319
            ],
            [
              134.0674098571,
              34.6548596246
            ],
            [
              134.0671791463,
              34.655784136
            ],
            [
              134.0671972417,
              34.6562635329
            ],
            [
              134.0678710525,
              34.6568613656
            ],
            [
              134.0686063754,
              34.6571837073
            ],
            [
              134.0688103044,
              34.657831716
            ],
            [
              134.0699864638,
              34.657643509
            ],
            [
              134.0701077923,
              34.6574619082
            ],
            [
              134.0701317089,
              34.6572362904
            ],
            [
              134.0745355096,
              34.6565469851
            ],
            [
              134.0747838748,
              34.6574972389
            ]
          ]
        ]
      }
    },
    {
      "type": "Feature",
      "properties": {
        "key_code": "33212032032",
        "pref": "岡山県",
        "city": "瀬戸内市",
        "ward": "",
        "district": "邑久町北島仁生田，田渕",
        "name": "瀬戸内市  邑久町北島仁生田，田渕"
      },
      "geometry": {
        "type": "Polygon",
        "coordinates": [
          [
            [
              134.082036063,
              34.6524585057
            ],
            [
              134.0763010846,
              34.6533347206
            ],
            [
              134.0752072224,
              34.653392278
            ],
            [
              134.069272453,
              34.6543314494
            ],
            [
              134.0687090043,
              34.6543224877
            ],
            [
              134.0688411813,
              34.6533736078
            ],
            [
              134.0694600111,
              34.6525297348
            ],
            [
              134.0694394738,
              34.6523266997
            ],
            [
              134.069354923,
              34.6522810182
            ],
            [
              134.0691633594,
              34.6525955859
            ],
            [
              134.0690321769,
              34.6525672705
            ],
            [
              134.0690716679,
              34.6521334833
            ],
            [
              134.0696840294,
              34.6513159375
            ],
            [
              134.0706863405,
              34.6485886357
            ],
            [
              134.0745702158,
              34.6489544356
            ],
            [
              134.0755942553,
              34.6493896309
            ],
            [
              134.07613888,
              34.6494675528
            ],
            [
              134.0777683971,
              34.6499452797
            ],
            [
              134.0819959306,
              34.649525257
            ],
            [
              134.0832536605,
              34.6495323487
            ],
            [
              134.0834202168,
              34.6494739479
            ],
            [
              134.0834171315,
              34.6493077155
            ],
            [
              134.0860248357,
              34.6500290951
            ],
            [
              134.0858193406,
              34.6507772511
            ],
            [
              134.0856029212,
              34.6510023375
            ],
            [
              134.085468152,
              34.6519481359
            ],
            [
              134.0825518621,
              34.6524523834
            ],
            [
              134.082036063,
              34.6524585057
            ]
          ]
        ]
      }
    },
    {
      "type": "Feature",
      "properties": {
        "key_code": "33212032033",
        "pref": "岡山県",
        "city": "瀬戸内市",
        "ward": "",
        "district": "邑久町北島西谷西，西谷東",
        "name": "瀬戸内市  邑久町北島西谷西，西谷東"
      },
      "geometry": {
        "type": "Polygon",
        "coordinates": [
          [
            [
              134.0652230522,
              34.648555685
            ],
            [
              134.0655031928,
              34.6515594564
            ],
            [
              134.0645211393,
              34.6517204327
            ],
            [
              134.0642839376,
              34.6521536446
            ],
            [
              134.0636195877,
              34.6525028051
            ],
            [
              134.0632867327,
              34.6524364289
            ],
            [
              134.0630462411,
              34.6520631629
            ],
            [
              134.0619211514,
              34.6513408449
            ],
            [
              134.061694067,
              34.6509298531
            ],
            [
              134.0608520852,
              34.6506162453
            ],
            [
              134.0603359784,
              34.6502606743
            ],
            [
              134.0602393158,
              34.6500261957
            ],
            [
              134.0611440817,
              34.6500727221
            ],
            [
              134.0618263708,
              34.6502353871
            ],
            [
              134.0624884554,
              34.6501004909
            ],
            [
              134.0631003575,
              34.6501171949
            ],
            [
              134.0643988503,
              34.6499367801
            ],
            [
              134.0643937818,
              34.6485059744
            ],
            [
              134.0652230522,
              34.648555685
            ]
          ]
        ]
      }
    },
    {
      "type": "Feature",
      "properties": {
        "key_code": "33212032034",
        "pref": "岡山県",
        "city": "瀬戸内市",
        "ward": "",
        "district": "邑久町北島上寺，東谷",
        "name": "瀬戸内市  邑久町北島上寺，東谷"
      },
      "geometry": {
        "type": "Polygon",
        "coordinates": [
          [
            [
              134.0610668463,
              34.6507481516
            ],
            [
              134.061694067,
              34.6509298531
            ],
            [
              134.0619211514,
              34.6513408449
            ],
            [
              134.0630462411,
              34.6520631629
            ],
            [
              134.0632867327,
              34.6524364289
            ],
            [
              134.0636195877,
              34.6525028051
            ],
            [
              134.0642839376,
              34.6521536446
            ],
            [
              134.0645211393,
              34.6517204327
            ],
            [
              134.0655031928,
              34.6515594564
            ],
            [
              134.0652230522,
              34.648555685
            ],
            [
              134.0665557327,
              34.6486009928
            ],
            [
              134.0666281288,
              34.6484409829
            ],
            [
              134.066617769,
              34.6479098894
            ],
            [
              134.0668785846,
              34.6476921108
            ],
            [
              134.0682561937,
              34.6481765822
            ],
            [
              134.0686503937,
              34.6484039488
            ],
            [
              134.0706863405,
              34.6485886357
            ],
            [
              134.0696840294,
              34.6513159375
            ],
            [
              134.0690716679,
              34.6521334833
            ],
            [
              134.0681265003,
              34.6530641281
            ],
            [
              134.0670914396,
              34.6536252161
            ],
            [
              134.0654798851,
              34.6541619364
            ],
            [
              134.0634487806,
              34.6545219101
            ],
            [
              134.0632535123,
              34.6546684058
            ],
            [
              134.0634430753,
              34.6549733796
            ],
            [
              134.0631590722,
              34.6550567118
            ],
            [
              134.0628460326,
              34.6549545974
            ],
            [
              134.0627272291,
              34.6550243466
            ],
            [
              134.0626461571,
              34.6552130713
            ],
            [
              134.0626838792,
              34.6553286662
            ],
            [
              134.0636016331,
              34.6563578955
            ],
            [
              134.0640197619,
              34.6573578476
            ],
            [
              134.0626606173,
              34.6572709014
            ],
            [
              134.0617329762,
              34.65733182
            ],
            [
              134.0608764857,
              34.6576449028
            ],
            [
              134.0604476398,
              34.6579123224
            ],
            [
              134.0601383445,
              34.6572360301
            ],
            [
              134.0608376572,
              34.6572240439
            ],
            [
              134.0609174537,
              34.6570946225
            ],
            [
              134.0612190997,
              34.6569758356
            ],
            [
              134.0612825405,
              34.6568700435
            ],
            [
              134.0610670912,
              34.6567787063
            ],
            [
              134.0604643828,
              34.656839632
            ],
            [
              134.060202879,
              34.6565185765
            ],
            [
              134.0595070718,
              34.6564178582
            ],
            [
              134.0593183838,
              34.6562314932
            ],
            [
              134.059010295,
              34.6552224735
            ],
            [
              134.0590039516,
              34.654678287
            ],
            [
              134.0587144394,
              34.6542075652
            ],
            [
              134.0586098065,
              34.6538431884
            ],
            [
              134.0583882602,
              34.6537433837
            ],
            [
              134.0582606827,
              34.6535463059
            ],
            [
              134.058450586,
              34.6533634594
            ],
            [
              134.0584617285,
              34.6530741431
            ],
            [
              134.0584491191,
              34.6525769924
            ],
            [
              134.0582727558,
              34.6520496126
            ],
            [
              134.0583217623,
              34.6517029062
            ],
            [
              134.0585178468,
              34.6515050016
            ],
            [
              134.0587107917,
              34.6514440129
            ],
            [
              134.0598505985,
              34.6501128091
            ],
            [
              134.0599755871,
              34.6500591351
            ],
            [
              134.0602393158,
              34.6500261957
            ],
            [
              134.0603359784,
              34.6502606743
            ],
            [
              134.0608520852,
              34.6506162453
            ],
            [
              134.0610668463,
              34.6507481516
            ]
          ]
        ]
      }
    },
    {
      "type": "Feature",
      "properties": {
        "key_code": "33212032039",
        "pref": "岡山県",
        "city": "瀬戸内市",
        "ward": "",
        "district": "邑久町北島上寺東",
        "name": "瀬戸内市  邑久町北島上寺東"
      },
      "geometry": {
        "type": "Polygon",
        "coordinates": [
          [
            [
              134.0687090043,
              34.6543224877
            ],
            [
              134.0678598083,
              34.6543653084
            ],
            [
              134.0677111811,
              34.6544944452
            ],
            [
              134.0671049338,
              34.6547031644
            ],
            [
              134.0668435911,
              34.6549843323
            ],
            [
              134.0664919239,
              34.6550394933
            ],
            [
              134.0661983223,
              34.6552064867
            ],
            [
              134.0663035864,
              34.6556507305
            ],
            [
              134.066600568,
              34.6559319845
            ],
            [
              134.0665195348,
              34.6561579007
            ],
            [
              134.0658142194,
              34.6560717044
            ],
            [
              134.0655744085,
              34.6558963641
            ],
            [
              134.0660578003,
              34.6557568321
            ],
            [
              134.0649775689,
              34.6555344393
            ],
            [
              134.0646563963,
              34.6555147202
            ],
            [
              134.0640947899,
              34.6557639528
            ],
            [
              134.0632557877,
              34.6559231207
            ],
            [
              134.0631119608,
              34.6558702607
            ],
            [
              134.0626461571,
              34.6552130713
            ],
            [
              134.0627272291,
              34.6550243466
            ],
            [
              134.0628460326,
              34.6549545974
            ],
            [
              134.0631590722,
              34.6550567118
            ],
            [
              134.0634430753,
              34.6549733796
            ],
            [
              134.0632535123,
              34.6546684058
            ],
            [
              134.0634487806,
              34.6545219101
            ],
            [
              134.0642815139,
              34.6543330043
            ],
            [
              134.0651435653,
              34.6542491032
            ],
            [
              134.0670914396,
              34.6536252161
            ],
            [
              134.0681265003,
              34.6530641281
            ],
            [
              134.0690716679,
              34.6521334833
            ],
            [
              134.0690321769,
              34.6525672705
            ],
            [
              134.0691633594,
              34.6525955859
            ],
            [
              134.069354923,
              34.6522810182
            ],
            [
              134.0694603762,
              34.6524142241
            ],
            [
              134.0694257237,
              34.6526591177
            ],
            [
              134.0688411813,
              34.6533736078
            ],
            [
              134.0687090043,
              34.6543224877
            ]
          ]
        ]
      }
    },
    {
      "type": "Feature",
      "properties": {
        "key_code": "332120370",
        "pref": "岡山県",
        "city": "瀬戸内市",
        "ward": "",
        "district": "邑久町東谷",
        "name": "瀬戸内市  邑久町東谷"
      },
      "geometry": {
        "type": "Polygon",
        "coordinates": [
          [
            [
              134.0824537301,
              34.6336323224
            ],
            [
              134.0825391204,
              34.6339350707
            ],
            [
              134.0824787157,
              34.6341606095
            ],
            [
              134.0818273694,
              34.6350833396
            ],
            [
              134.0817497511,
              34.6353584276
            ],
            [
              134.081487995,
              34.6372695759
            ],
            [
              134.0812968362,
              34.6398263891
            ],
            [
              134.081500909,
              34.6400807955
            ],
            [
              134.0815168975,
              34.640447512
            ],
            [
              134.0816189023,
              34.6405818293
            ],
            [
              134.081575809,
              34.6407228925
            ],
            [
              134.081311239,
              34.6407223488
            ],
            [
              134.0812168466,
              34.6408914793
            ],
            [
              134.0813268881,
              34.6411948567
            ],
            [
              134.0813382876,
              34.6416641166
            ],
            [
              134.0814576965,
              34.6416925361
            ],
            [
              134.0818250588,
              34.6415663678
            ],
            [
              134.0820381654,
              34.6416585106
            ],
            [
              134.0822992688,
              34.642823052
            ],
            [
              134.0821625825,
              34.6428650324
            ],
            [
              134.0820006246,
              34.6427941245
            ],
            [
              134.0818307989,
              34.6425045708
            ],
            [
              134.0817270399,
              34.6429558442
            ],
            [
              134.0820331335,
              34.6433444274
            ],
            [
              134.0830851072,
              34.6440485375
            ],
            [
              134.0836887352,
              34.6448469538
            ],
            [
              134.0837049615,
              34.645129148
            ],
            [
              134.0833820931,
              34.6460701965
            ],
            [
              134.0833381791,
              34.6464863744
            ],
            [
              134.0834102766,
              34.6473523014
            ],
            [
              134.0832731719,
              34.6475320516
            ],
            [
              134.0839838863,
              34.6482071394
            ],
            [
              134.085231574,
              34.6484301517
            ],
            [
              134.0856620859,
              34.6493356979
            ],
            [
              134.0856177217,
              34.6499071118
            ],
            [
              134.0834171315,
              34.6493077155
            ],
            [
              134.0834081937,
              34.6492396582
            ],
            [
              134.0824943681,
              34.6489054739
            ],
            [
              134.0760616387,
              34.6468132951
            ],
            [
              134.0757650674,
              34.6452326937
            ],
            [
              134.0758338162,
              34.6447975554
            ],
            [
              134.0763335695,
              34.6449210225
            ],
            [
              134.0769397404,
              34.6449422983
            ],
            [
              134.0770369867,
              34.6448623484
            ],
            [
              134.0755607437,
              34.6438972544
            ],
            [
              134.0753675458,
              34.6436362403
            ],
            [
              134.0753702566,
              34.6427544102
            ],
            [
              134.0750316978,
              34.6424530837
            ],
            [
              134.0748926624,
              34.6424198266
            ],
            [
              134.0748446739,
              34.6421329175
            ],
            [
              134.0748678795,
              34.6410801174
            ],
            [
              134.074963717,
              34.6409097278
            ],
            [
              134.0748203755,
              34.6402079013
            ],
            [
              134.0742660339,
              34.6391244403
            ],
            [
              134.0737096369,
              34.63870235
            ],
            [
              134.0736132042,
              34.6385218347
            ],
            [
              134.0731534978,
              34.6382002452
            ],
            [
              134.0730570054,
              34.6380395917
            ],
            [
              134.0730577518,
              34.6377991322
            ],
            [
              134.0737167078,
              34.6364176292
            ],
            [
              134.0739723224,
              34.6350822204
            ],
            [
              134.0744588475,
              34.6349577381
            ],
            [
              134.0753388327,
              34.6353362577
            ],
            [
              134.0761906327,
              34.6349864487
            ],
            [
              134.0767699345,
              34.6343346177
            ],
            [
              134.0774385206,
              34.634285865
            ],
            [
              134.0790642339,
              34.6330247119
            ],
            [
              134.0795497863,
              34.6328771053
            ],
            [
              134.0800580522,
              34.6325991047
            ],
            [
              134.0806189353,
              34.6326881588
            ],
            [
              134.0819521374,
              34.633510014
            ],
            [
              134.0824537301,
              34.6336323224
            ]
          ]
        ]
      }
    },
    {
      "type": "Feature",
      "properties": {
        "key_code": "33212038038",
        "pref": "岡山県",
        "city": "瀬戸内市",
        "ward": "",
        "district": "邑久町豊原大橋，大賀島",
        "name": "瀬戸内市  邑久町豊原大橋，大賀島"
      },
      "geometry": {
        "type": "Polygon",
        "coordinates": [
          [
            [
              134.0878818245,
              34.6534592422
            ],
            [
              134.0853859527,
              34.6538210941
            ],
            [
              134.0851103567,
              34.6541446627
            ],
            [
              134.0856029212,
              34.6510023375
            ],
            [
              134.0858193406,
              34.6507772511
            ],
            [
              134.0860248357,
              34.6500290951
            ],
            [
              134.0856177217,
              34.6499071118
            ],
            [
              134.0856620859,
              34.6493356979
            ],
            [
              134.085231574,
              34.6484301517
            ],
            [
              134.0839838863,
              34.6482071394
            ],
            [
              134.0832731719,
              34.6475320516
            ],
            [
              134.0834102766,
              34.6473523014
            ],
            [
              134.0833381791,
              34.6464863744
            ],
            [
              134.0833820931,
              34.6460701965
            ],
            [
              134.0837049615,
              34.645129148
            ],
            [
              134.0836887352,
              34.6448469538
            ],
            [
              134.0830851072,
              34.6440485375
            ],
            [
              134.0820331335,
              34.6433444274
            ],
            [
              134.0818204434,
              34.6431112739
            ],
            [
              134.0817270399,
              34.6429558442
            ],
            [
              134.0818307989,
              34.6425045708
            ],
            [
              134.0820006246,
              34.6427941245
            ],
            [
              134.0821625825,
              34.6428650324
            ],
            [
              134.0822992688,
              34.642823052
            ],
            [
              134.0820381654,
              34.6416585106
            ],
            [
              134.0818250588,
              34.6415663678
            ],
            [
              134.0814576965,
              34.6416925361
            ],
            [
              134.0813382876,
              34.6416641166
            ],
            [
              134.0813268881,
              34.6411948567
            ],
            [
              134.0812168466,
              34.6408914793
            ],
            [
              134.081311239,
              34.6407223488
            ],
            [
              134.081575809,
              34.6407228925
            ],
            [
              134.0816189023,
              34.6405818293
            ],
            [
              134.0815168975,
              34.640447512
            ],
            [
              134.081500909,
              34.6400807955
            ],
            [
              134.0812968362,
              34.6398263891
            ],
            [
              134.081487995,
              34.6372695759
            ],
            [
              134.0817497511,
              34.6353584276
            ],
            [
              134.0818273694,
              34.6350833396
            ],
            [
              134.0824787157,
              34.6341606095
            ],
            [
              134.0825391204,
              34.6339350707
            ],
            [
              134.0824537301,
              34.6336323224
            ],
            [
              134.0839329789,
              34.6330299049
            ],
            [
              134.0853891381,
              34.6329101846
            ],
            [
              134.0859080967,
              34.6324582356
            ],
            [
              134.0886024402,
              34.6340177514
            ],
            [
              134.0890501394,
              34.6339517508
            ],
            [
              134.0899473911,
              34.633207129
            ],
            [
              134.0901289139,
              34.6331179061
            ],
            [
              134.0903478803,
              34.6331324347
            ],
            [
              134.0903548705,
              34.6329539732
            ],
            [
              134.0903956211,
              34.6330877366
            ],
            [
              134.090649591,
              34.6332650333
            ],
            [
              134.0916691444,
              34.6344421813
            ],
            [
              134.0920982142,
              34.6345881327
            ],
            [
              134.0929053076,
              34.6345097386
            ],
            [
              134.0931492213,
              34.6351927184
            ],
            [
              134.0937025099,
              34.6380184926
            ],
            [
              134.0937960745,
              34.6388969968
            ],
            [
              134.0938662188,
              34.6400784629
            ],
            [
              134.0936500417,
              34.641427977
            ],
            [
              134.0934028484,
              34.6421969099
            ],
            [
              134.0916229238,
              34.6448732396
            ],
            [
              134.089431144,
              34.6472888111
            ],
            [
              134.0878369811,
              34.6498860147
            ],
            [
              134.0875769755,
              34.65081691
            ],
            [
              134.087463865,
              34.6517888152
            ],
            [
              134.0878818245,
              34.6534592422
            ]
          ]
        ]
      }
    },
    {
      "type": "Feature",
      "properties": {
        "key_code": "33212038039",
        "pref": "岡山県",
        "city": "瀬戸内市",
        "ward": "",
        "district": "邑久町豊原福原，円張西，下川",
        "name": "瀬戸内市  邑久町豊原福原，円張西，下川"
      },
      "geometry": {
        "type": "Polygon",
        "coordinates": [
          [
            [
              134.0931680436,
              34.6526283433
            ],
            [
              134.0878818245,
              34.6534592422
            ],
            [
              134.087463865,
              34.6517888152
            ],
            [
              134.0875769755,
              34.65081691
            ],
            [
              134.0878369811,
              34.6498860147
            ],
            [
              134.089431144,
              34.6472888111
            ],
            [
              134.0916229238,
              34.6448732396
            ],
            [
              134.0934028484,
              34.6421969099
            ],
            [
              134.0936500417,
              34.641427977
            ],
            [
              134.0938662188,
              34.6400784629
            ],
            [
              134.0937960745,
              34.6388969968
            ],
            [
              134.0937025099,
              34.6380184926
            ],
            [
              134.0931492213,
              34.6351927184
            ],
            [
              134.0929053076,
              34.6345097386
            ],
            [
              134.0930999372,
              34.6345223833
            ],
            [
              134.0938576925,
              34.635172581
            ],
            [
              134.09437728,
              34.6355097226
            ],
            [
              134.0945101244,
              34.6357288908
            ],
            [
              134.0943758943,
              34.6361122009
            ],
            [
              134.0941739381,
              34.6362778802
            ],
            [
              134.0937128595,
              34.6364009217
            ],
            [
              134.0935301685,
              34.6366300266
            ],
            [
              134.0935155304,
              34.6367287463
            ],
            [
              134.093791392,
              34.6371854323
            ],
            [
              134.0940572805,
              34.6373361277
            ],
            [
              134.0945840801,
              34.6373288666
            ],
            [
              134.094771899,
              34.6374405261
            ],
            [
              134.0950332123,
              34.6374541459
            ],
            [
              134.0961465689,
              34.6373929627
            ],
            [
              134.0970326743,
              34.6372120045
            ],
            [
              134.097075967,
              34.6376738558
            ],
            [
              134.0973040596,
              34.6379585775
            ],
            [
              134.097600606,
              34.6381670822
            ],
            [
              134.0980273423,
              34.6391858367
            ],
            [
              134.0989904053,
              34.6407368563
            ],
            [
              134.0989085467,
              34.6419109753
            ],
            [
              134.098675406,
              34.6431198729
            ],
            [
              134.0980722429,
              34.6447627608
            ],
            [
              134.0975998555,
              34.6450415945
            ],
            [
              134.097368323,
              34.6456708207
            ],
            [
              134.0969584838,
              34.6478875747
            ],
            [
              134.097154743,
              34.6485136986
            ],
            [
              134.0971449493,
              34.6487686524
            ],
            [
              134.0969975196,
              34.649051932
            ],
            [
              134.0965861621,
              34.6491235304
            ],
            [
              134.0966120252,
              34.6496008448
            ],
            [
              134.0963633176,
              34.649885193
            ],
            [
              134.0963746295,
              34.6501575145
            ],
            [
              134.0962349591,
              34.6503696698
            ],
            [
              134.0965936501,
              34.6520131873
            ],
            [
              134.0952507294,
              34.6514270623
            ],
            [
              134.0937019463,
              34.6511364792
            ],
            [
              134.0928425605,
              34.6510847584
            ],
            [
              134.0931680436,
              34.6526283433
            ]
          ]
        ]
      }
    },
    {
      "type": "Feature",
      "properties": {
        "key_code": "33212038040",
        "pref": "岡山県",
        "city": "瀬戸内市",
        "ward": "",
        "district": "邑久町豊原北川，奥庄，円張東，中谷",
        "name": "瀬戸内市  邑久町豊原北川，奥庄，円張東，中谷"
      },
      "geometry": {
        "type": "Polygon",
        "coordinates": [
          [
            [
              134.1030272893,
              34.6431274967
            ],
            [
              134.1033440447,
              34.6432970092
            ],
            [
              134.1035514305,
              34.6437355105
            ],
            [
              134.1032835931,
              34.64474418
            ],
            [
              134.1028034478,
              34.6455262007
            ],
            [
              134.102618827,
              34.6462872369
            ],
            [
              134.1029514002,
              34.6470312404
            ],
            [
              134.1032868792,
              34.6483033636
            ],
            [
              134.1028944519,
              34.6487838134
            ],
            [
              134.1038611406,
              34.6512493143
            ],
            [
              134.1043007969,
              34.6525861485
            ],
            [
              134.104386046,
              34.6531968328
            ],
            [
              134.1052789352,
              34.653268689
            ],
            [
              134.1054648405,
              34.6548525215
            ],
            [
              134.1043174351,
              34.6544583019
            ],
            [
              134.0988444771,
              34.6531670949
            ],
            [
              134.098315441,
              34.6529464438
            ],
            [
              134.0965936501,
              34.6520131873
            ],
            [
              134.0963347024,
              34.6508585397
            ],
            [
              134.0962349591,
              34.6503696698
            ],
            [
              134.0963746295,
              34.6501575145
            ],
            [
              134.0963633176,
              34.649885193
            ],
            [
              134.0966120252,
              34.6496008448
            ],
            [
              134.0965861621,
              34.6491235304
            ],
            [
              134.0969975196,
              34.649051932
            ],
            [
              134.0971449493,
              34.6487686524
            ],
            [
              134.097154743,
              34.6485136986
            ],
            [
              134.0969584838,
              34.6478875747
            ],
            [
              134.097368323,
              34.6456708207
            ],
            [
              134.0975998555,
              34.6450415945
            ],
            [
              134.0980722429,
              34.6447627608
            ],
            [
              134.098675406,
              34.6431198729
            ],
            [
              134.0989085467,
              34.6419109753
            ],
            [
              134.0989904053,
              34.6407368563
            ],
            [
              134.0980273423,
              34.6391858367
            ],
            [
              134.097600606,
              34.6381670822
            ],
            [
              134.0980040069,
              34.6381653402
            ],
            [
              134.0986750063,
              34.6384791034
            ],
            [
              134.0992766027,
              34.6383775869
            ],
            [
              134.09948079,
              34.6384367287
            ],
            [
              134.0995746959,
              34.6385380552
            ],
            [
              134.099636238,
              34.6389173936
            ],
            [
              134.1006198012,
              34.6396273162
            ],
            [
              134.1013213544,
              34.6394594944
            ],
            [
              134.101604206,
              34.6406099549
            ],
            [
              134.1021466022,
              34.6416914684
            ],
            [
              134.1021904751,
              34.6420311883
            ],
            [
              134.1030272893,
              34.6431274967
            ]
          ]
        ]
      }
    },
    {
      "type": "Feature",
      "properties": {
        "key_code": "33212038041",
        "pref": "岡山県",
        "city": "瀬戸内市",
        "ward": "",
        "district": "邑久町豊原潤徳",
        "name": "瀬戸内市  邑久町豊原潤徳"
      },
      "geometry": {
        "type": "Polygon",
        "coordinates": [
          [
            [
              134.0902819063,
              34.661889365
            ],
            [
              134.0881297177,
              34.6622053407
            ],
            [
              134.088179433,
              34.662430827
            ],
            [
              134.0868932992,
              34.6626781033
            ],
            [
              134.0860862743,
              34.6587224616
            ],
            [
              134.0882753166,
              34.6583374304
            ],
            [
              134.0883501487,
              34.658332229
            ],
            [
              134.0884232649,
              34.6585488911
            ],
            [
              134.0896197907,
              34.6583808647
            ],
            [
              134.0902819063,
              34.661889365
            ]
          ]
        ]
      }
    },
    {
      "type": "Feature",
      "properties": {
        "key_code": "33212038042",
        "pref": "岡山県",
        "city": "瀬戸内市",
        "ward": "",
        "district": "邑久町豊原潤徳下",
        "name": "瀬戸内市  邑久町豊原潤徳下"
      },
      "geometry": {
        "type": "Polygon",
        "coordinates": [
          [
            [
              134.0896197907,
              34.6583808647
            ],
            [
              134.0884232649,
              34.6585488911
            ],
            [
              134.0883501487,
              34.658332229
            ],
            [
              134.0882753166,
              34.6583374304
            ],
            [
              134.0860862743,
              34.6587224616
            ],
            [
              134.0851151453,
              34.6546064364
            ],
            [
              134.0851103567,
              34.6541446627
            ],
            [
              134.0852537367,
              34.6539002713
            ],
            [
              134.0853859527,
              34.6538210941
            ],
            [
              134.0884670165,
              34.6533660508
            ],
            [
              134.0896197907,
              34.6583808647
            ]
          ]
        ]
      }
    },
    {
      "type": "Feature",
      "properties": {
        "key_code": "33212038043",
        "pref": "岡山県",
        "city": "瀬戸内市",
        "ward": "",
        "district": "邑久町豊原中井，中電",
        "name": "瀬戸内市  邑久町豊原中井，中電"
      },
      "geometry": {
        "type": "Polygon",
        "coordinates": [
          [
            [
              134.0908855068,
              34.664203736
            ],
            [
              134.0873372265,
              34.6647135334
            ],
            [
              134.0868932992,
              34.6626781033
            ],
            [
              134.088179433,
              34.662430827
            ],
            [
              134.0881297177,
              34.6622053407
            ],
            [
              134.0902819063,
              34.661889365
            ],
            [
              134.0908855068,
              34.664203736
            ]
          ]
        ]
      }
    },
    {
      "type": "Feature",
      "properties": {
        "key_code": "33212042042",
        "pref": "岡山県",
        "city": "瀬戸内市",
        "ward": "",
        "district": "邑久町大窪大窪",
        "name": "瀬戸内市  邑久町大窪大窪"
      },
      "geometry": {
        "type": "Polygon",
        "coordinates": [
          [
            [
              134.0867044926,
              34.661818859
            ],
            [
              134.0844674918,
              34.6620819194
            ],
            [
              134.0808350086,
              34.6626688991
            ],
            [
              134.080390082,
              34.6607258503
            ],
            [
              134.0839330339,
              34.6601985636
            ],
            [
              134.0848266439,
              34.6599661271
            ],
            [
              134.0853256082,
              34.6599936366
            ],
            [
              134.086306363,
              34.6598247766
            ],
            [
              134.0867044926,
              34.661818859
            ]
          ]
        ]
      }
    },
    {
      "type": "Feature",
      "properties": {
        "key_code": "33212042043",
        "pref": "岡山県",
        "city": "瀬戸内市",
        "ward": "",
        "district": "邑久町大窪宮ノ本，小山",
        "name": "瀬戸内市  邑久町大窪宮ノ本，小山"
      },
      "geometry": {
        "type": "Polygon",
        "coordinates": [
          [
            [
              134.0850922553,
              34.6543926936
            ],
            [
              134.086306363,
              34.6598247766
            ],
            [
              134.0853256082,
              34.6599936366
            ],
            [
              134.0848266439,
              34.6599661271
            ],
            [
              134.0839330339,
              34.6601985636
            ],
            [
              134.080390082,
              34.6607258503
            ],
            [
              134.0802082308,
              34.6602041232
            ],
            [
              134.0799932136,
              34.6588565625
            ],
            [
              134.0797256408,
              34.6577740045
            ],
            [
              134.0809041063,
              34.6575844492
            ],
            [
              134.0801055298,
              34.6542422645
            ],
            [
              134.0798460824,
              34.6527603605
            ],
            [
              134.082036063,
              34.6524585057
            ],
            [
              134.0825518621,
              34.6524523834
            ],
            [
              134.085468152,
              34.6519481359
            ],
            [
              134.0850922553,
              34.6543926936
            ]
          ]
        ]
      }
    },
    {
      "type": "Feature",
      "properties": {
        "key_code": "33212045045",
        "pref": "岡山県",
        "city": "瀬戸内市",
        "ward": "",
        "district": "邑久町本庄横尾西庄，尾ノ村",
        "name": "瀬戸内市  邑久町本庄横尾西庄，尾ノ村"
      },
      "geometry": {
        "type": "Polygon",
        "coordinates": [
          [
            [
              134.1162970241,
              34.6529854249
            ],
            [
              134.1143610474,
              34.6540238933
            ],
            [
              134.1134970537,
              34.6530611878
            ],
            [
              134.1143381835,
              34.6526398448
            ],
            [
              134.1141048465,
              34.6521159599
            ],
            [
              134.1150376078,
              34.6517442246
            ],
            [
              134.114513521,
              34.6503739094
            ],
            [
              134.1144886097,
              34.6491022642
            ],
            [
              134.1147953934,
              34.6492641166
            ],
            [
              134.1149684213,
              34.6494720697
            ],
            [
              134.1148767193,
              34.648726298
            ],
            [
              134.1144848429,
              34.6474931417
            ],
            [
              134.1147968481,
              34.646950111
            ],
            [
              134.1149640292,
              34.6467748972
            ],
            [
              134.1155858894,
              34.6465268416
            ],
            [
              134.1161248886,
              34.6465240205
            ],
            [
              134.1171005095,
              34.6463616846
            ],
            [
              134.1171285235,
              34.6461239541
            ],
            [
              134.1173158936,
              34.6460902038
            ],
            [
              134.1176041836,
              34.6458868939
            ],
            [
              134.1177146599,
              34.6455549324
            ],
            [
              134.1186411489,
              34.6458435475
            ],
            [
              134.1187777736,
              34.645998464
            ],
            [
              134.1189335999,
              34.6458025194
            ],
            [
              134.1189982071,
              34.6455421751
            ],
            [
              134.1188331643,
              34.6453276223
            ],
            [
              134.118935075,
              34.6452269463
            ],
            [
              134.1189795924,
              34.6447814623
            ],
            [
              134.1190963434,
              34.644666579
            ],
            [
              134.1195008687,
              34.6445540434
            ],
            [
              134.1192853444,
              34.644206544
            ],
            [
              134.1202805944,
              34.6437652788
            ],
            [
              134.1207524805,
              34.6427980337
            ],
            [
              134.1210457476,
              34.6424521452
            ],
            [
              134.121145987,
              34.6419864516
            ],
            [
              134.1215269896,
              34.6416300109
            ],
            [
              134.1228640753,
              34.6419191602
            ],
            [
              134.1233250841,
              34.6418175278
            ],
            [
              134.1238227579,
              34.6418183719
            ],
            [
              134.1243318827,
              34.6415648139
            ],
            [
              134.1246316433,
              34.6419770957
            ],
            [
              134.1250393029,
              34.642022299
            ],
            [
              134.1254287222,
              34.642190453
            ],
            [
              134.1256409921,
              34.6424283234
            ],
            [
              134.1257127058,
              34.6429912353
            ],
            [
              134.1258735018,
              34.6433179093
            ],
            [
              134.1255354525,
              34.6441504707
            ],
            [
              134.1257705893,
              34.6444920615
            ],
            [
              134.1259600643,
              34.6446195877
            ],
            [
              134.1259057986,
              34.6447848824
            ],
            [
              134.125973142,
              34.6450361657
            ],
            [
              134.1264859637,
              34.6463634151
            ],
            [
              134.1238583601,
              34.648593538
            ],
            [
              134.1214948613,
              34.6501895355
            ],
            [
              134.1211238606,
              34.6505656912
            ],
            [
              134.1208794177,
              34.6506423108
            ],
            [
              134.1208018,
              34.6508916446
            ],
            [
              134.1205939906,
              34.651116377
            ],
            [
              134.1207771059,
              34.6512929239
            ],
            [
              134.1208499251,
              34.6517579063
            ],
            [
              134.1207164673,
              34.6518530348
            ],
            [
              134.1209126493,
              34.6521880768
            ],
            [
              134.1200472547,
              34.6524789762
            ],
            [
              134.1197784969,
              34.6524710324
            ],
            [
              134.1190253679,
              34.6526622522
            ],
            [
              134.1170988699,
              34.6526958432
            ],
            [
              134.1162970241,
              34.6529854249
            ]
          ]
        ]
      }
    },
    {
      "type": "Feature",
      "properties": {
        "key_code": "33212045046",
        "pref": "岡山県",
        "city": "瀬戸内市",
        "ward": "",
        "district": "邑久町本庄藤峠，東谷",
        "name": "瀬戸内市  邑久町本庄藤峠，東谷"
      },
      "geometry": {
        "type": "Polygon",
        "coordinates": [
          [
            [
              134.1245556246,
              34.6611181797
            ],
            [
              134.1239360222,
              34.6610999319
            ],
            [
              134.1233333483,
              34.6612568051
            ],
            [
              134.1226532451,
              34.661306626
            ],
            [
              134.1228396285,
              34.6602135561
            ],
            [
              134.1230637686,
              34.6599319318
            ],
            [
              134.1203000382,
              34.6562444616
            ],
            [
              134.119662526,
              34.6562834765
            ],
            [
              134.1191285924,
              34.6564656508
            ],
            [
              134.117567552,
              34.6573045292
            ],
            [
              134.1174782637,
              34.6570008044
            ],
            [
              134.1174861644,
              34.6566230186
            ],
            [
              134.117672981,
              34.6553838809
            ],
            [
              134.1176815023,
              34.6547656391
            ],
            [
              134.1176196127,
              34.6545880379
            ],
            [
              134.1168186613,
              34.6535388406
            ],
            [
              134.1162970241,
              34.6529854249
            ],
            [
              134.1170988699,
              34.6526958432
            ],
            [
              134.1190253679,
              34.6526622522
            ],
            [
              134.1197784969,
              34.6524710324
            ],
            [
              134.1200472547,
              34.6524789762
            ],
            [
              134.1209126493,
              34.6521880768
            ],
            [
              134.1207164673,
              34.6518530348
            ],
            [
              134.1208499251,
              34.6517579063
            ],
            [
              134.1207771059,
              34.6512929239
            ],
            [
              134.1205939906,
              34.651116377
            ],
            [
              134.1208018,
              34.6508916446
            ],
            [
              134.1208794177,
              34.6506423108
            ],
            [
              134.1211238606,
              34.6505656912
            ],
            [
              134.1214948613,
              34.6501895355
            ],
            [
              134.1238583601,
              34.648593538
            ],
            [
              134.1264859637,
              34.6463634151
            ],
            [
              134.1267416238,
              34.6469716789
            ],
            [
              134.126984072,
              34.6472622676
            ],
            [
              134.1269387802,
              34.6477007078
            ],
            [
              134.1265058793,
              34.6484176959
            ],
            [
              134.1261415941,
              34.6486972667
            ],
            [
              134.1260697636,
              34.6489407026
            ],
            [
              134.1262739328,
              34.6493237776
            ],
            [
              134.1263031917,
              34.6499075745
            ],
            [
              134.126594769,
              34.6502206459
            ],
            [
              134.1266828243,
              34.650869481
            ],
            [
              134.1276747842,
              34.6505960325
            ],
            [
              134.1277857007,
              34.6524477642
            ],
            [
              134.1278986986,
              34.6524458403
            ],
            [
              134.1279248816,
              34.6527952325
            ],
            [
              134.127841028,
              34.6535449215
            ],
            [
              134.1280472627,
              34.6538588341
            ],
            [
              134.1280554025,
              34.6540584539
            ],
            [
              134.1276237835,
              34.6548147395
            ],
            [
              134.1268722159,
              34.6552239559
            ],
            [
              134.1270757435,
              34.6555647702
            ],
            [
              134.1273749491,
              34.6564499082
            ],
            [
              134.127444494,
              34.657041096
            ],
            [
              134.1256442577,
              34.657294285
            ],
            [
              134.1257954992,
              34.6577696794
            ],
            [
              134.1260868662,
              34.6583154628
            ],
            [
              134.1260916277,
              34.6591885521
            ],
            [
              134.1254761905,
              34.6594037342
            ],
            [
              134.1254030572,
              34.6595579977
            ],
            [
              134.1256061532,
              34.6600823611
            ],
            [
              134.1248543477,
              34.6601095346
            ],
            [
              134.1246647351,
              34.6604341851
            ],
            [
              134.1245556246,
              34.6611181797
            ]
          ]
        ]
      }
    },
    {
      "type": "Feature",
      "properties": {
        "key_code": "33212045048",
        "pref": "岡山県",
        "city": "瀬戸内市",
        "ward": "",
        "district": "邑久町本庄西ノ谷，下浦，夢ノ郷",
        "name": "瀬戸内市  邑久町本庄西ノ谷，下浦，夢ノ郷"
      },
      "geometry": {
        "type": "Polygon",
        "coordinates": [
          [
            [
              134.1226532451,
              34.661306626
            ],
            [
              134.1155583151,
              34.6619004421
            ],
            [
              134.1150345099,
              34.6618510369
            ],
            [
              134.1140709374,
              34.6614404979
            ],
            [
              134.1136875407,
              34.6610615753
            ],
            [
              134.1127876771,
              34.6597146658
            ],
            [
              134.1120158848,
              34.6590132886
            ],
            [
              134.1109793662,
              34.6584367871
            ],
            [
              134.1096270763,
              34.6578456012
            ],
            [
              134.1096335194,
              34.6575079576
            ],
            [
              134.1098848971,
              34.6573268501
            ],
            [
              134.1127206312,
              34.6565750698
            ],
            [
              134.1126717261,
              34.6564379179
            ],
            [
              134.1134295132,
              34.6561950444
            ],
            [
              134.1136543173,
              34.6558882276
            ],
            [
              134.1139549008,
              34.6557332608
            ],
            [
              134.1139864907,
              34.6556480949
            ],
            [
              134.1148094828,
              34.655310953
            ],
            [
              134.1149443597,
              34.6551261004
            ],
            [
              134.1149587629,
              34.6547594544
            ],
            [
              134.1146844327,
              34.6543055092
            ],
            [
              134.1143610474,
              34.6540238933
            ],
            [
              134.1162970241,
              34.6529854249
            ],
            [
              134.1168186613,
              34.6535388406
            ],
            [
              134.1176196127,
              34.6545880379
            ],
            [
              134.1176815023,
              34.6547656391
            ],
            [
              134.117672981,
              34.6553838809
            ],
            [
              134.1174861644,
              34.6566230186
            ],
            [
              134.1174782637,
              34.6570008044
            ],
            [
              134.117567552,
              34.6573045292
            ],
            [
              134.1191285924,
              34.6564656508
            ],
            [
              134.119662526,
              34.6562834765
            ],
            [
              134.1203000382,
              34.6562444616
            ],
            [
              134.1230637686,
              34.6599319318
            ],
            [
              134.1228396285,
              34.6602135561
            ],
            [
              134.1226532451,
              34.661306626
            ]
          ]
        ]
      }
    },
    {
      "type": "Feature",
      "properties": {
        "key_code": "33212045049",
        "pref": "岡山県",
        "city": "瀬戸内市",
        "ward": "",
        "district": "邑久町本庄石仏，大土井",
        "name": "瀬戸内市  邑久町本庄石仏，大土井"
      },
      "geometry": {
        "type": "Polygon",
        "coordinates": [
          [
            [
              134.1361839609,
              34.6695180791
            ],
            [
              134.1360335959,
              34.6694786745
            ],
            [
              134.1349471377,
              34.6696743882
            ],
            [
              134.1347954446,
              34.668870374
            ],
            [
              134.1345179786,
              34.668664404
            ],
            [
              134.1341669501,
              34.6686276319
            ],
            [
              134.13372859,
              34.6684092833
            ],
            [
              134.1337327502,
              34.6682008121
            ],
            [
              134.1335867891,
              34.6680556257
            ],
            [
              134.1329586227,
              34.6676799018
            ],
            [
              134.1330323192,
              34.6674563311
            ],
            [
              134.1329377606,
              34.6672326254
            ],
            [
              134.1317916809,
              34.6665509348
            ],
            [
              134.1318230886,
              34.6657094658
            ],
            [
              134.1315514448,
              34.6646328179
            ],
            [
              134.1312685464,
              34.6641711624
            ],
            [
              134.1302871635,
              34.6629840231
            ],
            [
              134.1295343188,
              34.66248101
            ],
            [
              134.1282623944,
              34.6619852907
            ],
            [
              134.1268898334,
              34.6616047549
            ],
            [
              134.1245556246,
              34.6611181797
            ],
            [
              134.1246647351,
              34.6604341851
            ],
            [
              134.1248543477,
              34.6601095346
            ],
            [
              134.1256061532,
              34.6600823611
            ],
            [
              134.1254030572,
              34.6595579977
            ],
            [
              134.1254761905,
              34.6594037342
            ],
            [
              134.1260916277,
              34.6591885521
            ],
            [
              134.1260868662,
              34.6583154628
            ],
            [
              134.1257954992,
              34.6577696794
            ],
            [
              134.1256442577,
              34.657294285
            ],
            [
              134.127444494,
              34.657041096
            ],
            [
              134.1273749491,
              34.6564499082
            ],
            [
              134.1270757435,
              34.6555647702
            ],
            [
              134.1268722159,
              34.6552239559
            ],
            [
              134.1276237835,
              34.6548147395
            ],
            [
              134.1285767684,
              34.6554152972
            ],
            [
              134.1291933512,
              34.6548538515
            ],
            [
              134.1298370316,
              34.6539928257
            ],
            [
              134.1306159672,
              34.6532688
            ],
            [
              134.1311988531,
              34.653130727
            ],
            [
              134.1325182544,
              34.6547722964
            ],
            [
              134.1330078632,
              34.6547938052
            ],
            [
              134.1335341768,
              34.6546940874
            ],
            [
              134.1338688251,
              34.6544144506
            ],
            [
              134.135091949,
              34.6548532635
            ],
            [
              134.1356532257,
              34.6553563608
            ],
            [
              134.13576679,
              34.6556479968
            ],
            [
              134.1355852106,
              34.6559798664
            ],
            [
              134.136100127,
              34.6564568277
            ],
            [
              134.1366733146,
              34.6561755964
            ],
            [
              134.1368421195,
              34.6561654445
            ],
            [
              134.1367082934,
              34.6564613302
            ],
            [
              134.1359108306,
              34.6574232882
            ],
            [
              134.1345249433,
              34.6588101187
            ],
            [
              134.1355004663,
              34.6589983533
            ],
            [
              134.1353492181,
              34.6596748289
            ],
            [
              134.136902319,
              34.6601214977
            ],
            [
              134.1368467684,
              34.6604204679
            ],
            [
              134.1373329846,
              34.6604816841
            ],
            [
              134.1374203833,
              34.660641991
            ],
            [
              134.1374581777,
              34.6608913855
            ],
            [
              134.1371052937,
              34.6616764269
            ],
            [
              134.1372036035,
              34.6618549197
            ],
            [
              134.1360505471,
              34.6623364964
            ],
            [
              134.1354133148,
              34.6627403009
            ],
            [
              134.1353799146,
              34.6629428088
            ],
            [
              134.1354142915,
              34.6638735505
            ],
            [
              134.1356681278,
              34.6647925353
            ],
            [
              134.1360940566,
              34.6656181259
            ],
            [
              134.1361721211,
              34.6666335975
            ],
            [
              134.1367041849,
              34.6690004071
            ],
            [
              134.1361839609,
              34.6695180791
            ]
          ]
        ]
      }
    },
    {
      "type": "Feature",
      "properties": {
        "key_code": "33212045050",
        "pref": "岡山県",
        "city": "瀬戸内市",
        "ward": "",
        "district": "邑久町本庄土佐南，土佐北，水落",
        "name": "瀬戸内市  邑久町本庄土佐南，土佐北，水落"
      },
      "geometry": {
        "type": "Polygon",
        "coordinates": [
          [
            [
              134.1237358774,
              34.6686554369
            ],
            [
              134.1218076299,
              34.6696302715
            ],
            [
              134.1212213464,
              34.6700521162
            ],
            [
              134.1199328171,
              34.6707628989
            ],
            [
              134.1193880969,
              34.6712090375
            ],
            [
              134.1192800289,
              34.6713383007
            ],
            [
              134.1196617358,
              34.6723929323
            ],
            [
              134.119215494,
              34.6726228758
            ],
            [
              134.1181700272,
              34.6721298145
            ],
            [
              134.1171861363,
              34.6720342361
            ],
            [
              134.1171397445,
              34.6718103184
            ],
            [
              134.1171967744,
              34.6714090956
            ],
            [
              134.1167140432,
              34.6709426692
            ],
            [
              134.1165906987,
              34.6704636467
            ],
            [
              134.1166255128,
              34.6695744292
            ],
            [
              134.1203440094,
              34.6686740353
            ],
            [
              134.1183340866,
              34.6638337265
            ],
            [
              134.1170076513,
              34.6635673718
            ],
            [
              134.1133400245,
              34.6623538019
            ],
            [
              134.1134810021,
              34.662325604
            ],
            [
              134.1136875407,
              34.6610615753
            ],
            [
              134.1140709374,
              34.6614404979
            ],
            [
              134.1145061441,
              34.6616639965
            ],
            [
              134.1150345099,
              34.6618510369
            ],
            [
              134.1155583151,
              34.6619004421
            ],
            [
              134.1233333483,
              34.6612568051
            ],
            [
              134.1241025249,
              34.6610882443
            ],
            [
              134.1253898725,
              34.6612683578
            ],
            [
              134.1282623944,
              34.6619852907
            ],
            [
              134.1295343188,
              34.66248101
            ],
            [
              134.1302871635,
              34.6629840231
            ],
            [
              134.1312685464,
              34.6641711624
            ],
            [
              134.1315514448,
              34.6646328179
            ],
            [
              134.1318230886,
              34.6657094658
            ],
            [
              134.1317916809,
              34.6665509348
            ],
            [
              134.1312469269,
              34.6661933686
            ],
            [
              134.1311086184,
              34.665927189
            ],
            [
              134.1308312548,
              34.6656790907
            ],
            [
              134.1308832377,
              34.6653588526
            ],
            [
              134.1306134279,
              34.6650199091
            ],
            [
              134.1300510585,
              34.6646745625
            ],
            [
              134.12942969,
              34.6645284366
            ],
            [
              134.1292833118,
              34.6645704515
            ],
            [
              134.1291729477,
              34.6648301622
            ],
            [
              134.1289236819,
              34.6650714684
            ],
            [
              134.1286015572,
              34.6651978476
            ],
            [
              134.1280895391,
              34.6651969888
            ],
            [
              134.1275825953,
              34.6661147125
            ],
            [
              134.127267147,
              34.6664949379
            ],
            [
              134.1270767708,
              34.6665732189
            ],
            [
              134.1265078343,
              34.6674032176
            ],
            [
              134.1259655796,
              34.6678072855
            ],
            [
              134.1252988225,
              34.6682593149
            ],
            [
              134.1245719556,
              34.6683606043
            ],
            [
              134.1239505554,
              34.6687411399
            ],
            [
              134.1237358774,
              34.6686554369
            ]
          ]
        ]
      }
    },
    {
      "type": "Feature",
      "properties": {
        "key_code": "33212052052",
        "pref": "岡山県",
        "city": "瀬戸内市",
        "ward": "",
        "district": "邑久町上山田石堂，出",
        "name": "瀬戸内市  邑久町上山田石堂，出"
      },
      "geometry": {
        "type": "Polygon",
        "coordinates": [
          [
            [
              134.1112997643,
              34.6431023105
            ],
            [
              134.1105624601,
              34.6430700885
            ],
            [
              134.1090078287,
              34.6426720386
            ],
            [
              134.1084696496,
              34.6424267588
            ],
            [
              134.1074299539,
              34.6412324769
            ],
            [
              134.1068255828,
              34.6413713568
            ],
            [
              134.1054800697,
              34.6408013775
            ],
            [
              134.1048690612,
              34.6417771398
            ],
            [
              134.1041284757,
              34.6424652763
            ],
            [
              134.1030272893,
              34.6431274967
            ],
            [
              134.1021904751,
              34.6420311883
            ],
            [
              134.1021466022,
              34.6416914684
            ],
            [
              134.101604206,
              34.6406099549
            ],
            [
              134.1013213544,
              34.6394594944
            ],
            [
              134.1017135947,
              34.6393041715
            ],
            [
              134.103724874,
              34.6388417719
            ],
            [
              134.1034870752,
              34.6373878265
            ],
            [
              134.1035568384,
              34.6369849339
            ],
            [
              134.1037319361,
              34.6369534337
            ],
            [
              134.1040751865,
              34.6370700258
            ],
            [
              134.1041575668,
              34.637189077
            ],
            [
              134.1041963448,
              34.637594714
            ],
            [
              134.10436177,
              34.6378147864
            ],
            [
              134.1045991007,
              34.6375780162
            ],
            [
              134.1048527485,
              34.6369100766
            ],
            [
              134.1050812149,
              34.6351981105
            ],
            [
              134.104339222,
              34.6338573188
            ],
            [
              134.1043157559,
              34.6333352139
            ],
            [
              134.1044206868,
              34.6331489037
            ],
            [
              134.1048868562,
              34.6328910145
            ],
            [
              134.1052583748,
              34.6328374853
            ],
            [
              134.1069425446,
              34.6331231095
            ],
            [
              134.1082190117,
              34.6338391524
            ],
            [
              134.1092889926,
              34.6345588845
            ],
            [
              134.109718107,
              34.6347046407
            ],
            [
              134.1108198097,
              34.6348765636
            ],
            [
              134.1108568219,
              34.6347605545
            ],
            [
              134.1103028366,
              34.633334631
            ],
            [
              134.1099555641,
              34.6327426182
            ],
            [
              134.1098238763,
              34.6322162251
            ],
            [
              134.1092910835,
              34.6310875699
            ],
            [
              134.1095503428,
              34.6308423742
            ],
            [
              134.109704022,
              34.6308013847
            ],
            [
              134.1101813551,
              34.6308224082
            ],
            [
              134.1108489715,
              34.6306955822
            ],
            [
              134.1119259889,
              34.6306599379
            ],
            [
              134.1125539625,
              34.6304330117
            ],
            [
              134.1128041089,
              34.6301425667
            ],
            [
              134.1129094512,
              34.6296597112
            ],
            [
              134.1129878302,
              34.6295987156
            ],
            [
              134.1133840168,
              34.6294649008
            ],
            [
              134.1141157902,
              34.6293664853
            ],
            [
              134.1141358884,
              34.6291242227
            ],
            [
              134.1138320808,
              34.6288286897
            ],
            [
              134.1138250513,
              34.6287376746
            ],
            [
              134.1151081723,
              34.62963015
            ],
            [
              134.1154992734,
              34.6299885252
            ],
            [
              134.1160663893,
              34.6309881814
            ],
            [
              134.1163479143,
              34.6310832103
            ],
            [
              134.1167368473,
              34.631502154
            ],
            [
              134.1171284951,
              34.6316614751
            ],
            [
              134.1177294347,
              34.6322158914
            ],
            [
              134.1178309828,
              34.6324252672
            ],
            [
              134.1177717386,
              34.6332348961
            ],
            [
              134.1199185312,
              34.6334152126
            ],
            [
              134.1222796719,
              34.633055758
            ],
            [
              134.1224955545,
              34.6332253185
            ],
            [
              134.1205671646,
              34.6351582507
            ],
            [
              134.1185380467,
              34.6355909423
            ],
            [
              134.1165760615,
              34.6363041936
            ],
            [
              134.1153788275,
              34.637261517
            ],
            [
              134.1151863407,
              34.6375347419
            ],
            [
              134.1151136782,
              34.6380676702
            ],
            [
              134.1141692633,
              34.6383772814
            ],
            [
              134.1113576873,
              34.6387930496
            ],
            [
              134.1108338518,
              34.6392128607
            ],
            [
              134.1107484479,
              34.6394118936
            ],
            [
              134.1107728215,
              34.6398229978
            ],
            [
              134.1112997643,
              34.6431023105
            ]
          ]
        ]
      }
    },
    {
      "type": "Feature",
      "properties": {
        "key_code": "33212052053",
        "pref": "岡山県",
        "city": "瀬戸内市",
        "ward": "",
        "district": "邑久町上山田辻，池ノ内",
        "name": "瀬戸内市  邑久町上山田辻，池ノ内"
      },
      "geometry": {
        "type": "Polygon",
        "coordinates": [
          [
            [
              134.1243318827,
              34.6415648139
            ],
            [
              134.1238227579,
              34.6418183719
            ],
            [
              134.1233250841,
              34.6418175278
            ],
            [
              134.1228640753,
              34.6419191602
            ],
            [
              134.1215269896,
              34.6416300109
            ],
            [
              134.121145987,
              34.6419864516
            ],
            [
              134.1210457476,
              34.6424521452
            ],
            [
              134.1207524805,
              34.6427980337
            ],
            [
              134.1202805944,
              34.6437652788
            ],
            [
              134.1192853444,
              34.644206544
            ],
            [
              134.1187546002,
              34.6433892286
            ],
            [
              134.1189099706,
              34.6429746358
            ],
            [
              134.1185081153,
              34.64258454
            ],
            [
              134.11849053,
              34.6424704015
            ],
            [
              134.1187709527,
              34.6420681479
            ],
            [
              134.1187452263,
              34.6419634326
            ],
            [
              134.1179924817,
              34.6415887668
            ],
            [
              134.117520028,
              34.6415007154
            ],
            [
              134.1172367473,
              34.6417444774
            ],
            [
              134.1165145785,
              34.6421191607
            ],
            [
              134.1162979725,
              34.64234036
            ],
            [
              134.1160444418,
              34.642380048
            ],
            [
              134.1159395866,
              34.6427316152
            ],
            [
              134.1156207953,
              34.6428948694
            ],
            [
              134.1152999712,
              34.6432098377
            ],
            [
              134.1148127454,
              34.6431713343
            ],
            [
              134.1144905306,
              34.6433962806
            ],
            [
              134.1140683977,
              34.6433149278
            ],
            [
              134.113830629,
              34.6435507321
            ],
            [
              134.1137892354,
              34.6438528249
            ],
            [
              134.1125381473,
              34.6439605368
            ],
            [
              134.1124189132,
              34.6429708393
            ],
            [
              134.1112997643,
              34.6431023105
            ],
            [
              134.1107484479,
              34.6394118936
            ],
            [
              134.1108338518,
              34.6392128607
            ],
            [
              134.1113576873,
              34.6387930496
            ],
            [
              134.1141692633,
              34.6383772814
            ],
            [
              134.1151136782,
              34.6380676702
            ],
            [
              134.1151863407,
              34.6375347419
            ],
            [
              134.1153788275,
              34.637261517
            ],
            [
              134.1165760615,
              34.6363041936
            ],
            [
              134.1185380467,
              34.6355909423
            ],
            [
              134.1205671646,
              34.6351582507
            ],
            [
              134.1224955545,
              34.6332253185
            ],
            [
              134.1229778005,
              34.6337299086
            ],
            [
              134.1230807251,
              34.6339304073
            ],
            [
              134.1230316278,
              34.6341761474
            ],
            [
              134.1237214603,
              34.6346627761
            ],
            [
              134.1236218614,
              34.6360113284
            ],
            [
              134.1233155222,
              34.6364728706
            ],
            [
              134.123112638,
              34.6365891673
            ],
            [
              134.1231030918,
              34.6368213126
            ],
            [
              134.1228745998,
              34.6369205206
            ],
            [
              134.1227272392,
              34.6373930442
            ],
            [
              134.1226396034,
              34.6380913511
            ],
            [
              134.1228835501,
              34.6395046014
            ],
            [
              134.1232322652,
              34.6400489717
            ],
            [
              134.1232624865,
              34.6402758308
            ],
            [
              134.1235960314,
              34.6407373392
            ],
            [
              134.1241347204,
              34.6412079282
            ],
            [
              134.1243318827,
              34.6415648139
            ]
          ]
        ]
      }
    },
    {
      "type": "Feature",
      "properties": {
        "key_code": "33212056056",
        "pref": "岡山県",
        "city": "瀬戸内市",
        "ward": "",
        "district": "邑久町下山田舟原東，舟原西，幸田木",
        "name": "瀬戸内市  邑久町下山田舟原東，舟原西，幸田木"
      },
      "geometry": {
        "type": "Polygon",
        "coordinates": [
          [
            [
              134.1077827016,
              34.6560272249
            ],
            [
              134.1054648405,
              34.6548525215
            ],
            [
              134.1052789352,
              34.653268689
            ],
            [
              134.104386046,
              34.6531968328
            ],
            [
              134.1043007969,
              34.6525861485
            ],
            [
              134.1038611406,
              34.6512493143
            ],
            [
              134.1028944519,
              34.6487838134
            ],
            [
              134.1032868792,
              34.6483033636
            ],
            [
              134.1029514002,
              34.6470312404
            ],
            [
              134.102618827,
              34.6462872369
            ],
            [
              134.1028034478,
              34.6455262007
            ],
            [
              134.1032835931,
              34.64474418
            ],
            [
              134.1035514305,
              34.6437355105
            ],
            [
              134.1033440447,
              34.6432970092
            ],
            [
              134.1030272893,
              34.6431274967
            ],
            [
              134.1041284757,
              34.6424652763
            ],
            [
              134.1048690612,
              34.6417771398
            ],
            [
              134.1054800697,
              34.6408013775
            ],
            [
              134.1068255828,
              34.6413713568
            ],
            [
              134.1074299539,
              34.6412324769
            ],
            [
              134.1084696496,
              34.6424267588
            ],
            [
              134.1090078287,
              34.6426720386
            ],
            [
              134.1105624601,
              34.6430700885
            ],
            [
              134.1112997643,
              34.6431023105
            ],
            [
              134.1112901759,
              34.6440648609
            ],
            [
              134.1117823521,
              34.6461309073
            ],
            [
              134.1120959854,
              34.646978803
            ],
            [
              134.1116845993,
              34.6472594928
            ],
            [
              134.1116212368,
              34.647499976
            ],
            [
              134.1113410863,
              34.6475680583
            ],
            [
              134.1109389885,
              34.6480003357
            ],
            [
              134.1106321922,
              34.647975676
            ],
            [
              134.110330589,
              34.6481056979
            ],
            [
              134.110043437,
              34.6482736393
            ],
            [
              134.1098883151,
              34.6484843694
            ],
            [
              134.1093940555,
              34.6486213525
            ],
            [
              134.1090461064,
              34.6489113097
            ],
            [
              134.1086975287,
              34.649013347
            ],
            [
              134.1087864212,
              34.6492763733
            ],
            [
              134.1087320697,
              34.6494984191
            ],
            [
              134.1086610721,
              34.6496583111
            ],
            [
              134.1084726281,
              34.649770933
            ],
            [
              134.1085514807,
              34.6508549155
            ],
            [
              134.1079372295,
              34.654374451
            ],
            [
              134.1077827016,
              34.6560272249
            ]
          ]
        ]
      }
    },
    {
      "type": "Feature",
      "properties": {
        "key_code": "33212056057",
        "pref": "岡山県",
        "city": "瀬戸内市",
        "ward": "",
        "district": "邑久町下山田内沼，第二夢二苑，北浦",
        "name": "瀬戸内市  邑久町下山田内沼，第二夢二苑，北浦"
      },
      "geometry": {
        "type": "Polygon",
        "coordinates": [
          [
            [
              134.1096270763,
              34.6578456012
            ],
            [
              134.1084625953,
              34.6566154924
            ],
            [
              134.1077827016,
              34.6560272249
            ],
            [
              134.1079372295,
              34.654374451
            ],
            [
              134.1085514807,
              34.6508549155
            ],
            [
              134.1084726281,
              34.649770933
            ],
            [
              134.1086610721,
              34.6496583111
            ],
            [
              134.1087320697,
              34.6494984191
            ],
            [
              134.1087864212,
              34.6492763733
            ],
            [
              134.1086975287,
              34.649013347
            ],
            [
              134.1090461064,
              34.6489113097
            ],
            [
              134.1093940555,
              34.6486213525
            ],
            [
              134.1098883151,
              34.6484843694
            ],
            [
              134.110043437,
              34.6482736393
            ],
            [
              134.110330589,
              34.6481056979
            ],
            [
              134.1106321922,
              34.647975676
            ],
            [
              134.1109389885,
              34.6480003357
            ],
            [
              134.1113410863,
              34.6475680583
            ],
            [
              134.1116212368,
              34.647499976
            ],
            [
              134.1116845993,
              34.6472594928
            ],
            [
              134.1120959854,
              34.646978803
            ],
            [
              134.1128524224,
              34.6492201239
            ],
            [
              134.1142416394,
              34.6490696946
            ],
            [
              134.1144886097,
              34.6491022642
            ],
            [
              134.1145518101,
              34.6505780943
            ],
            [
              134.1150376078,
              34.6517442246
            ],
            [
              134.1141048465,
              34.6521159599
            ],
            [
              134.1143381835,
              34.6526398448
            ],
            [
              134.1134970537,
              34.6530611878
            ],
            [
              134.114121567,
              34.6538193425
            ],
            [
              134.1146844327,
              34.6543055092
            ],
            [
              134.1149587629,
              34.6547594544
            ],
            [
              134.1149851299,
              34.6549520648
            ],
            [
              134.1148094828,
              34.655310953
            ],
            [
              134.1139864907,
              34.6556480949
            ],
            [
              134.1139549008,
              34.6557332608
            ],
            [
              134.1136543173,
              34.6558882276
            ],
            [
              134.1134295132,
              34.6561950444
            ],
            [
              134.1126717261,
              34.6564379179
            ],
            [
              134.1127206312,
              34.6565750698
            ],
            [
              134.1098848971,
              34.6573268501
            ],
            [
              134.1096335194,
              34.6575079576
            ],
            [
              134.1096270763,
              34.6578456012
            ]
          ]
        ]
      }
    },
    {
      "type": "Feature",
      "properties": {
        "key_code": "33212056060",
        "pref": "岡山県",
        "city": "瀬戸内市",
        "ward": "",
        "district": "邑久町下山田大向，後坂",
        "name": "瀬戸内市  邑久町下山田大向，後坂"
      },
      "geometry": {
        "type": "Polygon",
        "coordinates": [
          [
            [
              134.1144886097,
              34.6491022642
            ],
            [
              134.1142416394,
              34.6490696946
            ],
            [
              134.1128524224,
              34.6492201239
            ],
            [
              134.1117823521,
              34.6461309073
            ],
            [
              134.1112901759,
              34.6440648609
            ],
            [
              134.1112997643,
              34.6431023105
            ],
            [
              134.1124189132,
              34.6429708393
            ],
            [
              134.1125381473,
              34.6439605368
            ],
            [
              134.1137892354,
              34.6438528249
            ],
            [
              134.113830629,
              34.6435507321
            ],
            [
              134.1139935811,
              34.6433524024
            ],
            [
              134.1144905306,
              34.6433962806
            ],
            [
              134.1148127454,
              34.6431713343
            ],
            [
              134.1152999712,
              34.6432098377
            ],
            [
              134.1156207953,
              34.6428948694
            ],
            [
              134.1159395866,
              34.6427316152
            ],
            [
              134.1160444418,
              34.642380048
            ],
            [
              134.1162979725,
              34.64234036
            ],
            [
              134.1165145785,
              34.6421191607
            ],
            [
              134.1172367473,
              34.6417444774
            ],
            [
              134.117520028,
              34.6415007154
            ],
            [
              134.1179924817,
              34.6415887668
            ],
            [
              134.1185311783,
              34.6418179494
            ],
            [
              134.1187452263,
              34.6419634326
            ],
            [
              134.1187709527,
              34.6420681479
            ],
            [
              134.11849053,
              34.6424704015
            ],
            [
              134.1185081153,
              34.64258454
            ],
            [
              134.1189099706,
              34.6429746358
            ],
            [
              134.1187546002,
              34.6433892286
            ],
            [
              134.1195008687,
              34.6445540434
            ],
            [
              134.1190963434,
              34.644666579
            ],
            [
              134.1189795924,
              34.6447814623
            ],
            [
              134.118935075,
              34.6452269463
            ],
            [
              134.1188331643,
              34.6453276223
            ],
            [
              134.1189982071,
              34.6455421751
            ],
            [
              134.1189335999,
              34.6458025194
            ],
            [
              134.1187777736,
              34.645998464
            ],
            [
              134.1186411489,
              34.6458435475
            ],
            [
              134.1177146599,
              34.6455549324
            ],
            [
              134.1176041836,
              34.6458868939
            ],
            [
              134.1173158936,
              34.6460902038
            ],
            [
              134.1171285235,
              34.6461239541
            ],
            [
              134.1171005095,
              34.6463616846
            ],
            [
              134.1161248886,
              34.6465240205
            ],
            [
              134.1155858894,
              34.6465268416
            ],
            [
              134.1149640292,
              34.6467748972
            ],
            [
              134.1146547935,
              34.6471310044
            ],
            [
              134.1144848429,
              34.6474931417
            ],
            [
              134.1148767193,
              34.648726298
            ],
            [
              134.1149684213,
              34.6494720697
            ],
            [
              134.1147953934,
              34.6492641166
            ],
            [
              134.1144886097,
              34.6491022642
            ]
          ]
        ]
      }
    },
    {
      "type": "Feature",
      "properties": {
        "key_code": "33212062062",
        "pref": "岡山県",
        "city": "瀬戸内市",
        "ward": "",
        "district": "邑久町上笠加明治，中，西",
        "name": "瀬戸内市  邑久町上笠加明治，中，西"
      },
      "geometry": {
        "type": "Polygon",
        "coordinates": [
          [
            [
              134.1039887139,
              34.691948692
            ],
            [
              134.1020206096,
              34.6916244593
            ],
            [
              134.1001165561,
              34.6936208716
            ],
            [
              134.0996729862,
              34.6932572921
            ],
            [
              134.0992561245,
              34.692675426
            ],
            [
              134.0988804672,
              34.6925443978
            ],
            [
              134.0984117949,
              34.692060185
            ],
            [
              134.0984182145,
              34.6919299016
            ],
            [
              134.0988434139,
              34.6916952113
            ],
            [
              134.0986925633,
              34.69142432
            ],
            [
              134.0983289869,
              34.6913134561
            ],
            [
              134.0982265356,
              34.6910778764
            ],
            [
              134.0979295489,
              34.6910071462
            ],
            [
              134.0976457166,
              34.6905807637
            ],
            [
              134.0969664443,
              34.6905794316
            ],
            [
              134.0966271085,
              34.6904686114
            ],
            [
              134.0962503626,
              34.6896587612
            ],
            [
              134.0962512152,
              34.6893581643
            ],
            [
              134.0960150237,
              34.6892375447
            ],
            [
              134.0958278197,
              34.6889516491
            ],
            [
              134.0958251562,
              34.6888238829
            ],
            [
              134.0963601148,
              34.6883841783
            ],
            [
              134.095980239,
              34.6876068602
            ],
            [
              134.096320222,
              34.6874773727
            ],
            [
              134.0972162154,
              34.6865432444
            ],
            [
              134.0979336674,
              34.6864874623
            ],
            [
              134.0980417048,
              34.6856623576
            ],
            [
              134.0978024111,
              34.6846655659
            ],
            [
              134.0981083829,
              34.6845882686
            ],
            [
              134.0982737872,
              34.6847876324
            ],
            [
              134.100401268,
              34.6845428718
            ],
            [
              134.1002520352,
              34.6838486919
            ],
            [
              134.1019109138,
              34.683693288
            ],
            [
              134.1021708184,
              34.6834233317
            ],
            [
              134.1040675698,
              34.6835688184
            ],
            [
              134.1056045712,
              34.6835003248
            ],
            [
              134.1070926658,
              34.684398888
            ],
            [
              134.1082255507,
              34.6854508696
            ],
            [
              134.1108864533,
              34.6864424413
            ],
            [
              134.1111249114,
              34.6869166024
            ],
            [
              134.1109544328,
              34.6870322149
            ],
            [
              134.1107158428,
              34.6874842179
            ],
            [
              134.1103179788,
              34.6877746383
            ],
            [
              134.1094932465,
              34.6886189736
            ],
            [
              134.1089049991,
              34.6888121232
            ],
            [
              134.1086868049,
              34.6890786466
            ],
            [
              134.1077512713,
              34.6894556692
            ],
            [
              134.1068649277,
              34.6901068926
            ],
            [
              134.1039887139,
              34.691948692
            ]
          ]
        ]
      }
    },
    {
      "type": "Feature",
      "properties": {
        "key_code": "33212062063",
        "pref": "岡山県",
        "city": "瀬戸内市",
        "ward": "",
        "district": "邑久町上笠加片山",
        "name": "瀬戸内市  邑久町上笠加片山"
      },
      "geometry": {
        "type": "Polygon",
        "coordinates": [
          [
            [
              134.0978024111,
              34.6846655659
            ],
            [
              134.0980417048,
              34.6856623576
            ],
            [
              134.0979336674,
              34.6864874623
            ],
            [
              134.0972162154,
              34.6865432444
            ],
            [
              134.096320222,
              34.6874773727
            ],
            [
              134.095980239,
              34.6876068602
            ],
            [
              134.095367143,
              34.686733999
            ],
            [
              134.0943130447,
              34.6863411618
            ],
            [
              134.0939599695,
              34.6862715799
            ],
            [
              134.0928390791,
              34.6864259892
            ],
            [
              134.0923030048,
              34.6862093987
            ],
            [
              134.0914099111,
              34.6862339522
            ],
            [
              134.0909918988,
              34.6860802773
            ],
            [
              134.0908197752,
              34.6858369436
            ],
            [
              134.0907801705,
              34.6853823001
            ],
            [
              134.0908479087,
              34.685024363
            ],
            [
              134.0914240919,
              34.6844830584
            ],
            [
              134.0916749011,
              34.6837079708
            ],
            [
              134.0919026504,
              34.6835637605
            ],
            [
              134.0923956911,
              34.6836623647
            ],
            [
              134.0924246101,
              34.6838859709
            ],
            [
              134.0929242545,
              34.6844530951
            ],
            [
              134.0940045855,
              34.6846890756
            ],
            [
              134.0976080534,
              34.6842502031
            ],
            [
              134.0978024111,
              34.6846655659
            ]
          ]
        ]
      }
    },
    {
      "type": "Feature",
      "properties": {
        "key_code": "33212064064",
        "pref": "岡山県",
        "city": "瀬戸内市",
        "ward": "",
        "district": "邑久町下笠加下笠加東",
        "name": "瀬戸内市  邑久町下笠加下笠加東"
      },
      "geometry": {
        "type": "Polygon",
        "coordinates": [
          [
            [
              134.1056045712,
              34.6835003248
            ],
            [
              134.1040675698,
              34.6835688184
            ],
            [
              134.1021708184,
              34.6834233317
            ],
            [
              134.1019109138,
              34.683693288
            ],
            [
              134.1002520352,
              34.6838486919
            ],
            [
              134.100401268,
              34.6845428718
            ],
            [
              134.0982737872,
              34.6847876324
            ],
            [
              134.0981083829,
              34.6845882686
            ],
            [
              134.0978024111,
              34.6846655659
            ],
            [
              134.0976080534,
              34.6842502031
            ],
            [
              134.0941318833,
              34.6846893281
            ],
            [
              134.0930286942,
              34.6845003518
            ],
            [
              134.0926442034,
              34.6842037736
            ],
            [
              134.0924246101,
              34.6838859709
            ],
            [
              134.0923956911,
              34.6836623647
            ],
            [
              134.0919026504,
              34.6835637605
            ],
            [
              134.0916749011,
              34.6837079708
            ],
            [
              134.0915032218,
              34.6834960514
            ],
            [
              134.0913043698,
              34.6827764074
            ],
            [
              134.0916201118,
              34.6819529938
            ],
            [
              134.0916068542,
              34.6815775674
            ],
            [
              134.0914260333,
              34.6812413883
            ],
            [
              134.0909884621,
              34.6797069384
            ],
            [
              134.096372979,
              34.6787494792
            ],
            [
              134.0966126989,
              34.6785621796
            ],
            [
              134.0972606905,
              34.6783227142
            ],
            [
              134.0979042286,
              34.6775396451
            ],
            [
              134.0981006608,
              34.676957556
            ],
            [
              134.1036005279,
              34.6773434583
            ],
            [
              134.1048344356,
              34.6789548997
            ],
            [
              134.1045820468,
              34.6790880982
            ],
            [
              134.1043760122,
              34.6793318213
            ],
            [
              134.1036955739,
              34.6795451978
            ],
            [
              134.103017911,
              34.6798792961
            ],
            [
              134.1016557524,
              34.6807531262
            ],
            [
              134.1015544159,
              34.6808313912
            ],
            [
              134.1010761664,
              34.681797774
            ],
            [
              134.1034338948,
              34.6825271919
            ],
            [
              134.1040928136,
              34.6826598766
            ],
            [
              134.1052209067,
              34.6824742547
            ],
            [
              134.1056045712,
              34.6835003248
            ]
          ]
        ]
      }
    },
    {
      "type": "Feature",
      "properties": {
        "key_code": "33212064065",
        "pref": "岡山県",
        "city": "瀬戸内市",
        "ward": "",
        "district": "邑久町下笠加下笠加下，南，東",
        "name": "瀬戸内市  邑久町下笠加下笠加下，南，東"
      },
      "geometry": {
        "type": "Polygon",
        "coordinates": [
          [
            [
              134.096372979,
              34.6787494792
            ],
            [
              134.0909884621,
              34.6797069384
            ],
            [
              134.0908600316,
              34.6792778942
            ],
            [
              134.090239161,
              34.6789056125
            ],
            [
              134.08972254,
              34.6784400061
            ],
            [
              134.0892369363,
              34.6783311239
            ],
            [
              134.0884396643,
              34.6785250267
            ],
            [
              134.0873766605,
              34.678488214
            ],
            [
              134.0867618606,
              34.6782760879
            ],
            [
              134.0863414052,
              34.6778268591
            ],
            [
              134.0864937389,
              34.6776102398
            ],
            [
              134.0878330577,
              34.6776211403
            ],
            [
              134.0885933983,
              34.6774087112
            ],
            [
              134.08863728,
              34.6775840351
            ],
            [
              134.0891183394,
              34.6775544419
            ],
            [
              134.089279363,
              34.6773224828
            ],
            [
              134.0895864297,
              34.6773240894
            ],
            [
              134.0896299409,
              34.6776339368
            ],
            [
              134.0902389239,
              34.6775760017
            ],
            [
              134.0902612818,
              34.6773492559
            ],
            [
              134.0903919171,
              34.6772462657
            ],
            [
              134.0949590625,
              34.6765607696
            ],
            [
              134.0955331668,
              34.6765396451
            ],
            [
              134.0955334557,
              34.676438365
            ],
            [
              134.0965965978,
              34.6763355105
            ],
            [
              134.096939197,
              34.6761841902
            ],
            [
              134.0981006608,
              34.676957556
            ],
            [
              134.0979042286,
              34.6775396451
            ],
            [
              134.0972606905,
              34.6783227142
            ],
            [
              134.0966126989,
              34.6785621796
            ],
            [
              134.096372979,
              34.6787494792
            ]
          ]
        ]
      }
    },
    {
      "type": "Feature",
      "properties": {
        "key_code": "332120660",
        "pref": "岡山県",
        "city": "瀬戸内市",
        "ward": "",
        "district": "邑久町箕輪",
        "name": "瀬戸内市  邑久町箕輪"
      },
      "geometry": {
        "type": "Polygon",
        "coordinates": [
          [
            [
              134.0962904438,
              34.6897398366
            ],
            [
              134.0966271085,
              34.6904686114
            ],
            [
              134.0969664443,
              34.6905794316
            ],
            [
              134.0976457166,
              34.6905807637
            ],
            [
              134.0979295489,
              34.6910071462
            ],
            [
              134.0982265356,
              34.6910778764
            ],
            [
              134.0983289869,
              34.6913134561
            ],
            [
              134.0986925633,
              34.69142432
            ],
            [
              134.0988434139,
              34.6916952113
            ],
            [
              134.0984182145,
              34.6919299016
            ],
            [
              134.0984117949,
              34.692060185
            ],
            [
              134.0988804672,
              34.6925443978
            ],
            [
              134.0992561245,
              34.692675426
            ],
            [
              134.0996729862,
              34.6932572921
            ],
            [
              134.1001165561,
              34.6936208716
            ],
            [
              134.0997129542,
              34.6939673122
            ],
            [
              134.09911855,
              34.6942378763
            ],
            [
              134.0986188983,
              34.6942515513
            ],
            [
              134.0981726654,
              34.6940855893
            ],
            [
              134.098253231,
              34.6946975102
            ],
            [
              134.095306478,
              34.6943543569
            ],
            [
              134.0951479938,
              34.6942812186
            ],
            [
              134.0933808332,
              34.6925372273
            ],
            [
              134.0929175111,
              34.6921818964
            ],
            [
              134.0914123313,
              34.6913414633
            ],
            [
              134.0910517698,
              34.6910536629
            ],
            [
              134.09052117,
              34.6905725391
            ],
            [
              134.0890830089,
              34.688940993
            ],
            [
              134.0878507901,
              34.6862391573
            ],
            [
              134.0868976009,
              34.6836254822
            ],
            [
              134.087059201,
              34.6831318069
            ],
            [
              134.0873805589,
              34.6827683328
            ],
            [
              134.0882295096,
              34.682360995
            ],
            [
              134.0885418413,
              34.6825788387
            ],
            [
              134.0891298836,
              34.6824563532
            ],
            [
              134.0894684959,
              34.68222391
            ],
            [
              134.0896444383,
              34.6818421053
            ],
            [
              134.0896537669,
              34.6811659833
            ],
            [
              134.0894700031,
              34.6807020328
            ],
            [
              134.0890414763,
              34.6800372805
            ],
            [
              134.0889914984,
              34.6795407792
            ],
            [
              134.088638438,
              34.6786929153
            ],
            [
              134.0886803278,
              34.6784653661
            ],
            [
              134.0890975246,
              34.6783440835
            ],
            [
              134.0895648508,
              34.6783765813
            ],
            [
              134.0908600316,
              34.6792778942
            ],
            [
              134.0914260333,
              34.6812413883
            ],
            [
              134.0916068542,
              34.6815775674
            ],
            [
              134.0916201118,
              34.6819529938
            ],
            [
              134.0913043698,
              34.6827764074
            ],
            [
              134.0915032218,
              34.6834960514
            ],
            [
              134.0916749011,
              34.6837079708
            ],
            [
              134.0914240919,
              34.6844830584
            ],
            [
              134.0908479087,
              34.685024363
            ],
            [
              134.0907801705,
              34.6853823001
            ],
            [
              134.0908770352,
              34.6859598909
            ],
            [
              134.0909918988,
              34.6860802773
            ],
            [
              134.0914099111,
              34.6862339522
            ],
            [
              134.0923030048,
              34.6862093987
            ],
            [
              134.0928390791,
              34.6864259892
            ],
            [
              134.0940721563,
              34.6862718025
            ],
            [
              134.095367143,
              34.686733999
            ],
            [
              134.095980239,
              34.6876068602
            ],
            [
              134.0963601148,
              34.6883841783
            ],
            [
              134.0958251562,
              34.6888238829
            ],
            [
              134.0958941006,
              34.6891070088
            ],
            [
              134.0962512152,
              34.6893581643
            ],
            [
              134.0962904438,
              34.6897398366
            ]
          ]
        ]
      }
    },
    {
      "type": "Feature",
      "properties": {
        "key_code": "332120670",
        "pref": "岡山県",
        "city": "瀬戸内市",
        "ward": "",
        "district": "邑久町北池",
        "name": "瀬戸内市  邑久町北池"
      },
      "geometry": {
        "type": "Polygon",
        "coordinates": [
          [
            [
              134.1167710911,
              34.6828341486
            ],
            [
              134.1162780015,
              34.6835768795
            ],
            [
              134.116221958,
              34.6838886517
            ],
            [
              134.116175766,
              34.6844361063
            ],
            [
              134.1164009415,
              34.6856634416
            ],
            [
              134.1163322951,
              34.6856585273
            ],
            [
              134.1163707069,
              34.6858139703
            ],
            [
              134.1158128452,
              34.6856327927
            ],
            [
              134.115785433,
              34.6852739628
            ],
            [
              134.1155367324,
              34.6850403806
            ],
            [
              134.1153338417,
              34.6849932447
            ],
            [
              134.1146886175,
              34.6839833425
            ],
            [
              134.1144424852,
              34.6839102075
            ],
            [
              134.1141655233,
              34.6836457222
            ],
            [
              134.1139288925,
              34.6839388496
            ],
            [
              134.1136243424,
              34.6841128222
            ],
            [
              134.1140089147,
              34.6844678551
            ],
            [
              134.1140849517,
              34.6846041251
            ],
            [
              134.1139664448,
              34.6847274347
            ],
            [
              134.1146145387,
              34.6854691804
            ],
            [
              134.1144651083,
              34.6855280702
            ],
            [
              134.1135152805,
              34.6845523984
            ],
            [
              134.113344004,
              34.6849566447
            ],
            [
              134.1127625306,
              34.6850191054
            ],
            [
              134.1128237834,
              34.6856897289
            ],
            [
              134.1127374938,
              34.6862449953
            ],
            [
              134.1117732178,
              34.6867697585
            ],
            [
              134.1111249114,
              34.6869166024
            ],
            [
              134.1108864533,
              34.6864424413
            ],
            [
              134.1082255507,
              34.6854508696
            ],
            [
              134.1070926658,
              34.684398888
            ],
            [
              134.1056045712,
              34.6835003248
            ],
            [
              134.1052209067,
              34.6824742547
            ],
            [
              134.1040928136,
              34.6826598766
            ],
            [
              134.1034338948,
              34.6825271919
            ],
            [
              134.1010761664,
              34.681797774
            ],
            [
              134.1015544159,
              34.6808313912
            ],
            [
              134.1016557524,
              34.6807531262
            ],
            [
              134.103017911,
              34.6798792961
            ],
            [
              134.1036955739,
              34.6795451978
            ],
            [
              134.1043760122,
              34.6793318213
            ],
            [
              134.1045820468,
              34.6790880982
            ],
            [
              134.1048344356,
              34.6789548997
            ],
            [
              134.105487455,
              34.6790923551
            ],
            [
              134.1055147937,
              34.6799058911
            ],
            [
              134.1054165448,
              34.6805636767
            ],
            [
              134.1054223462,
              34.6807180737
            ],
            [
              134.1055328927,
              34.6808402714
            ],
            [
              134.1097583343,
              34.6760365837
            ],
            [
              134.1132259932,
              34.6753942941
            ],
            [
              134.1172442348,
              34.6782636705
            ],
            [
              134.1177004744,
              34.679042625
            ],
            [
              134.1181022608,
              34.6795169323
            ],
            [
              134.1182416392,
              34.6798870917
            ],
            [
              134.1184650118,
              34.6800872379
            ],
            [
              134.1189299133,
              34.6809943914
            ],
            [
              134.1196852033,
              34.6815863846
            ],
            [
              134.1192721494,
              34.6819951415
            ],
            [
              134.1181756781,
              34.6817207486
            ],
            [
              134.1171726429,
              34.6816818985
            ],
            [
              134.1167710911,
              34.6828341486
            ]
          ]
        ]
      }
    },
    {
      "type": "Feature",
      "properties": {
        "key_code": "33212069069",
        "pref": "岡山県",
        "city": "瀬戸内市",
        "ward": "",
        "district": "邑久町尻海敷井",
        "name": "瀬戸内市  邑久町尻海敷井"
      },
      "geometry": {
        "type": "Polygon",
        "coordinates": [
          [
            [
              134.1769455345,
              34.6639977848
            ],
            [
              134.1759715054,
              34.6623785539
            ],
            [
              134.1750810313,
              34.66068051
            ],
            [
              134.1748667918,
              34.6605489411
            ],
            [
              134.1747157322,
              34.6606210109
            ],
            [
              134.1725544158,
              34.6630108078
            ],
            [
              134.1714505504,
              34.6628386337
            ],
            [
              134.1699610095,
              34.662872734
            ],
            [
              134.1682892122,
              34.6606584779
            ],
            [
              134.167995786,
              34.6604152244
            ],
            [
              134.1673486522,
              34.6602798244
            ],
            [
              134.1671842549,
              34.6600750588
            ],
            [
              134.1687134501,
              34.6590245227
            ],
            [
              134.1719633276,
              34.6564524468
            ],
            [
              134.1738564735,
              34.6550763746
            ],
            [
              134.1743100465,
              34.6546502703
            ],
            [
              134.1751355914,
              34.6534378854
            ],
            [
              134.1755648702,
              34.653699895
            ],
            [
              134.1761129745,
              34.653463517
            ],
            [
              134.1763997047,
              34.653563058
            ],
            [
              134.1766018407,
              34.6539825471
            ],
            [
              134.1765470089,
              34.6541339116
            ],
            [
              134.1763395109,
              34.6542490183
            ],
            [
              134.1764492681,
              34.6544753972
            ],
            [
              134.1764076207,
              34.6545781786
            ],
            [
              134.1766453326,
              34.6546397622
            ],
            [
              134.1769264519,
              34.654824944
            ],
            [
              134.1765722446,
              34.6546351607
            ],
            [
              134.1765480956,
              34.6547127494
            ],
            [
              134.1764466808,
              34.6546900801
            ],
            [
              134.176505697,
              34.6546369064
            ],
            [
              134.1764533619,
              34.6546214846
            ],
            [
              134.1763623766,
              34.6548485913
            ],
            [
              134.1764201878,
              34.6548585269
            ],
            [
              134.1763904975,
              34.6549820317
            ],
            [
              134.1763568929,
              34.6548639389
            ],
            [
              134.1763172906,
              34.6550405397
            ],
            [
              134.1763850223,
              34.6549928715
            ],
            [
              134.1763902858,
              34.6550947276
            ],
            [
              134.1762899317,
              34.655085583
            ],
            [
              134.1763979028,
              34.6551064298
            ],
            [
              134.1763953696,
              34.6552922337
            ],
            [
              134.1763629574,
              34.6551235707
            ],
            [
              134.1762734995,
              34.6551216247
            ],
            [
              134.1763094239,
              34.6557455847
            ],
            [
              134.17609227,
              34.6557696758
            ],
            [
              134.1761777523,
              34.6561466137
            ],
            [
              134.1762497644,
              34.6561403674
            ],
            [
              134.176270094,
              34.656354939
            ],
            [
              134.1765371896,
              34.6564589625
            ],
            [
              134.1765294133,
              34.6565320635
            ],
            [
              134.1776838603,
              34.6570148939
            ],
            [
              134.1777505867,
              34.6569239763
            ],
            [
              134.1777253029,
              34.6570276246
            ],
            [
              134.1777874386,
              34.6570502429
            ],
            [
              134.1779070105,
              34.6567014597
            ],
            [
              134.1781026045,
              34.6565385802
            ],
            [
              134.1791384741,
              34.6562513894
            ],
            [
              134.178721574,
              34.6545630954
            ],
            [
              134.1785916394,
              34.654626041
            ],
            [
              134.1785690537,
              34.6544475294
            ],
            [
              134.178614674,
              34.6545566213
            ],
            [
              134.1787183284,
              34.6545495678
            ],
            [
              134.178683793,
              34.654345826
            ],
            [
              134.1785671455,
              34.6542987679
            ],
            [
              134.1787208951,
              34.6543430556
            ],
            [
              134.1787606393,
              34.6540871437
            ],
            [
              134.1791691284,
              34.6538342342
            ],
            [
              134.1801209991,
              34.6529330089
            ],
            [
              134.1802884233,
              34.6526537268
            ],
            [
              134.1804980849,
              34.652544954
            ],
            [
              134.180727196,
              34.6525370691
            ],
            [
              134.1811992559,
              34.6527089586
            ],
            [
              134.1814120444,
              34.6526785133
            ],
            [
              134.1816000141,
              34.6531024918
            ],
            [
              134.1819341086,
              34.6535520032
            ],
            [
              134.1823798662,
              34.653797669
            ],
            [
              134.1827202332,
              34.6538044276
            ],
            [
              134.1835620338,
              34.6534259554
            ],
            [
              134.1836935108,
              34.6531123964
            ],
            [
              134.1836415819,
              34.6528705956
            ],
            [
              134.1837143303,
              34.6524524333
            ],
            [
              134.1835435599,
              34.6521754099
            ],
            [
              134.1829565268,
              34.6516300761
            ],
            [
              134.1828578738,
              34.6512883379
            ],
            [
              134.1829321826,
              34.6512171483
            ],
            [
              134.1833884726,
              34.6510572549
            ],
            [
              134.1836927145,
              34.6511289098
            ],
            [
              134.1837659074,
              34.6510675789
            ],
            [
              134.1838345678,
              34.6511100654
            ],
            [
              134.1838028038,
              34.6511786317
            ],
            [
              134.1842584956,
              34.6513521799
            ],
            [
              134.1844146139,
              34.6512857368
            ],
            [
              134.1846294386,
              34.6513355855
            ],
            [
              134.1849579227,
              34.6512747064
            ],
            [
              134.1850777552,
              34.6513703634
            ],
            [
              134.1853582137,
              34.6513157645
            ],
            [
              134.185301249,
              34.6514536088
            ],
            [
              134.1855041936,
              34.6514339924
            ],
            [
              134.1858835346,
              34.6516049081
            ],
            [
              134.1863857897,
              34.6513647632
            ],
            [
              134.1867326265,
              34.6514092748
            ],
            [
              134.186988199,
              34.6512446202
            ],
            [
              134.1875775635,
              34.6510957197
            ],
            [
              134.1877655301,
              34.6509101344
            ],
            [
              134.1882029999,
              34.6509034716
            ],
            [
              134.1884967033,
              34.6507659069
            ],
            [
              134.1892211128,
              34.6513771655
            ],
            [
              134.1891737057,
              34.651665616
            ],
            [
              134.1892411746,
              34.6517585309
            ],
            [
              134.1899762959,
              34.6518612488
            ],
            [
              134.1903858925,
              34.6522070081
            ],
            [
              134.1905550134,
              34.652192837
            ],
            [
              134.1908368788,
              34.6519632634
            ],
            [
              134.1912655303,
              34.6520141966
            ],
            [
              134.1913239873,
              34.652276709
            ],
            [
              134.1905350341,
              34.6523938385
            ],
            [
              134.1904518311,
              34.6525660279
            ],
            [
              134.1902969437,
              34.6525486594
            ],
            [
              134.1902191331,
              34.6527567777
            ],
            [
              134.1902673697,
              34.6532555218
            ],
            [
              134.1903838801,
              34.6533800464
            ],
            [
              134.1905672458,
              34.6533360285
            ],
            [
              134.1905626828,
              34.6534497058
            ],
            [
              134.1906510848,
              34.65342727
            ],
            [
              134.1906106062,
              34.653498362
            ],
            [
              134.1908488788,
              34.6538737788
            ],
            [
              134.1910124285,
              34.6539297545
            ],
            [
              134.1910731736,
              34.654138172
            ],
            [
              134.1912268209,
              34.6542410463
            ],
            [
              134.1912112785,
              34.6543961263
            ],
            [
              134.191372573,
              34.6545009811
            ],
            [
              134.1914562809,
              34.6546705448
            ],
            [
              134.1915535111,
              34.6545948701
            ],
            [
              134.1915544106,
              34.6547048907
            ],
            [
              134.1918300311,
              34.6549441269
            ],
            [
              134.1918766459,
              34.655118156
            ],
            [
              134.1922774955,
              34.6554909406
            ],
            [
              134.1927476234,
              34.6555410697
            ],
            [
              134.192895763,
              34.6556846458
            ],
            [
              134.1929356961,
              34.6559434702
            ],
            [
              134.1930130689,
              34.6559931455
            ],
            [
              134.1902502532,
              34.6572612923
            ],
            [
              134.1875222326,
              34.6582685273
            ],
            [
              134.1864944082,
              34.6585219892
            ],
            [
              134.1862427636,
              34.6584222313
            ],
            [
              134.1856579621,
              34.6599309533
            ],
            [
              134.1849319498,
              34.6607941738
            ],
            [
              134.1846752367,
              34.6614844083
            ],
            [
              134.1841493004,
              34.661697885
            ],
            [
              134.1837215752,
              34.6620924886
            ],
            [
              134.1828089436,
              34.6618980985
            ],
            [
              134.1823242214,
              34.6615625216
            ],
            [
              134.1814169066,
              34.6615908361
            ],
            [
              134.180848688,
              34.6618195966
            ],
            [
              134.1807152299,
              34.6621631412
            ],
            [
              134.1799685947,
              34.6626219892
            ],
            [
              134.1795288515,
              34.6633339326
            ],
            [
              134.1783295048,
              34.6639851832
            ],
            [
              134.1781375473,
              34.6644999423
            ],
            [
              134.1775623565,
              34.6647260022
            ],
            [
              134.1774757771,
              34.6645982673
            ],
            [
              134.1774452645,
              34.6641949319
            ],
            [
              134.1770809902,
              34.6639935914
            ],
            [
              134.1769455345,
              34.6639977848
            ]
          ],
          [
            [
              134.181994979,
              34.6554029758
            ],
            [
              134.1815692843,
              34.6555914966
            ],
            [
              134.1814082613,
              34.6560581408
            ],
            [
              134.1823326399,
              34.6561893102
            ],
            [
              134.1836666795,
              34.6560202162
            ],
            [
              134.183694094,
              34.6556989242
            ],
            [
              134.1832785329,
              34.6554269569
            ],
            [
              134.181994979,
              34.6554029758
            ]
          ]
        ]
      }
    },
    {
      "type": "Feature",
      "properties": {
        "key_code": "33212069070",
        "pref": "岡山県",
        "city": "瀬戸内市",
        "ward": "",
        "district": "邑久町尻海錦海，大東",
        "name": "瀬戸内市  邑久町尻海錦海，大東"
      },
      "geometry": {
        "type": "Polygon",
        "coordinates": [
          [
            [
              134.1671842549,
              34.6600750588
            ],
            [
              134.1670972068,
              34.6597748862
            ],
            [
              134.1673362063,
              34.6592165147
            ],
            [
              134.1665637816,
              34.6572908926
            ],
            [
              134.1653850765,
              34.655070145
            ],
            [
              134.1642573778,
              34.6536098728
            ],
            [
              134.1642386936,
              34.6528323712
            ],
            [
              134.1638036392,
              34.6520909148
            ],
            [
              134.1635091799,
              34.6512207517
            ],
            [
              134.1632779641,
              34.6499191795
            ],
            [
              134.164695711,
              34.648468308
            ],
            [
              134.1643967795,
              34.6478783391
            ],
            [
              134.1643674682,
              34.6469506435
            ],
            [
              134.1647251064,
              34.6454725242
            ],
            [
              134.1651397537,
              34.6447129376
            ],
            [
              134.1655228652,
              34.6441271419
            ],
            [
              134.1687961998,
              34.6403755818
            ],
            [
              134.1701144185,
              34.6392445762
            ],
            [
              134.173733812,
              34.6396417036
            ],
            [
              134.1735262696,
              34.640940577
            ],
            [
              134.1732934926,
              34.6411711648
            ],
            [
              134.1731722279,
              34.641839032
            ],
            [
              134.1728113917,
              34.6439997132
            ],
            [
              134.1729799139,
              34.6442902782
            ],
            [
              134.1723044152,
              34.6483969826
            ],
            [
              134.1722117154,
              34.6483841825
            ],
            [
              134.1721874621,
              34.6485148812
            ],
            [
              134.1723106278,
              34.6485674482
            ],
            [
              134.1722886906,
              34.6486295443
            ],
            [
              134.1721698194,
              34.6486150184
            ],
            [
              134.1721499286,
              34.6487483997
            ],
            [
              134.1724301532,
              34.6505177168
            ],
            [
              134.1730977961,
              34.6510829337
            ],
            [
              134.1724224488,
              34.6505519391
            ],
            [
              134.171871641,
              34.6505007819
            ],
            [
              134.1721301863,
              34.6505011223
            ],
            [
              134.1718932474,
              34.6494791957
            ],
            [
              134.171806081,
              34.6494249854
            ],
            [
              134.1711992959,
              34.6495567456
            ],
            [
              134.1713372176,
              34.6504396411
            ],
            [
              134.1716894868,
              34.6504860315
            ],
            [
              134.171263009,
              34.6504548989
            ],
            [
              134.1712224077,
              34.6505765599
            ],
            [
              134.1710740161,
              34.6505880553
            ],
            [
              134.1710835989,
              34.6507116147
            ],
            [
              134.1702216077,
              34.6508023199
            ],
            [
              134.1702076759,
              34.650675233
            ],
            [
              134.1698236009,
              34.6507134616
            ],
            [
              134.1697776556,
              34.6507774979
            ],
            [
              134.1702308245,
              34.6522278309
            ],
            [
              134.170624984,
              34.6526168842
            ],
            [
              134.1708421856,
              34.6525640632
            ],
            [
              134.1709294264,
              34.6525812243
            ],
            [
              134.1704514282,
              34.6526707492
            ],
            [
              134.170517635,
              34.6528431257
            ],
            [
              134.1708700883,
              34.6527993585
            ],
            [
              134.1710078962,
              34.6531818721
            ],
            [
              134.1712316019,
              34.6531487804
            ],
            [
              134.1712663812,
              34.6532172913
            ],
            [
              134.1714051568,
              34.6531012543
            ],
            [
              134.1712848593,
              34.653253379
            ],
            [
              134.1713685348,
              34.6534176031
            ],
            [
              134.1718366928,
              34.6533442639
            ],
            [
              134.1718182943,
              34.6532667606
            ],
            [
              134.1716764801,
              34.6532629116
            ],
            [
              134.1720148013,
              34.6531948928
            ],
            [
              134.1719916562,
              34.6533192519
            ],
            [
              134.172245918,
              34.6532798613
            ],
            [
              134.1721214201,
              34.6527821337
            ],
            [
              134.1716444909,
              34.6523188772
            ],
            [
              134.1721214619,
              34.6527604388
            ],
            [
              134.1734681509,
              34.6525161004
            ],
            [
              134.173370823,
              34.6520687009
            ],
            [
              134.1734330074,
              34.6520634286
            ],
            [
              134.1735561779,
              34.6526910399
            ],
            [
              134.1737176977,
              34.6526580048
            ],
            [
              134.173866986,
              34.6527483585
            ],
            [
              134.1744540397,
              34.6526796716
            ],
            [
              134.174559347,
              34.6529511307
            ],
            [
              134.1746999095,
              34.6530424583
            ],
            [
              134.1746070479,
              34.6531116475
            ],
            [
              134.1751355914,
              34.6534378854
            ],
            [
              134.1743100465,
              34.6546502703
            ],
            [
              134.1738564735,
              34.6550763746
            ],
            [
              134.1719633276,
              34.6564524468
            ],
            [
              134.1687134501,
              34.6590245227
            ],
            [
              134.1671842549,
              34.6600750588
            ]
          ]
        ]
      }
    },
    {
      "type": "Feature",
      "properties": {
        "key_code": "33212069071",
        "pref": "岡山県",
        "city": "瀬戸内市",
        "ward": "",
        "district": "邑久町尻海中東，大東",
        "name": "瀬戸内市  邑久町尻海中東，大東"
      },
      "geometry": {
        "type": "Polygon",
        "coordinates": [
          [
            [
              134.1701144185,
              34.6392445762
            ],
            [
              134.1687961998,
              34.6403755818
            ],
            [
              134.1655228652,
              34.6441271419
            ],
            [
              134.1647251064,
              34.6454725242
            ],
            [
              134.1644777767,
              34.646364479
            ],
            [
              134.1643353916,
              34.6473950565
            ],
            [
              134.1643967795,
              34.6478783391
            ],
            [
              134.164695711,
              34.648468308
            ],
            [
              134.1632779641,
              34.6499191795
            ],
            [
              134.1635091799,
              34.6512207517
            ],
            [
              134.1638036392,
              34.6520909148
            ],
            [
              134.1642386936,
              34.6528323712
            ],
            [
              134.1642770531,
              34.6531353023
            ],
            [
              134.1642573778,
              34.6536098728
            ],
            [
              134.1637276351,
              34.6535877287
            ],
            [
              134.1630767335,
              34.6529644517
            ],
            [
              134.1624949585,
              34.652546937
            ],
            [
              134.1614605259,
              34.6513096042
            ],
            [
              134.1613174194,
              34.6508931207
            ],
            [
              134.1613089796,
              34.6498802256
            ],
            [
              134.1618683805,
              34.6462671703
            ],
            [
              134.1620963177,
              34.6454897234
            ],
            [
              134.1641272219,
              34.6407366055
            ],
            [
              134.1653340095,
              34.638701357
            ],
            [
              134.1701144185,
              34.6392445762
            ]
          ]
        ]
      }
    },
    {
      "type": "Feature",
      "properties": {
        "key_code": "33212069072",
        "pref": "岡山県",
        "city": "瀬戸内市",
        "ward": "",
        "district": "邑久町尻海中東",
        "name": "瀬戸内市  邑久町尻海中東"
      },
      "geometry": {
        "type": "Polygon",
        "coordinates": [
          [
            [
              134.1671842549,
              34.6600750588
            ],
            [
              134.164758841,
              34.6614218803
            ],
            [
              134.1638065095,
              34.6618034528
            ],
            [
              134.1628173216,
              34.662903081
            ],
            [
              134.1624928492,
              34.6623790431
            ],
            [
              134.1620081834,
              34.6620786143
            ],
            [
              134.1621297272,
              34.6615580103
            ],
            [
              134.1627888326,
              34.6605228105
            ],
            [
              134.1633017243,
              34.6590556361
            ],
            [
              134.1631233666,
              34.6585900907
            ],
            [
              134.163344027,
              34.6582280736
            ],
            [
              134.1634007526,
              34.6578855521
            ],
            [
              134.1628494288,
              34.6575975533
            ],
            [
              134.1620891565,
              34.6574147728
            ],
            [
              134.1619297883,
              34.6572594512
            ],
            [
              134.1621007582,
              34.6558543513
            ],
            [
              134.1619620323,
              34.6551920599
            ],
            [
              134.161562661,
              34.654578004
            ],
            [
              134.1610258625,
              34.6540516574
            ],
            [
              134.1607796925,
              34.6531935402
            ],
            [
              134.1604855372,
              34.6525089014
            ],
            [
              134.1599484652,
              34.6521238385
            ],
            [
              134.1595901585,
              34.6513141496
            ],
            [
              134.1603734723,
              34.6511590302
            ],
            [
              134.1602461349,
              34.6504132038
            ],
            [
              134.1599157274,
              34.6503434264
            ],
            [
              134.1592694078,
              34.6499558089
            ],
            [
              134.1592640728,
              34.6498260567
            ],
            [
              134.1604855769,
              34.6497722835
            ],
            [
              134.1597411699,
              34.6479994581
            ],
            [
              134.1599225803,
              34.6477257154
            ],
            [
              134.1600743262,
              34.6472276589
            ],
            [
              134.1605180329,
              34.643985637
            ],
            [
              134.1609299277,
              34.6382039819
            ],
            [
              134.1653340095,
              34.638701357
            ],
            [
              134.1641272219,
              34.6407366055
            ],
            [
              134.1620963177,
              34.6454897234
            ],
            [
              134.1618683805,
              34.6462671703
            ],
            [
              134.1613089796,
              34.6498802256
            ],
            [
              134.1613174194,
              34.6508931207
            ],
            [
              134.1614605259,
              34.6513096042
            ],
            [
              134.1623106425,
              34.6523577683
            ],
            [
              134.1637276351,
              34.6535877287
            ],
            [
              134.1642573778,
              34.6536098728
            ],
            [
              134.1653850765,
              34.655070145
            ],
            [
              134.1665637816,
              34.6572908926
            ],
            [
              134.1673362063,
              34.6592165147
            ],
            [
              134.1670972068,
              34.6597748862
            ],
            [
              134.1671842549,
              34.6600750588
            ]
          ]
        ]
      }
    },
    {
      "type": "Feature",
      "properties": {
        "key_code": "33212069073",
        "pref": "岡山県",
        "city": "瀬戸内市",
        "ward": "",
        "district": "邑久町尻海市場",
        "name": "瀬戸内市  邑久町尻海市場"
      },
      "geometry": {
        "type": "Polygon",
        "coordinates": [
          [
            [
              134.1628173216,
              34.662903081
            ],
            [
              134.1630597211,
              34.6637680364
            ],
            [
              134.1625717873,
              34.6635752241
            ],
            [
              134.161519737,
              34.6634776942
            ],
            [
              134.1606945855,
              34.6633037039
            ],
            [
              134.1601771948,
              34.6633029788
            ],
            [
              134.1593984853,
              34.6631577668
            ],
            [
              134.1592355091,
              34.6632535998
            ],
            [
              134.1584004784,
              34.6627897967
            ],
            [
              134.1576790908,
              34.6626081615
            ],
            [
              134.1567539438,
              34.6626320248
            ],
            [
              134.1562952583,
              34.6632108643
            ],
            [
              134.1556945841,
              34.6636217258
            ],
            [
              134.155411972,
              34.661517226
            ],
            [
              134.1554098665,
              34.6595565793
            ],
            [
              134.1560110935,
              34.656479427
            ],
            [
              134.1569140867,
              34.652761165
            ],
            [
              134.1577210625,
              34.6507693927
            ],
            [
              134.1575286943,
              34.6504742678
            ],
            [
              134.1575488149,
              34.6502010021
            ],
            [
              134.1587774381,
              34.65003456
            ],
            [
              134.1587177758,
              34.649134573
            ],
            [
              134.1589488007,
              34.6485588696
            ],
            [
              134.1595095128,
              34.648281441
            ],
            [
              134.1597411699,
              34.6479994581
            ],
            [
              134.1604855769,
              34.6497722835
            ],
            [
              134.1592640728,
              34.6498260567
            ],
            [
              134.1592694078,
              34.6499558089
            ],
            [
              134.1599157274,
              34.6503434264
            ],
            [
              134.1602461349,
              34.6504132038
            ],
            [
              134.1603734723,
              34.6511590302
            ],
            [
              134.1595901585,
              34.6513141496
            ],
            [
              134.1599484652,
              34.6521238385
            ],
            [
              134.1604855372,
              34.6525089014
            ],
            [
              134.1607796925,
              34.6531935402
            ],
            [
              134.1610258625,
              34.6540516574
            ],
            [
              134.161562661,
              34.654578004
            ],
            [
              134.1619620323,
              34.6551920599
            ],
            [
              134.1621007582,
              34.6558543513
            ],
            [
              134.1619297883,
              34.6572594512
            ],
            [
              134.1620891565,
              34.6574147728
            ],
            [
              134.1628494288,
              34.6575975533
            ],
            [
              134.1634007526,
              34.6578855521
            ],
            [
              134.163344027,
              34.6582280736
            ],
            [
              134.1631233666,
              34.6585900907
            ],
            [
              134.1633017243,
              34.6590556361
            ],
            [
              134.1627888326,
              34.6605228105
            ],
            [
              134.1621297272,
              34.6615580103
            ],
            [
              134.1620281455,
              34.6619050983
            ],
            [
              134.1620416578,
              34.6621481062
            ],
            [
              134.1622797012,
              34.6622018236
            ],
            [
              134.1624928492,
              34.6623790431
            ],
            [
              134.1628173216,
              34.662903081
            ]
          ]
        ]
      }
    },
    {
      "type": "Feature",
      "properties": {
        "key_code": "33212069074",
        "pref": "岡山県",
        "city": "瀬戸内市",
        "ward": "",
        "district": "邑久町尻海西部",
        "name": "瀬戸内市  邑久町尻海西部"
      },
      "geometry": {
        "type": "Polygon",
        "coordinates": [
          [
            [
              134.1556945841,
              34.6636217258
            ],
            [
              134.1554808349,
              34.663751569
            ],
            [
              134.1548912476,
              34.6637339356
            ],
            [
              134.154454315,
              34.6636366566
            ],
            [
              134.1538018398,
              34.6633186027
            ],
            [
              134.1527359327,
              34.6626197343
            ],
            [
              134.1508990414,
              34.6611890128
            ],
            [
              134.1487937048,
              34.6593588759
            ],
            [
              134.1491699458,
              34.6583643484
            ],
            [
              134.149087269,
              34.6578700528
            ],
            [
              134.1493758186,
              34.6577675157
            ],
            [
              134.1495456979,
              34.6575890104
            ],
            [
              134.1496248714,
              34.6570095927
            ],
            [
              134.1498461161,
              34.6565027972
            ],
            [
              134.1507011503,
              34.6556798587
            ],
            [
              134.1508746394,
              34.654730374
            ],
            [
              134.1509975776,
              34.6545182672
            ],
            [
              134.1517779408,
              34.6537829655
            ],
            [
              134.1530657554,
              34.6530517867
            ],
            [
              134.1537176234,
              34.6525706838
            ],
            [
              134.1542128736,
              34.6517013823
            ],
            [
              134.1546686721,
              34.6502172503
            ],
            [
              134.1549780712,
              34.6501433214
            ],
            [
              134.1555015735,
              34.6498559993
            ],
            [
              134.1563405644,
              34.6492856936
            ],
            [
              134.1568451276,
              34.6486427725
            ],
            [
              134.1569978889,
              34.6481921977
            ],
            [
              134.1576425567,
              34.6437274176
            ],
            [
              134.1575945112,
              34.6425052567
            ],
            [
              134.1567860639,
              34.6392836959
            ],
            [
              134.1560295439,
              34.6376564926
            ],
            [
              134.1609299277,
              34.6382039819
            ],
            [
              134.1605180329,
              34.643985637
            ],
            [
              134.1600743262,
              34.6472276589
            ],
            [
              134.1599225803,
              34.6477257154
            ],
            [
              134.1595095128,
              34.648281441
            ],
            [
              134.1589488007,
              34.6485588696
            ],
            [
              134.1587177758,
              34.649134573
            ],
            [
              134.1587774381,
              34.65003456
            ],
            [
              134.1575488149,
              34.6502010021
            ],
            [
              134.1575286943,
              34.6504742678
            ],
            [
              134.1577210625,
              34.6507693927
            ],
            [
              134.1569140867,
              34.652761165
            ],
            [
              134.1556822717,
              34.6580413474
            ],
            [
              134.1554098665,
              34.6595565793
            ],
            [
              134.1553827209,
              34.6605498213
            ],
            [
              134.1554854403,
              34.6622933551
            ],
            [
              134.1556945841,
              34.6636217258
            ]
          ]
        ]
      }
    },
    {
      "type": "Feature",
      "properties": {
        "key_code": "33212069075",
        "pref": "岡山県",
        "city": "瀬戸内市",
        "ward": "",
        "district": "邑久町尻海西部西",
        "name": "瀬戸内市  邑久町尻海西部西"
      },
      "geometry": {
        "type": "Polygon",
        "coordinates": [
          [
            [
              134.1509975776,
              34.6545182672
            ],
            [
              134.1507563559,
              34.6542532113
            ],
            [
              134.1502954256,
              34.6541874363
            ],
            [
              134.1498201948,
              34.6540071113
            ],
            [
              134.1499026089,
              34.6532683741
            ],
            [
              134.1503069426,
              34.6526684455
            ],
            [
              134.1503560306,
              34.6522685844
            ],
            [
              134.1501516331,
              34.6518181913
            ],
            [
              134.1502490916,
              34.651357968
            ],
            [
              134.1499540104,
              34.6511055053
            ],
            [
              134.1499426334,
              34.6506168028
            ],
            [
              134.1500890652,
              34.6505425016
            ],
            [
              134.1499185939,
              34.650228383
            ],
            [
              134.1498130276,
              34.6501176402
            ],
            [
              134.1493495263,
              34.6500397453
            ],
            [
              134.1491911925,
              34.6498672203
            ],
            [
              134.1492010318,
              34.6496357826
            ],
            [
              134.1494092424,
              34.6490588037
            ],
            [
              134.1499131281,
              34.6484460628
            ],
            [
              134.1504707729,
              34.6481614909
            ],
            [
              134.1514811382,
              34.6478994238
            ],
            [
              134.1513852381,
              34.6476343007
            ],
            [
              134.151099443,
              34.6474074939
            ],
            [
              134.1509742313,
              34.6470331509
            ],
            [
              134.1510555858,
              34.6468223864
            ],
            [
              134.1508382026,
              34.646626673
            ],
            [
              134.1507199005,
              34.6466521351
            ],
            [
              134.150580355,
              34.6449930164
            ],
            [
              134.1504669851,
              34.6370226272
            ],
            [
              134.1560295439,
              34.6376564926
            ],
            [
              134.1567860639,
              34.6392836959
            ],
            [
              134.1575945112,
              34.6425052567
            ],
            [
              134.1576425567,
              34.6437274176
            ],
            [
              134.1569978889,
              34.6481921977
            ],
            [
              134.1568451276,
              34.6486427725
            ],
            [
              134.1563405644,
              34.6492856936
            ],
            [
              134.1555015735,
              34.6498559993
            ],
            [
              134.1549780712,
              34.6501433214
            ],
            [
              134.1546686721,
              34.6502172503
            ],
            [
              134.1542128736,
              34.6517013823
            ],
            [
              134.1537176234,
              34.6525706838
            ],
            [
              134.1530657554,
              34.6530517867
            ],
            [
              134.1517779408,
              34.6537829655
            ],
            [
              134.1509975776,
              34.6545182672
            ]
          ]
        ]
      }
    },
    {
      "type": "Feature",
      "properties": {
        "key_code": "33212069076",
        "pref": "岡山県",
        "city": "瀬戸内市",
        "ward": "",
        "district": "邑久町尻海大土井",
        "name": "瀬戸内市  邑久町尻海大土井"
      },
      "geometry": {
        "type": "Polygon",
        "coordinates": [
          [
            [
              134.1539309681,
              34.6747475527
            ],
            [
              134.1538354148,
              34.6749044725
            ],
            [
              134.1532374854,
              34.6751654516
            ],
            [
              134.1523368307,
              34.6754175274
            ],
            [
              134.1513252035,
              34.6753053032
            ],
            [
              134.1511124398,
              34.6750414326
            ],
            [
              134.1505802605,
              34.6749634433
            ],
            [
              134.1503770194,
              34.6749932832
            ],
            [
              134.1496610139,
              34.6753514039
            ],
            [
              134.1495387341,
              34.6755191272
            ],
            [
              134.1493068756,
              34.6756127327
            ],
            [
              134.1484210571,
              34.6755878682
            ],
            [
              134.1478722472,
              34.6756743693
            ],
            [
              134.1476203458,
              34.6756572239
            ],
            [
              134.1460660454,
              34.6748670002
            ],
            [
              134.145548537,
              34.6747505553
            ],
            [
              134.1444012006,
              34.6746794766
            ],
            [
              134.1429998952,
              34.6743716208
            ],
            [
              134.142905515,
              34.6743382293
            ],
            [
              134.1426049727,
              34.673816702
            ],
            [
              134.1421538391,
              34.6733615651
            ],
            [
              134.1422673836,
              34.6730602939
            ],
            [
              134.1419497896,
              34.6723511058
            ],
            [
              134.141373679,
              34.6722424341
            ],
            [
              134.1412429103,
              34.6720674143
            ],
            [
              134.1412183875,
              34.6717067619
            ],
            [
              134.1410719405,
              34.6714926975
            ],
            [
              134.1396737346,
              34.670278045
            ],
            [
              134.1393004776,
              34.6701999707
            ],
            [
              134.1390567487,
              34.6704583502
            ],
            [
              134.1384990579,
              34.6707080533
            ],
            [
              134.1379212948,
              34.6709356073
            ],
            [
              134.13760041,
              34.6709069162
            ],
            [
              134.1370021149,
              34.6700189142
            ],
            [
              134.1364730506,
              34.6697894306
            ],
            [
              134.1361839609,
              34.6695180791
            ],
            [
              134.1367041849,
              34.6690004071
            ],
            [
              134.1361721211,
              34.6666335975
            ],
            [
              134.1360940566,
              34.6656181259
            ],
            [
              134.1356681278,
              34.6647925353
            ],
            [
              134.1354142915,
              34.6638735505
            ],
            [
              134.1353799146,
              34.6629428088
            ],
            [
              134.1354133148,
              34.6627403009
            ],
            [
              134.1360505471,
              34.6623364964
            ],
            [
              134.1372036035,
              34.6618549197
            ],
            [
              134.1371052937,
              34.6616764269
            ],
            [
              134.1374581777,
              34.6608913855
            ],
            [
              134.1374203833,
              34.660641991
            ],
            [
              134.1373329846,
              34.6604816841
            ],
            [
              134.1368467684,
              34.6604204679
            ],
            [
              134.136902319,
              34.6601214977
            ],
            [
              134.1353492181,
              34.6596748289
            ],
            [
              134.1355004663,
              34.6589983533
            ],
            [
              134.1345249433,
              34.6588101187
            ],
            [
              134.1359108306,
              34.6574232882
            ],
            [
              134.1367082934,
              34.6564613302
            ],
            [
              134.1368421195,
              34.6561654445
            ],
            [
              134.1372357255,
              34.6562096048
            ],
            [
              134.1382221598,
              34.6558532422
            ],
            [
              134.1387884222,
              34.6558427345
            ],
            [
              134.1392612019,
              34.6555487924
            ],
            [
              134.1394892235,
              34.6557587648
            ],
            [
              134.1397389142,
              34.6558307213
            ],
            [
              134.1403044377,
              34.6555951005
            ],
            [
              134.1405605841,
              34.6555933917
            ],
            [
              134.1409114812,
              34.6553253101
            ],
            [
              134.1409798916,
              34.655059742
            ],
            [
              134.1412066558,
              34.6547218747
            ],
            [
              134.1416653536,
              34.6545327047
            ],
            [
              134.143316601,
              34.6545469733
            ],
            [
              134.143070413,
              34.654913411
            ],
            [
              134.1430348569,
              34.6551352231
            ],
            [
              134.1433673616,
              34.6553529584
            ],
            [
              134.1434193599,
              34.655603926
            ],
            [
              134.1432439598,
              34.65566648
            ],
            [
              134.142974044,
              34.6559987904
            ],
            [
              134.1443468329,
              34.6569067049
            ],
            [
              134.1444556903,
              34.6565125828
            ],
            [
              134.1447151153,
              34.6561726459
            ],
            [
              134.1448884865,
              34.656121074
            ],
            [
              134.1451345497,
              34.6561318782
            ],
            [
              134.1462252423,
              34.6568680431
            ],
            [
              134.1464694354,
              34.6565903428
            ],
            [
              134.1468334881,
              34.6566179463
            ],
            [
              134.1475874862,
              34.6568836502
            ],
            [
              134.1479656183,
              34.6562201723
            ],
            [
              134.1480883418,
              34.6557918353
            ],
            [
              134.1488852554,
              34.6553863594
            ],
            [
              134.1488719987,
              34.6551362959
            ],
            [
              134.1486097872,
              34.6544780373
            ],
            [
              134.1484992686,
              34.6539355229
            ],
            [
              134.1498182009,
              34.6541778423
            ],
            [
              134.1498201948,
              34.6540071113
            ],
            [
              134.1502954256,
              34.6541874363
            ],
            [
              134.1506805149,
              34.6542274587
            ],
            [
              134.1508770115,
              34.6543648198
            ],
            [
              134.1509975776,
              34.6545182672
            ],
            [
              134.1508746394,
              34.654730374
            ],
            [
              134.1507598293,
              34.6555640108
            ],
            [
              134.1498461161,
              34.6565027972
            ],
            [
              134.1496248714,
              34.6570095927
            ],
            [
              134.1495456979,
              34.6575890104
            ],
            [
              134.1493758186,
              34.6577675157
            ],
            [
              134.149087269,
              34.6578700528
            ],
            [
              134.1491699458,
              34.6583643484
            ],
            [
              134.1487937048,
              34.6593588759
            ],
            [
              134.1476935714,
              34.6617716793
            ],
            [
              134.1473309108,
              34.6619031105
            ],
            [
              134.1455233746,
              34.6617522792
            ],
            [
              134.1453829782,
              34.661803619
            ],
            [
              134.1447975458,
              34.6622468575
            ],
            [
              134.1445628867,
              34.6626328847
            ],
            [
              134.1444998003,
              34.6629676215
            ],
            [
              134.1446700311,
              34.663502327
            ],
            [
              134.1462551999,
              34.6655330922
            ],
            [
              134.1469853533,
              34.6666030991
            ],
            [
              134.1489518486,
              34.668930659
            ],
            [
              134.1490432362,
              34.6698837461
            ],
            [
              134.1491384551,
              34.670288025
            ],
            [
              134.1493610965,
              34.6707116547
            ],
            [
              134.1511502447,
              34.6725730263
            ],
            [
              134.1520246678,
              34.6731515854
            ],
            [
              134.1539309681,
              34.6747475527
            ]
          ]
        ]
      }
    },
    {
      "type": "Feature",
      "properties": {
        "key_code": "33212069079",
        "pref": "岡山県",
        "city": "瀬戸内市",
        "ward": "",
        "district": "邑久町尻海敷井",
        "name": "瀬戸内市  邑久町尻海敷井"
      },
      "geometry": {
        "type": "Polygon",
        "coordinates": [
          [
            [
              134.181994979,
              34.6554029758
            ],
            [
              134.1832785329,
              34.6554269569
            ],
            [
              134.183694094,
              34.6556989242
            ],
            [
              134.1836666795,
              34.6560202162
            ],
            [
              134.1823326399,
              34.6561893102
            ],
            [
              134.1814082613,
              34.6560581408
            ],
            [
              134.1815692843,
              34.6555914966
            ],
            [
              134.181994979,
              34.6554029758
            ]
          ]
        ]
      }
    },
    {
      "type": "Feature",
      "properties": {
        "key_code": "33212077077",
        "pref": "岡山県",
        "city": "瀬戸内市",
        "ward": "",
        "district": "邑久町庄田庄田東，西",
        "name": "瀬戸内市  邑久町庄田庄田東，西"
      },
      "geometry": {
        "type": "Polygon",
        "coordinates": [
          [
            [
              134.1646862819,
              34.6835464293
            ],
            [
              134.164562446,
              34.6824852932
            ],
            [
              134.1640682783,
              34.6816755008
            ],
            [
              134.1636566631,
              34.6812402306
            ],
            [
              134.1631614164,
              34.6809641549
            ],
            [
              134.1625276631,
              34.6808424078
            ],
            [
              134.1613808334,
              34.6802415685
            ],
            [
              134.1611865535,
              34.6798619557
            ],
            [
              134.1608132459,
              34.6795794229
            ],
            [
              134.1605399948,
              34.6780950681
            ],
            [
              134.1593779592,
              34.6779826984
            ],
            [
              134.1591019491,
              34.677824542
            ],
            [
              134.1578653262,
              34.6774349842
            ],
            [
              134.1573737643,
              34.6773638468
            ],
            [
              134.1570566674,
              34.6774169166
            ],
            [
              134.1565165877,
              34.6772248467
            ],
            [
              134.1555365759,
              34.6765670122
            ],
            [
              134.154928308,
              34.675965212
            ],
            [
              134.1547586314,
              34.6754950512
            ],
            [
              134.1543615928,
              34.6749404623
            ],
            [
              134.1541869903,
              34.6748697751
            ],
            [
              134.1538354148,
              34.6749044725
            ],
            [
              134.1540804897,
              34.6745584553
            ],
            [
              134.1540644245,
              34.6735822638
            ],
            [
              134.1541939552,
              34.6725162762
            ],
            [
              134.1546330728,
              34.671180432
            ],
            [
              134.1551983003,
              34.6703552535
            ],
            [
              134.1558176998,
              34.6696953791
            ],
            [
              134.1565554479,
              34.6689380491
            ],
            [
              134.1573019039,
              34.6683534263
            ],
            [
              134.160067157,
              34.6671410594
            ],
            [
              134.1611401391,
              34.6668422461
            ],
            [
              134.1620311084,
              34.6666631849
            ],
            [
              134.1632125811,
              34.6666348194
            ],
            [
              134.1719756343,
              34.6671457036
            ],
            [
              134.1716791014,
              34.6683432291
            ],
            [
              134.1716232876,
              34.6690039527
            ],
            [
              134.1717127184,
              34.669755021
            ],
            [
              134.1716016033,
              34.6708210659
            ],
            [
              134.1712524086,
              34.6728028222
            ],
            [
              134.1708869924,
              34.6737634421
            ],
            [
              134.1706771712,
              34.6741612396
            ],
            [
              134.1694381515,
              34.6756762456
            ],
            [
              134.1685093154,
              34.6765760868
            ],
            [
              134.1676355543,
              34.677190608
            ],
            [
              134.1676161511,
              34.6778062879
            ],
            [
              134.1657251563,
              34.6825416986
            ],
            [
              134.1653240557,
              34.6831117714
            ],
            [
              134.1646862819,
              34.6835464293
            ]
          ]
        ]
      }
    },
    {
      "type": "Feature",
      "properties": {
        "key_code": "33212077078",
        "pref": "岡山県",
        "city": "瀬戸内市",
        "ward": "",
        "district": "邑久町庄田渡内，高助",
        "name": "瀬戸内市  邑久町庄田渡内，高助"
      },
      "geometry": {
        "type": "Polygon",
        "coordinates": [
          [
            [
              134.1719756343,
              34.6671457036
            ],
            [
              134.1632125811,
              34.6666348194
            ],
            [
              134.1620311084,
              34.6666631849
            ],
            [
              134.160067157,
              34.6671410594
            ],
            [
              134.1573019039,
              34.6683534263
            ],
            [
              134.1565554479,
              34.6689380491
            ],
            [
              134.1551983003,
              34.6703552535
            ],
            [
              134.1546330728,
              34.671180432
            ],
            [
              134.1541939552,
              34.6725162762
            ],
            [
              134.1540644245,
              34.6735822638
            ],
            [
              134.1540804897,
              34.6745584553
            ],
            [
              134.1539309681,
              34.6747475527
            ],
            [
              134.1520246678,
              34.6731515854
            ],
            [
              134.1511502447,
              34.6725730263
            ],
            [
              134.1493610965,
              34.6707116547
            ],
            [
              134.1491384551,
              34.670288025
            ],
            [
              134.1490432362,
              34.6698837461
            ],
            [
              134.1489518486,
              34.668930659
            ],
            [
              134.1469853533,
              34.6666030991
            ],
            [
              134.1462551999,
              34.6655330922
            ],
            [
              134.1446700311,
              34.663502327
            ],
            [
              134.1444998003,
              34.6629676215
            ],
            [
              134.1445628867,
              34.6626328847
            ],
            [
              134.1447975458,
              34.6622468575
            ],
            [
              134.1453829782,
              34.661803619
            ],
            [
              134.1455233746,
              34.6617522792
            ],
            [
              134.1473309108,
              34.6619031105
            ],
            [
              134.1476935714,
              34.6617716793
            ],
            [
              134.1487937048,
              34.6593588759
            ],
            [
              134.1508990414,
              34.6611890128
            ],
            [
              134.1527359327,
              34.6626197343
            ],
            [
              134.1538018398,
              34.6633186027
            ],
            [
              134.154454315,
              34.6636366566
            ],
            [
              134.1552368112,
              34.6637681127
            ],
            [
              134.1554808349,
              34.663751569
            ],
            [
              134.1562952583,
              34.6632108643
            ],
            [
              134.1567539438,
              34.6626320248
            ],
            [
              134.1571909884,
              34.6626705562
            ],
            [
              134.1574859396,
              34.6626078799
            ],
            [
              134.1584004784,
              34.6627897967
            ],
            [
              134.1592355091,
              34.6632535998
            ],
            [
              134.1593984853,
              34.6631577668
            ],
            [
              134.1601771948,
              34.6633029788
            ],
            [
              134.1606945855,
              34.6633037039
            ],
            [
              134.161519737,
              34.6634776942
            ],
            [
              134.1625717873,
              34.6635752241
            ],
            [
              134.1630597211,
              34.6637680364
            ],
            [
              134.1628173216,
              34.662903081
            ],
            [
              134.1638065095,
              34.6618034528
            ],
            [
              134.164758841,
              34.6614218803
            ],
            [
              134.1671842549,
              34.6600750588
            ],
            [
              134.1673486522,
              34.6602798244
            ],
            [
              134.167995786,
              34.6604152244
            ],
            [
              134.1682892122,
              34.6606584779
            ],
            [
              134.1699610095,
              34.662872734
            ],
            [
              134.1714505504,
              34.6628386337
            ],
            [
              134.1725544158,
              34.6630108078
            ],
            [
              134.1747157322,
              34.6606210109
            ],
            [
              134.1748667918,
              34.6605489411
            ],
            [
              134.1750810313,
              34.66068051
            ],
            [
              134.1759715054,
              34.6623785539
            ],
            [
              134.1769455345,
              34.6639977848
            ],
            [
              134.1761925605,
              34.6644298359
            ],
            [
              134.1751072471,
              34.6653785682
            ],
            [
              134.1747078685,
              34.6659620753
            ],
            [
              134.1743214064,
              34.6671639958
            ],
            [
              134.1719756343,
              34.6671457036
            ]
          ]
        ]
      }
    },
    {
      "type": "Feature",
      "properties": {
        "key_code": "33212081081",
        "pref": "岡山県",
        "city": "瀬戸内市",
        "ward": "",
        "district": "邑久町福谷鍜治谷",
        "name": "瀬戸内市  邑久町福谷鍜治谷"
      },
      "geometry": {
        "type": "Polygon",
        "coordinates": [
          [
            [
              134.1851671568,
              34.680107349
            ],
            [
              134.188151544,
              34.6809592012
            ],
            [
              134.1892469433,
              34.6814397075
            ],
            [
              134.1913961912,
              34.6825774231
            ],
            [
              134.1938121431,
              34.6835294698
            ],
            [
              134.199330779,
              34.6850115989
            ],
            [
              134.1991830576,
              34.6864210259
            ],
            [
              134.1991278655,
              34.6887419055
            ],
            [
              134.1989760319,
              34.6895550602
            ],
            [
              134.1985098316,
              34.6911380843
            ],
            [
              134.1981884097,
              34.6920461297
            ],
            [
              134.1979671983,
              34.6923739447
            ],
            [
              134.1964804085,
              34.6929191029
            ],
            [
              134.1912489495,
              34.6938718398
            ],
            [
              134.1908306991,
              34.6938633255
            ],
            [
              134.1904368427,
              34.6936445337
            ],
            [
              134.1899558302,
              34.6937869449
            ],
            [
              134.1893646982,
              34.6936552517
            ],
            [
              134.1889318521,
              34.6937420757
            ],
            [
              134.1888400316,
              34.694015941
            ],
            [
              134.1886523318,
              34.6941348868
            ],
            [
              134.1878422109,
              34.6941477327
            ],
            [
              134.1873955305,
              34.6938891457
            ],
            [
              134.1872182706,
              34.6935274866
            ],
            [
              134.186678494,
              34.6929133947
            ],
            [
              134.1860301212,
              34.6925353929
            ],
            [
              134.1855741342,
              34.690753944
            ],
            [
              134.1849118132,
              34.6901296935
            ],
            [
              134.1849878512,
              34.6894743608
            ],
            [
              134.1842000723,
              34.6890353259
            ],
            [
              134.1830315935,
              34.6887502003
            ],
            [
              134.1825941873,
              34.6883687736
            ],
            [
              134.1813938962,
              34.6878320146
            ],
            [
              134.1806424069,
              34.6877397992
            ],
            [
              134.1792665936,
              34.6873666199
            ],
            [
              134.1784321581,
              34.6872511844
            ],
            [
              134.178312376,
              34.6871901802
            ],
            [
              134.1777603529,
              34.6864695348
            ],
            [
              134.1775369624,
              34.6863302207
            ],
            [
              134.176329172,
              34.6861306213
            ],
            [
              134.1757025639,
              34.6858517541
            ],
            [
              134.1752421706,
              34.6854664665
            ],
            [
              134.1749916051,
              34.6850756746
            ],
            [
              134.1746371286,
              34.684762925
            ],
            [
              134.1739087693,
              34.6846553423
            ],
            [
              134.1737701353,
              34.6848036291
            ],
            [
              134.172889087,
              34.6849700974
            ],
            [
              134.1716512124,
              34.6848484446
            ],
            [
              134.1710054144,
              34.6849657654
            ],
            [
              134.1698236059,
              34.6844746867
            ],
            [
              134.1692184186,
              34.685049006
            ],
            [
              134.1688860607,
              34.6852275909
            ],
            [
              134.168457241,
              34.6852155996
            ],
            [
              134.1677729963,
              34.6849498496
            ],
            [
              134.1665925792,
              34.6849292176
            ],
            [
              134.1659489859,
              34.6850903215
            ],
            [
              134.1656038018,
              34.6847660065
            ],
            [
              134.1652316855,
              34.6840799218
            ],
            [
              134.164964426,
              34.683988133
            ],
            [
              134.1646862819,
              34.6835464293
            ],
            [
              134.1653240557,
              34.6831117714
            ],
            [
              134.1657251563,
              34.6825416986
            ],
            [
              134.1676161511,
              34.6778062879
            ],
            [
              134.1676355543,
              34.677190608
            ],
            [
              134.1685093154,
              34.6765760868
            ],
            [
              134.1694381515,
              34.6756762456
            ],
            [
              134.1706771712,
              34.6741612396
            ],
            [
              134.1708869924,
              34.6737634421
            ],
            [
              134.1712524086,
              34.6728028222
            ],
            [
              134.1716016033,
              34.6708210659
            ],
            [
              134.1717127184,
              34.669755021
            ],
            [
              134.1716232876,
              34.6690039527
            ],
            [
              134.1716791014,
              34.6683432291
            ],
            [
              134.1719756343,
              34.6671457036
            ],
            [
              134.1743214064,
              34.6671639958
            ],
            [
              134.1747078685,
              34.6659620753
            ],
            [
              134.1767396503,
              34.6662758732
            ],
            [
              134.1781681713,
              34.6666002817
            ],
            [
              134.1794717005,
              34.6669504343
            ],
            [
              134.1805563588,
              34.6674098925
            ],
            [
              134.1812113837,
              34.6679464226
            ],
            [
              134.1816639447,
              34.6703246444
            ],
            [
              134.181888877,
              34.6711830615
            ],
            [
              134.1822154981,
              34.6719577906
            ],
            [
              134.1825895596,
              34.6724100019
            ],
            [
              134.1831355056,
              34.672823546
            ],
            [
              134.1839158934,
              34.67317286
            ],
            [
              134.1844624567,
              34.6732510037
            ],
            [
              134.1859308179,
              34.6732141923
            ],
            [
              134.1869466924,
              34.6728926989
            ],
            [
              134.1895886032,
              34.6716699119
            ],
            [
              134.190847113,
              34.6710197576
            ],
            [
              134.194673254,
              34.6680822099
            ],
            [
              134.1949805523,
              34.6683309047
            ],
            [
              134.1952303853,
              34.6687154699
            ],
            [
              134.1951580075,
              34.6692091234
            ],
            [
              134.1952151491,
              34.6692713097
            ],
            [
              134.1959352936,
              34.6686896427
            ],
            [
              134.196425432,
              34.6687227342
            ],
            [
              134.1972217192,
              34.6686157218
            ],
            [
              134.1985990549,
              34.6687474271
            ],
            [
              134.1987456352,
              34.6688214047
            ],
            [
              134.1991472978,
              34.6693613707
            ],
            [
              134.1996408217,
              34.6695187033
            ],
            [
              134.2002565007,
              34.6693655586
            ],
            [
              134.2012133496,
              34.6695425538
            ],
            [
              134.2011706226,
              34.6694124877
            ],
            [
              134.2009167372,
              34.6693086717
            ],
            [
              134.2008025438,
              34.669116404
            ],
            [
              134.2008664506,
              34.6683049415
            ],
            [
              134.2022813402,
              34.6684350979
            ],
            [
              134.2025280545,
              34.6685446785
            ],
            [
              134.2030182822,
              34.6685276009
            ],
            [
              134.2032890972,
              34.6715460533
            ],
            [
              134.2020124378,
              34.6733539041
            ],
            [
              134.2016823469,
              34.6739210785
            ],
            [
              134.2013949075,
              34.6746657862
            ],
            [
              134.2012212995,
              34.6758481347
            ],
            [
              134.2012128414,
              34.6766699162
            ],
            [
              134.2010969698,
              34.6775329936
            ],
            [
              134.2009669523,
              34.6782897037
            ],
            [
              134.2006939115,
              34.6789751141
            ],
            [
              134.1985327302,
              34.6788427187
            ],
            [
              134.1969740328,
              34.6779186193
            ],
            [
              134.1943421234,
              34.6768277655
            ],
            [
              134.1903583775,
              34.6753155046
            ],
            [
              134.1892282351,
              34.674959481
            ],
            [
              134.187980959,
              34.6747181117
            ],
            [
              134.1868581606,
              34.677522334
            ],
            [
              134.1861329586,
              34.6790700937
            ],
            [
              134.1857352506,
              34.6796734829
            ],
            [
              134.1851671568,
              34.680107349
            ]
          ]
        ]
      }
    },
    {
      "type": "Feature",
      "properties": {
        "key_code": "33212081082",
        "pref": "岡山県",
        "city": "瀬戸内市",
        "ward": "",
        "district": "邑久町福谷中倉",
        "name": "瀬戸内市  邑久町福谷中倉"
      },
      "geometry": {
        "type": "Polygon",
        "coordinates": [
          [
            [
              134.1905563034,
              34.68212752
            ],
            [
              134.188151544,
              34.6809592012
            ],
            [
              134.1851671568,
              34.680107349
            ],
            [
              134.1857352506,
              34.6796734829
            ],
            [
              134.1861329586,
              34.6790700937
            ],
            [
              134.1868581606,
              34.677522334
            ],
            [
              134.187980959,
              34.6747181117
            ],
            [
              134.1892282351,
              34.674959481
            ],
            [
              134.1903583775,
              34.6753155046
            ],
            [
              134.1953926186,
              34.6772609838
            ],
            [
              134.194459604,
              34.6786391065
            ],
            [
              134.1936038901,
              34.6797096561
            ],
            [
              134.1932075949,
              34.6799166889
            ],
            [
              134.1928479676,
              34.6802787094
            ],
            [
              134.1924072203,
              34.68056612
            ],
            [
              134.1921524604,
              34.680944318
            ],
            [
              134.1916038728,
              34.6812206142
            ],
            [
              134.1905563034,
              34.68212752
            ]
          ]
        ]
      }
    },
    {
      "type": "Feature",
      "properties": {
        "key_code": "33212081083",
        "pref": "岡山県",
        "city": "瀬戸内市",
        "ward": "",
        "district": "邑久町福谷下寺",
        "name": "瀬戸内市  邑久町福谷下寺"
      },
      "geometry": {
        "type": "Polygon",
        "coordinates": [
          [
            [
              134.199330779,
              34.6850115989
            ],
            [
              134.1938121431,
              34.6835294698
            ],
            [
              134.1920998073,
              34.6828882737
            ],
            [
              134.1905563034,
              34.68212752
            ],
            [
              134.1916038728,
              34.6812206142
            ],
            [
              134.1921524604,
              34.680944318
            ],
            [
              134.1924072203,
              34.68056612
            ],
            [
              134.1928479676,
              34.6802787094
            ],
            [
              134.1932075949,
              34.6799166889
            ],
            [
              134.1936038901,
              34.6797096561
            ],
            [
              134.194459604,
              34.6786391065
            ],
            [
              134.1953926186,
              34.6772609838
            ],
            [
              134.1969740328,
              34.6779186193
            ],
            [
              134.1985327302,
              34.6788427187
            ],
            [
              134.2005351462,
              34.6789597275
            ],
            [
              134.2021733793,
              34.6805068877
            ],
            [
              134.2021038881,
              34.680592737
            ],
            [
              134.2014979239,
              34.6805055929
            ],
            [
              134.200820116,
              34.6805640165
            ],
            [
              134.2010287259,
              34.6810466905
            ],
            [
              134.2004044509,
              34.6815314142
            ],
            [
              134.199808211,
              34.6818344555
            ],
            [
              134.1999095205,
              34.6828796093
            ],
            [
              134.1998276905,
              34.6834567657
            ],
            [
              134.199330779,
              34.6850115989
            ]
          ]
        ]
      }
    },
    {
      "type": "Feature",
      "properties": {
        "key_code": "33212081084",
        "pref": "岡山県",
        "city": "瀬戸内市",
        "ward": "",
        "district": "邑久町福谷間口，前泊",
        "name": "瀬戸内市  邑久町福谷間口，前泊"
      },
      "geometry": {
        "type": "Polygon",
        "coordinates": [
          [
            [
              134.2030182822,
              34.6685276009
            ],
            [
              134.2025280545,
              34.6685446785
            ],
            [
              134.2022813402,
              34.6684350979
            ],
            [
              134.2008664506,
              34.6683049415
            ],
            [
              134.2008025438,
              34.669116404
            ],
            [
              134.2009167372,
              34.6693086717
            ],
            [
              134.2011706226,
              34.6694124877
            ],
            [
              134.2012133496,
              34.6695425538
            ],
            [
              134.2002565007,
              34.6693655586
            ],
            [
              134.1996408217,
              34.6695187033
            ],
            [
              134.1991472978,
              34.6693613707
            ],
            [
              134.1987456352,
              34.6688214047
            ],
            [
              134.1985990549,
              34.6687474271
            ],
            [
              134.1972217192,
              34.6686157218
            ],
            [
              134.196425432,
              34.6687227342
            ],
            [
              134.1959352936,
              34.6686896427
            ],
            [
              134.1952151491,
              34.6692713097
            ],
            [
              134.1951580075,
              34.6692091234
            ],
            [
              134.1952303853,
              34.6687154699
            ],
            [
              134.1949805523,
              34.6683309047
            ],
            [
              134.194673254,
              34.6680822099
            ],
            [
              134.1968459562,
              34.6652641005
            ],
            [
              134.1972476741,
              34.6644383698
            ],
            [
              134.1975030143,
              34.6644214694
            ],
            [
              134.1979641614,
              34.6639892439
            ],
            [
              134.1984062964,
              34.6638409815
            ],
            [
              134.1986418188,
              34.6639350605
            ],
            [
              134.1987299311,
              34.6641054655
            ],
            [
              134.1990753378,
              34.6644025124
            ],
            [
              134.1997034499,
              34.6646294381
            ],
            [
              134.2002478775,
              34.6646552522
            ],
            [
              134.2006236763,
              34.6643626614
            ],
            [
              134.2008758791,
              34.6642674289
            ],
            [
              134.2010956645,
              34.6639648054
            ],
            [
              134.2010746249,
              34.6634689312
            ],
            [
              134.201517863,
              34.6633053025
            ],
            [
              134.2015656998,
              34.6634170626
            ],
            [
              134.2017174482,
              34.6633649653
            ],
            [
              134.2018285513,
              34.6634796103
            ],
            [
              134.2022669308,
              34.6636351787
            ],
            [
              134.2024328049,
              34.6636191586
            ],
            [
              134.2024566704,
              34.6637093393
            ],
            [
              134.202561403,
              34.6637148047
            ],
            [
              134.202777975,
              34.664074813
            ],
            [
              134.2029121701,
              34.6640803099
            ],
            [
              134.2029239165,
              34.6642417567
            ],
            [
              134.2030622941,
              34.6643671362
            ],
            [
              134.2030207345,
              34.6644311863
            ],
            [
              134.203118511,
              34.6647034469
            ],
            [
              134.2033537678,
              34.6649733188
            ],
            [
              134.203463946,
              34.664993299
            ],
            [
              134.2034256327,
              34.6650734121
            ],
            [
              134.2034931372,
              34.6651681473
            ],
            [
              134.2040362055,
              34.6653662238
            ],
            [
              134.2040210661,
              34.6652752077
            ],
            [
              134.2040876421,
              34.6652679537
            ],
            [
              134.2041081884,
              34.6653834869
            ],
            [
              134.2044297894,
              34.6655649847
            ],
            [
              134.2045001155,
              34.6659527269
            ],
            [
              134.2043831768,
              34.6660734671
            ],
            [
              134.2044276308,
              34.6662610083
            ],
            [
              134.204275359,
              34.6666503451
            ],
            [
              134.2044449369,
              34.6670697475
            ],
            [
              134.2049384767,
              34.6675552792
            ],
            [
              134.2054989854,
              34.6677740785
            ],
            [
              134.2057022687,
              34.6675624286
            ],
            [
              134.2056666938,
              34.6672800922
            ],
            [
              134.2059341594,
              34.6671912047
            ],
            [
              134.2059998857,
              34.6670218107
            ],
            [
              134.2063415195,
              34.6669500459
            ],
            [
              134.206231844,
              34.6673195677
            ],
            [
              134.2057348395,
              34.6676696632
            ],
            [
              134.2054714133,
              34.6679660512
            ],
            [
              134.2055257821,
              34.6680896504
            ],
            [
              134.2059486869,
              34.6683993016
            ],
            [
              134.206007644,
              34.6683723173
            ],
            [
              134.2059011099,
              34.6681115999
            ],
            [
              134.2061115109,
              34.6682362084
            ],
            [
              134.2063352042,
              34.6682319364
            ],
            [
              134.2068813196,
              34.667876396
            ],
            [
              134.2068378617,
              34.6677519639
            ],
            [
              134.2070232847,
              34.6677999125
            ],
            [
              134.2079435356,
              34.6675242072
            ],
            [
              134.2081676875,
              34.6672124165
            ],
            [
              134.2089902686,
              34.6665794992
            ],
            [
              134.2098022106,
              34.666482006
            ],
            [
              134.21013163,
              34.6665527703
            ],
            [
              134.2103276924,
              34.666784554
            ],
            [
              134.2101634978,
              34.6678771064
            ],
            [
              134.210144492,
              34.6689292337
            ],
            [
              134.210210308,
              34.669431495
            ],
            [
              134.2104443915,
              34.6697833356
            ],
            [
              134.210910193,
              34.6698729683
            ],
            [
              134.210920752,
              34.6701128666
            ],
            [
              134.2107153981,
              34.6702587368
            ],
            [
              134.2100316418,
              34.6699785876
            ],
            [
              134.2095853433,
              34.6699879951
            ],
            [
              134.207944621,
              34.6697131572
            ],
            [
              134.2072006747,
              34.6688360406
            ],
            [
              134.2068474614,
              34.6686192974
            ],
            [
              134.2066804015,
              34.6686949094
            ],
            [
              134.2065818475,
              34.6689255468
            ],
            [
              134.2067812688,
              34.6690970517
            ],
            [
              134.206773043,
              34.6694838667
            ],
            [
              134.2068527318,
              34.6694676098
            ],
            [
              134.206929468,
              34.6692332862
            ],
            [
              134.2070898932,
              34.6692119009
            ],
            [
              134.2072698487,
              34.6692697051
            ],
            [
              134.2076392367,
              34.6696171899
            ],
            [
              134.2067348501,
              34.6702095642
            ],
            [
              134.206400115,
              34.6707536418
            ],
            [
              134.205756853,
              34.6711199068
            ],
            [
              134.2051744144,
              34.6716647056
            ],
            [
              134.2048899647,
              34.6721448829
            ],
            [
              134.2044681356,
              34.6725456076
            ],
            [
              134.2043047045,
              34.6730945122
            ],
            [
              134.2044415657,
              34.6735011861
            ],
            [
              134.2043911221,
              34.6736643914
            ],
            [
              134.2047042625,
              34.6743976285
            ],
            [
              134.2046494943,
              34.6745318122
            ],
            [
              134.2047608603,
              34.6745429174
            ],
            [
              134.2046324993,
              34.6753258318
            ],
            [
              134.2057214582,
              34.6763934488
            ],
            [
              134.2052943529,
              34.6768682648
            ],
            [
              134.2051774046,
              34.6776738698
            ],
            [
              134.2048096818,
              34.6785359738
            ],
            [
              134.2038282961,
              34.6789492001
            ],
            [
              134.2027386506,
              34.6798788373
            ],
            [
              134.2021733793,
              34.6805068877
            ],
            [
              134.2005351462,
              34.6789597275
            ],
            [
              134.2006939115,
              34.6789751141
            ],
            [
              134.2009669523,
              34.6782897037
            ],
            [
              134.2012128414,
              34.6766699162
            ],
            [
              134.2012212995,
              34.6758481347
            ],
            [
              134.2013949075,
              34.6746657862
            ],
            [
              134.2016823469,
              34.6739210785
            ],
            [
              134.2020124378,
              34.6733539041
            ],
            [
              134.2032890972,
              34.6715460533
            ],
            [
              134.2030182822,
              34.6685276009
            ]
          ]
        ]
      }
    },
    {
      "type": "Feature",
      "properties": {
        "key_code": "33212081084",
        "pref": "岡山県",
        "city": "瀬戸内市",
        "ward": "",
        "district": "邑久町福谷間口，前泊",
        "name": "瀬戸内市  邑久町福谷間口，前泊"
      },
      "geometry": {
        "type": "Polygon",
        "coordinates": [
          [
            [
              134.2120578832,
              34.6640221512
            ],
            [
              134.2124590197,
              34.6635383823
            ],
            [
              134.2125528688,
              34.6635249512
            ],
            [
              134.2127022385,
              34.6636027166
            ],
            [
              134.2126518944,
              34.6637045142
            ],
            [
              134.2127511489,
              34.6637334903
            ],
            [
              134.2128276362,
              34.663656933
            ],
            [
              134.2129235749,
              34.6637092885
            ],
            [
              134.2127988785,
              34.6639218777
            ],
            [
              134.2128892674,
              34.6640473385
            ],
            [
              134.2130376525,
              34.6640474838
            ],
            [
              134.2130439245,
              34.6642349857
            ],
            [
              134.2133055348,
              34.6644118905
            ],
            [
              134.2135204609,
              34.6644284407
            ],
            [
              134.2136303858,
              34.6646259037
            ],
            [
              134.2142259415,
              34.6647553763
            ],
            [
              134.2147651326,
              34.6646296794
            ],
            [
              134.2149695202,
              34.6643765953
            ],
            [
              134.2148618585,
              34.6641294097
            ],
            [
              134.2149995374,
              34.6639852935
            ],
            [
              134.215386793,
              34.6640452521
            ],
            [
              134.2152544376,
              34.6642830516
            ],
            [
              134.215029417,
              34.664456948
            ],
            [
              134.2151275897,
              34.6644759183
            ],
            [
              134.2153657959,
              34.6642380807
            ],
            [
              134.2154921312,
              34.6643996359
            ],
            [
              134.2152790841,
              34.6645986193
            ],
            [
              134.2154614308,
              34.6645069483
            ],
            [
              134.2158223802,
              34.6646505559
            ],
            [
              134.2156497814,
              34.6647964707
            ],
            [
              134.2157282252,
              34.6648803622
            ],
            [
              134.2156854233,
              34.6650534476
            ],
            [
              134.2158086266,
              34.6651175198
            ],
            [
              134.2156950112,
              34.6652210899
            ],
            [
              134.2155390095,
              34.6652029097
            ],
            [
              134.2156403066,
              34.6653265474
            ],
            [
              134.2154274931,
              34.6653588845
            ],
            [
              134.2153924248,
              34.6654652054
            ],
            [
              134.2154380998,
              34.6655742813
            ],
            [
              134.2155941961,
              34.6655258315
            ],
            [
              134.2157511766,
              34.6656286739
            ],
            [
              134.2157869869,
              34.6657666178
            ],
            [
              134.2156646965,
              34.6658251021
            ],
            [
              134.2156722245,
              34.6659045587
            ],
            [
              134.2158695623,
              34.6660119472
            ],
            [
              134.2155576777,
              34.6666589371
            ],
            [
              134.2153992915,
              34.6667804955
            ],
            [
              134.2154984867,
              34.6668545457
            ],
            [
              134.2154242119,
              34.6669032145
            ],
            [
              134.2154970372,
              34.6671034579
            ],
            [
              134.2153497261,
              34.6671086696
            ],
            [
              134.215030746,
              34.6673661526
            ],
            [
              134.2148037371,
              34.6674038279
            ],
            [
              134.2145880127,
              34.6671792181
            ],
            [
              134.2134469583,
              34.6669887873
            ],
            [
              134.2132194594,
              34.6666044184
            ],
            [
              134.2133481466,
              34.6658933011
            ],
            [
              134.2130626422,
              34.6656350928
            ],
            [
              134.2124440434,
              34.6655875781
            ],
            [
              134.2119655263,
              34.6660063312
            ],
            [
              134.2118301976,
              34.6660233832
            ],
            [
              134.2121166842,
              34.6656035969
            ],
            [
              134.2120885959,
              34.665413256
            ],
            [
              134.2119023259,
              34.6651948676
            ],
            [
              134.2121495207,
              34.6647840572
            ],
            [
              134.2120578832,
              34.6640221512
            ]
          ]
        ]
      }
    },
    {
      "type": "Feature",
      "properties": {
        "key_code": "33212081085",
        "pref": "岡山県",
        "city": "瀬戸内市",
        "ward": "",
        "district": "邑久町福谷知尾",
        "name": "瀬戸内市  邑久町福谷知尾"
      },
      "geometry": {
        "type": "Polygon",
        "coordinates": [
          [
            [
              134.194673254,
              34.6680822099
            ],
            [
              134.190847113,
              34.6710197576
            ],
            [
              134.1895886032,
              34.6716699119
            ],
            [
              134.1869466924,
              34.6728926989
            ],
            [
              134.1859308179,
              34.6732141923
            ],
            [
              134.1844624567,
              34.6732510037
            ],
            [
              134.1839158934,
              34.67317286
            ],
            [
              134.1831355056,
              34.672823546
            ],
            [
              134.1825895596,
              34.6724100019
            ],
            [
              134.1822154981,
              34.6719577906
            ],
            [
              134.181888877,
              34.6711830615
            ],
            [
              134.1816639447,
              34.6703246444
            ],
            [
              134.1812113837,
              34.6679464226
            ],
            [
              134.1805563588,
              34.6674098925
            ],
            [
              134.1794717005,
              34.6669504343
            ],
            [
              134.1781681713,
              34.6666002817
            ],
            [
              134.1767396503,
              34.6662758732
            ],
            [
              134.1747078685,
              34.6659620753
            ],
            [
              134.1752481093,
              34.6652206998
            ],
            [
              134.1761925605,
              34.6644298359
            ],
            [
              134.1768180493,
              34.6640305833
            ],
            [
              134.1770809902,
              34.6639935914
            ],
            [
              134.1774452645,
              34.6641949319
            ],
            [
              134.1774757771,
              34.6645982673
            ],
            [
              134.1775623565,
              34.6647260022
            ],
            [
              134.1781375473,
              34.6644999423
            ],
            [
              134.1783295048,
              34.6639851832
            ],
            [
              134.1795288515,
              34.6633339326
            ],
            [
              134.1799685947,
              34.6626219892
            ],
            [
              134.1807152299,
              34.6621631412
            ],
            [
              134.1807608024,
              34.6619278129
            ],
            [
              134.1809529792,
              34.6617595781
            ],
            [
              134.1815332783,
              34.6615736543
            ],
            [
              134.1823242214,
              34.6615625216
            ],
            [
              134.1828089436,
              34.6618980985
            ],
            [
              134.1837215752,
              34.6620924886
            ],
            [
              134.1841493004,
              34.661697885
            ],
            [
              134.1846752367,
              34.6614844083
            ],
            [
              134.1849319498,
              34.6607941738
            ],
            [
              134.1856579621,
              34.6599309533
            ],
            [
              134.1862427636,
              34.6584222313
            ],
            [
              134.1864944082,
              34.6585219892
            ],
            [
              134.1875222326,
              34.6582685273
            ],
            [
              134.1902502532,
              34.6572612923
            ],
            [
              134.1930130689,
              34.6559931455
            ],
            [
              134.1931875206,
              34.6560573016
            ],
            [
              134.1935956721,
              34.6559893064
            ],
            [
              134.1937279559,
              34.6558235132
            ],
            [
              134.1939232538,
              34.655820215
            ],
            [
              134.1942115266,
              34.655666291
            ],
            [
              134.1943694408,
              34.6558342476
            ],
            [
              134.1943212394,
              34.6559567492
            ],
            [
              134.1941390442,
              34.6559547104
            ],
            [
              134.1942650374,
              34.656289421
            ],
            [
              134.194615298,
              34.6569172549
            ],
            [
              134.1950510928,
              34.6572847159
            ],
            [
              134.1950330357,
              34.6576498307
            ],
            [
              134.195132057,
              34.6578050415
            ],
            [
              134.1950185838,
              34.6578066034
            ],
            [
              134.1950357342,
              34.6579951066
            ],
            [
              134.1951661835,
              34.6582810795
            ],
            [
              134.1952588223,
              34.6583406319
            ],
            [
              134.1956702012,
              34.6583050337
            ],
            [
              134.195725778,
              34.6583421454
            ],
            [
              134.1956743877,
              34.6584087187
            ],
            [
              134.1958629787,
              34.6585027502
            ],
            [
              134.1959591525,
              34.6584090395
            ],
            [
              134.1961139585,
              34.6584768312
            ],
            [
              134.1964687794,
              34.6583329785
            ],
            [
              134.1967577672,
              34.6584154295
            ],
            [
              134.1968244829,
              34.6583198532
            ],
            [
              134.1968308035,
              34.6584550955
            ],
            [
              134.1970837728,
              34.6585482115
            ],
            [
              134.1972585036,
              34.6584465572
            ],
            [
              134.1973642431,
              34.6585034459
            ],
            [
              134.1975346462,
              34.6583765709
            ],
            [
              134.197751777,
              34.6583696282
            ],
            [
              134.1983001483,
              34.6586261989
            ],
            [
              134.1982779511,
              34.6588588915
            ],
            [
              134.1985131431,
              34.6591484986
            ],
            [
              134.1984540746,
              34.6592467608
            ],
            [
              134.1985255345,
              34.6595839416
            ],
            [
              134.1983856409,
              34.6597335316
            ],
            [
              134.1976792526,
              34.6600274466
            ],
            [
              134.1973018504,
              34.6599675781
            ],
            [
              134.19662042,
              34.6603401232
            ],
            [
              134.1965383517,
              34.6604859726
            ],
            [
              134.1963733846,
              34.660621023
            ],
            [
              134.1962097229,
              34.6606226705
            ],
            [
              134.1961790109,
              34.6607227948
            ],
            [
              134.1955051669,
              34.660456074
            ],
            [
              134.1951122123,
              34.6605610008
            ],
            [
              134.1946511862,
              34.660926599
            ],
            [
              134.1941074239,
              34.6611684187
            ],
            [
              134.1938874986,
              34.6615423189
            ],
            [
              134.193965731,
              34.6617390578
            ],
            [
              134.1931308136,
              34.661885871
            ],
            [
              134.1928723474,
              34.6618134509
            ],
            [
              134.1925487772,
              34.6621808796
            ],
            [
              134.192580902,
              34.6625433642
            ],
            [
              134.1925042314,
              34.6627190765
            ],
            [
              134.1925563701,
              34.6628570445
            ],
            [
              134.1924456357,
              34.6631716107
            ],
            [
              134.1924714874,
              34.6633736426
            ],
            [
              134.1922401674,
              34.663376897
            ],
            [
              134.1917845058,
              34.6631311227
            ],
            [
              134.1916306588,
              34.663135452
            ],
            [
              134.1913184067,
              34.6632496131
            ],
            [
              134.190994832,
              34.6636125295
            ],
            [
              134.1912407565,
              34.6640023095
            ],
            [
              134.1915623406,
              34.6641749623
            ],
            [
              134.1917894634,
              34.6647223485
            ],
            [
              134.191797795,
              34.6649567588
            ],
            [
              134.1921681267,
              34.6652596257
            ],
            [
              134.192600843,
              34.6649621948
            ],
            [
              134.19456369,
              34.6650078283
            ],
            [
              134.1946720366,
              34.6648131336
            ],
            [
              134.1945913465,
              34.6647788113
            ],
            [
              134.1946818782,
              34.6647961003
            ],
            [
              134.1949104706,
              34.6644654649
            ],
            [
              134.1954817826,
              34.6647230507
            ],
            [
              134.1958016658,
              34.6646142409
            ],
            [
              134.1965872355,
              34.6646331541
            ],
            [
              134.1968264284,
              34.6644819905
            ],
            [
              134.1972476741,
              34.6644383698
            ],
            [
              134.1968459562,
              34.6652641005
            ],
            [
              134.194673254,
              34.6680822099
            ]
          ]
        ]
      }
    },
    {
      "type": "Feature",
      "properties": {
        "key_code": "33212086085",
        "pref": "岡山県",
        "city": "瀬戸内市",
        "ward": "",
        "district": "邑久町虫明間口",
        "name": "瀬戸内市  邑久町虫明間口"
      },
      "geometry": {
        "type": "Polygon",
        "coordinates": [
          [
            [
              134.2063417475,
              34.6770655869
            ],
            [
              134.2046324993,
              34.6753258318
            ],
            [
              134.2047608603,
              34.6745429174
            ],
            [
              134.2048611543,
              34.6745528848
            ],
            [
              134.2050787789,
              34.674250122
            ],
            [
              134.2057595216,
              34.6736549972
            ],
            [
              134.2067761527,
              34.6731953093
            ],
            [
              134.2071046652,
              34.6731550851
            ],
            [
              134.2071651428,
              34.6728504648
            ],
            [
              134.2075631094,
              34.6730663977
            ],
            [
              134.2081436327,
              34.6730696777
            ],
            [
              134.2082035559,
              34.673132001
            ],
            [
              134.2082256576,
              34.6729472139
            ],
            [
              134.2094973736,
              34.6728216089
            ],
            [
              134.2094927093,
              34.6759582996
            ],
            [
              134.2083526419,
              34.6764487339
            ],
            [
              134.208162026,
              34.6769295784
            ],
            [
              134.2063417475,
              34.6770655869
            ]
          ]
        ]
      }
    },
    {
      "type": "Feature",
      "properties": {
        "key_code": "33212086086",
        "pref": "岡山県",
        "city": "瀬戸内市",
        "ward": "",
        "district": "邑久町虫明黒井白谷",
        "name": "瀬戸内市  邑久町虫明黒井白谷"
      },
      "geometry": {
        "type": "Polygon",
        "coordinates": [
          [
            [
              134.2382138077,
              34.7088067253
            ],
            [
              134.2313514877,
              34.7083345553
            ],
            [
              134.2314155346,
              34.7081565579
            ],
            [
              134.231378617,
              34.7077522495
            ],
            [
              134.2316894148,
              34.7073673904
            ],
            [
              134.2313114931,
              34.7065441486
            ],
            [
              134.2309937068,
              34.7062735623
            ],
            [
              134.2293403074,
              34.705374423
            ],
            [
              134.2287692718,
              34.7056005785
            ],
            [
              134.2268476649,
              34.7059207707
            ],
            [
              134.2265847758,
              34.7054196241
            ],
            [
              134.2265620611,
              34.7048903762
            ],
            [
              134.2261043885,
              34.7042846742
            ],
            [
              134.2249738435,
              34.7042849282
            ],
            [
              134.2238813068,
              34.7038319026
            ],
            [
              134.223468669,
              34.7033923077
            ],
            [
              134.2225610577,
              34.7034352833
            ],
            [
              134.2223868037,
              34.703144099
            ],
            [
              134.2219425483,
              34.7030212924
            ],
            [
              134.2213968376,
              34.7029899513
            ],
            [
              134.2209816428,
              34.703293549
            ],
            [
              134.2199333712,
              34.7035861544
            ],
            [
              134.2197272288,
              34.7038023336
            ],
            [
              134.2192540706,
              34.7031733605
            ],
            [
              134.219104504,
              34.7030805383
            ],
            [
              134.2187364395,
              34.7031265395
            ],
            [
              134.2169424055,
              34.7036940908
            ],
            [
              134.2160186348,
              34.7041414471
            ],
            [
              134.2148155952,
              34.7036096618
            ],
            [
              134.2139588084,
              34.7030241174
            ],
            [
              134.2129970655,
              34.7038372284
            ],
            [
              134.2127599154,
              34.7039296856
            ],
            [
              134.2122237292,
              34.7037694206
            ],
            [
              134.2107174263,
              34.7037653976
            ],
            [
              134.2104559512,
              34.7034353759
            ],
            [
              134.209969733,
              34.7032340204
            ],
            [
              134.209751947,
              34.7027965743
            ],
            [
              134.2094013167,
              34.7025580269
            ],
            [
              134.2092139005,
              34.7024902248
            ],
            [
              134.2086270831,
              34.7026445754
            ],
            [
              134.2083724878,
              34.7024933147
            ],
            [
              134.2075455722,
              34.7024409153
            ],
            [
              134.2073582471,
              34.7023215551
            ],
            [
              134.2069817774,
              34.7016958899
            ],
            [
              134.2062606845,
              34.7016275315
            ],
            [
              134.2054959166,
              34.7018133766
            ],
            [
              134.2045368762,
              34.7017110936
            ],
            [
              134.2037095726,
              34.7019168639
            ],
            [
              134.2032145913,
              34.7017653368
            ],
            [
              134.2025704213,
              34.7016971786
            ],
            [
              134.2019345233,
              34.700975854
            ],
            [
              134.2018822963,
              34.7005627938
            ],
            [
              134.201034455,
              34.7000952076
            ],
            [
              134.200751852,
              34.6994515887
            ],
            [
              134.19958398,
              34.6991802852
            ],
            [
              134.1991873228,
              34.6991859067
            ],
            [
              134.1988697664,
              34.6993285322
            ],
            [
              134.1984803817,
              34.6993003536
            ],
            [
              134.1980482162,
              34.6989742039
            ],
            [
              134.1977293347,
              34.6984675931
            ],
            [
              134.1970278949,
              34.6981728359
            ],
            [
              134.1968311575,
              34.6979344198
            ],
            [
              134.1967043389,
              34.6975867726
            ],
            [
              134.1961137804,
              34.6971057755
            ],
            [
              134.1950175763,
              34.697112433
            ],
            [
              134.1948009435,
              34.6972750249
            ],
            [
              134.1946374663,
              34.6972827285
            ],
            [
              134.1941665008,
              34.6971551374
            ],
            [
              134.1941604037,
              34.6965058986
            ],
            [
              134.1937143321,
              34.695885881
            ],
            [
              134.1937221494,
              34.6955344403
            ],
            [
              134.193635984,
              34.695307977
            ],
            [
              134.1921152227,
              34.6947761742
            ],
            [
              134.1917838776,
              34.6945494304
            ],
            [
              134.1918133398,
              34.6941761864
            ],
            [
              134.1917557776,
              34.6941086479
            ],
            [
              134.1912489495,
              34.6938718398
            ],
            [
              134.1964804085,
              34.6929191029
            ],
            [
              134.1979671983,
              34.6923739447
            ],
            [
              134.1981884097,
              34.6920461297
            ],
            [
              134.1983915674,
              34.6914964407
            ],
            [
              134.1989760319,
              34.6895550602
            ],
            [
              134.214175101,
              34.6899719125
            ],
            [
              134.2142981006,
              34.6901104965
            ],
            [
              134.2145516865,
              34.6902044159
            ],
            [
              134.2152592802,
              34.6903044086
            ],
            [
              134.2154659423,
              34.690530687
            ],
            [
              134.2176545711,
              34.6915145695
            ],
            [
              134.2186034856,
              34.6909528749
            ],
            [
              134.2200795539,
              34.6906067557
            ],
            [
              134.2213119025,
              34.6904346382
            ],
            [
              134.2244254262,
              34.6907188965
            ],
            [
              134.2264628027,
              34.6907521137
            ],
            [
              134.2262621922,
              34.6914217197
            ],
            [
              134.226352282,
              34.6918014127
            ],
            [
              134.229135601,
              34.6917118454
            ],
            [
              134.2288457013,
              34.692229956
            ],
            [
              134.2286584686,
              34.6926949102
            ],
            [
              134.2286649458,
              34.6927471744
            ],
            [
              134.2289003123,
              34.6922002824
            ],
            [
              134.2291582891,
              34.6918985029
            ],
            [
              134.2292482206,
              34.6915622098
            ],
            [
              134.2294428392,
              34.6912937588
            ],
            [
              134.2295804385,
              34.6912299259
            ],
            [
              134.2300725847,
              34.6913104935
            ],
            [
              134.2303422292,
              34.6912584632
            ],
            [
              134.2308415796,
              34.6908163069
            ],
            [
              134.2311069572,
              34.6906893355
            ],
            [
              134.2313742813,
              34.6907518186
            ],
            [
              134.2318168125,
              34.6912318113
            ],
            [
              134.2321735364,
              34.6913771929
            ],
            [
              134.2327913419,
              34.6913362918
            ],
            [
              134.2336182956,
              34.6916299575
            ],
            [
              134.2341075783,
              34.6913724462
            ],
            [
              134.234321418,
              34.6914465707
            ],
            [
              134.2349107715,
              34.6914695843
            ],
            [
              134.2350658315,
              34.6914092789
            ],
            [
              134.2354324602,
              34.6914845048
            ],
            [
              134.2355938619,
              34.6915918247
            ],
            [
              134.2356012158,
              34.6918307262
            ],
            [
              134.2356939135,
              34.691893058
            ],
            [
              134.2355338287,
              34.6925041167
            ],
            [
              134.2356060778,
              34.6932245232
            ],
            [
              134.2363109607,
              34.6943040479
            ],
            [
              134.2366718848,
              34.6946054823
            ],
            [
              134.2376857458,
              34.6947027509
            ],
            [
              134.2379571997,
              34.6949814368
            ],
            [
              134.2379753616,
              34.6953186698
            ],
            [
              134.2378746579,
              34.6955611547
            ],
            [
              134.2380097044,
              34.6958100167
            ],
            [
              134.2377806736,
              34.6965887994
            ],
            [
              134.2379765743,
              34.6970747759
            ],
            [
              134.2380143301,
              34.6974561137
            ],
            [
              134.237461558,
              34.6987763963
            ],
            [
              134.2374504778,
              34.6989161211
            ],
            [
              134.2375800569,
              34.6991768114
            ],
            [
              134.2374095017,
              34.6994137486
            ],
            [
              134.2375851462,
              34.6994896656
            ],
            [
              134.2376073523,
              34.7001035518
            ],
            [
              134.2376325342,
              34.7000369445
            ],
            [
              134.2377611885,
              34.7001614218
            ],
            [
              134.2376021981,
              34.6998457733
            ],
            [
              134.2376385013,
              34.6996042265
            ],
            [
              134.2381108459,
              34.699853346
            ],
            [
              134.2385104416,
              34.699782375
            ],
            [
              134.2388839865,
              34.6995717894
            ],
            [
              134.2393616411,
              34.6990113853
            ],
            [
              134.2397407153,
              34.698743049
            ],
            [
              134.2403475589,
              34.6978311507
            ],
            [
              134.2403379722,
              34.6976201354
            ],
            [
              134.2407344743,
              34.6964169201
            ],
            [
              134.2407807925,
              34.6960014163
            ],
            [
              134.2409865444,
              34.6955147555
            ],
            [
              134.2411593049,
              34.6952435867
            ],
            [
              134.2413755946,
              34.6950913348
            ],
            [
              134.241623335,
              34.695116731
            ],
            [
              134.2419844255,
              34.6952874358
            ],
            [
              134.2423272276,
              34.6952190876
            ],
            [
              134.242604372,
              34.6953014098
            ],
            [
              134.2427381444,
              34.6957305674
            ],
            [
              134.242890778,
              34.6968702364
            ],
            [
              134.243412355,
              34.6970211926
            ],
            [
              134.2437980557,
              34.69665805
            ],
            [
              134.2439694823,
              34.6966050676
            ],
            [
              134.2441156853,
              34.6966574313
            ],
            [
              134.2442410789,
              34.6967755619
            ],
            [
              134.2445937415,
              34.6976773173
            ],
            [
              134.2450351039,
              34.6983240363
            ],
            [
              134.2449147898,
              34.6985503137
            ],
            [
              134.2441071651,
              34.6984522655
            ],
            [
              134.2439163153,
              34.6982998588
            ],
            [
              134.2434564727,
              34.6975908627
            ],
            [
              134.2429968665,
              34.6976644831
            ],
            [
              134.24270325,
              34.6986388823
            ],
            [
              134.2425885155,
              34.6987496554
            ],
            [
              134.2424078794,
              34.6992263365
            ],
            [
              134.2423561021,
              34.699653668
            ],
            [
              134.2425149435,
              34.7001189039
            ],
            [
              134.2424990967,
              34.700625566
            ],
            [
              134.242949538,
              34.7009631106
            ],
            [
              134.2431744274,
              34.7009343967
            ],
            [
              134.2439098339,
              34.7002235813
            ],
            [
              134.2443887092,
              34.7005115582
            ],
            [
              134.2448830346,
              34.700647134
            ],
            [
              134.2452015711,
              34.7008321669
            ],
            [
              134.2453638144,
              34.7012000667
            ],
            [
              134.2453199721,
              34.7013659686
            ],
            [
              134.2446024861,
              34.7016674663
            ],
            [
              134.2445007569,
              34.7018593866
            ],
            [
              134.2445322411,
              34.7020153412
            ],
            [
              134.2448822396,
              34.7023816843
            ],
            [
              134.244915604,
              34.7028189373
            ],
            [
              134.2447113739,
              34.7029116191
            ],
            [
              134.2438969835,
              34.7029749912
            ],
            [
              134.243082376,
              34.7032278142
            ],
            [
              134.2426449735,
              34.7029345093
            ],
            [
              134.2421271971,
              34.7032595198
            ],
            [
              134.2417948049,
              34.7037532814
            ],
            [
              134.2416041652,
              34.7043788516
            ],
            [
              134.2416201657,
              34.704714257
            ],
            [
              134.2419142535,
              34.7052976416
            ],
            [
              134.241871409,
              34.7055428512
            ],
            [
              134.2411950045,
              34.7061590502
            ],
            [
              134.2393574478,
              34.7074081212
            ],
            [
              134.2385330656,
              34.7085217211
            ],
            [
              134.2382138077,
              34.7088067253
            ]
          ]
        ]
      }
    },
    {
      "type": "Feature",
      "properties": {
        "key_code": "33212086086",
        "pref": "岡山県",
        "city": "瀬戸内市",
        "ward": "",
        "district": "邑久町虫明黒井白谷",
        "name": "瀬戸内市  邑久町虫明黒井白谷"
      },
      "geometry": {
        "type": "Polygon",
        "coordinates": [
          [
            [
              134.24308216,
              34.7054148396
            ],
            [
              134.2433712833,
              34.7055584455
            ],
            [
              134.2433197075,
              34.7058080162
            ],
            [
              134.2430716826,
              34.7060116648
            ],
            [
              134.2427802106,
              34.7060204698
            ],
            [
              134.2426147125,
              34.7056281899
            ],
            [
              134.2427993686,
              34.7054714034
            ],
            [
              134.24308216,
              34.7054148396
            ]
          ]
        ]
      }
    },
    {
      "type": "Feature",
      "properties": {
        "key_code": "33212086087",
        "pref": "岡山県",
        "city": "瀬戸内市",
        "ward": "",
        "district": "邑久町虫明布浜",
        "name": "瀬戸内市  邑久町虫明布浜"
      },
      "geometry": {
        "type": "Polygon",
        "coordinates": [
          [
            [
              134.230702586,
              34.7133173374
            ],
            [
              134.231160987,
              34.7119707837
            ],
            [
              134.2308356917,
              34.7112053393
            ],
            [
              134.230717159,
              34.7105833272
            ],
            [
              134.2307827865,
              34.7102861612
            ],
            [
              134.2309956791,
              34.7099754549
            ],
            [
              134.2311143505,
              34.7089857077
            ],
            [
              134.2313514877,
              34.7083345553
            ],
            [
              134.2382138077,
              34.7088067253
            ],
            [
              134.2376796091,
              34.7092594739
            ],
            [
              134.2378889387,
              34.7094957187
            ],
            [
              134.2373580154,
              34.7098136625
            ],
            [
              134.2372467471,
              34.7097404695
            ],
            [
              134.2371910109,
              34.709786489
            ],
            [
              134.2372990034,
              34.7098622146
            ],
            [
              134.2371789952,
              34.7097963397
            ],
            [
              134.2370260126,
              34.7099215904
            ],
            [
              134.237153608,
              34.7100360685
            ],
            [
              134.2370172741,
              34.7099277816
            ],
            [
              134.236556274,
              34.7101880217
            ],
            [
              134.2366664696,
              34.7102395213
            ],
            [
              134.2365910871,
              34.7102925689
            ],
            [
              134.2365398859,
              34.7101988553
            ],
            [
              134.2364218975,
              34.7102735623
            ],
            [
              134.2364697967,
              34.7103826273
            ],
            [
              134.2361965071,
              34.7106925945
            ],
            [
              134.2362319585,
              34.711185781
            ],
            [
              134.2360824033,
              34.7102499168
            ],
            [
              134.2358235299,
              34.7103776189
            ],
            [
              134.2355490299,
              34.7107795668
            ],
            [
              134.2356453704,
              34.7114728266
            ],
            [
              134.2355700361,
              34.7114745989
            ],
            [
              134.2356754305,
              34.7119010752
            ],
            [
              134.2357800299,
              34.7120716013
            ],
            [
              134.2359295461,
              34.7121149627
            ],
            [
              134.2358485878,
              34.7122663288
            ],
            [
              134.2364016476,
              34.7126363825
            ],
            [
              134.2365061017,
              34.7129429821
            ],
            [
              134.236242359,
              34.713481019
            ],
            [
              134.2362943163,
              34.713869702
            ],
            [
              134.2361074606,
              34.7140074632
            ],
            [
              134.2360625344,
              34.7141516731
            ],
            [
              134.2361318817,
              34.7145934749
            ],
            [
              134.2357002871,
              34.7148933237
            ],
            [
              134.2349459731,
              34.7148224486
            ],
            [
              134.2335244217,
              34.714902432
            ],
            [
              134.232813225,
              34.7152940111
            ],
            [
              134.2326543985,
              34.7153027543
            ],
            [
              134.2322248632,
              34.7152150621
            ],
            [
              134.2315115461,
              34.7146600267
            ],
            [
              134.2312463872,
              34.7145434514
            ],
            [
              134.2308937616,
              34.7145396325
            ],
            [
              134.2301551843,
              34.7149942796
            ],
            [
              134.2298079271,
              34.7150615989
            ],
            [
              134.2296081849,
              34.7150163523
            ],
            [
              134.2292656925,
              34.7147689853
            ],
            [
              134.2285854831,
              34.7148126319
            ],
            [
              134.228349842,
              34.7146681844
            ],
            [
              134.2281347794,
              34.7146579979
            ],
            [
              134.2281265178,
              34.7145391019
            ],
            [
              134.2286711404,
              34.7143363055
            ],
            [
              134.2294137289,
              34.7138474409
            ],
            [
              134.230172473,
              34.7138556937
            ],
            [
              134.2303552746,
              34.7137696399
            ],
            [
              134.230702586,
              34.7133173374
            ]
          ]
        ]
      }
    },
    {
      "type": "Feature",
      "properties": {
        "key_code": "33212086088",
        "pref": "岡山県",
        "city": "瀬戸内市",
        "ward": "",
        "district": "邑久町虫明新町",
        "name": "瀬戸内市  邑久町虫明新町"
      },
      "geometry": {
        "type": "Polygon",
        "coordinates": [
          [
            [
              134.2006564012,
              34.6896139517
            ],
            [
              134.1989760319,
              34.6895550602
            ],
            [
              134.1991278655,
              34.6887419055
            ],
            [
              134.1991830576,
              34.6864210259
            ],
            [
              134.1993213159,
              34.6850511709
            ],
            [
              134.1998276905,
              34.6834567657
            ],
            [
              134.1999095205,
              34.6828796093
            ],
            [
              134.199808211,
              34.6818344555
            ],
            [
              134.2004044509,
              34.6815314142
            ],
            [
              134.2010287259,
              34.6810466905
            ],
            [
              134.200820116,
              34.6805640165
            ],
            [
              134.2014979239,
              34.6805055929
            ],
            [
              134.2021038881,
              34.680592737
            ],
            [
              134.2027386506,
              34.6798788373
            ],
            [
              134.2038282961,
              34.6789492001
            ],
            [
              134.2048096818,
              34.6785359738
            ],
            [
              134.2051774046,
              34.6776738698
            ],
            [
              134.2052943529,
              34.6768682648
            ],
            [
              134.2057214582,
              34.6763934488
            ],
            [
              134.2063985528,
              34.6771260767
            ],
            [
              134.2067789367,
              34.6779488231
            ],
            [
              134.2072530853,
              34.6801687103
            ],
            [
              134.2075112216,
              34.6806712853
            ],
            [
              134.2073638545,
              34.6835735517
            ],
            [
              134.2069615469,
              34.6835907414
            ],
            [
              134.2067130472,
              34.683426804
            ],
            [
              134.206561891,
              34.6831538
            ],
            [
              134.2063247585,
              34.6831759495
            ],
            [
              134.2061080632,
              34.6838226926
            ],
            [
              134.2059795492,
              34.6839927169
            ],
            [
              134.206208472,
              34.6842465044
            ],
            [
              134.2052633504,
              34.6846693613
            ],
            [
              134.2029461952,
              34.6850907474
            ],
            [
              134.2023944382,
              34.6849842279
            ],
            [
              134.2016668009,
              34.6842594209
            ],
            [
              134.2013706998,
              34.6847181638
            ],
            [
              134.2010359598,
              34.6850164239
            ],
            [
              134.2010434765,
              34.6851833513
            ],
            [
              134.2012414118,
              34.685366544
            ],
            [
              134.2013127506,
              34.6857279277
            ],
            [
              134.2012734253,
              34.6860104502
            ],
            [
              134.2009191046,
              34.6864081367
            ],
            [
              134.2010601789,
              34.6869107368
            ],
            [
              134.2009577568,
              34.6877742338
            ],
            [
              134.2008642698,
              34.6878993567
            ],
            [
              134.2007437494,
              34.687918523
            ],
            [
              134.2004368949,
              34.6877897246
            ],
            [
              134.2002347808,
              34.6877927437
            ],
            [
              134.2001548586,
              34.6879387272
            ],
            [
              134.2001896961,
              34.6880286332
            ],
            [
              134.200582072,
              34.6881575255
            ],
            [
              134.200698362,
              34.6883534473
            ],
            [
              134.2006353142,
              34.6888961095
            ],
            [
              134.2004561573,
              34.6891269234
            ],
            [
              134.2006564012,
              34.6896139517
            ]
          ]
        ]
      }
    },
    {
      "type": "Feature",
      "properties": {
        "key_code": "33212086089",
        "pref": "岡山県",
        "city": "瀬戸内市",
        "ward": "",
        "district": "邑久町虫明上町",
        "name": "瀬戸内市  邑久町虫明上町"
      },
      "geometry": {
        "type": "Polygon",
        "coordinates": [
          [
            [
              134.2069615469,
              34.6835907414
            ],
            [
              134.2090087222,
              34.68358426
            ],
            [
              134.2097344942,
              34.6839143297
            ],
            [
              134.2104314112,
              34.6839623638
            ],
            [
              134.2104535587,
              34.6840407042
            ],
            [
              134.2101808615,
              34.6841053659
            ],
            [
              134.2102269868,
              34.684436996
            ],
            [
              134.2104339978,
              34.6844041028
            ],
            [
              134.2106332479,
              34.6851157868
            ],
            [
              134.2103127682,
              34.6851154634
            ],
            [
              134.2100188119,
              34.6852474336
            ],
            [
              134.2096328942,
              34.6859552848
            ],
            [
              134.2096737755,
              34.6863148004
            ],
            [
              134.2092595847,
              34.6866461036
            ],
            [
              134.2087928491,
              34.6881918419
            ],
            [
              134.208836209,
              34.689032817
            ],
            [
              134.208606548,
              34.6893575449
            ],
            [
              134.2091584153,
              34.689871542
            ],
            [
              134.2070442534,
              34.6897444243
            ],
            [
              134.2006564012,
              34.6896139517
            ],
            [
              134.2004561573,
              34.6891269234
            ],
            [
              134.2006353142,
              34.6888961095
            ],
            [
              134.200698362,
              34.6883534473
            ],
            [
              134.200582072,
              34.6881575255
            ],
            [
              134.2001896961,
              34.6880286332
            ],
            [
              134.2001548586,
              34.6879387272
            ],
            [
              134.2002347808,
              34.6877927437
            ],
            [
              134.2004368949,
              34.6877897246
            ],
            [
              134.2007437494,
              34.687918523
            ],
            [
              134.2008642698,
              34.6878993567
            ],
            [
              134.2009577568,
              34.6877742338
            ],
            [
              134.2010601789,
              34.6869107368
            ],
            [
              134.2009191046,
              34.6864081367
            ],
            [
              134.2012734253,
              34.6860104502
            ],
            [
              134.2013127506,
              34.6857279277
            ],
            [
              134.2012414118,
              34.685366544
            ],
            [
              134.2010434765,
              34.6851833513
            ],
            [
              134.2010359598,
              34.6850164239
            ],
            [
              134.2013706998,
              34.6847181638
            ],
            [
              134.2016668009,
              34.6842594209
            ],
            [
              134.2023944382,
              34.6849842279
            ],
            [
              134.2029461952,
              34.6850907474
            ],
            [
              134.2052633504,
              34.6846693613
            ],
            [
              134.206208472,
              34.6842465044
            ],
            [
              134.2059795492,
              34.6839927169
            ],
            [
              134.2061080632,
              34.6838226926
            ],
            [
              134.2063247585,
              34.6831759495
            ],
            [
              134.206561891,
              34.6831538
            ],
            [
              134.2067130472,
              34.683426804
            ],
            [
              134.2069615469,
              34.6835907414
            ]
          ]
        ]
      }
    },
    {
      "type": "Feature",
      "properties": {
        "key_code": "33212086090",
        "pref": "岡山県",
        "city": "瀬戸内市",
        "ward": "",
        "district": "邑久町虫明瀬戸西",
        "name": "瀬戸内市  邑久町虫明瀬戸西"
      },
      "geometry": {
        "type": "Polygon",
        "coordinates": [
          [
            [
              134.214175101,
              34.6899719125
            ],
            [
              134.2091584153,
              34.689871542
            ],
            [
              134.2086307874,
              34.6894195479
            ],
            [
              134.2086289258,
              34.6893106619
            ],
            [
              134.208836209,
              34.689032817
            ],
            [
              134.2087928491,
              34.6881918419
            ],
            [
              134.2092595847,
              34.6866461036
            ],
            [
              134.2096737755,
              34.6863148004
            ],
            [
              134.2096328942,
              34.6859552848
            ],
            [
              134.2100188119,
              34.6852474336
            ],
            [
              134.2103127682,
              34.6851154634
            ],
            [
              134.2106332479,
              34.6851157868
            ],
            [
              134.2104339978,
              34.6844041028
            ],
            [
              134.2102269868,
              34.684436996
            ],
            [
              134.2101808615,
              34.6841053659
            ],
            [
              134.2104535587,
              34.6840407042
            ],
            [
              134.2106279336,
              34.684189206
            ],
            [
              134.2113255202,
              34.6842549835
            ],
            [
              134.21188671,
              34.6840084765
            ],
            [
              134.2122101367,
              34.6834762063
            ],
            [
              134.2127239359,
              34.6840059275
            ],
            [
              134.2123817012,
              34.684339708
            ],
            [
              134.2121693017,
              34.685537228
            ],
            [
              134.2119534808,
              34.6862589205
            ],
            [
              134.2119808176,
              34.6872093265
            ],
            [
              134.2124977207,
              34.688264032
            ],
            [
              134.2128949074,
              34.6888689935
            ],
            [
              134.2133224737,
              34.6892863588
            ],
            [
              134.2138227753,
              34.6895489901
            ],
            [
              134.214175101,
              34.6899719125
            ]
          ]
        ]
      }
    },
    {
      "type": "Feature",
      "properties": {
        "key_code": "33212086091",
        "pref": "岡山県",
        "city": "瀬戸内市",
        "ward": "",
        "district": "邑久町虫明瀬戸東",
        "name": "瀬戸内市  邑久町虫明瀬戸東"
      },
      "geometry": {
        "type": "Polygon",
        "coordinates": [
          [
            [
              134.2264628027,
              34.6907521137
            ],
            [
              134.2244254262,
              34.6907188965
            ],
            [
              134.2213119025,
              34.6904346382
            ],
            [
              134.2200795539,
              34.6906067557
            ],
            [
              134.2186034856,
              34.6909528749
            ],
            [
              134.2176545711,
              34.6915145695
            ],
            [
              134.2154659423,
              34.690530687
            ],
            [
              134.2152592802,
              34.6903044086
            ],
            [
              134.2142981006,
              34.6901104965
            ],
            [
              134.2138227753,
              34.6895489901
            ],
            [
              134.2133224737,
              34.6892863588
            ],
            [
              134.2128949074,
              34.6888689935
            ],
            [
              134.2124977207,
              34.688264032
            ],
            [
              134.2119808176,
              34.6872093265
            ],
            [
              134.2119534808,
              34.6862589205
            ],
            [
              134.2124080904,
              34.6842802909
            ],
            [
              134.2127598455,
              34.6840763931
            ],
            [
              134.213504148,
              34.6848253758
            ],
            [
              134.2138088022,
              34.6847129871
            ],
            [
              134.2142332871,
              34.6839885367
            ],
            [
              134.2138240396,
              34.68473723
            ],
            [
              134.213237569,
              34.6850216122
            ],
            [
              134.2127053299,
              34.6855421272
            ],
            [
              134.2132822623,
              34.6850622239
            ],
            [
              134.2138369467,
              34.6848697917
            ],
            [
              134.2146862468,
              34.6847101823
            ],
            [
              134.2146981715,
              34.6847706227
            ],
            [
              134.2153880344,
              34.6846748038
            ],
            [
              134.2156978385,
              34.6847760999
            ],
            [
              134.2163582911,
              34.6846460178
            ],
            [
              134.2163617495,
              34.6845143176
            ],
            [
              134.2164721276,
              34.6844117357
            ],
            [
              134.2169219382,
              34.6842814482
            ],
            [
              134.2168854545,
              34.6838450287
            ],
            [
              134.2181820681,
              34.6837723097
            ],
            [
              134.2182138899,
              34.6836516218
            ],
            [
              134.2181652547,
              34.6840896519
            ],
            [
              134.2184082325,
              34.6843693482
            ],
            [
              134.2184814768,
              34.6842819433
            ],
            [
              134.2185861712,
              34.6843326101
            ],
            [
              134.2184943288,
              34.6844587344
            ],
            [
              134.2186306067,
              34.6845598604
            ],
            [
              134.2189033676,
              34.684615052
            ],
            [
              134.2194076518,
              34.6845587578
            ],
            [
              134.2196965021,
              34.6848177889
            ],
            [
              134.2220116678,
              34.6853174468
            ],
            [
              134.2225704202,
              34.6853388038
            ],
            [
              134.2226705879,
              34.6855173646
            ],
            [
              134.2225885743,
              34.6856363179
            ],
            [
              134.2226010951,
              34.6860645454
            ],
            [
              134.2229475842,
              34.6864867367
            ],
            [
              134.2239043137,
              34.6867994631
            ],
            [
              134.2243218958,
              34.6871126845
            ],
            [
              134.2245979129,
              34.687190404
            ],
            [
              134.2255802745,
              34.687110143
            ],
            [
              134.2259905877,
              34.68715389
            ],
            [
              134.2268806532,
              34.6875431591
            ],
            [
              134.2272221942,
              34.6875930396
            ],
            [
              134.2275745056,
              34.6877537843
            ],
            [
              134.227674753,
              34.6878800806
            ],
            [
              134.2277997272,
              34.6882948766
            ],
            [
              134.2280613084,
              34.6885710452
            ],
            [
              134.2281722343,
              34.6888811704
            ],
            [
              134.2281029485,
              34.689290445
            ],
            [
              134.2279314499,
              34.6894011525
            ],
            [
              134.2271185088,
              34.6892715601
            ],
            [
              134.2269654442,
              34.6894751083
            ],
            [
              134.2267842254,
              34.6895110097
            ],
            [
              134.2267588086,
              34.6897445304
            ],
            [
              134.2271217017,
              34.6901748892
            ],
            [
              134.2271038528,
              34.6904660275
            ],
            [
              134.2269519806,
              34.6905956262
            ],
            [
              134.227057733,
              34.690678684
            ],
            [
              134.2268228619,
              34.6908407477
            ],
            [
              134.226819797,
              34.6906821379
            ],
            [
              134.2266081851,
              34.6905899722
            ],
            [
              134.2264628027,
              34.6907521137
            ]
          ]
        ]
      }
    },
    {
      "type": "Feature",
      "properties": {
        "key_code": "33212086092",
        "pref": "岡山県",
        "city": "瀬戸内市",
        "ward": "",
        "district": "邑久町虫明浜西",
        "name": "瀬戸内市  邑久町虫明浜西"
      },
      "geometry": {
        "type": "Polygon",
        "coordinates": [
          [
            [
              134.2106279336,
              34.684189206
            ],
            [
              134.2103326315,
              34.6839366281
            ],
            [
              134.2097344942,
              34.6839143297
            ],
            [
              134.2090087222,
              34.68358426
            ],
            [
              134.2087527507,
              34.6835975205
            ],
            [
              134.2087531311,
              34.6833435503
            ],
            [
              134.209140757,
              34.6830791305
            ],
            [
              134.2094412748,
              34.6830243608
            ],
            [
              134.2102532694,
              34.6829692634
            ],
            [
              134.2106456839,
              34.6830600915
            ],
            [
              134.2108016516,
              34.6830209482
            ],
            [
              134.2108876755,
              34.6823078609
            ],
            [
              134.2119002528,
              34.6822705597
            ],
            [
              134.2117966337,
              34.682828544
            ],
            [
              134.2116374259,
              34.6829991074
            ],
            [
              134.2117878068,
              34.6834260625
            ],
            [
              134.2119230188,
              34.6833539364
            ],
            [
              134.2120181153,
              34.6835444737
            ],
            [
              134.2122101367,
              34.6834762063
            ],
            [
              134.211993706,
              34.6838894151
            ],
            [
              134.21188671,
              34.6840084765
            ],
            [
              134.2113255202,
              34.6842549835
            ],
            [
              134.2106279336,
              34.684189206
            ]
          ]
        ]
      }
    },
    {
      "type": "Feature",
      "properties": {
        "key_code": "33212086093",
        "pref": "岡山県",
        "city": "瀬戸内市",
        "ward": "",
        "district": "邑久町虫明浜東",
        "name": "瀬戸内市  邑久町虫明浜東"
      },
      "geometry": {
        "type": "Polygon",
        "coordinates": [
          [
            [
              134.2125800879,
              34.6838606988
            ],
            [
              134.2122101367,
              34.6834762063
            ],
            [
              134.2120181153,
              34.6835444737
            ],
            [
              134.2119230188,
              34.6833539364
            ],
            [
              134.2117878068,
              34.6834260625
            ],
            [
              134.2116767923,
              34.6832552295
            ],
            [
              134.2116374259,
              34.6829991074
            ],
            [
              134.2117966337,
              34.682828544
            ],
            [
              134.2119002528,
              34.6822705597
            ],
            [
              134.2108876755,
              34.6823078609
            ],
            [
              134.210856659,
              34.6818617263
            ],
            [
              134.2109251378,
              34.681736148
            ],
            [
              134.212052805,
              34.6804984117
            ],
            [
              134.2171356883,
              34.6810798985
            ],
            [
              134.2184311565,
              34.6813424217
            ],
            [
              134.2197828552,
              34.6817087977
            ],
            [
              134.2204239364,
              34.6819599831
            ],
            [
              134.2216278433,
              34.6826639866
            ],
            [
              134.2214760659,
              34.6827296295
            ],
            [
              134.220974123,
              34.682679585
            ],
            [
              134.2206716689,
              34.6827919943
            ],
            [
              134.2206038769,
              34.6828848995
            ],
            [
              134.2207316407,
              34.6836232673
            ],
            [
              134.2205014345,
              34.682785639
            ],
            [
              134.2203159521,
              34.6827539144
            ],
            [
              134.2203204076,
              34.6826834883
            ],
            [
              134.2201599443,
              34.682709539
            ],
            [
              134.220025522,
              34.682848303
            ],
            [
              134.21986088,
              34.6827434903
            ],
            [
              134.2198500859,
              34.6826569915
            ],
            [
              134.2191417994,
              34.6826643598
            ],
            [
              134.2191252874,
              34.6819828612
            ],
            [
              134.2175373681,
              34.682017424
            ],
            [
              134.2168776804,
              34.6823900759
            ],
            [
              134.2168742994,
              34.6824675454
            ],
            [
              134.2167959203,
              34.6823268924
            ],
            [
              134.2166617089,
              34.6823132415
            ],
            [
              134.2166549145,
              34.6824907189
            ],
            [
              134.2150331956,
              34.6824919733
            ],
            [
              134.2142116586,
              34.6830878567
            ],
            [
              134.2146986831,
              34.68364825
            ],
            [
              134.2139860294,
              34.682901982
            ],
            [
              134.2135403802,
              34.683162981
            ],
            [
              134.2137899495,
              34.6834057875
            ],
            [
              134.2137309609,
              34.6834417898
            ],
            [
              134.213517447,
              34.6831764811
            ],
            [
              134.213138432,
              34.6833969764
            ],
            [
              134.2131173265,
              34.6836565608
            ],
            [
              134.2127997457,
              34.6836527257
            ],
            [
              134.2125800879,
              34.6838606988
            ]
          ]
        ]
      }
    },
    {
      "type": "Feature",
      "properties": {
        "key_code": "33212086094",
        "pref": "岡山県",
        "city": "瀬戸内市",
        "ward": "",
        "district": "邑久町虫明瀬溝",
        "name": "瀬戸内市  邑久町虫明瀬溝"
      },
      "geometry": {
        "type": "Polygon",
        "coordinates": [
          [
            [
              134.2198734835,
              34.6774147339
            ],
            [
              134.2200020897,
              34.6776726329
            ],
            [
              134.2201931196,
              34.6776304102
            ],
            [
              134.2203702357,
              34.6781859964
            ],
            [
              134.2202631771,
              34.6782705561
            ],
            [
              134.2210232503,
              34.6786724283
            ],
            [
              134.2214531632,
              34.6795122107
            ],
            [
              134.2210024918,
              34.6786869172
            ],
            [
              134.2202326112,
              34.6782795429
            ],
            [
              134.220015392,
              34.6783163873
            ],
            [
              134.2203037759,
              34.6797013144
            ],
            [
              134.2200886812,
              34.6797795742
            ],
            [
              134.2202664719,
              34.6798436901
            ],
            [
              134.220284907,
              34.6799303357
            ],
            [
              134.2200021692,
              34.6799940247
            ],
            [
              134.2198535561,
              34.6801399588
            ],
            [
              134.2199320497,
              34.6801994753
            ],
            [
              134.2195563423,
              34.6804137971
            ],
            [
              134.2196498935,
              34.6806284141
            ],
            [
              134.2193353197,
              34.6808309598
            ],
            [
              134.2198545353,
              34.6810144218
            ],
            [
              134.2207159727,
              34.6807213852
            ],
            [
              134.2210774423,
              34.680544938
            ],
            [
              134.221019196,
              34.6800410263
            ],
            [
              134.2210971328,
              34.6805088958
            ],
            [
              134.2214265792,
              34.6806038567
            ],
            [
              134.2222072203,
              34.6811419537
            ],
            [
              134.2224943367,
              34.6810664316
            ],
            [
              134.2229760022,
              34.6807792319
            ],
            [
              134.2232759812,
              34.6808786692
            ],
            [
              134.2230468383,
              34.6816619286
            ],
            [
              134.2229320938,
              34.6817771897
            ],
            [
              134.2225196114,
              34.6817489243
            ],
            [
              134.2221439503,
              34.6819270528
            ],
            [
              134.2218177789,
              34.6826344387
            ],
            [
              134.2216278433,
              34.6826639866
            ],
            [
              134.2204239364,
              34.6819599831
            ],
            [
              134.2197828552,
              34.6817087977
            ],
            [
              134.2179329113,
              34.6812308118
            ],
            [
              134.2163297116,
              34.6809788357
            ],
            [
              134.212052805,
              34.6804984117
            ],
            [
              134.2123539598,
              34.6757938181
            ],
            [
              134.2139167158,
              34.674938629
            ],
            [
              134.214011128,
              34.6753203155
            ],
            [
              134.2137962529,
              34.675249816
            ],
            [
              134.2138179647,
              34.6753282979
            ],
            [
              134.2140067095,
              34.6753545408
            ],
            [
              134.2141252682,
              34.6756269419
            ],
            [
              134.2146596047,
              34.6758880553
            ],
            [
              134.2157765822,
              34.6762081843
            ],
            [
              134.2164869963,
              34.6762061872
            ],
            [
              134.2166705448,
              34.6760494418
            ],
            [
              134.2174063441,
              34.6758401137
            ],
            [
              134.2174359804,
              34.6757104076
            ],
            [
              134.2177088782,
              34.6756484035
            ],
            [
              134.2180892814,
              34.6759688015
            ],
            [
              134.2187326345,
              34.6763183215
            ],
            [
              134.2186898144,
              34.6765039391
            ],
            [
              134.2188152973,
              34.676512226
            ],
            [
              134.2186995814,
              34.6765463477
            ],
            [
              134.218759472,
              34.6766392325
            ],
            [
              134.2193756057,
              34.6769490017
            ],
            [
              134.2194717781,
              34.6768445704
            ],
            [
              134.219400685,
              34.6769617022
            ],
            [
              134.2198734835,
              34.6774147339
            ]
          ]
        ]
      }
    },
    {
      "type": "Feature",
      "properties": {
        "key_code": "33212086094",
        "pref": "岡山県",
        "city": "瀬戸内市",
        "ward": "",
        "district": "邑久町虫明瀬溝",
        "name": "瀬戸内市  邑久町虫明瀬溝"
      },
      "geometry": {
        "type": "Polygon",
        "coordinates": [
          [
            [
              134.2251275479,
              34.6795308822
            ],
            [
              134.225636038,
              34.6795709144
            ],
            [
              134.2259587539,
              34.6798037606
            ],
            [
              134.2260487688,
              34.680240226
            ],
            [
              134.2264702515,
              34.6808878518
            ],
            [
              134.2264896355,
              34.6810933849
            ],
            [
              134.2258296587,
              34.6817131548
            ],
            [
              134.2254116515,
              34.6817361675
            ],
            [
              134.2249585392,
              34.6818953602
            ],
            [
              134.2243791778,
              34.6817884941
            ],
            [
              134.2239256466,
              34.6814455144
            ],
            [
              134.2238091293,
              34.6812532757
            ],
            [
              134.2244361444,
              34.6808085765
            ],
            [
              134.2245496312,
              34.6808113545
            ],
            [
              134.2245445577,
              34.6805228673
            ],
            [
              134.2248091772,
              34.680130947
            ],
            [
              134.2249713233,
              34.6796514608
            ],
            [
              134.2251275479,
              34.6795308822
            ]
          ]
        ]
      }
    },
    {
      "type": "Feature",
      "properties": {
        "key_code": "33212086095",
        "pref": "岡山県",
        "city": "瀬戸内市",
        "ward": "",
        "district": "邑久町虫明田辺里",
        "name": "瀬戸内市  邑久町虫明田辺里"
      },
      "geometry": {
        "type": "Polygon",
        "coordinates": [
          [
            [
              134.2087527507,
              34.6835975205
            ],
            [
              134.2073638545,
              34.6835735517
            ],
            [
              134.2075112216,
              34.6806712853
            ],
            [
              134.2072530853,
              34.6801687103
            ],
            [
              134.2068667563,
              34.6782119032
            ],
            [
              134.2063417475,
              34.6770655869
            ],
            [
              134.208162026,
              34.6769295784
            ],
            [
              134.2083526419,
              34.6764487339
            ],
            [
              134.2094927093,
              34.6759582996
            ],
            [
              134.2094973736,
              34.6728216089
            ],
            [
              134.2113775845,
              34.6726005097
            ],
            [
              134.2120604645,
              34.6727454263
            ],
            [
              134.2126829473,
              34.6731617201
            ],
            [
              134.2130505681,
              34.6732450482
            ],
            [
              134.2133550687,
              34.6732047773
            ],
            [
              134.2133816981,
              34.6729027956
            ],
            [
              134.2138837543,
              34.6728338382
            ],
            [
              134.2138770269,
              34.672954551
            ],
            [
              134.2142706217,
              34.6731911576
            ],
            [
              134.2140336645,
              34.6733036177
            ],
            [
              134.2140550939,
              34.6735786009
            ],
            [
              134.2138321776,
              34.6737893952
            ],
            [
              134.2139437555,
              34.6743646429
            ],
            [
              134.2139167158,
              34.674938629
            ],
            [
              134.2123539598,
              34.6757938181
            ],
            [
              134.212052805,
              34.6804984117
            ],
            [
              134.210856659,
              34.6818617263
            ],
            [
              134.2108351636,
              34.6829954865
            ],
            [
              134.2106456839,
              34.6830600915
            ],
            [
              134.2102532694,
              34.6829692634
            ],
            [
              134.209140757,
              34.6830791305
            ],
            [
              134.2087531311,
              34.6833435503
            ],
            [
              134.2087527507,
              34.6835975205
            ]
          ]
        ]
      }
    },
    {
      "type": "Feature",
      "properties": {
        "key_code": "33212086096",
        "pref": "岡山県",
        "city": "瀬戸内市",
        "ward": "",
        "district": "邑久町虫明",
        "name": "瀬戸内市  邑久町虫明"
      },
      "geometry": {
        "type": "Polygon",
        "coordinates": [
          [
            [
              134.2291793557,
              34.6771101732
            ],
            [
              134.2289411864,
              34.6773181669
            ],
            [
              134.2284747943,
              34.6767895266
            ],
            [
              134.2277524087,
              34.6767610127
            ],
            [
              134.2273740486,
              34.6765262872
            ],
            [
              134.2274162142,
              34.675980899
            ],
            [
              134.2276307992,
              34.6754319972
            ],
            [
              134.2276503546,
              34.6738002468
            ],
            [
              134.2270133985,
              34.6727025055
            ],
            [
              134.2265881148,
              34.6724777389
            ],
            [
              134.2268010058,
              34.672396787
            ],
            [
              134.226359327,
              34.671346965
            ],
            [
              134.2261717114,
              34.6712908781
            ],
            [
              134.2260014879,
              34.6712917151
            ],
            [
              134.2254865912,
              34.6720169926
            ],
            [
              134.2260596584,
              34.6727125185
            ],
            [
              134.2263347296,
              34.6726488078
            ],
            [
              134.2260726849,
              34.6727666216
            ],
            [
              134.2262149258,
              34.6733094945
            ],
            [
              134.226329364,
              34.6734177782
            ],
            [
              134.2263554043,
              34.6752226897
            ],
            [
              134.2255159927,
              34.6762370147
            ],
            [
              134.2249154398,
              34.6765106036
            ],
            [
              134.2246333977,
              34.676888994
            ],
            [
              134.2243396507,
              34.6770419915
            ],
            [
              134.2239795089,
              34.6770587133
            ],
            [
              134.2234755793,
              34.6768779549
            ],
            [
              134.2228656945,
              34.6767737284
            ],
            [
              134.2217446401,
              34.6770142908
            ],
            [
              134.2211369587,
              34.6769092144
            ],
            [
              134.2207760081,
              34.676715901
            ],
            [
              134.2200712335,
              34.6765890379
            ],
            [
              134.2197705897,
              34.6761885671
            ],
            [
              134.2196397078,
              34.676138862
            ],
            [
              134.2195413046,
              34.6762775213
            ],
            [
              134.2196048114,
              34.6761279834
            ],
            [
              134.219397597,
              34.6760384843
            ],
            [
              134.2191716455,
              34.6760825045
            ],
            [
              134.2185328055,
              34.6756212871
            ],
            [
              134.2185212798,
              34.6752795428
            ],
            [
              134.2186407135,
              34.6749298919
            ],
            [
              134.2182681188,
              34.6744904744
            ],
            [
              134.2183262746,
              34.6742579642
            ],
            [
              134.2186158016,
              34.6740039776
            ],
            [
              134.2187161912,
              34.6740077342
            ],
            [
              134.2187938782,
              34.6738527159
            ],
            [
              134.2191366491,
              34.673763728
            ],
            [
              134.2197482036,
              34.6734208697
            ],
            [
              134.2198255998,
              34.6737094287
            ],
            [
              134.2199299113,
              34.6738148904
            ],
            [
              134.2206297395,
              34.6741224749
            ],
            [
              134.2207378218,
              34.6742983712
            ],
            [
              134.2214249092,
              34.6740096658
            ],
            [
              134.2223608976,
              34.6742023699
            ],
            [
              134.2223224355,
              34.6740296367
            ],
            [
              134.2227042865,
              34.6734531466
            ],
            [
              134.2230216756,
              34.6733446869
            ],
            [
              134.2233969597,
              34.673332347
            ],
            [
              134.2238984986,
              34.6729283783
            ],
            [
              134.2244636201,
              34.6727180094
            ],
            [
              134.2249979811,
              34.6723475901
            ],
            [
              134.2260131966,
              34.6711790343
            ],
            [
              134.2264151748,
              34.6712986973
            ],
            [
              134.2267573157,
              34.6721322061
            ],
            [
              134.2281382362,
              34.67173194
            ],
            [
              134.2284479385,
              34.6715659864
            ],
            [
              134.2287888418,
              34.6711955241
            ],
            [
              134.228925439,
              34.6708882748
            ],
            [
              134.2292936345,
              34.6712908963
            ],
            [
              134.2297876819,
              34.6715004984
            ],
            [
              134.2307586644,
              34.671650069
            ],
            [
              134.2316644081,
              34.6716129329
            ],
            [
              134.2321316854,
              34.6714131525
            ],
            [
              134.232405939,
              34.6711222123
            ],
            [
              134.2324848633,
              34.6708220953
            ],
            [
              134.2323747668,
              34.670732697
            ],
            [
              134.2321346674,
              34.6707632067
            ],
            [
              134.2322582006,
              34.6705748328
            ],
            [
              134.2322083,
              34.6703385623
            ],
            [
              134.2322840079,
              34.6699071572
            ],
            [
              134.2325680892,
              34.669685244
            ],
            [
              134.2326837495,
              34.6696943546
            ],
            [
              134.2326926293,
              34.6695681449
            ],
            [
              134.2329459525,
              34.6694286125
            ],
            [
              134.2330342548,
              34.6694936244
            ],
            [
              134.2332034409,
              34.6694486853
            ],
            [
              134.2332828853,
              34.6696227215
            ],
            [
              134.2337945633,
              34.6696962479
            ],
            [
              134.2340573249,
              34.6698704324
            ],
            [
              134.2345473068,
              34.6698384296
            ],
            [
              134.2347216977,
              34.6700043688
            ],
            [
              134.2349531083,
              34.6699387704
            ],
            [
              134.235242072,
              34.6701057848
            ],
            [
              134.235343301,
              34.6703150493
            ],
            [
              134.2355494492,
              34.6703908585
            ],
            [
              134.2354467216,
              34.6705188225
            ],
            [
              134.2355468446,
              34.6707452721
            ],
            [
              134.2357419689,
              34.6709077035
            ],
            [
              134.2357723445,
              34.6710654963
            ],
            [
              134.2356292763,
              34.6711627193
            ],
            [
              134.235574521,
              34.6713276284
            ],
            [
              134.2357138913,
              34.6715820002
            ],
            [
              134.2368442054,
              34.67266474
            ],
            [
              134.2373457076,
              34.6730591362
            ],
            [
              134.2377666928,
              34.6732613268
            ],
            [
              134.2381997793,
              34.6733671737
            ],
            [
              134.2387651591,
              34.6732666133
            ],
            [
              134.2391931744,
              34.6730352206
            ],
            [
              134.2397776483,
              34.672442483
            ],
            [
              134.2403267712,
              34.6722347014
            ],
            [
              134.2409452661,
              34.6724263269
            ],
            [
              134.2412869274,
              34.6723291051
            ],
            [
              134.2420855751,
              34.672440707
            ],
            [
              134.2422067148,
              34.6724281189
            ],
            [
              134.2423160081,
              34.6722712751
            ],
            [
              134.2424109402,
              34.6722713457
            ],
            [
              134.2424970186,
              34.6723869206
            ],
            [
              134.242571314,
              34.6723048501
            ],
            [
              134.2427294797,
              34.6723600467
            ],
            [
              134.2436506906,
              34.6721488616
            ],
            [
              134.2439245283,
              34.6722021689
            ],
            [
              134.2441755694,
              34.6721437513
            ],
            [
              134.244593272,
              34.6723585968
            ],
            [
              134.2446574039,
              34.6725922016
            ],
            [
              134.2448930379,
              34.6726581579
            ],
            [
              134.2450567643,
              34.6726168608
            ],
            [
              134.2451177066,
              34.6727746768
            ],
            [
              134.2452650746,
              34.6727242123
            ],
            [
              134.2453129747,
              34.672830743
            ],
            [
              134.2452179885,
              34.6728811047
            ],
            [
              134.2452003401,
              34.6730587262
            ],
            [
              134.2453791408,
              34.6732094438
            ],
            [
              134.2455243,
              34.6731825018
            ],
            [
              134.245341889,
              34.6733526793
            ],
            [
              134.2456493834,
              34.6735702606
            ],
            [
              134.2456121518,
              34.6736946195
            ],
            [
              134.2454517468,
              34.673691828
            ],
            [
              134.2447220468,
              34.6741341869
            ],
            [
              134.2415194633,
              34.6770373237
            ],
            [
              134.2406691426,
              34.6782205127
            ],
            [
              134.2403115237,
              34.6789862273
            ],
            [
              134.2401228842,
              34.6788536741
            ],
            [
              134.2392817167,
              34.6786528579
            ],
            [
              134.2383290932,
              34.6785835111
            ],
            [
              134.2372446628,
              34.6783076906
            ],
            [
              134.2364053731,
              34.6783801222
            ],
            [
              134.2359888415,
              34.6780886231
            ],
            [
              134.2356637059,
              34.6780306043
            ],
            [
              134.2354181013,
              34.6780836517
            ],
            [
              134.2351941706,
              34.6782637749
            ],
            [
              134.2350388085,
              34.6785898816
            ],
            [
              134.234455299,
              34.6792079266
            ],
            [
              134.2339184598,
              34.6791497373
            ],
            [
              134.233608848,
              34.6788880464
            ],
            [
              134.2329640835,
              34.6787369369
            ],
            [
              134.2325809138,
              34.6788331102
            ],
            [
              134.2320434812,
              34.679245528
            ],
            [
              134.2318196863,
              34.6793084474
            ],
            [
              134.2310558391,
              34.6792582256
            ],
            [
              134.2302812576,
              34.6790674103
            ],
            [
              134.2296088447,
              34.6792074193
            ],
            [
              134.2292509161,
              34.6791954223
            ],
            [
              134.2287797828,
              34.6789534424
            ],
            [
              134.2287071631,
              34.6785639001
            ],
            [
              134.2288745183,
              34.6782593615
            ],
            [
              134.229460164,
              34.6776964069
            ],
            [
              134.2295269421,
              34.6775260188
            ],
            [
              134.2293353225,
              34.6771760901
            ],
            [
              134.2294248317,
              34.6771581358
            ],
            [
              134.2293867371,
              34.6770787967
            ],
            [
              134.2290149512,
              34.6768061894
            ],
            [
              134.2287705525,
              34.6767754129
            ],
            [
              134.2291793557,
              34.6771101732
            ]
          ]
        ]
      }
    },
    {
      "type": "Feature",
      "properties": {
        "key_code": "33212086097",
        "pref": "岡山県",
        "city": "瀬戸内市",
        "ward": "",
        "district": "邑久町虫明",
        "name": "瀬戸内市  邑久町虫明"
      },
      "geometry": {
        "type": "Polygon",
        "coordinates": [
          [
            [
              134.228925439,
              34.6708882748
            ],
            [
              134.2287888418,
              34.6711955241
            ],
            [
              134.2284479385,
              34.6715659864
            ],
            [
              134.2281382362,
              34.67173194
            ],
            [
              134.2267573157,
              34.6721322061
            ],
            [
              134.2264151748,
              34.6712986973
            ],
            [
              134.2259823228,
              34.6711895713
            ],
            [
              134.2249979811,
              34.6723475901
            ],
            [
              134.2244636201,
              34.6727180094
            ],
            [
              134.2238984986,
              34.6729283783
            ],
            [
              134.2233969597,
              34.673332347
            ],
            [
              134.2230216756,
              34.6733446869
            ],
            [
              134.2227042865,
              34.6734531466
            ],
            [
              134.2223224355,
              34.6740296367
            ],
            [
              134.2223608976,
              34.6742023699
            ],
            [
              134.2214249092,
              34.6740096658
            ],
            [
              134.2207378218,
              34.6742983712
            ],
            [
              134.2206297395,
              34.6741224749
            ],
            [
              134.22003811,
              34.6739044385
            ],
            [
              134.2197793142,
              34.6736038797
            ],
            [
              134.2197482036,
              34.6734208697
            ],
            [
              134.2200211471,
              34.673319278
            ],
            [
              134.220233138,
              34.6730985995
            ],
            [
              134.2204139311,
              34.6725541879
            ],
            [
              134.2203687306,
              34.6720988766
            ],
            [
              134.220708573,
              34.6717439307
            ],
            [
              134.220682532,
              34.6716322016
            ],
            [
              134.2209616633,
              34.6709868801
            ],
            [
              134.2212631377,
              34.6707654345
            ],
            [
              134.2223096585,
              34.6707051031
            ],
            [
              134.2224757283,
              34.6705510087
            ],
            [
              134.2222662306,
              34.6705418038
            ],
            [
              134.2224201401,
              34.6705077129
            ],
            [
              134.2225469973,
              34.6702959689
            ],
            [
              134.2226013837,
              34.669611837
            ],
            [
              134.2224828596,
              34.6692978783
            ],
            [
              134.2224876046,
              34.6690157261
            ],
            [
              134.222559981,
              34.6687426505
            ],
            [
              134.2227620809,
              34.6685661866
            ],
            [
              134.2226871429,
              34.6683063604
            ],
            [
              134.2229424911,
              34.6682885598
            ],
            [
              134.2229389985,
              34.6684553431
            ],
            [
              134.2230315819,
              34.6685799528
            ],
            [
              134.2234692082,
              34.668523436
            ],
            [
              134.223885159,
              34.6683625152
            ],
            [
              134.2240020645,
              34.6682489407
            ],
            [
              134.2240733401,
              34.6679822019
            ],
            [
              134.2243428072,
              34.6680121651
            ],
            [
              134.2244095735,
              34.6678599476
            ],
            [
              134.2246225354,
              34.6677167337
            ],
            [
              134.2252987098,
              34.6679779363
            ],
            [
              134.2258412226,
              34.6678178253
            ],
            [
              134.2258212411,
              34.6680747491
            ],
            [
              134.2262169976,
              34.6683402071
            ],
            [
              134.2265639084,
              34.6683991107
            ],
            [
              134.2266622514,
              34.6682910106
            ],
            [
              134.2268859397,
              34.6682903604
            ],
            [
              134.2269447036,
              34.6684093032
            ],
            [
              134.2270289185,
              34.6682579441
            ],
            [
              134.2271173054,
              34.6682606975
            ],
            [
              134.2270877428,
              34.6683382889
            ],
            [
              134.2271989017,
              34.6684492478
            ],
            [
              134.2269825404,
              34.6686861396
            ],
            [
              134.2270434298,
              34.6688601635
            ],
            [
              134.2269073933,
              34.6694290065
            ],
            [
              134.2274183873,
              34.6700334846
            ],
            [
              134.2281904448,
              34.6704236399
            ],
            [
              134.2287387605,
              34.6708568441
            ],
            [
              134.228925439,
              34.6708882748
            ]
          ]
        ]
      }
    },
    {
      "type": "Feature",
      "properties": {
        "key_code": "33212086098",
        "pref": "岡山県",
        "city": "瀬戸内市",
        "ward": "",
        "district": "邑久町虫明",
        "name": "瀬戸内市  邑久町虫明"
      },
      "geometry": {
        "type": "Polygon",
        "coordinates": [
          [
            [
              134.2522721702,
              34.6755047252
            ],
            [
              134.2524924577,
              34.6756472742
            ],
            [
              134.2520818088,
              34.6760049678
            ],
            [
              134.2521077205,
              34.6762862935
            ],
            [
              134.2516477891,
              34.6768197596
            ],
            [
              134.2514393375,
              34.6768520321
            ],
            [
              134.25118708,
              34.677036696
            ],
            [
              134.2512964581,
              34.6767789768
            ],
            [
              134.2511106029,
              34.6760277613
            ],
            [
              134.251358579,
              34.6757574487
            ],
            [
              134.2518214685,
              34.6755386828
            ],
            [
              134.2521444974,
              34.6755091557
            ],
            [
              134.2521389324,
              34.6756200145
            ],
            [
              134.2522721702,
              34.6755047252
            ]
          ]
        ]
      }
    },
    {
      "type": "Feature",
      "properties": {
        "key_code": "33212086098",
        "pref": "岡山県",
        "city": "瀬戸内市",
        "ward": "",
        "district": "邑久町虫明",
        "name": "瀬戸内市  邑久町虫明"
      },
      "geometry": {
        "type": "Polygon",
        "coordinates": [
          [
            [
              134.2528354021,
              34.6834542474
            ],
            [
              134.2540314297,
              34.6847532506
            ],
            [
              134.2554147948,
              34.685820364
            ],
            [
              134.2561623051,
              34.686033215
            ],
            [
              134.2573071151,
              34.6861689589
            ],
            [
              134.2590829071,
              34.6862085568
            ],
            [
              134.2594217876,
              34.6861219758
            ],
            [
              134.260064963,
              34.6854853676
            ],
            [
              134.2606207474,
              34.6845833309
            ],
            [
              134.2607966463,
              34.6838788482
            ],
            [
              134.2607742107,
              34.6828654891
            ],
            [
              134.2605182776,
              34.6816784621
            ],
            [
              134.2604897964,
              34.6808918847
            ],
            [
              134.2599774909,
              34.6790385885
            ],
            [
              134.2597093625,
              34.6784400689
            ],
            [
              134.259426403,
              34.6780805797
            ],
            [
              134.2590469049,
              34.6778993658
            ],
            [
              134.2588568117,
              34.677900249
            ],
            [
              134.2586083208,
              34.6781207058
            ],
            [
              134.2584648059,
              34.6787373141
            ],
            [
              134.2577404166,
              34.6791142782
            ],
            [
              134.256966247,
              34.6791723034
            ],
            [
              134.2567551222,
              34.6795650412
            ],
            [
              134.2562320689,
              34.6799454864
            ],
            [
              134.2549936084,
              34.6800121084
            ],
            [
              134.2537148114,
              34.679739085
            ],
            [
              134.2531280091,
              34.6791839
            ],
            [
              134.2527838673,
              34.6790459369
            ],
            [
              134.2526462971,
              34.6789080969
            ],
            [
              134.2525234716,
              34.6786340561
            ],
            [
              134.2525478519,
              34.6782531916
            ],
            [
              134.252466626,
              34.6781017129
            ],
            [
              134.2518586079,
              34.6778893458
            ],
            [
              134.2512556356,
              34.6778579916
            ],
            [
              134.2511574262,
              34.6780111952
            ],
            [
              134.2512002233,
              34.6789916025
            ],
            [
              134.2509745027,
              34.6792909271
            ],
            [
              134.2505058769,
              34.6795372816
            ],
            [
              134.2492128908,
              34.6798586209
            ],
            [
              134.2478764485,
              34.6798491859
            ],
            [
              134.2472303751,
              34.6800986468
            ],
            [
              134.2466370997,
              34.6800492044
            ],
            [
              134.2466715259,
              34.6806995619
            ],
            [
              134.2464934028,
              34.6813885029
            ],
            [
              134.2462941216,
              34.681615984
            ],
            [
              134.2473644357,
              34.6815337785
            ],
            [
              134.2475163313,
              34.6820750443
            ],
            [
              134.2472133091,
              34.6827810951
            ],
            [
              134.2469831666,
              34.6831158876
            ],
            [
              134.2469476026,
              34.683468144
            ],
            [
              134.2471255655,
              34.6836812437
            ],
            [
              134.2473399913,
              34.6837761885
            ],
            [
              134.247730369,
              34.6837648904
            ],
            [
              134.2481362255,
              34.6835289362
            ],
            [
              134.2488468915,
              34.6837079958
            ],
            [
              134.2482684937,
              34.6837356571
            ],
            [
              134.2479288218,
              34.6839888392
            ],
            [
              134.2469728104,
              34.6839890468
            ],
            [
              134.2466337106,
              34.6837048417
            ],
            [
              134.2462121061,
              34.6830257559
            ],
            [
              134.2462581955,
              34.6827994333
            ],
            [
              134.2464853823,
              34.682628314
            ],
            [
              134.2470441304,
              34.682648571
            ],
            [
              134.2472396451,
              34.6824981344
            ],
            [
              134.2472671166,
              34.682326873
            ],
            [
              134.2473982113,
              34.6822017386
            ],
            [
              134.2471194798,
              34.6816110788
            ],
            [
              134.2466229313,
              34.6816035425
            ],
            [
              134.2462822702,
              34.6817555643
            ],
            [
              134.2463332575,
              34.6820287214
            ],
            [
              134.246259355,
              34.6817520267
            ],
            [
              134.2462483659,
              34.6818204746
            ],
            [
              134.2462277155,
              34.6817446795
            ],
            [
              134.2457606432,
              34.681724624
            ],
            [
              134.2454008699,
              34.6813953232
            ],
            [
              134.2446937689,
              34.6813243805
            ],
            [
              134.2445162114,
              34.681033099
            ],
            [
              134.2442141321,
              34.680837227
            ],
            [
              134.2437122939,
              34.6806854349
            ],
            [
              134.2434633711,
              34.6807763854
            ],
            [
              134.243109866,
              34.6806985099
            ],
            [
              134.24271287,
              34.6804836868
            ],
            [
              134.2426542565,
              34.680206012
            ],
            [
              134.2427253875,
              34.6800347823
            ],
            [
              134.2433137861,
              34.6798764765
            ],
            [
              134.2435061089,
              34.6796557553
            ],
            [
              134.2431175758,
              34.679677157
            ],
            [
              134.2438924924,
              34.6796029386
            ],
            [
              134.2442102227,
              34.6794634435
            ],
            [
              134.2443403026,
              34.6792723968
            ],
            [
              134.2442795908,
              34.6790620524
            ],
            [
              134.2445242556,
              34.6789909591
            ],
            [
              134.2444698503,
              34.6788766845
            ],
            [
              134.2442806692,
              34.6789271116
            ],
            [
              134.2441259845,
              34.67868092
            ],
            [
              134.2436613731,
              34.6784290024
            ],
            [
              134.2427111403,
              34.6781705152
            ],
            [
              134.2416926742,
              34.6784230085
            ],
            [
              134.2415332468,
              34.6785066976
            ],
            [
              134.2414565888,
              34.6787383507
            ],
            [
              134.2414788956,
              34.6792694039
            ],
            [
              134.2415693382,
              34.6793856806
            ],
            [
              134.2414477312,
              34.6797939363
            ],
            [
              134.241003725,
              34.6796593587
            ],
            [
              134.2408282427,
              34.6794644177
            ],
            [
              134.2404421902,
              34.6792360704
            ],
            [
              134.2403115237,
              34.6789862273
            ],
            [
              134.2406691426,
              34.6782205127
            ],
            [
              134.2415194633,
              34.6770373237
            ],
            [
              134.2447220468,
              34.6741341869
            ],
            [
              134.2454440984,
              34.6736990061
            ],
            [
              134.2455923137,
              34.6738829464
            ],
            [
              134.2455081639,
              34.6739992422
            ],
            [
              134.2456542369,
              34.6741435964
            ],
            [
              134.2456811161,
              34.6745259321
            ],
            [
              134.2458783253,
              34.6748190799
            ],
            [
              134.2456643958,
              34.6758998052
            ],
            [
              134.2456590842,
              34.6768013563
            ],
            [
              134.2455353031,
              34.67724669
            ],
            [
              134.2453144533,
              34.6776332114
            ],
            [
              134.2446849679,
              34.678467653
            ],
            [
              134.244692409,
              34.6786461245
            ],
            [
              134.2447992665,
              34.6787246604
            ],
            [
              134.2445142638,
              34.6788586876
            ],
            [
              134.2445674468,
              34.6789652148
            ],
            [
              134.2449008232,
              34.6789020743
            ],
            [
              134.2448407658,
              34.6790010528
            ],
            [
              134.2449145511,
              34.6790771698
            ],
            [
              134.2455340687,
              34.6793851137
            ],
            [
              134.2471748725,
              34.6798694343
            ],
            [
              134.2478636209,
              34.6797238162
            ],
            [
              134.2488652906,
              34.6798281189
            ],
            [
              134.2492582128,
              34.679765261
            ],
            [
              134.2504754028,
              34.6793558392
            ],
            [
              134.2504133808,
              34.6791836735
            ],
            [
              134.2505048767,
              34.6793433212
            ],
            [
              134.250990669,
              34.679168673
            ],
            [
              134.2511404568,
              34.6788974737
            ],
            [
              134.2508926956,
              34.6778866488
            ],
            [
              134.250917997,
              34.6776802943
            ],
            [
              134.2510403097,
              34.6775873966
            ],
            [
              134.2514777712,
              34.6777076802
            ],
            [
              134.2517026956,
              34.6775770917
            ],
            [
              134.2517102226,
              34.6776924653
            ],
            [
              134.2517615758,
              34.6776230492
            ],
            [
              134.2519252156,
              34.6776690706
            ],
            [
              134.251751562,
              34.6778195523
            ],
            [
              134.2524749071,
              34.6779705711
            ],
            [
              134.2527572936,
              34.6782195089
            ],
            [
              134.252975632,
              34.678126807
            ],
            [
              134.2529515373,
              34.6782142704
            ],
            [
              134.2530551823,
              34.6782377157
            ],
            [
              134.2529557199,
              34.6783927412
            ],
            [
              134.2528192592,
              34.6784467498
            ],
            [
              134.252805909,
              34.6786991589
            ],
            [
              134.2538787449,
              34.6796400172
            ],
            [
              134.2547591619,
              34.6798732276
            ],
            [
              134.2561549084,
              34.6798523353
            ],
            [
              134.2565534323,
              34.6796343708
            ],
            [
              134.2566028981,
              34.6792657714
            ],
            [
              134.2567100318,
              34.6790675024
            ],
            [
              134.2566534103,
              34.6789439367
            ],
            [
              134.2569186624,
              34.6788611197
            ],
            [
              134.2570385584,
              34.6790072572
            ],
            [
              134.2573648353,
              34.6790137783
            ],
            [
              134.2579564907,
              34.6788102822
            ],
            [
              134.2580722621,
              34.6787076597
            ],
            [
              134.2584954839,
              34.6777314386
            ],
            [
              134.2593153463,
              34.6773550742
            ],
            [
              134.2595621396,
              34.6771640562
            ],
            [
              134.2597217412,
              34.6768549473
            ],
            [
              134.2595478305,
              34.6761020801
            ],
            [
              134.259848123,
              34.6758741857
            ],
            [
              134.2600449312,
              34.6754479021
            ],
            [
              134.2602065025,
              34.6753686866
            ],
            [
              134.2602173578,
              34.6754317993
            ],
            [
              134.2604999826,
              34.6754346314
            ],
            [
              134.2607628712,
              34.675544791
            ],
            [
              134.2616669022,
              34.6749863403
            ],
            [
              134.262048881,
              34.6749287927
            ],
            [
              134.2623870974,
              34.6750002519
            ],
            [
              134.2625650315,
              34.6749299159
            ],
            [
              134.2625780299,
              34.6750364152
            ],
            [
              134.2627089963,
              34.6750139472
            ],
            [
              134.2629577045,
              34.6751222625
            ],
            [
              134.2628845339,
              34.6751870205
            ],
            [
              134.2629192178,
              34.675460313
            ],
            [
              134.2633041945,
              34.6757209725
            ],
            [
              134.2635802803,
              34.6757202726
            ],
            [
              134.2634339513,
              34.6758355623
            ],
            [
              134.26354634,
              34.6758491444
            ],
            [
              134.2635648241,
              34.6759231069
            ],
            [
              134.2638801028,
              34.6760314552
            ],
            [
              134.2643133298,
              34.6760208352
            ],
            [
              134.264353618,
              34.6761263621
            ],
            [
              134.2644594542,
              34.6761389546
            ],
            [
              134.2645271988,
              34.676038132
            ],
            [
              134.2649081209,
              34.6759418374
            ],
            [
              134.2646536604,
              34.6761832857
            ],
            [
              134.2646044216,
              34.6763401817
            ],
            [
              134.2649501433,
              34.6765756005
            ],
            [
              134.2653567627,
              34.6770743223
            ],
            [
              134.2660601895,
              34.6775930541
            ],
            [
              134.2666198597,
              34.6777673009
            ],
            [
              134.2667474387,
              34.6778900552
            ],
            [
              134.2667934519,
              34.6776665301
            ],
            [
              134.2668567571,
              34.6776557145
            ],
            [
              134.2668969524,
              34.677872945
            ],
            [
              134.2672644778,
              34.6781580924
            ],
            [
              134.2677467846,
              34.6782015741
            ],
            [
              134.2681746723,
              34.6780593722
            ],
            [
              134.268314729,
              34.6775960029
            ],
            [
              134.2685507281,
              34.6772310023
            ],
            [
              134.268653288,
              34.6772589432
            ],
            [
              134.2686948339,
              34.6771581059
            ],
            [
              134.2688584852,
              34.6772041056
            ],
            [
              134.2689140042,
              34.6773754209
            ],
            [
              134.2691238238,
              34.6769942074
            ],
            [
              134.2693517943,
              34.6771277135
            ],
            [
              134.2693311038,
              34.6770672739
            ],
            [
              134.2694751845,
              34.6770249435
            ],
            [
              134.2696180912,
              34.6770864275
            ],
            [
              134.2696354979,
              34.67715574
            ],
            [
              134.2694094218,
              34.677390027
            ],
            [
              134.2695360085,
              34.6773900874
            ],
            [
              134.269497689,
              34.6775496658
            ],
            [
              134.2696068119,
              34.6775533798
            ],
            [
              134.2695347219,
              34.6776371587
            ],
            [
              134.2696678753,
              34.6776146841
            ],
            [
              134.2696338393,
              34.6778769538
            ],
            [
              134.2695114972,
              34.6780274771
            ],
            [
              134.2695910899,
              34.6781203434
            ],
            [
              134.2697199015,
              34.6780636369
            ],
            [
              134.2698200093,
              34.6784314752
            ],
            [
              134.26974242,
              34.6785666656
            ],
            [
              134.2699170565,
              34.6785253346
            ],
            [
              134.2698983411,
              34.6787281667
            ],
            [
              134.2701393943,
              34.6788788617
            ],
            [
              134.2704395295,
              34.6788357591
            ],
            [
              134.2705335502,
              34.6786202841
            ],
            [
              134.2707540223,
              34.6785716494
            ],
            [
              134.2707581539,
              34.6788746446
            ],
            [
              134.2705377302,
              34.6788538354
            ],
            [
              134.2706345136,
              34.6792847765
            ],
            [
              134.2711341196,
              34.679547295
            ],
            [
              134.2716186176,
              34.6795890737
            ],
            [
              134.2716285984,
              34.6793817294
            ],
            [
              134.2717082454,
              34.6794006411
            ],
            [
              134.271715801,
              34.6795115033
            ],
            [
              134.2719233367,
              34.6792628356
            ],
            [
              134.2717832813,
              34.679746915
            ],
            [
              134.2719523709,
              34.679825312
            ],
            [
              134.2717121971,
              34.6799415532
            ],
            [
              134.2718603758,
              34.6802436297
            ],
            [
              134.2722203235,
              34.6804790348
            ],
            [
              134.2723393909,
              34.6803340011
            ],
            [
              134.2724037341,
              34.6803907988
            ],
            [
              134.2726558613,
              34.6803485167
            ],
            [
              134.2727343704,
              34.6804306751
            ],
            [
              134.272808629,
              34.6803702798
            ],
            [
              134.2728718056,
              34.6805253981
            ],
            [
              134.2728312792,
              34.6807173748
            ],
            [
              134.2730254891,
              34.6807814165
            ],
            [
              134.2731259533,
              34.6806941282
            ],
            [
              134.2732394129,
              34.6807499618
            ],
            [
              134.2732602391,
              34.6806274208
            ],
            [
              134.27335514,
              34.6806815554
            ],
            [
              134.2734347312,
              34.6807861122
            ],
            [
              134.2734171295,
              34.6809719009
            ],
            [
              134.2731318967,
              34.6814973271
            ],
            [
              134.2731798544,
              34.6815766549
            ],
            [
              134.2733141037,
              34.6815605174
            ],
            [
              134.2732572342,
              34.6817174122
            ],
            [
              134.2734003138,
              34.6815659102
            ],
            [
              134.2734821576,
              34.6815741173
            ],
            [
              134.2735682396,
              34.6817507986
            ],
            [
              134.2734710632,
              34.6818156913
            ],
            [
              134.2736215986,
              34.6819050666
            ],
            [
              134.273503629,
              34.6820482702
            ],
            [
              134.2733934514,
              34.6819834229
            ],
            [
              134.2735067941,
              34.6821908243
            ],
            [
              134.2733397358,
              34.682304282
            ],
            [
              134.2730488508,
              34.6830812843
            ],
            [
              134.272855505,
              34.6833182658
            ],
            [
              134.2728838179,
              34.683394908
            ],
            [
              134.2726894372,
              34.6835544139
            ],
            [
              134.2714955142,
              34.6835376597
            ],
            [
              134.2713198361,
              34.683499685
            ],
            [
              134.2709239119,
              34.6832038305
            ],
            [
              134.270426381,
              34.6830503374
            ],
            [
              134.2698436488,
              34.6829986439
            ],
            [
              134.2690588844,
              34.6831082782
            ],
            [
              134.2686922674,
              34.6830241459
            ],
            [
              134.2684207306,
              34.6827662359
            ],
            [
              134.2682464931,
              34.6823072244
            ],
            [
              134.2682740374,
              34.6819881863
            ],
            [
              134.2684476503,
              34.68188009
            ],
            [
              134.2678935629,
              34.6815075216
            ],
            [
              134.2674450119,
              34.6815306817
            ],
            [
              134.2670202888,
              34.6817730329
            ],
            [
              134.2670452644,
              34.6819263023
            ],
            [
              134.2673265196,
              34.6822915552
            ],
            [
              134.2673270965,
              34.6829117665
            ],
            [
              134.2669544087,
              34.6835588362
            ],
            [
              134.2669007076,
              34.6838292623
            ],
            [
              134.2666965732,
              34.6838886028
            ],
            [
              134.2665603783,
              34.6836225882
            ],
            [
              134.2663934555,
              34.6835622148
            ],
            [
              134.2663032691,
              34.6830905664
            ],
            [
              134.2666135635,
              34.6826743388
            ],
            [
              134.2667459008,
              34.6823281688
            ],
            [
              134.2666914511,
              34.6821892528
            ],
            [
              134.2661907935,
              34.6818824856
            ],
            [
              134.2654946899,
              34.6816991512
            ],
            [
              134.2647613058,
              34.6817177885
            ],
            [
              134.264246108,
              34.6818310528
            ],
            [
              134.263442535,
              34.6822389834
            ],
            [
              134.2629968621,
              34.6826985139
            ],
            [
              134.262953038,
              34.6828904833
            ],
            [
              134.2631187422,
              34.6830943963
            ],
            [
              134.2632776739,
              34.6835515739
            ],
            [
              134.263183495,
              34.6839148016
            ],
            [
              134.2626724739,
              34.684218363
            ],
            [
              134.2623306007,
              34.6845255342
            ],
            [
              134.2615732077,
              34.6845152603
            ],
            [
              134.2613471924,
              34.6846268376
            ],
            [
              134.2608759047,
              34.6856245686
            ],
            [
              134.2608505829,
              34.6858607763
            ],
            [
              134.2610097419,
              34.6860610275
            ],
            [
              134.2609845284,
              34.686185392
            ],
            [
              134.2606065665,
              34.6865566289
            ],
            [
              134.2595059034,
              34.6871346525
            ],
            [
              134.2590973941,
              34.6874905117
            ],
            [
              134.258719581,
              34.6876967962
            ],
            [
              134.2576446989,
              34.6875708257
            ],
            [
              134.2572913572,
              34.6873011636
            ],
            [
              134.2568864925,
              34.6872657171
            ],
            [
              134.2564323006,
              34.6874557525
            ],
            [
              134.2559647539,
              34.6878980527
            ],
            [
              134.2557376981,
              34.6879501781
            ],
            [
              134.2549369586,
              34.6876188335
            ],
            [
              134.2547308407,
              34.6874627822
            ],
            [
              134.2547146144,
              34.687318535
            ],
            [
              134.2545892342,
              34.6871914069
            ],
            [
              134.2542499618,
              34.6870533061
            ],
            [
              134.2538307635,
              34.6860856459
            ],
            [
              134.2534382748,
              34.6856932618
            ],
            [
              134.253227747,
              34.6855894635
            ],
            [
              134.2531440321,
              34.6852802302
            ],
            [
              134.252994728,
              34.6850727975
            ],
            [
              134.2530155129,
              34.6839541186
            ],
            [
              134.2528008092,
              34.6836772043
            ],
            [
              134.2528354021,
              34.6834542474
            ]
          ]
        ]
      }
    },
    {
      "type": "Feature",
      "properties": {
        "key_code": "33212086099",
        "pref": "岡山県",
        "city": "瀬戸内市",
        "ward": "",
        "district": "邑久町虫明",
        "name": "瀬戸内市  邑久町虫明"
      },
      "geometry": {
        "type": "Polygon",
        "coordinates": [
          [
            [
              134.2488468915,
              34.6837079958
            ],
            [
              134.2481362255,
              34.6835289362
            ],
            [
              134.247730369,
              34.6837648904
            ],
            [
              134.2473399913,
              34.6837761885
            ],
            [
              134.2471255655,
              34.6836812437
            ],
            [
              134.2469476026,
              34.683468144
            ],
            [
              134.2469831666,
              34.6831158876
            ],
            [
              134.2472133091,
              34.6827810951
            ],
            [
              134.2475163313,
              34.6820750443
            ],
            [
              134.2473644357,
              34.6815337785
            ],
            [
              134.2462941216,
              34.681615984
            ],
            [
              134.2464934028,
              34.6813885029
            ],
            [
              134.2466715259,
              34.6806995619
            ],
            [
              134.2466370997,
              34.6800492044
            ],
            [
              134.2472303751,
              34.6800986468
            ],
            [
              134.2478764485,
              34.6798491859
            ],
            [
              134.2492128908,
              34.6798586209
            ],
            [
              134.2505058769,
              34.6795372816
            ],
            [
              134.2509745027,
              34.6792909271
            ],
            [
              134.2511542069,
              34.679093273
            ],
            [
              134.2512267412,
              34.678885694
            ],
            [
              134.2511637417,
              34.6779456952
            ],
            [
              134.2513683382,
              34.6778373521
            ],
            [
              134.2519608369,
              34.6779118042
            ],
            [
              134.252466626,
              34.6781017129
            ],
            [
              134.2525478519,
              34.6782531916
            ],
            [
              134.2525234716,
              34.6786340561
            ],
            [
              134.2526462971,
              34.6789080969
            ],
            [
              134.2527838673,
              34.6790459369
            ],
            [
              134.2531280091,
              34.6791839
            ],
            [
              134.2537148114,
              34.679739085
            ],
            [
              134.2549936084,
              34.6800121084
            ],
            [
              134.2562320689,
              34.6799454864
            ],
            [
              134.2567551222,
              34.6795650412
            ],
            [
              134.256966247,
              34.6791723034
            ],
            [
              134.2577404166,
              34.6791142782
            ],
            [
              134.2584648059,
              34.6787373141
            ],
            [
              134.2586083208,
              34.6781207058
            ],
            [
              134.2588568117,
              34.677900249
            ],
            [
              134.2590469049,
              34.6778993658
            ],
            [
              134.259426403,
              34.6780805797
            ],
            [
              134.2597093625,
              34.6784400689
            ],
            [
              134.2599774909,
              34.6790385885
            ],
            [
              134.2604897964,
              34.6808918847
            ],
            [
              134.2605182776,
              34.6816784621
            ],
            [
              134.2607742107,
              34.6828654891
            ],
            [
              134.2607966463,
              34.6838788482
            ],
            [
              134.2606207474,
              34.6845833309
            ],
            [
              134.260064963,
              34.6854853676
            ],
            [
              134.2594217876,
              34.6861219758
            ],
            [
              134.2590829071,
              34.6862085568
            ],
            [
              134.2573071151,
              34.6861689589
            ],
            [
              134.2561623051,
              34.686033215
            ],
            [
              134.2554147948,
              34.685820364
            ],
            [
              134.2540314297,
              34.6847532506
            ],
            [
              134.2528354021,
              34.6834542474
            ],
            [
              134.252889545,
              34.6827073129
            ],
            [
              134.2528395394,
              34.6824843051
            ],
            [
              134.2522815523,
              34.6818558852
            ],
            [
              134.251373771,
              34.682135217
            ],
            [
              134.251503742,
              34.6825378658
            ],
            [
              134.2513059471,
              34.683401622
            ],
            [
              134.2509944625,
              34.6837235692
            ],
            [
              134.2505135057,
              34.6839439937
            ],
            [
              134.250196515,
              34.6844124264
            ],
            [
              134.2499763255,
              34.6843821445
            ],
            [
              134.2495363067,
              34.6840093019
            ],
            [
              134.2488468915,
              34.6837079958
            ]
          ]
        ]
      }
    },
    {
      "type": "Feature",
      "properties": {
        "key_code": "33212087001",
        "pref": "岡山県",
        "city": "瀬戸内市",
        "ward": "",
        "district": "牛窓町牛窓",
        "name": "瀬戸内市  牛窓町牛窓"
      },
      "geometry": {
        "type": "Polygon",
        "coordinates": [
          [
            [
              134.1464447816,
              34.6171691951
            ],
            [
              134.14752611,
              34.6173691678
            ],
            [
              134.148939832,
              34.6191500328
            ],
            [
              134.1491079479,
              34.6190609724
            ],
            [
              134.1475857078,
              34.6170392008
            ],
            [
              134.1476306381,
              34.6169472809
            ],
            [
              134.1483560865,
              34.6168204581
            ],
            [
              134.1480886409,
              34.616444078
            ],
            [
              134.1484008016,
              34.6168160171
            ],
            [
              134.1486313846,
              34.6167742414
            ],
            [
              134.1497059832,
              34.6181632575
            ],
            [
              134.1503199108,
              34.6182648876
            ],
            [
              134.1510022167,
              34.6195389242
            ],
            [
              134.1504295694,
              34.6196666934
            ],
            [
              134.1506876139,
              34.6205361001
            ],
            [
              134.1507770667,
              34.6206559709
            ],
            [
              134.1513354302,
              34.6209306423
            ],
            [
              134.1515435329,
              34.6213797591
            ],
            [
              134.1517409829,
              34.6215068308
            ],
            [
              134.1498993388,
              34.6215862515
            ],
            [
              134.1484525172,
              34.6220558828
            ],
            [
              134.1476683791,
              34.6221300789
            ],
            [
              134.1472420645,
              34.6220926738
            ],
            [
              134.1449404322,
              34.6214631617
            ],
            [
              134.1436480295,
              34.6212242426
            ],
            [
              134.1429265081,
              34.6219339713
            ],
            [
              134.1425112919,
              34.6231024244
            ],
            [
              134.1421805438,
              34.6230289425
            ],
            [
              134.142165329,
              34.6229286185
            ],
            [
              134.1424266794,
              34.6224766841
            ],
            [
              134.1423964386,
              34.6221920771
            ],
            [
              134.1427271119,
              34.6213262267
            ],
            [
              134.1427370484,
              34.6208410807
            ],
            [
              134.1426963909,
              34.6205008132
            ],
            [
              134.142280529,
              34.6192761498
            ],
            [
              134.1422601443,
              34.6191263742
            ],
            [
              134.1423488573,
              34.6190028286
            ],
            [
              134.1422166085,
              34.6185346565
            ],
            [
              134.1423763495,
              34.6183931894
            ],
            [
              134.1425466599,
              34.6179766203
            ],
            [
              134.1425041386,
              34.6173967372
            ],
            [
              134.1429813035,
              34.6169938828
            ],
            [
              134.1429537386,
              34.6168455053
            ],
            [
              134.1431463996,
              34.6162427402
            ],
            [
              134.1431138858,
              34.6156348403
            ],
            [
              134.1433185815,
              34.6149926499
            ],
            [
              134.1434701414,
              34.6149434384
            ],
            [
              134.1436180393,
              34.6147426448
            ],
            [
              134.1441025304,
              34.6146166051
            ],
            [
              134.1439128535,
              34.6136775621
            ],
            [
              134.1437712793,
              34.6136339574
            ],
            [
              134.1437971408,
              34.6130823531
            ],
            [
              134.1439819209,
              34.6124268896
            ],
            [
              134.1435040076,
              34.612341635
            ],
            [
              134.1438541309,
              34.6113403125
            ],
            [
              134.144478617,
              34.6108524576
            ],
            [
              134.1449921732,
              34.6103111822
            ],
            [
              134.1446314682,
              34.6098078742
            ],
            [
              134.1451331021,
              34.6096233988
            ],
            [
              134.1453525408,
              34.6096628936
            ],
            [
              134.1456486169,
              34.6098878872
            ],
            [
              134.1460116287,
              34.610906207
            ],
            [
              134.1459908959,
              34.6114075239
            ],
            [
              134.1461942261,
              34.6116629436
            ],
            [
              134.1465832093,
              34.6117924274
            ],
            [
              134.1481261952,
              34.6117730565
            ],
            [
              134.148466037,
              34.6119466936
            ],
            [
              134.1486845469,
              34.6122472127
            ],
            [
              134.1486745226,
              34.612341016
            ],
            [
              134.1484931168,
              34.612028861
            ],
            [
              134.1481152054,
              34.6118119199
            ],
            [
              134.1471186011,
              34.6118022507
            ],
            [
              134.147100666,
              34.6120149366
            ],
            [
              134.1473427657,
              34.6120091029
            ],
            [
              134.1473614698,
              34.6119296808
            ],
            [
              134.1473645763,
              34.6120081494
            ],
            [
              134.1474550719,
              34.6120064545
            ],
            [
              134.1474737992,
              34.6119263275
            ],
            [
              134.1474768821,
              34.6120056417
            ],
            [
              134.1475652274,
              34.6120039435
            ],
            [
              134.1475839351,
              34.611922831
            ],
            [
              134.1475870377,
              34.6120031307
            ],
            [
              134.1476753612,
              34.6120014324
            ],
            [
              134.1476940706,
              34.6119194751
            ],
            [
              134.1476971714,
              34.6120006204
            ],
            [
              134.1477898609,
              34.6119989277
            ],
            [
              134.1478074863,
              34.6119159825
            ],
            [
              134.1478116714,
              34.6119979751
            ],
            [
              134.1478989086,
              34.6119964156
            ],
            [
              134.1479165361,
              34.6119124841
            ],
            [
              134.147957752,
              34.6120162257
            ],
            [
              134.14790305,
              34.6120982696
            ],
            [
              134.1478999471,
              34.61201797
            ],
            [
              134.1478127096,
              34.61201967
            ],
            [
              134.1477940003,
              34.6121016282
            ],
            [
              134.1477908994,
              34.6120204829
            ],
            [
              134.1476982099,
              34.6120221747
            ],
            [
              134.1476805843,
              34.61210512
            ],
            [
              134.1476763993,
              34.6120231283
            ],
            [
              134.1475880761,
              34.6120246859
            ],
            [
              134.1475704483,
              34.6121086174
            ],
            [
              134.1475662656,
              34.6120256385
            ],
            [
              134.147477942,
              34.6120273376
            ],
            [
              134.1474602907,
              34.6121119732
            ],
            [
              134.1474561318,
              34.6120281495
            ],
            [
              134.1473656143,
              34.6120298444
            ],
            [
              134.1473479826,
              34.6121154663
            ],
            [
              134.1473438041,
              34.6120306572
            ],
            [
              134.1472532847,
              34.6120331977
            ],
            [
              134.1472356528,
              34.6121188196
            ],
            [
              134.1472314741,
              34.6120341503
            ],
            [
              134.1471017258,
              34.6120366316
            ],
            [
              134.1471140994,
              34.6123540284
            ],
            [
              134.1472449582,
              34.6123505633
            ],
            [
              134.147263702,
              34.6122532506
            ],
            [
              134.1472667685,
              34.6123497504
            ],
            [
              134.1473561803,
              34.6123472092
            ],
            [
              134.14737603,
              34.612250743
            ],
            [
              134.1473779909,
              34.6123462557
            ],
            [
              134.1474685106,
              34.6123437152
            ],
            [
              134.147488358,
              34.6122482362
            ],
            [
              134.1474903209,
              34.6123429032
            ],
            [
              134.1475808387,
              34.6123412074
            ],
            [
              134.1476006645,
              34.6122455877
            ],
            [
              134.1476026493,
              34.6123402548
            ],
            [
              134.147690975,
              34.6123377108
            ],
            [
              134.1477097124,
              34.6122430749
            ],
            [
              134.1477127853,
              34.6123368979
            ],
            [
              134.1478021952,
              34.6123352012
            ],
            [
              134.1478220404,
              34.6122405669
            ],
            [
              134.1478240055,
              34.6123343892
            ],
            [
              134.1479101572,
              34.6123326865
            ],
            [
              134.1479300023,
              34.6122380523
            ],
            [
              134.1479319678,
              34.6123317339
            ],
            [
              134.1480202913,
              34.612330176
            ],
            [
              134.1480401363,
              34.6122355417
            ],
            [
              134.1480421019,
              34.6123292224
            ],
            [
              134.1481249736,
              34.6123275156
            ],
            [
              134.1481448163,
              34.6122338667
            ],
            [
              134.1481467839,
              34.6123267026
            ],
            [
              134.1482383877,
              34.6123250088
            ],
            [
              134.1482582303,
              34.6122313608
            ],
            [
              134.1482972351,
              34.6123431282
            ],
            [
              134.1482424997,
              34.612440387
            ],
            [
              134.14823943,
              34.6123448727
            ],
            [
              134.148147848,
              34.6123465665
            ],
            [
              134.1481290852,
              34.6124430344
            ],
            [
              134.1481260377,
              34.6123473795
            ],
            [
              134.1480431442,
              34.6123490863
            ],
            [
              134.1480244052,
              34.6124445679
            ],
            [
              134.1480213339,
              34.6123498992
            ],
            [
              134.14793301,
              34.6123515978
            ],
            [
              134.1479142706,
              34.61244722
            ],
            [
              134.1479111994,
              34.6123525513
            ],
            [
              134.147825048,
              34.6123541124
            ],
            [
              134.1478063085,
              34.6124497338
            ],
            [
              134.1478032374,
              34.6123550651
            ],
            [
              134.1477138275,
              34.6123567627
            ],
            [
              134.1476939803,
              34.6124522418
            ],
            [
              134.1476920172,
              34.6123575747
            ],
            [
              134.1476036933,
              34.612359273
            ],
            [
              134.1475849321,
              34.6124547546
            ],
            [
              134.147581883,
              34.6123600859
            ],
            [
              134.1474913634,
              34.6123626265
            ],
            [
              134.1474726257,
              34.6124572624
            ],
            [
              134.1474695527,
              34.6123635791
            ],
            [
              134.1473790549,
              34.6123661196
            ],
            [
              134.1473602971,
              34.6124599107
            ],
            [
              134.1473572446,
              34.6123669325
            ],
            [
              134.1472678106,
              34.6123696152
            ],
            [
              134.1472479907,
              34.6124624175
            ],
            [
              134.1472460003,
              34.6123704272
            ],
            [
              134.1471151415,
              34.6123738932
            ],
            [
              134.1471286033,
              34.6127001666
            ],
            [
              134.1472572665,
              34.6126976835
            ],
            [
              134.1472749243,
              34.6126102305
            ],
            [
              134.1472790769,
              34.6126968707
            ],
            [
              134.147369595,
              34.6126951758
            ],
            [
              134.1473872328,
              34.6126068772
            ],
            [
              134.1473914054,
              34.6126943639
            ],
            [
              134.1474830118,
              34.6126916844
            ],
            [
              134.1475006494,
              34.6126033857
            ],
            [
              134.1475048222,
              34.6126908715
            ],
            [
              134.1475942324,
              34.6126891749
            ],
            [
              134.1476118718,
              34.6126000314
            ],
            [
              134.1476160428,
              34.612688362
            ],
            [
              134.1477043688,
              34.6126858189
            ],
            [
              134.1477220303,
              34.6125965339
            ],
            [
              134.1477261795,
              34.6126848654
            ],
            [
              134.1478156116,
              34.6126831686
            ],
            [
              134.1478332529,
              34.6125930388
            ],
            [
              134.1478374219,
              34.6126823557
            ],
            [
              134.1479224661,
              34.6126806523
            ],
            [
              134.1479401311,
              34.6125896769
            ],
            [
              134.1479442765,
              34.6126798393
            ],
            [
              134.1480326225,
              34.6126781408
            ],
            [
              134.1480502677,
              34.6125861799
            ],
            [
              134.1480544328,
              34.6126773288
            ],
            [
              134.1481405652,
              34.6126746405
            ],
            [
              134.1481582318,
              34.6125828203
            ],
            [
              134.1481623756,
              34.6126738275
            ],
            [
              134.1482528937,
              34.6126721321
            ],
            [
              134.1482705405,
              34.6125793255
            ],
            [
              134.148307419,
              34.6126703827
            ],
            [
              134.1482799022,
              34.6127866989
            ],
            [
              134.148253932,
              34.612693827
            ],
            [
              134.1481634357,
              34.6126955234
            ],
            [
              134.148145761,
              34.6127910057
            ],
            [
              134.1481416253,
              34.6126963355
            ],
            [
              134.1480554714,
              34.6126988831
            ],
            [
              134.1480378181,
              34.612794507
            ],
            [
              134.1480336607,
              34.6126998367
            ],
            [
              134.1479453368,
              34.6127013946
            ],
            [
              134.1479276597,
              34.6127978632
            ],
            [
              134.1479235261,
              34.6127023473
            ],
            [
              134.1478384601,
              34.6127040516
            ],
            [
              134.1478208029,
              34.612801365
            ],
            [
              134.1478166498,
              34.6127048636
            ],
            [
              134.1477272395,
              34.6127065604
            ],
            [
              134.1477095585,
              34.6128047203
            ],
            [
              134.1477054291,
              34.6127073733
            ],
            [
              134.1476170812,
              34.6127099172
            ],
            [
              134.1475994216,
              34.6128082169
            ],
            [
              134.1475952705,
              34.6127108698
            ],
            [
              134.1475058603,
              34.6127125674
            ],
            [
              134.1474881986,
              34.6128117127
            ],
            [
              134.1474840499,
              34.6127133793
            ],
            [
              134.1473924438,
              34.6127159182
            ],
            [
              134.147374782,
              34.6128150636
            ],
            [
              134.1473706331,
              34.6127168717
            ],
            [
              134.1472801371,
              34.6127184259
            ],
            [
              134.1472624512,
              34.6128185566
            ],
            [
              134.1472583264,
              34.6127193785
            ],
            [
              134.1471296414,
              34.6127218615
            ],
            [
              134.1471419973,
              34.6130472884
            ],
            [
              134.1472728568,
              34.613043963
            ],
            [
              134.1472915889,
              34.6129618651
            ],
            [
              134.1472946675,
              34.6130430104
            ],
            [
              134.1473830136,
              34.613041453
            ],
            [
              134.1474017278,
              34.6129575231
            ],
            [
              134.1474048244,
              34.6130404995
            ],
            [
              134.1474931507,
              34.6130379556
            ],
            [
              134.1475118605,
              34.6129559983
            ],
            [
              134.1475149612,
              34.6130371437
            ],
            [
              134.1476098261,
              34.6130344689
            ],
            [
              134.1476285616,
              34.6129506797
            ],
            [
              134.1476316366,
              34.613033656
            ],
            [
              134.1477177889,
              34.6130319544
            ],
            [
              134.1477365007,
              34.6129490108
            ],
            [
              134.1477395994,
              34.6130311415
            ],
            [
              134.1478322919,
              34.6130286048
            ],
            [
              134.1478510035,
              34.6129456603
            ],
            [
              134.1478541026,
              34.6130276513
            ],
            [
              134.1479358889,
              34.6130259429
            ],
            [
              134.1479546042,
              34.612941308
            ],
            [
              134.1479576994,
              34.61302513
            ],
            [
              134.1480460257,
              34.6130225857
            ],
            [
              134.148064759,
              34.6129396421
            ],
            [
              134.1480678365,
              34.613021633
            ],
            [
              134.1481518164,
              34.6130200685
            ],
            [
              134.1481705259,
              34.6129379696
            ],
            [
              134.1481736272,
              34.6130191148
            ],
            [
              134.1482674057,
              34.6130165786
            ],
            [
              134.1482839389,
              34.6129363084
            ],
            [
              134.1483219312,
              34.6130148292
            ],
            [
              134.1471430553,
              34.6130698291
            ],
            [
              134.1471429056,
              34.6131374461
            ],
            [
              134.1470589252,
              34.6131391507
            ],
            [
              134.1470578488,
              34.6136251473
            ],
            [
              134.1471887072,
              34.6136226685
            ],
            [
              134.1472146851,
              34.6142023836
            ],
            [
              134.1488690441,
              34.6141399227
            ],
            [
              134.1495142405,
              34.6142949947
            ],
            [
              134.148863491,
              34.6141858381
            ],
            [
              134.1472145794,
              34.6142501383
            ],
            [
              134.1474109052,
              34.6162041475
            ],
            [
              134.1473168402,
              34.6163347327
            ],
            [
              134.1475006755,
              34.6165423683
            ],
            [
              134.1473134961,
              34.6163636065
            ],
            [
              134.1470661764,
              34.616269415
            ],
            [
              134.1468539459,
              34.6165737953
            ],
            [
              134.1468798776,
              34.6166838529
            ],
            [
              134.1469682015,
              34.6166839861
            ],
            [
              134.1470557505,
              34.6170338962
            ],
            [
              134.1464447816,
              34.6171691951
            ]
          ]
        ]
      }
    },
    {
      "type": "Feature",
      "properties": {
        "key_code": "33212087002",
        "pref": "岡山県",
        "city": "瀬戸内市",
        "ward": "",
        "district": "牛窓町牛窓",
        "name": "瀬戸内市  牛窓町牛窓"
      },
      "geometry": {
        "type": "Polygon",
        "coordinates": [
          [
            [
              134.1529716068,
              34.6216142752
            ],
            [
              134.1515958569,
              34.6214432267
            ],
            [
              134.1513354302,
              34.6209306423
            ],
            [
              134.1507219664,
              34.6206064442
            ],
            [
              134.1504295694,
              34.6196666934
            ],
            [
              134.1521750236,
              34.6193039846
            ],
            [
              134.1522831497,
              34.6197323831
            ],
            [
              134.1529841464,
              34.6195932404
            ],
            [
              134.1530785441,
              34.6200888142
            ],
            [
              134.1524786528,
              34.6204008121
            ],
            [
              134.1529716068,
              34.6216142752
            ]
          ]
        ]
      }
    },
    {
      "type": "Feature",
      "properties": {
        "key_code": "33212087003",
        "pref": "岡山県",
        "city": "瀬戸内市",
        "ward": "",
        "district": "牛窓町牛窓",
        "name": "瀬戸内市  牛窓町牛窓"
      },
      "geometry": {
        "type": "Polygon",
        "coordinates": [
          [
            [
              134.153580485,
              34.6193222308
            ],
            [
              134.1535514477,
              34.6194637612
            ],
            [
              134.1522831497,
              34.6197323831
            ],
            [
              134.1521750236,
              34.6193039846
            ],
            [
              134.1510022167,
              34.6195389242
            ],
            [
              134.1503199108,
              34.6182648876
            ],
            [
              134.1497059832,
              34.6181632575
            ],
            [
              134.1486313846,
              34.6167742414
            ],
            [
              134.1522539199,
              34.6160949716
            ],
            [
              134.1527428729,
              34.615902837
            ],
            [
              134.1533241359,
              34.6179203581
            ],
            [
              134.1532229609,
              34.6180717856
            ],
            [
              134.153580485,
              34.6193222308
            ]
          ]
        ]
      }
    },
    {
      "type": "Feature",
      "properties": {
        "key_code": "33212087004",
        "pref": "岡山県",
        "city": "瀬戸内市",
        "ward": "",
        "district": "牛窓町牛窓",
        "name": "瀬戸内市  牛窓町牛窓"
      },
      "geometry": {
        "type": "Polygon",
        "coordinates": [
          [
            [
              134.1574605846,
              34.6167741374
            ],
            [
              134.1584756447,
              34.6168558688
            ],
            [
              134.158458422,
              34.6167503345
            ],
            [
              134.1584911439,
              34.6167467186
            ],
            [
              134.1584898169,
              34.6168567345
            ],
            [
              134.1591626399,
              34.6168334529
            ],
            [
              134.1591326147,
              34.6175515554
            ],
            [
              134.1597038818,
              34.6177432334
            ],
            [
              134.1596096436,
              34.6179390489
            ],
            [
              134.1600311753,
              34.6182947711
            ],
            [
              134.1600108864,
              34.6185519676
            ],
            [
              134.1597123937,
              34.6189976742
            ],
            [
              134.1596806881,
              34.6193988216
            ],
            [
              134.1595530842,
              34.6196044517
            ],
            [
              134.1575109996,
              34.6201541992
            ],
            [
              134.1545701432,
              34.6214259894
            ],
            [
              134.1533815029,
              34.6216500873
            ],
            [
              134.1529716068,
              34.6216142752
            ],
            [
              134.1524786528,
              34.6204008121
            ],
            [
              134.1530785441,
              34.6200888142
            ],
            [
              134.1529841464,
              34.6195932404
            ],
            [
              134.1535924625,
              34.6194074733
            ],
            [
              134.1532229609,
              34.6180717856
            ],
            [
              134.1533241359,
              34.6179203581
            ],
            [
              134.1527428729,
              34.615902837
            ],
            [
              134.1529316977,
              34.6158209858
            ],
            [
              134.1529297628,
              34.6157056113
            ],
            [
              134.1536224632,
              34.6155867398
            ],
            [
              134.1536161238,
              34.6154938988
            ],
            [
              134.1541397314,
              34.6154071781
            ],
            [
              134.1553102126,
              34.6157217367
            ],
            [
              134.1554932676,
              34.6152765735
            ],
            [
              134.1555466739,
              34.6152910193
            ],
            [
              134.1553548823,
              34.6157433536
            ],
            [
              134.155731916,
              34.6158674365
            ],
            [
              134.1558181895,
              34.6158098046
            ],
            [
              134.1557438894,
              34.6158756244
            ],
            [
              134.1561672013,
              34.6162936231
            ],
            [
              134.1565973372,
              34.6165782282
            ],
            [
              134.1572620116,
              34.6168234409
            ],
            [
              134.157364659,
              34.6167578011
            ],
            [
              134.1573845602,
              34.6166271037
            ],
            [
              134.1567940007,
              34.616399043
            ],
            [
              134.1562571788,
              34.6160304692
            ],
            [
              134.1564889138,
              34.6157685041
            ],
            [
              134.1568614436,
              34.6154434889
            ],
            [
              134.1583516621,
              34.6156566243
            ],
            [
              134.1582711382,
              34.6160972876
            ],
            [
              134.1577271155,
              34.6160370704
            ],
            [
              134.1576014934,
              34.6166581214
            ],
            [
              134.1574946653,
              34.6166407834
            ],
            [
              134.1574605846,
              34.6167741374
            ]
          ]
        ]
      }
    },
    {
      "type": "Feature",
      "properties": {
        "key_code": "33212087005",
        "pref": "岡山県",
        "city": "瀬戸内市",
        "ward": "",
        "district": "牛窓町牛窓",
        "name": "瀬戸内市  牛窓町牛窓"
      },
      "geometry": {
        "type": "Polygon",
        "coordinates": [
          [
            [
              134.1656306873,
              34.6179322396
            ],
            [
              134.1656390049,
              34.6182345541
            ],
            [
              134.165873923,
              34.6189290755
            ],
            [
              134.165980876,
              34.6196996318
            ],
            [
              134.1662277484,
              34.6203696612
            ],
            [
              134.1664234608,
              34.6206082802
            ],
            [
              134.1666450332,
              34.6214080181
            ],
            [
              134.1651133709,
              34.6210386679
            ],
            [
              134.163705187,
              34.6209468436
            ],
            [
              134.1624957995,
              34.6206329913
            ],
            [
              134.1596555426,
              34.6205279831
            ],
            [
              134.1597696352,
              34.6201261065
            ],
            [
              134.1595530842,
              34.6196044517
            ],
            [
              134.1596806881,
              34.6193988216
            ],
            [
              134.1597123937,
              34.6189976742
            ],
            [
              134.1600108864,
              34.6185519676
            ],
            [
              134.1600311753,
              34.6182947711
            ],
            [
              134.1596096436,
              34.6179390489
            ],
            [
              134.1597038818,
              34.6177432334
            ],
            [
              134.1591326147,
              34.6175515554
            ],
            [
              134.1591626399,
              34.6168334529
            ],
            [
              134.1593428555,
              34.6156723901
            ],
            [
              134.1596873769,
              34.6157071049
            ],
            [
              134.1595018587,
              34.6168239275
            ],
            [
              134.1600592025,
              34.6167697746
            ],
            [
              134.1600516829,
              34.6167138387
            ],
            [
              134.1601836786,
              34.6166941635
            ],
            [
              134.1601720801,
              34.6164994679
            ],
            [
              134.1602011274,
              34.6166915115
            ],
            [
              134.1607311946,
              34.6166445071
            ],
            [
              134.160687948,
              34.616464135
            ],
            [
              134.1607497387,
              34.6166427013
            ],
            [
              134.1610214079,
              34.6165772997
            ],
            [
              134.1611046244,
              34.616942547
            ],
            [
              134.1601434918,
              34.6171395316
            ],
            [
              134.160123092,
              34.6175126618
            ],
            [
              134.1604774842,
              34.6175213333
            ],
            [
              134.1624651427,
              34.617140966
            ],
            [
              134.1623449484,
              34.61672242
            ],
            [
              134.1613140608,
              34.6169076243
            ],
            [
              134.1612153716,
              34.6166451895
            ],
            [
              134.1614226645,
              34.6165958955
            ],
            [
              134.1614163709,
              34.6164768524
            ],
            [
              134.1614423002,
              34.6165914153
            ],
            [
              134.1618994296,
              34.6164873917
            ],
            [
              134.1618440788,
              34.6163557428
            ],
            [
              134.1617318045,
              34.6163348784
            ],
            [
              134.161884508,
              34.6163170614
            ],
            [
              134.161912523,
              34.6164847333
            ],
            [
              134.1626555736,
              34.6162702446
            ],
            [
              134.1626034687,
              34.6161548006
            ],
            [
              134.1628796283,
              34.6160217833
            ],
            [
              134.1627491528,
              34.6158349513
            ],
            [
              134.1628048083,
              34.61581249
            ],
            [
              134.162892727,
              34.616016449
            ],
            [
              134.1631339078,
              34.6159229661
            ],
            [
              134.1630645118,
              34.6157326979
            ],
            [
              134.1631502795,
              34.6159158044
            ],
            [
              134.1634808783,
              34.6158234323
            ],
            [
              134.1636575142,
              34.6160128629
            ],
            [
              134.1635687809,
              34.6161568482
            ],
            [
              134.1639270699,
              34.6164310522
            ],
            [
              134.1637459121,
              34.6167478959
            ],
            [
              134.1636142624,
              34.616802088
            ],
            [
              134.1637092397,
              34.616992533
            ],
            [
              134.1638933092,
              34.6170361756
            ],
            [
              134.1642625908,
              34.6173588527
            ],
            [
              134.1646107909,
              34.6175333054
            ],
            [
              134.1648306211,
              34.6177782975
            ],
            [
              134.1647710266,
              34.6179738812
            ],
            [
              134.1656306873,
              34.6179322396
            ]
          ]
        ]
      }
    },
    {
      "type": "Feature",
      "properties": {
        "key_code": "33212087006",
        "pref": "岡山県",
        "city": "瀬戸内市",
        "ward": "",
        "district": "牛窓町牛窓",
        "name": "瀬戸内市  牛窓町牛窓"
      },
      "geometry": {
        "type": "Polygon",
        "coordinates": [
          [
            [
              134.1664231557,
              34.6140676109
            ],
            [
              134.1664902588,
              34.6143371845
            ],
            [
              134.1667391173,
              34.6143618935
            ],
            [
              134.1667882566,
              34.6147817486
            ],
            [
              134.1669445108,
              34.6150372149
            ],
            [
              134.1669790626,
              34.6155208633
            ],
            [
              134.1667526092,
              34.6157982073
            ],
            [
              134.1662882758,
              34.6161121333
            ],
            [
              134.1660655984,
              34.6159864566
            ],
            [
              134.1661746197,
              34.6172068076
            ],
            [
              134.1660566282,
              34.6174978215
            ],
            [
              134.1656306873,
              34.6179322396
            ],
            [
              134.1647710266,
              34.6179738812
            ],
            [
              134.1648306211,
              34.6177782975
            ],
            [
              134.1646107909,
              34.6175333054
            ],
            [
              134.1642625908,
              34.6173588527
            ],
            [
              134.1638933092,
              34.6170361756
            ],
            [
              134.1637092397,
              34.616992533
            ],
            [
              134.1636142624,
              34.616802088
            ],
            [
              134.1637459121,
              34.6167478959
            ],
            [
              134.1639270699,
              34.6164310522
            ],
            [
              134.1635687809,
              34.6161568482
            ],
            [
              134.1636575142,
              34.6160128629
            ],
            [
              134.1634808783,
              34.6158234323
            ],
            [
              134.1636904555,
              34.6157227199
            ],
            [
              134.1636371902,
              34.6156433379
            ],
            [
              134.1637013748,
              34.6157155514
            ],
            [
              134.1638684243,
              34.6156121039
            ],
            [
              134.1639276632,
              34.6154399037
            ],
            [
              134.1641921305,
              34.6151572653
            ],
            [
              134.1640691391,
              34.6150444006
            ],
            [
              134.1642074215,
              34.6151419312
            ],
            [
              134.16433638,
              34.6150058903
            ],
            [
              134.164223187,
              34.6148975471
            ],
            [
              134.1643593243,
              34.6149816926
            ],
            [
              134.1646193575,
              34.6147313057
            ],
            [
              134.164392771,
              34.6146192838
            ],
            [
              134.1644288321,
              34.6145805955
            ],
            [
              134.1646346481,
              34.6147214655
            ],
            [
              134.1647133342,
              34.6146367716
            ],
            [
              134.1647830274,
              34.6146810998
            ],
            [
              134.1650283453,
              34.6141593795
            ],
            [
              134.1651820123,
              34.6142001608
            ],
            [
              134.1659116761,
              34.6135790856
            ],
            [
              134.166045836,
              34.6135657456
            ],
            [
              134.1659455964,
              34.6135241928
            ],
            [
              134.1661127473,
              34.6133666485
            ],
            [
              134.1660110301,
              34.6135206201
            ],
            [
              134.1660643919,
              34.6135522476
            ],
            [
              134.166215074,
              34.6134027098
            ],
            [
              134.1666212556,
              34.6137375443
            ],
            [
              134.1663222397,
              34.6139963349
            ],
            [
              134.1664231557,
              34.6140676109
            ]
          ]
        ]
      }
    },
    {
      "type": "Feature",
      "properties": {
        "key_code": "33212087007",
        "pref": "岡山県",
        "city": "瀬戸内市",
        "ward": "",
        "district": "牛窓町牛窓",
        "name": "瀬戸内市  牛窓町牛窓"
      },
      "geometry": {
        "type": "Polygon",
        "coordinates": [
          [
            [
              134.1682827123,
              34.6138896794
            ],
            [
              134.1680780577,
              34.6144189288
            ],
            [
              134.1683276417,
              34.6144708229
            ],
            [
              134.1682684517,
              34.6150864802
            ],
            [
              134.1684582637,
              34.6158503847
            ],
            [
              134.1675914021,
              34.6155069033
            ],
            [
              134.1669790626,
              34.6155208633
            ],
            [
              134.1669445108,
              34.6150372149
            ],
            [
              134.1667882566,
              34.6147817486
            ],
            [
              134.1667391173,
              34.6143618935
            ],
            [
              134.1664902588,
              34.6143371845
            ],
            [
              134.1664231557,
              34.6140676109
            ],
            [
              134.1663222397,
              34.6139963349
            ],
            [
              134.1666212556,
              34.6137375443
            ],
            [
              134.166215074,
              34.6134027098
            ],
            [
              134.1665416777,
              34.6131715672
            ],
            [
              134.1671143154,
              34.6130921917
            ],
            [
              134.1673519349,
              34.6131392824
            ],
            [
              134.1674055317,
              34.6130582147
            ],
            [
              134.1680784912,
              34.6135270897
            ],
            [
              134.1683084343,
              34.6136013557
            ],
            [
              134.1681915272,
              34.6138619462
            ],
            [
              134.1682827123,
              34.6138896794
            ]
          ]
        ]
      }
    },
    {
      "type": "Feature",
      "properties": {
        "key_code": "33212087008",
        "pref": "岡山県",
        "city": "瀬戸内市",
        "ward": "",
        "district": "牛窓町牛窓",
        "name": "瀬戸内市  牛窓町牛窓"
      },
      "geometry": {
        "type": "Polygon",
        "coordinates": [
          [
            [
              134.1703745936,
              34.6137194943
            ],
            [
              134.1702761629,
              34.6139336246
            ],
            [
              134.1701806125,
              34.6138565834
            ],
            [
              134.1701426099,
              34.614290268
            ],
            [
              134.170021786,
              34.6145197225
            ],
            [
              134.1695975321,
              34.6148718911
            ],
            [
              134.1693030906,
              34.614962357
            ],
            [
              134.1692284673,
              34.6151220025
            ],
            [
              134.1689484008,
              34.615104159
            ],
            [
              134.1687110525,
              34.615191742
            ],
            [
              134.1684582637,
              34.6158503847
            ],
            [
              134.1682684517,
              34.6150864802
            ],
            [
              134.1683276417,
              34.6144708229
            ],
            [
              134.1680780577,
              34.6144189288
            ],
            [
              134.1682827123,
              34.6138896794
            ],
            [
              134.1681915272,
              34.6138619462
            ],
            [
              134.1683084343,
              34.6136013557
            ],
            [
              134.1685580355,
              34.6136539543
            ],
            [
              134.1686269837,
              34.6135259976
            ],
            [
              134.1686060015,
              34.6136630344
            ],
            [
              134.1687488538,
              34.6136587187
            ],
            [
              134.169768849,
              34.6134392031
            ],
            [
              134.1701622587,
              34.6135651016
            ],
            [
              134.1701501447,
              34.6136227005
            ],
            [
              134.1703745936,
              34.6137194943
            ]
          ]
        ]
      }
    },
    {
      "type": "Feature",
      "properties": {
        "key_code": "33212087009",
        "pref": "岡山県",
        "city": "瀬戸内市",
        "ward": "",
        "district": "牛窓町牛窓",
        "name": "瀬戸内市  牛窓町牛窓"
      },
      "geometry": {
        "type": "Polygon",
        "coordinates": [
          [
            [
              134.170123363,
              34.6156106051
            ],
            [
              134.1704379873,
              34.6158743079
            ],
            [
              134.1706783123,
              34.6156582531
            ],
            [
              134.1705840904,
              34.615329904
            ],
            [
              134.1706267418,
              34.6152633291
            ],
            [
              134.170729368,
              34.6157601694
            ],
            [
              134.1706418617,
              34.6158979638
            ],
            [
              134.1708360948,
              34.6158306049
            ],
            [
              134.1707465322,
              34.6159089496
            ],
            [
              134.1708162017,
              34.6159676436
            ],
            [
              134.1709460948,
              34.6159047068
            ],
            [
              134.1708434143,
              34.6159928955
            ],
            [
              134.170909836,
              34.6160462316
            ],
            [
              134.1710528447,
              34.6159634499
            ],
            [
              134.1712923456,
              34.6161711263
            ],
            [
              134.1712278211,
              34.616264859
            ],
            [
              134.1714292091,
              34.6164454378
            ],
            [
              134.1717267818,
              34.616516125
            ],
            [
              134.1717694384,
              34.6164467333
            ],
            [
              134.1716629982,
              34.6162275413
            ],
            [
              134.171909924,
              34.6165452448
            ],
            [
              134.171855184,
              34.6166568822
            ],
            [
              134.1722731018,
              34.6170821522
            ],
            [
              134.1724364746,
              34.6171860471
            ],
            [
              134.1726143353,
              34.6171330336
            ],
            [
              134.172991426,
              34.6172443939
            ],
            [
              134.1729312358,
              34.6173553195
            ],
            [
              134.1729834959,
              34.6173976489
            ],
            [
              134.1735106559,
              34.6171604123
            ],
            [
              134.1735487712,
              34.6166203709
            ],
            [
              134.1735542581,
              34.617169485
            ],
            [
              134.1732562202,
              34.6173448988
            ],
            [
              134.1729157694,
              34.6191629291
            ],
            [
              134.172992488,
              34.619529007
            ],
            [
              134.1735289042,
              34.62016588
            ],
            [
              134.1723293385,
              34.6202520633
            ],
            [
              134.171288701,
              34.6204788974
            ],
            [
              134.1714798764,
              34.6195982902
            ],
            [
              134.1708237868,
              34.6194393641
            ],
            [
              134.1708450311,
              34.6192327377
            ],
            [
              134.1712678869,
              34.6187695593
            ],
            [
              134.1713376989,
              34.6185915937
            ],
            [
              134.1715706733,
              34.6184455403
            ],
            [
              134.171570868,
              34.6183451004
            ],
            [
              134.1715432782,
              34.618244484
            ],
            [
              134.1711373745,
              34.6180201059
            ],
            [
              134.1708456669,
              34.6180139422
            ],
            [
              134.1707828426,
              34.6181688143
            ],
            [
              134.1704001387,
              34.6185156875
            ],
            [
              134.1703115467,
              34.6185371221
            ],
            [
              134.1699230418,
              34.6182926187
            ],
            [
              134.169710722,
              34.6185335019
            ],
            [
              134.1694609594,
              34.6183866639
            ],
            [
              134.1693043581,
              34.6185445089
            ],
            [
              134.1691934125,
              34.6184467373
            ],
            [
              134.1689499396,
              34.6186329201
            ],
            [
              134.1689930179,
              34.618459006
            ],
            [
              134.1694307766,
              34.6180516382
            ],
            [
              134.1703176284,
              34.6175171
            ],
            [
              134.1707508287,
              34.6171528263
            ],
            [
              134.169823315,
              34.6164473876
            ],
            [
              134.1696566027,
              34.6165823986
            ],
            [
              134.1687290977,
              34.6158746975
            ],
            [
              134.1686219563,
              34.6159506224
            ],
            [
              134.1684582637,
              34.6158503847
            ],
            [
              134.1687110525,
              34.615191742
            ],
            [
              134.1689484008,
              34.615104159
            ],
            [
              134.1692284673,
              34.6151220025
            ],
            [
              134.1693030906,
              34.614962357
            ],
            [
              134.1695975321,
              34.6148718911
            ],
            [
              134.170021786,
              34.6145197225
            ],
            [
              134.1701426099,
              34.614290268
            ],
            [
              134.1701806125,
              34.6138565834
            ],
            [
              134.1702761629,
              34.6139336246
            ],
            [
              134.1703745936,
              34.6137194943
            ],
            [
              134.1706849584,
              34.6139309289
            ],
            [
              134.1706693979,
              34.6140796658
            ],
            [
              134.1704737826,
              34.6148574235
            ],
            [
              134.1703647246,
              34.6148636181
            ],
            [
              134.1702976543,
              34.6151430125
            ],
            [
              134.170365177,
              34.6151881804
            ],
            [
              134.1702899506,
              34.6151835724
            ],
            [
              134.170123363,
              34.6156106051
            ]
          ]
        ]
      }
    },
    {
      "type": "Feature",
      "properties": {
        "key_code": "33212087010",
        "pref": "岡山県",
        "city": "瀬戸内市",
        "ward": "",
        "district": "牛窓町牛窓",
        "name": "瀬戸内市  牛窓町牛窓"
      },
      "geometry": {
        "type": "Polygon",
        "coordinates": [
          [
            [
              134.1689499396,
              34.6186329201
            ],
            [
              134.1691934125,
              34.6184467373
            ],
            [
              134.1693043581,
              34.6185445089
            ],
            [
              134.1694609594,
              34.6183866639
            ],
            [
              134.169710722,
              34.6185335019
            ],
            [
              134.1699230418,
              34.6182926187
            ],
            [
              134.1703115467,
              34.6185371221
            ],
            [
              134.1704001387,
              34.6185156875
            ],
            [
              134.1707828426,
              34.6181688143
            ],
            [
              134.1708456669,
              34.6180139422
            ],
            [
              134.1709429457,
              34.6179939279
            ],
            [
              134.1711373745,
              34.6180201059
            ],
            [
              134.1715432782,
              34.618244484
            ],
            [
              134.1715706733,
              34.6184455403
            ],
            [
              134.1713376989,
              34.6185915937
            ],
            [
              134.1712678869,
              34.6187695593
            ],
            [
              134.1708450311,
              34.6192327377
            ],
            [
              134.1708237868,
              34.6194393641
            ],
            [
              134.1714798764,
              34.6195982902
            ],
            [
              134.1712038977,
              34.6206658612
            ],
            [
              134.1711782319,
              34.6210281468
            ],
            [
              134.1712705513,
              34.6213321276
            ],
            [
              134.1710146261,
              34.6217215767
            ],
            [
              134.1706705153,
              34.6218105709
            ],
            [
              134.1704375915,
              34.6217781412
            ],
            [
              134.169760273,
              34.6213403939
            ],
            [
              134.1697106728,
              34.6211798766
            ],
            [
              134.1699350617,
              34.6206079612
            ],
            [
              134.1699134737,
              34.6203030886
            ],
            [
              134.1697751883,
              34.6201010363
            ],
            [
              134.1691639947,
              34.619899617
            ],
            [
              134.1684386575,
              34.6198999077
            ],
            [
              134.1674351848,
              34.6210219858
            ],
            [
              134.1666450332,
              34.6214080181
            ],
            [
              134.1664234608,
              34.6206082802
            ],
            [
              134.1662277484,
              34.6203696612
            ],
            [
              134.165980876,
              34.6196996318
            ],
            [
              134.165873923,
              34.6189290755
            ],
            [
              134.1656390049,
              34.6182345541
            ],
            [
              134.1656306873,
              34.6179322396
            ],
            [
              134.1661654848,
              34.6173124469
            ],
            [
              134.1660655984,
              34.6159864566
            ],
            [
              134.1662882758,
              34.6161121333
            ],
            [
              134.1667526092,
              34.6157982073
            ],
            [
              134.1669790626,
              34.6155208633
            ],
            [
              134.1675914021,
              34.6155069033
            ],
            [
              134.1686219563,
              34.6159506224
            ],
            [
              134.1687290977,
              34.6158746975
            ],
            [
              134.1696566027,
              34.6165823986
            ],
            [
              134.169823315,
              34.6164473876
            ],
            [
              134.1707508287,
              34.6171528263
            ],
            [
              134.1703176284,
              34.6175171
            ],
            [
              134.1694307766,
              34.6180516382
            ],
            [
              134.1689930179,
              34.618459006
            ],
            [
              134.1689499396,
              34.6186329201
            ]
          ]
        ]
      }
    },
    {
      "type": "Feature",
      "properties": {
        "key_code": "33212087011",
        "pref": "岡山県",
        "city": "瀬戸内市",
        "ward": "",
        "district": "牛窓町牛窓",
        "name": "瀬戸内市  牛窓町牛窓"
      },
      "geometry": {
        "type": "Polygon",
        "coordinates": [
          [
            [
              134.1780216144,
              34.628515243
            ],
            [
              134.1775387159,
              34.6288039791
            ],
            [
              134.1771231788,
              34.6289165655
            ],
            [
              134.1766295675,
              34.6289684752
            ],
            [
              134.1759676265,
              34.6288929541
            ],
            [
              134.1740853953,
              34.6281533033
            ],
            [
              134.1714619396,
              34.6266694136
            ],
            [
              134.1703592391,
              34.6258721553
            ],
            [
              134.16979119,
              34.62526762
            ],
            [
              134.1689461485,
              34.6239031356
            ],
            [
              134.1688295474,
              34.6235637626
            ],
            [
              134.1688520919,
              34.6232830392
            ],
            [
              134.1689841856,
              34.6231903842
            ],
            [
              134.1703866247,
              34.6230992972
            ],
            [
              134.1708999888,
              34.6229182613
            ],
            [
              134.170876988,
              34.6221871113
            ],
            [
              134.170799046,
              34.6220699445
            ],
            [
              134.1702524518,
              34.6217460563
            ],
            [
              134.1702325961,
              34.6216448851
            ],
            [
              134.1703350205,
              34.6217460261
            ],
            [
              134.1706705153,
              34.6218105709
            ],
            [
              134.1710146261,
              34.6217215767
            ],
            [
              134.1712705513,
              34.6213321276
            ],
            [
              134.1711782319,
              34.6210281468
            ],
            [
              134.171288701,
              34.6204788974
            ],
            [
              134.1723293385,
              34.6202520633
            ],
            [
              134.1735289042,
              34.62016588
            ],
            [
              134.1736962114,
              34.6210634498
            ],
            [
              134.1741372467,
              34.6213959201
            ],
            [
              134.1744637018,
              34.6223456778
            ],
            [
              134.1746248345,
              34.6224864782
            ],
            [
              134.1747708893,
              34.6231034029
            ],
            [
              134.1749883185,
              34.6234643169
            ],
            [
              134.175096128,
              34.6235437681
            ],
            [
              134.1752915281,
              34.6234466799
            ],
            [
              134.175225956,
              34.6235195665
            ],
            [
              134.1753108748,
              34.6235954653
            ],
            [
              134.1757152001,
              34.6237455961
            ],
            [
              134.1761748804,
              34.6234513476
            ],
            [
              134.1766123064,
              34.6233916193
            ],
            [
              134.1769040519,
              34.6236776826
            ],
            [
              134.1771514727,
              34.6237474503
            ],
            [
              134.1772242042,
              34.6239288457
            ],
            [
              134.1772962949,
              34.6238720261
            ],
            [
              134.1774034808,
              34.6242868897
            ],
            [
              134.1773955531,
              34.6250306815
            ],
            [
              134.1776246456,
              34.6255764303
            ],
            [
              134.1774107422,
              34.6256572977
            ],
            [
              134.1773559986,
              34.6257717558
            ],
            [
              134.1773799622,
              34.6263704902
            ],
            [
              134.1775054956,
              34.6268917356
            ],
            [
              134.1777406693,
              34.6271092619
            ],
            [
              134.1777847905,
              34.6274258562
            ],
            [
              134.1778979387,
              34.6275765937
            ],
            [
              134.1779056245,
              34.6281337499
            ],
            [
              134.1780216144,
              34.628515243
            ]
          ]
        ]
      }
    },
    {
      "type": "Feature",
      "properties": {
        "key_code": "33212087012",
        "pref": "岡山県",
        "city": "瀬戸内市",
        "ward": "",
        "district": "牛窓町牛窓",
        "name": "瀬戸内市  牛窓町牛窓"
      },
      "geometry": {
        "type": "Polygon",
        "coordinates": [
          [
            [
              134.1649170986,
              34.6300308614
            ],
            [
              134.1670165566,
              34.6306771443
            ],
            [
              134.1667599058,
              34.6309102222
            ],
            [
              134.1666809515,
              34.6311822853
            ],
            [
              134.166779698,
              34.6314764288
            ],
            [
              134.1670345827,
              34.6316139911
            ],
            [
              134.1688570613,
              34.6319154151
            ],
            [
              134.1696523774,
              34.6321727421
            ],
            [
              134.1699814618,
              34.6321478283
            ],
            [
              134.1704319289,
              34.6316787581
            ],
            [
              134.170550362,
              34.6317642869
            ],
            [
              134.1736287088,
              34.6318507916
            ],
            [
              134.1738038051,
              34.6321116388
            ],
            [
              134.1743038706,
              34.6324061591
            ],
            [
              134.1749658825,
              34.632997569
            ],
            [
              134.1751093755,
              34.633251188
            ],
            [
              134.1750923438,
              34.6336054644
            ],
            [
              134.1751480212,
              34.6335758123
            ],
            [
              134.1754529934,
              34.6337997766
            ],
            [
              134.1756552799,
              34.6335313923
            ],
            [
              134.1756802265,
              34.6336098923
            ],
            [
              134.1754452599,
              34.633856539
            ],
            [
              134.1742252553,
              34.6340889385
            ],
            [
              134.171928276,
              34.6337099147
            ],
            [
              134.1715484714,
              34.6337094096
            ],
            [
              134.1711613217,
              34.6335039208
            ],
            [
              134.1711076979,
              34.6331773024
            ],
            [
              134.1695953019,
              34.632382992
            ],
            [
              134.1691463856,
              34.6323512513
            ],
            [
              134.1681670202,
              34.6324917836
            ],
            [
              134.1671395643,
              34.63309854
            ],
            [
              134.1644588863,
              34.6325592313
            ],
            [
              134.1629017253,
              34.6315781042
            ],
            [
              134.1544889179,
              34.6304625839
            ],
            [
              134.1504363264,
              34.6290382505
            ],
            [
              134.1493014718,
              34.6288966985
            ],
            [
              134.1472834305,
              34.6298240413
            ],
            [
              134.14714468,
              34.6292816109
            ],
            [
              134.1468821539,
              34.6290545519
            ],
            [
              134.1466279206,
              34.6289403443
            ],
            [
              134.1451602963,
              34.6287449916
            ],
            [
              134.1453676026,
              34.6283332512
            ],
            [
              134.1460212543,
              34.6277082065
            ],
            [
              134.1463376611,
              34.6269489666
            ],
            [
              134.1472682904,
              34.6272292893
            ],
            [
              134.1471402771,
              34.6279399312
            ],
            [
              134.1482073754,
              34.6278803787
            ],
            [
              134.1495730138,
              34.6275234535
            ],
            [
              134.1501961959,
              34.6274632289
            ],
            [
              134.1505874129,
              34.6275201488
            ],
            [
              134.150875262,
              34.6276622844
            ],
            [
              134.1518443873,
              34.6287886979
            ],
            [
              134.1578258098,
              34.6297456047
            ],
            [
              134.1597127759,
              34.6298954546
            ],
            [
              134.1615140527,
              34.6302695127
            ],
            [
              134.1638232491,
              34.6305224011
            ],
            [
              134.1649170986,
              34.6300308614
            ]
          ]
        ]
      }
    },
    {
      "type": "Feature",
      "properties": {
        "key_code": "33212087013",
        "pref": "岡山県",
        "city": "瀬戸内市",
        "ward": "",
        "district": "牛窓町牛窓",
        "name": "瀬戸内市  牛窓町牛窓"
      },
      "geometry": {
        "type": "Polygon",
        "coordinates": [
          [
            [
              134.1561108091,
              34.5986618616
            ],
            [
              134.1562609522,
              34.5988081552
            ],
            [
              134.1562669192,
              34.5990767967
            ],
            [
              134.156034052,
              34.5993793264
            ],
            [
              134.1561720832,
              34.5995842033
            ],
            [
              134.1566523484,
              34.5998391551
            ],
            [
              134.1573969728,
              34.5998537409
            ],
            [
              134.1569171543,
              34.599899965
            ],
            [
              134.1564484578,
              34.5998425263
            ],
            [
              134.1558098702,
              34.599697363
            ],
            [
              134.1554746057,
              34.5994452926
            ],
            [
              134.1553084704,
              34.5991295122
            ],
            [
              134.1553188838,
              34.5988446955
            ],
            [
              134.1554925336,
              34.5987068963
            ],
            [
              134.1561108091,
              34.5986618616
            ]
          ]
        ]
      }
    },
    {
      "type": "Feature",
      "properties": {
        "key_code": "33212087013",
        "pref": "岡山県",
        "city": "瀬戸内市",
        "ward": "",
        "district": "牛窓町牛窓",
        "name": "瀬戸内市  牛窓町牛窓"
      },
      "geometry": {
        "type": "Polygon",
        "coordinates": [
          [
            [
              134.2095825841,
              34.6129373459
            ],
            [
              134.2093143482,
              34.6129272008
            ],
            [
              134.2092066,
              34.6127945284
            ],
            [
              134.2089570288,
              34.6127005854
            ],
            [
              134.2081688282,
              34.6125860631
            ],
            [
              134.2075544096,
              34.6121995608
            ],
            [
              134.2072705273,
              34.6117286077
            ],
            [
              134.2066714069,
              34.6113304312
            ],
            [
              134.2059718594,
              34.6110069489
            ],
            [
              134.2057606237,
              34.610806548
            ],
            [
              134.2054107192,
              34.610735875
            ],
            [
              134.2053559813,
              34.6108782297
            ],
            [
              134.2053943758,
              34.6107276865
            ],
            [
              134.2053137417,
              34.6106888602
            ],
            [
              134.2047839041,
              34.6106305256
            ],
            [
              134.2044375217,
              34.6103967314
            ],
            [
              134.2036767446,
              34.610194737
            ],
            [
              134.203026271,
              34.6098803097
            ],
            [
              134.2024282737,
              34.6094794475
            ],
            [
              134.2022804224,
              34.6092014972
            ],
            [
              134.2017348528,
              34.608747444
            ],
            [
              134.2011713796,
              34.6085962284
            ],
            [
              134.2013038834,
              34.6082330871
            ],
            [
              134.2010918935,
              34.6078343437
            ],
            [
              134.201142459,
              34.6075729558
            ],
            [
              134.2014066111,
              34.607392945
            ],
            [
              134.201579684,
              34.607581615
            ],
            [
              134.2017367437,
              34.6075465748
            ],
            [
              134.2018553963,
              34.6076739074
            ],
            [
              134.2021052786,
              34.6075551554
            ],
            [
              134.2022087135,
              34.6076499317
            ],
            [
              134.2023266334,
              34.6075455416
            ],
            [
              134.2026721602,
              34.6076207238
            ],
            [
              134.202788632,
              34.6077407293
            ],
            [
              134.2029652717,
              34.6077409249
            ],
            [
              134.2030054469,
              34.6078499994
            ],
            [
              134.2030785956,
              34.6077906348
            ],
            [
              134.2034085099,
              34.6080876616
            ],
            [
              134.2034166868,
              34.6084374381
            ],
            [
              134.2036351987,
              34.6088614017
            ],
            [
              134.2038888071,
              34.6091491879
            ],
            [
              134.2040381289,
              34.6091890759
            ],
            [
              134.2044279199,
              34.6095527963
            ],
            [
              134.2046077891,
              34.6095810261
            ],
            [
              134.2046907494,
              34.6095188541
            ],
            [
              134.2049152282,
              34.6096137615
            ],
            [
              134.2050033535,
              34.6097382424
            ],
            [
              134.2051081115,
              34.6096824335
            ],
            [
              134.2051046542,
              34.6098051229
            ],
            [
              134.2054030697,
              34.6100361871
            ],
            [
              134.2057845885,
              34.610112388
            ],
            [
              134.2060278824,
              34.6100206673
            ],
            [
              134.206288856,
              34.6097793653
            ],
            [
              134.2067001698,
              34.6096157016
            ],
            [
              134.2069455583,
              34.6095807502
            ],
            [
              134.2069029021,
              34.6096718439
            ],
            [
              134.2070293546,
              34.609690011
            ],
            [
              134.2072781578,
              34.6095585696
            ],
            [
              134.207614603,
              34.609881796
            ],
            [
              134.2074659936,
              34.6100951896
            ],
            [
              134.2077385517,
              34.610120838
            ],
            [
              134.2076704357,
              34.6104596885
            ],
            [
              134.2078749134,
              34.6108016497
            ],
            [
              134.2081202807,
              34.6107828954
            ],
            [
              134.2081504419,
              34.6110281756
            ],
            [
              134.2083149149,
              34.6111509057
            ],
            [
              134.2085635546,
              34.6111304637
            ],
            [
              134.2087452122,
              34.6114263363
            ],
            [
              134.2090756072,
              34.6114231658
            ],
            [
              134.2092268745,
              34.6116198366
            ],
            [
              134.2094232784,
              34.6115317206
            ],
            [
              134.21004768,
              34.6118091871
            ],
            [
              134.2102919768,
              34.611774224
            ],
            [
              134.2103708272,
              34.6115407425
            ],
            [
              134.2106051816,
              34.6116005757
            ],
            [
              134.2106648548,
              34.6118043355
            ],
            [
              134.2104706516,
              34.6118807667
            ],
            [
              134.2106589537,
              34.6121100158
            ],
            [
              134.2104821258,
              34.6122315433
            ],
            [
              134.2103774718,
              34.6122169256
            ],
            [
              134.2102277347,
              34.6124530077
            ],
            [
              134.2101634716,
              34.6124015236
            ],
            [
              134.2098350407,
              34.6125499391
            ],
            [
              134.2095825841,
              34.6129373459
            ]
          ]
        ]
      }
    },
    {
      "type": "Feature",
      "properties": {
        "key_code": "33212087013",
        "pref": "岡山県",
        "city": "瀬戸内市",
        "ward": "",
        "district": "牛窓町牛窓",
        "name": "瀬戸内市  牛窓町牛窓"
      },
      "geometry": {
        "type": "Polygon",
        "coordinates": [
          [
            [
              134.1591713319,
              34.5970155359
            ],
            [
              134.1595834074,
              34.5970313292
            ],
            [
              134.1596667114,
              34.5973416345
            ],
            [
              134.1598376051,
              34.5974744302
            ],
            [
              134.1605382944,
              34.5976331945
            ],
            [
              134.1606992077,
              34.5978452857
            ],
            [
              134.1607010355,
              34.5980165822
            ],
            [
              134.1608468259,
              34.598164558
            ],
            [
              134.1615711181,
              34.5985136593
            ],
            [
              134.1619361331,
              34.5986196816
            ],
            [
              134.1622439865,
              34.5984244488
            ],
            [
              134.1624609275,
              34.5984301058
            ],
            [
              134.162399658,
              34.5985373599
            ],
            [
              134.1624637284,
              34.5986581728
            ],
            [
              134.1623972424,
              34.5986508954
            ],
            [
              134.162380589,
              34.5987969504
            ],
            [
              134.1625465743,
              34.5991975255
            ],
            [
              134.1630444063,
              34.5994019125
            ],
            [
              134.1631841244,
              34.5993201233
            ],
            [
              134.1634245647,
              34.599571904
            ],
            [
              134.1632223569,
              34.5998213786
            ],
            [
              134.1631648847,
              34.599664374
            ],
            [
              134.1629920211,
              34.5999599527
            ],
            [
              134.1630299575,
              34.6000690357
            ],
            [
              134.1628620706,
              34.6000651397
            ],
            [
              134.1630545313,
              34.5997824065
            ],
            [
              134.1629433778,
              34.5997552053
            ],
            [
              134.1626909799,
              34.6000243315
            ],
            [
              134.1622930795,
              34.600001237
            ],
            [
              134.1606413625,
              34.6005065989
            ],
            [
              134.1597466465,
              34.6003168532
            ],
            [
              134.1593449108,
              34.6005633689
            ],
            [
              134.1597237685,
              34.6003051289
            ],
            [
              134.159349343,
              34.6000061063
            ],
            [
              134.1588251862,
              34.5993572387
            ],
            [
              134.1582655751,
              34.5989804742
            ],
            [
              134.1576181646,
              34.5988857386
            ],
            [
              134.1579282173,
              34.5981677588
            ],
            [
              134.1576991437,
              34.597709335
            ],
            [
              134.1575750545,
              34.5976128058
            ],
            [
              134.1577284519,
              34.5972505731
            ],
            [
              134.1579359957,
              34.5970615428
            ],
            [
              134.1583346813,
              34.5972225552
            ],
            [
              134.1586377576,
              34.5972319993
            ],
            [
              134.1591351455,
              34.5971163455
            ],
            [
              134.1591713319,
              34.5970155359
            ]
          ]
        ]
      }
    },
    {
      "type": "Feature",
      "properties": {
        "key_code": "33212087013",
        "pref": "岡山県",
        "city": "瀬戸内市",
        "ward": "",
        "district": "牛窓町牛窓",
        "name": "瀬戸内市  牛窓町牛窓"
      },
      "geometry": {
        "type": "Polygon",
        "coordinates": [
          [
            [
              134.1672468035,
              34.6095312314
            ],
            [
              134.1673336029,
              34.6081059119
            ],
            [
              134.1672718194,
              34.6079201645
            ],
            [
              134.1670572538,
              34.607799996
            ],
            [
              134.1672384406,
              34.6077100866
            ],
            [
              134.1672366797,
              34.6074982197
            ],
            [
              134.1669995116,
              34.6072327851
            ],
            [
              134.1666288798,
              34.6071872038
            ],
            [
              134.1665580182,
              34.6077243761
            ],
            [
              134.166707177,
              34.6078364273
            ],
            [
              134.1663585087,
              34.6077115666
            ],
            [
              134.1664490953,
              34.6076674581
            ],
            [
              134.1664725386,
              34.6073980109
            ],
            [
              134.1663119455,
              34.6070037852
            ],
            [
              134.1660671508,
              34.6067365082
            ],
            [
              134.1656880074,
              34.6065882195
            ],
            [
              134.1650361056,
              34.6059868086
            ],
            [
              134.1648297087,
              34.6056061828
            ],
            [
              134.1642411725,
              34.6049427314
            ],
            [
              134.1641239936,
              34.6041238478
            ],
            [
              134.1647441283,
              34.6037109742
            ],
            [
              134.16498407,
              34.603675242
            ],
            [
              134.1653922942,
              34.6034504143
            ],
            [
              134.1654800868,
              34.6031683784
            ],
            [
              134.1658777529,
              34.6027757653
            ],
            [
              134.1659445829,
              34.602613579
            ],
            [
              134.1666152935,
              34.6025261707
            ],
            [
              134.1669896614,
              34.6023328483
            ],
            [
              134.1672981427,
              34.6023684838
            ],
            [
              134.1677726974,
              34.6022302322
            ],
            [
              134.1683203917,
              34.6025952507
            ],
            [
              134.1689318033,
              34.6027186256
            ],
            [
              134.1694575467,
              34.6026093143
            ],
            [
              134.1697231369,
              34.6022787763
            ],
            [
              134.169832844,
              34.6024926157
            ],
            [
              134.1702580088,
              34.602519383
            ],
            [
              134.1702811882,
              34.6023724918
            ],
            [
              134.1703942484,
              34.6025439347
            ],
            [
              134.1708706654,
              34.6025679508
            ],
            [
              134.1709281979,
              34.6026969192
            ],
            [
              134.1711199213,
              34.6027819738
            ],
            [
              134.1715037255,
              34.6027743116
            ],
            [
              134.171834668,
              34.6024737194
            ],
            [
              134.1720559788,
              34.6024830264
            ],
            [
              134.1722692849,
              34.6026896744
            ],
            [
              134.1724711762,
              34.602593448
            ],
            [
              134.1724522126,
              34.6028142997
            ],
            [
              134.1728204796,
              34.6029455075
            ],
            [
              134.172899847,
              34.6030611213
            ],
            [
              134.1728458299,
              34.6033720828
            ],
            [
              134.1729011432,
              34.6035217562
            ],
            [
              134.1734456316,
              34.6038695678
            ],
            [
              134.1741582752,
              34.60409321
            ],
            [
              134.1746685391,
              34.6040947197
            ],
            [
              134.1750655895,
              34.6040050798
            ],
            [
              134.1751905337,
              34.6036599757
            ],
            [
              134.1752688262,
              34.6037719262
            ],
            [
              134.1754639315,
              34.6038064087
            ],
            [
              134.1755436791,
              34.6037235411
            ],
            [
              134.1756001592,
              34.6038389846
            ],
            [
              134.1755537257,
              34.6041761605
            ],
            [
              134.1760145823,
              34.6043597419
            ],
            [
              134.1764496664,
              34.6043377629
            ],
            [
              134.1766755943,
              34.6042100048
            ],
            [
              134.1768234198,
              34.6038730993
            ],
            [
              134.1768030405,
              34.6036972708
            ],
            [
              134.1769507465,
              34.603423332
            ],
            [
              134.1770565895,
              34.603380221
            ],
            [
              134.1772740452,
              34.6037040719
            ],
            [
              134.1772888897,
              34.6039249707
            ],
            [
              134.1774020893,
              34.6040306246
            ],
            [
              134.1775361959,
              34.6040307958
            ],
            [
              134.1777099362,
              34.6044114994
            ],
            [
              134.178011475,
              34.604670656
            ],
            [
              134.1783176085,
              34.6048017697
            ],
            [
              134.1786404551,
              34.604746255
            ],
            [
              134.1793148,
              34.605049972
            ],
            [
              134.1796418435,
              34.6050802477
            ],
            [
              134.1799309898,
              34.6049669313
            ],
            [
              134.1798491506,
              34.6055979129
            ],
            [
              134.1801613379,
              34.6059959727
            ],
            [
              134.1804969305,
              34.6061279623
            ],
            [
              134.1813341406,
              34.6062228245
            ],
            [
              134.1816435525,
              34.6063547783
            ],
            [
              134.1827190048,
              34.606154106
            ],
            [
              134.1833458678,
              34.6062017855
            ],
            [
              134.1838237173,
              34.6060455866
            ],
            [
              134.1839023727,
              34.6059627115
            ],
            [
              134.1839445318,
              34.6055560811
            ],
            [
              134.1841192677,
              34.6053985237
            ],
            [
              134.1844430328,
              34.6054359661
            ],
            [
              134.1844476692,
              34.6052782008
            ],
            [
              134.1846135304,
              34.605206279
            ],
            [
              134.1847952399,
              34.6048088337
            ],
            [
              134.1849718026,
              34.6048434203
            ],
            [
              134.1853387436,
              34.6051260218
            ],
            [
              134.1855065931,
              34.605163133
            ],
            [
              134.1856681543,
              34.6050533122
            ],
            [
              134.1858401816,
              34.6051905834
            ],
            [
              134.1862720871,
              34.6051181359
            ],
            [
              134.1863389057,
              34.6049405841
            ],
            [
              134.1866390828,
              34.6047489447
            ],
            [
              134.1869394321,
              34.6050773843
            ],
            [
              134.1871617748,
              34.6051282214
            ],
            [
              134.1876507529,
              34.6048348199
            ],
            [
              134.1881592937,
              34.6052050592
            ],
            [
              134.1881981241,
              34.6054449995
            ],
            [
              134.1886023019,
              34.6056428336
            ],
            [
              134.1889544749,
              34.6056450819
            ],
            [
              134.1893453196,
              34.6053516976
            ],
            [
              134.189667003,
              34.6053313704
            ],
            [
              134.1896568662,
              34.6055233576
            ],
            [
              134.1898877822,
              34.6056551982
            ],
            [
              134.1908311393,
              34.6055292428
            ],
            [
              134.1912942584,
              34.6056902287
            ],
            [
              134.191995698,
              34.6061291338
            ],
            [
              134.1924012298,
              34.606819277
            ],
            [
              134.1928467965,
              34.6070524985
            ],
            [
              134.1932753597,
              34.6070196045
            ],
            [
              134.1934915208,
              34.6068565906
            ],
            [
              134.193692948,
              34.6070290975
            ],
            [
              134.1940322743,
              34.606897777
            ],
            [
              134.1946034492,
              34.6069967494
            ],
            [
              134.1946795272,
              34.6071455883
            ],
            [
              134.1945315805,
              34.6075961863
            ],
            [
              134.1947294947,
              34.6079182851
            ],
            [
              134.1952980247,
              34.6083084172
            ],
            [
              134.1956765002,
              34.6082393964
            ],
            [
              134.1957024267,
              34.6083826849
            ],
            [
              134.1955024372,
              34.6086574267
            ],
            [
              134.1955829288,
              34.6087792236
            ],
            [
              134.196097411,
              34.6088817859
            ],
            [
              134.1961243597,
              34.6090711371
            ],
            [
              134.1964763597,
              34.6091949269
            ],
            [
              134.1965719085,
              34.6094412633
            ],
            [
              134.1970424376,
              34.6097608424
            ],
            [
              134.1971716824,
              34.6100711669
            ],
            [
              134.1970393213,
              34.6103333086
            ],
            [
              134.1970530328,
              34.6106164591
            ],
            [
              134.1972792182,
              34.6109953506
            ],
            [
              134.1976746938,
              34.6112031578
            ],
            [
              134.1979705385,
              34.6109934725
            ],
            [
              134.1982865439,
              34.6111235719
            ],
            [
              134.1983857534,
              34.6118098492
            ],
            [
              134.1988278208,
              34.6122025472
            ],
            [
              134.1991117877,
              34.612591399
            ],
            [
              134.1992712263,
              34.6131226717
            ],
            [
              134.1996154162,
              34.6133664917
            ],
            [
              134.1997636942,
              34.6133765209
            ],
            [
              134.1998266971,
              34.6135261995
            ],
            [
              134.2001341298,
              34.6135707817
            ],
            [
              134.2002273088,
              34.6139423675
            ],
            [
              134.2003178469,
              34.6139279607
            ],
            [
              134.2002707246,
              34.6140686383
            ],
            [
              134.2003599356,
              34.6141984832
            ],
            [
              134.2006784293,
              34.6141465788
            ],
            [
              134.2009574311,
              34.6142388823
            ],
            [
              134.2011413635,
              34.6144636396
            ],
            [
              134.2011585102,
              34.6146501735
            ],
            [
              134.2013525397,
              34.614699978
            ],
            [
              134.2013466947,
              34.6149479063
            ],
            [
              134.2012112013,
              34.6151200403
            ],
            [
              134.2013725075,
              34.6151698079
            ],
            [
              134.2014094003,
              34.6152879004
            ],
            [
              134.2016165167,
              34.6153323653
            ],
            [
              134.2015713694,
              34.6156054658
            ],
            [
              134.2016530256,
              34.6156866992
            ],
            [
              134.2017294688,
              34.6156164892
            ],
            [
              134.2018035733,
              34.6156516496
            ],
            [
              134.2017954909,
              34.6159347926
            ],
            [
              134.2016142494,
              34.6160725044
            ],
            [
              134.2016904836,
              34.6161348543
            ],
            [
              134.2016380109,
              34.6162186148
            ],
            [
              134.2011818189,
              34.6164570243
            ],
            [
              134.2008820414,
              34.6163927332
            ],
            [
              134.2007144349,
              34.6161851814
            ],
            [
              134.2004942587,
              34.616129007
            ],
            [
              134.2002026308,
              34.6164235252
            ],
            [
              134.2001689914,
              34.6163161421
            ],
            [
              134.1999605128,
              34.6164429744
            ],
            [
              134.199900209,
              34.6166475938
            ],
            [
              134.2000788604,
              34.6167668321
            ],
            [
              134.1999553885,
              34.6169162999
            ],
            [
              134.199836497,
              34.6169387054
            ],
            [
              134.1998366471,
              34.6168450247
            ],
            [
              134.1997438614,
              34.6169043686
            ],
            [
              134.199672044,
              34.6168042676
            ],
            [
              134.1994124321,
              34.6168544068
            ],
            [
              134.199247384,
              34.617096802
            ],
            [
              134.1990641946,
              34.617091101
            ],
            [
              134.1988393629,
              34.6172063614
            ],
            [
              134.1976861384,
              34.6168975199
            ],
            [
              134.1976078425,
              34.616762192
            ],
            [
              134.1976419771,
              34.6165638818
            ],
            [
              134.1973119961,
              34.6162940128
            ],
            [
              134.1976584091,
              34.6165179756
            ],
            [
              134.1977220538,
              34.6162727888
            ],
            [
              134.1972483768,
              34.6158583621
            ],
            [
              134.1968883826,
              34.6159427663
            ],
            [
              134.1963749377,
              34.6158366789
            ],
            [
              134.1960750243,
              34.6158570514
            ],
            [
              134.1955000268,
              34.6160547537
            ],
            [
              134.1945616493,
              34.6157381381
            ],
            [
              134.1941951281,
              34.6158143565
            ],
            [
              134.1941239355,
              34.6160009312
            ],
            [
              134.1941318543,
              34.6158314705
            ],
            [
              134.1939431974,
              34.6158294246
            ],
            [
              134.193700253,
              34.6156930644
            ],
            [
              134.1926905951,
              34.6156261216
            ],
            [
              134.191774485,
              34.6150488991
            ],
            [
              134.1916756562,
              34.6148143741
            ],
            [
              134.1914720949,
              34.6146049442
            ],
            [
              134.1910372151,
              34.6144845581
            ],
            [
              134.1902390482,
              34.6144565817
            ],
            [
              134.1893250881,
              34.6145501769
            ],
            [
              134.1885984764,
              34.6147585143
            ],
            [
              134.1881535822,
              34.6147524946
            ],
            [
              134.1878312209,
              34.6145177032
            ],
            [
              134.1875332509,
              34.6140495165
            ],
            [
              134.1870056383,
              34.6139532377
            ],
            [
              134.1874680625,
              34.6139132176
            ],
            [
              134.1870824683,
              34.6130500664
            ],
            [
              134.1864261781,
              34.6123460574
            ],
            [
              134.1860776562,
              34.6121112321
            ],
            [
              134.1859211285,
              34.6118297256
            ],
            [
              134.1855422884,
              34.6114776614
            ],
            [
              134.1852742558,
              34.6113619702
            ],
            [
              134.1848141979,
              34.6113063367
            ],
            [
              134.183689809,
              34.6113987835
            ],
            [
              134.1830035011,
              34.6110363379
            ],
            [
              134.1818943227,
              34.6111685118
            ],
            [
              134.1814086312,
              34.6108179963
            ],
            [
              134.1807177435,
              34.610586396
            ],
            [
              134.1802388209,
              34.6101206553
            ],
            [
              134.1795974398,
              34.6096500592
            ],
            [
              134.1787147479,
              34.6093667895
            ],
            [
              134.1780103397,
              34.6093785753
            ],
            [
              134.1777391693,
              34.6091960888
            ],
            [
              134.1773346855,
              34.6091720493
            ],
            [
              134.1777275546,
              34.6089950573
            ],
            [
              134.1778412135,
              34.6088526444
            ],
            [
              134.1774596297,
              34.6088260975
            ],
            [
              134.1773852804,
              34.6089360206
            ],
            [
              134.1772218469,
              34.6088698862
            ],
            [
              134.17652253,
              34.6090755021
            ],
            [
              134.1762587354,
              34.6090327627
            ],
            [
              134.1760246183,
              34.608865675
            ],
            [
              134.1750879803,
              34.6088636206
            ],
            [
              134.173602937,
              34.6099724286
            ],
            [
              134.1733231258,
              34.6103236675
            ],
            [
              134.1733423633,
              34.6105255552
            ],
            [
              134.1732039858,
              34.6104704354
            ],
            [
              134.1731442219,
              34.6109328246
            ],
            [
              134.173292028,
              34.6111854522
            ],
            [
              134.173710354,
              34.6113925106
            ],
            [
              134.1739782084,
              34.6110249146
            ],
            [
              134.1740621728,
              34.6110188258
            ],
            [
              134.1738035335,
              34.6117018367
            ],
            [
              134.1737668279,
              34.6120804451
            ],
            [
              134.1741004574,
              34.6126740802
            ],
            [
              134.1738600204,
              34.612957759
            ],
            [
              134.1736980798,
              34.6126762323
            ],
            [
              134.1734552583,
              34.6124974336
            ],
            [
              134.1729157695,
              34.6123551539
            ],
            [
              134.1722188707,
              34.6118503499
            ],
            [
              134.1718646592,
              34.6117597275
            ],
            [
              134.171841365,
              34.6119607162
            ],
            [
              134.1717606769,
              34.6119624418
            ],
            [
              134.1717807667,
              34.6117225682
            ],
            [
              134.171519474,
              34.6115121884
            ],
            [
              134.1712493042,
              34.6113829376
            ],
            [
              134.1706932784,
              34.6113389555
            ],
            [
              134.1703506292,
              34.6109137851
            ],
            [
              134.169983699,
              34.6106383236
            ],
            [
              134.168064046,
              34.6103626079
            ],
            [
              134.1676944817,
              34.6097724388
            ],
            [
              134.1673926169,
              34.6096837063
            ],
            [
              134.1672468035,
              34.6095312314
            ]
          ]
        ]
      }
    },
    {
      "type": "Feature",
      "properties": {
        "key_code": "33212087013",
        "pref": "岡山県",
        "city": "瀬戸内市",
        "ward": "",
        "district": "牛窓町牛窓",
        "name": "瀬戸内市  牛窓町牛窓"
      },
      "geometry": {
        "type": "Polygon",
        "coordinates": [
          [
            [
              134.1909585875,
              34.6024045863
            ],
            [
              134.190330741,
              34.6023120056
            ],
            [
              134.190210939,
              34.6022360792
            ],
            [
              134.190139306,
              34.602042166
            ],
            [
              134.1901385095,
              34.6018735512
            ],
            [
              134.1905214364,
              34.6010986871
            ],
            [
              134.1904290842,
              34.6009110883
            ],
            [
              134.1904655564,
              34.6006217971
            ],
            [
              134.1903231373,
              34.6003872317
            ],
            [
              134.1900006152,
              34.6002686661
            ],
            [
              134.1898457289,
              34.6003135596
            ],
            [
              134.1899266002,
              34.6001982873
            ],
            [
              134.189916009,
              34.6000171241
            ],
            [
              134.1903665951,
              34.5992026165
            ],
            [
              134.1903943934,
              34.5988862692
            ],
            [
              134.1902466084,
              34.5986038034
            ],
            [
              134.1900515837,
              34.5985260974
            ],
            [
              134.1897883357,
              34.5981813736
            ],
            [
              134.1896642204,
              34.5974483105
            ],
            [
              134.1898016406,
              34.5974222731
            ],
            [
              134.189989524,
              34.5972052827
            ],
            [
              134.1901802913,
              34.5965852836
            ],
            [
              134.1903929963,
              34.5971534987
            ],
            [
              134.1905258917,
              34.5972202848
            ],
            [
              134.190894393,
              34.597216211
            ],
            [
              134.1910245537,
              34.5969702744
            ],
            [
              134.191192452,
              34.5969704716
            ],
            [
              134.1911621782,
              34.596817176
            ],
            [
              134.1912823524,
              34.5966703957
            ],
            [
              134.191602081,
              34.5965021564
            ],
            [
              134.1918374025,
              34.5965970922
            ],
            [
              134.1918938698,
              34.5967305565
            ],
            [
              134.1922927464,
              34.5968131447
            ],
            [
              134.1926483824,
              34.5973282753
            ],
            [
              134.1928914898,
              34.597334896
            ],
            [
              134.1931609732,
              34.5972188552
            ],
            [
              134.1932353966,
              34.5970459606
            ],
            [
              134.1929105645,
              34.5963694381
            ],
            [
              134.1930023694,
              34.5962306524
            ],
            [
              134.1932248691,
              34.5961759737
            ],
            [
              134.1934336616,
              34.5958381421
            ],
            [
              134.1933306986,
              34.5954764254
            ],
            [
              134.1934515589,
              34.594916772
            ],
            [
              134.193544165,
              34.5949529402
            ],
            [
              134.1936815364,
              34.5948628592
            ],
            [
              134.1938089461,
              34.5950333981
            ],
            [
              134.193767278,
              34.5951785799
            ],
            [
              134.1939067971,
              34.5951931093
            ],
            [
              134.1940548479,
              34.595326678
            ],
            [
              134.1940373015,
              34.5960416821
            ],
            [
              134.1939026299,
              34.596387629
            ],
            [
              134.1941539642,
              34.596688099
            ],
            [
              134.1945723316,
              34.5968571928
            ],
            [
              134.1950753098,
              34.5966215401
            ],
            [
              134.1954099546,
              34.5966544606
            ],
            [
              134.195882838,
              34.5968154422
            ],
            [
              134.1960439605,
              34.5969607149
            ],
            [
              134.1960653748,
              34.5971979533
            ],
            [
              134.1961492008,
              34.5972665075
            ],
            [
              134.196881955,
              34.5971933823
            ],
            [
              134.1973943867,
              34.5965106313
            ],
            [
              134.1973837386,
              34.5963546832
            ],
            [
              134.1974963226,
              34.5961735208
            ],
            [
              134.197920761,
              34.5959612989
            ],
            [
              134.1981213308,
              34.5959742044
            ],
            [
              134.198482703,
              34.5963315611
            ],
            [
              134.1984114943,
              34.5965451703
            ],
            [
              134.1985941378,
              34.5968609111
            ],
            [
              134.1983714247,
              34.5970563193
            ],
            [
              134.1984648382,
              34.5972672975
            ],
            [
              134.1982210536,
              34.5976798926
            ],
            [
              134.1982829403,
              34.5978395608
            ],
            [
              134.1985890621,
              34.5979806301
            ],
            [
              134.198909634,
              34.5979556367
            ],
            [
              134.1991420935,
              34.5978044701
            ],
            [
              134.1993393909,
              34.5978227226
            ],
            [
              134.1995275425,
              34.598106915
            ],
            [
              134.1998718033,
              34.5982687304
            ],
            [
              134.2001556343,
              34.5980364828
            ],
            [
              134.2002907141,
              34.5981005854
            ],
            [
              134.2003812506,
              34.5980763173
            ],
            [
              134.2004130502,
              34.5979573232
            ],
            [
              134.2006779071,
              34.5979991725
            ],
            [
              134.2007259904,
              34.597930626
            ],
            [
              134.2008475902,
              34.5982508037
            ],
            [
              134.2010075904,
              34.5984187496
            ],
            [
              134.2007005296,
              34.5988583257
            ],
            [
              134.2007199541,
              34.5989827302
            ],
            [
              134.2008615122,
              34.5990920574
            ],
            [
              134.2009913725,
              34.5990182477
            ],
            [
              134.2011810188,
              34.5990563514
            ],
            [
              134.201339986,
              34.5991854174
            ],
            [
              134.2011888997,
              34.5995864297
            ],
            [
              134.2008063591,
              34.5994958515
            ],
            [
              134.20058038,
              34.5996884428
            ],
            [
              134.2004884387,
              34.5999120316
            ],
            [
              134.2005874095,
              34.6000617389
            ],
            [
              134.2004934841,
              34.6001671407
            ],
            [
              134.20054871,
              34.6004015995
            ],
            [
              134.2003803141,
              34.6007169459
            ],
            [
              134.2004127336,
              34.6008981332
            ],
            [
              134.2002445726,
              34.601058389
            ],
            [
              134.2002181265,
              34.6012378192
            ],
            [
              134.2002812408,
              34.6013126886
            ],
            [
              134.2001470331,
              34.6013793072
            ],
            [
              134.2000682464,
              34.6015576933
            ],
            [
              134.1997770918,
              34.6015880753
            ],
            [
              134.1996034623,
              34.6017573382
            ],
            [
              134.1994413344,
              34.6015596655
            ],
            [
              134.1983829513,
              34.6013853481
            ],
            [
              134.1980031954,
              34.6009269695
            ],
            [
              134.197730812,
              34.6008139687
            ],
            [
              134.1975175961,
              34.6005172084
            ],
            [
              134.1971951018,
              34.6003824585
            ],
            [
              134.1965572992,
              34.6003799101
            ],
            [
              134.1962264413,
              34.6006897175
            ],
            [
              134.1961927283,
              34.6006337568
            ],
            [
              134.1965301047,
              34.6003419874
            ],
            [
              134.1961542002,
              34.6001973188
            ],
            [
              134.1960710656,
              34.6003668244
            ],
            [
              134.1959905212,
              34.600281933
            ],
            [
              134.1956164094,
              34.6003743381
            ],
            [
              134.1956859582,
              34.6005088003
            ],
            [
              134.1958885615,
              34.6006262284
            ],
            [
              134.1955961782,
              34.6007430953
            ],
            [
              134.1956465703,
              34.6005952463
            ],
            [
              134.1955422096,
              34.6004129916
            ],
            [
              134.1951832254,
              34.6005830277
            ],
            [
              134.194919856,
              34.6009560164
            ],
            [
              134.1943799666,
              34.6010779504
            ],
            [
              134.1941434213,
              34.6010497888
            ],
            [
              134.1936099724,
              34.6012284951
            ],
            [
              134.1934944633,
              34.6011949776
            ],
            [
              134.1930475565,
              34.6004787329
            ],
            [
              134.1926912288,
              34.6003709827
            ],
            [
              134.1919832235,
              34.6006172347
            ],
            [
              134.1913488828,
              34.6011447341
            ],
            [
              134.1908820722,
              34.6018825953
            ],
            [
              134.1909585875,
              34.6024045863
            ]
          ]
        ]
      }
    },
    {
      "type": "Feature",
      "properties": {
        "key_code": "33212087013",
        "pref": "岡山県",
        "city": "瀬戸内市",
        "ward": "",
        "district": "牛窓町牛窓",
        "name": "瀬戸内市  牛窓町牛窓"
      },
      "geometry": {
        "type": "Polygon",
        "coordinates": [
          [
            [
              134.1534741477,
              34.5978413083
            ],
            [
              134.154142883,
              34.5981541578
            ],
            [
              134.1541631531,
              34.5983633738
            ],
            [
              134.1540078993,
              34.5985659964
            ],
            [
              134.154009534,
              34.5988211082
            ],
            [
              134.1538347306,
              34.5984791127
            ],
            [
              134.1533564924,
              34.598303601
            ],
            [
              134.1532816127,
              34.5981402283
            ],
            [
              134.1534741477,
              34.5978413083
            ]
          ]
        ]
      }
    },
    {
      "type": "Feature",
      "properties": {
        "key_code": "33212087014",
        "pref": "岡山県",
        "city": "瀬戸内市",
        "ward": "",
        "district": "牛窓町牛窓",
        "name": "瀬戸内市  牛窓町牛窓"
      },
      "geometry": {
        "type": "Polygon",
        "coordinates": [
          [
            [
              134.1472834305,
              34.6298240413
            ],
            [
              134.1446345533,
              34.6306688058
            ],
            [
              134.1431292104,
              34.6312326783
            ],
            [
              134.1410373209,
              34.6292768104
            ],
            [
              134.1401859982,
              34.6282514813
            ],
            [
              134.1401125914,
              34.6275277098
            ],
            [
              134.1402053645,
              34.6265662642
            ],
            [
              134.1414496532,
              34.6244559684
            ],
            [
              134.1421805438,
              34.6230289425
            ],
            [
              134.1425112919,
              34.6231024244
            ],
            [
              134.1429265081,
              34.6219339713
            ],
            [
              134.1436480295,
              34.6212242426
            ],
            [
              134.1449404322,
              34.6214631617
            ],
            [
              134.1472420645,
              34.6220926738
            ],
            [
              134.1476683791,
              34.6221300789
            ],
            [
              134.1484525172,
              34.6220558828
            ],
            [
              134.1495060155,
              34.6216865332
            ],
            [
              134.1502103352,
              34.6215462813
            ],
            [
              134.1517409829,
              34.6215068308
            ],
            [
              134.1533815029,
              34.6216500873
            ],
            [
              134.1545701432,
              34.6214259894
            ],
            [
              134.1575109996,
              34.6201541992
            ],
            [
              134.1595530842,
              34.6196044517
            ],
            [
              134.1597696352,
              34.6201261065
            ],
            [
              134.1596555426,
              34.6205279831
            ],
            [
              134.1624957995,
              34.6206329913
            ],
            [
              134.163705187,
              34.6209468436
            ],
            [
              134.1651133709,
              34.6210386679
            ],
            [
              134.1666450332,
              34.6214080181
            ],
            [
              134.1674351848,
              34.6210219858
            ],
            [
              134.1684386575,
              34.6198999077
            ],
            [
              134.1691639947,
              34.619899617
            ],
            [
              134.1697751883,
              34.6201010363
            ],
            [
              134.1698665142,
              34.6202021625
            ],
            [
              134.1699350617,
              34.6206079612
            ],
            [
              134.1697498725,
              34.620989613
            ],
            [
              134.1697243585,
              34.6212716009
            ],
            [
              134.1701177319,
              34.6215220329
            ],
            [
              134.1702524518,
              34.6217460563
            ],
            [
              134.170799046,
              34.6220699445
            ],
            [
              134.170876988,
              34.6221871113
            ],
            [
              134.1708999888,
              34.6229182613
            ],
            [
              134.1703866247,
              34.6230992972
            ],
            [
              134.1689841856,
              34.6231903842
            ],
            [
              134.1688520919,
              34.6232830392
            ],
            [
              134.1688295474,
              34.6235637626
            ],
            [
              134.1694403169,
              34.6247945263
            ],
            [
              134.16979119,
              34.62526762
            ],
            [
              134.1703592391,
              34.6258721553
            ],
            [
              134.1714619396,
              34.6266694136
            ],
            [
              134.1740853953,
              34.6281533033
            ],
            [
              134.1759676265,
              34.6288929541
            ],
            [
              134.1766295675,
              34.6289684752
            ],
            [
              134.1771231788,
              34.6289165655
            ],
            [
              134.1775387159,
              34.6288039791
            ],
            [
              134.1780216144,
              34.628515243
            ],
            [
              134.178465962,
              34.6294399451
            ],
            [
              134.178768415,
              34.6298478792
            ],
            [
              134.1796880393,
              34.6303250612
            ],
            [
              134.180119177,
              34.6301461337
            ],
            [
              134.1806165685,
              34.6301206988
            ],
            [
              134.1808361095,
              34.6299433334
            ],
            [
              134.1810171496,
              34.6299453921
            ],
            [
              134.1818652681,
              34.6301753751
            ],
            [
              134.1822312608,
              34.630431095
            ],
            [
              134.1827734001,
              34.6303866897
            ],
            [
              134.1837661522,
              34.6308512515
            ],
            [
              134.1841915969,
              34.6308031742
            ],
            [
              134.1842928057,
              34.6309267039
            ],
            [
              134.1845153082,
              34.6309252867
            ],
            [
              134.1851277877,
              34.6311936966
            ],
            [
              134.1855094637,
              34.6312267036
            ],
            [
              134.186364398,
              34.6306921421
            ],
            [
              134.1865867117,
              34.6307979254
            ],
            [
              134.1871202136,
              34.6313251557
            ],
            [
              134.1873714175,
              34.6317463885
            ],
            [
              134.1872851394,
              34.631809396
            ],
            [
              134.187270677,
              34.6319726503
            ],
            [
              134.1870884289,
              34.632031034
            ],
            [
              134.1869406954,
              34.6323111945
            ],
            [
              134.1863026525,
              34.6323069009
            ],
            [
              134.1857936236,
              34.6321304724
            ],
            [
              134.1854749083,
              34.6322625053
            ],
            [
              134.1851722413,
              34.6325696622
            ],
            [
              134.1849542464,
              34.6331003487
            ],
            [
              134.1848106078,
              34.634138833
            ],
            [
              134.1847963835,
              34.6353920262
            ],
            [
              134.1849248427,
              34.6355292531
            ],
            [
              134.1848787847,
              34.6356671121
            ],
            [
              134.1850792135,
              34.6358187964
            ],
            [
              134.1849831465,
              34.6358665759
            ],
            [
              134.185035158,
              34.6360586494
            ],
            [
              134.1849750476,
              34.6361261951
            ],
            [
              134.1847308561,
              34.6360492612
            ],
            [
              134.1846452738,
              34.6363340031
            ],
            [
              134.1844518758,
              34.6365222546
            ],
            [
              134.1843068554,
              34.6364968611
            ],
            [
              134.1842901307,
              34.6367005437
            ],
            [
              134.1839431786,
              34.6367560445
            ],
            [
              134.1837066175,
              34.6366826405
            ],
            [
              134.1832877166,
              34.6367181878
            ],
            [
              134.1822882543,
              34.6363050348
            ],
            [
              134.1808565646,
              34.6360633387
            ],
            [
              134.1807084398,
              34.6359424242
            ],
            [
              134.1802102752,
              34.6357785245
            ],
            [
              134.1796459918,
              34.6348022613
            ],
            [
              134.1790711943,
              34.6342083126
            ],
            [
              134.1789832389,
              34.633992805
            ],
            [
              134.179137292,
              34.6326711809
            ],
            [
              134.1789404423,
              34.631774832
            ],
            [
              134.1785592401,
              34.6314866813
            ],
            [
              134.1779805102,
              34.6312650512
            ],
            [
              134.1778103933,
              34.6312468014
            ],
            [
              134.1775361478,
              34.6315105885
            ],
            [
              134.1774063335,
              34.6315212689
            ],
            [
              134.1769357194,
              34.6312231372
            ],
            [
              134.1767905839,
              34.6306856567
            ],
            [
              134.1763809525,
              34.6304388795
            ],
            [
              134.1759948957,
              34.6304231649
            ],
            [
              134.1754318624,
              34.6305540093
            ],
            [
              134.1750116706,
              34.6307058879
            ],
            [
              134.1747637045,
              34.6309137756
            ],
            [
              134.1747103776,
              34.6308505943
            ],
            [
              134.1744734776,
              34.6309683374
            ],
            [
              134.173914251,
              34.6313896631
            ],
            [
              134.1736287088,
              34.6318507916
            ],
            [
              134.170550362,
              34.6317642869
            ],
            [
              134.1704319289,
              34.6316787581
            ],
            [
              134.1699814618,
              34.6321478283
            ],
            [
              134.1696523774,
              34.6321727421
            ],
            [
              134.1688570613,
              34.6319154151
            ],
            [
              134.1670345827,
              34.6316139911
            ],
            [
              134.166779698,
              34.6314764288
            ],
            [
              134.1666809515,
              34.6311822853
            ],
            [
              134.1667599058,
              34.6309102222
            ],
            [
              134.1670165566,
              34.6306771443
            ],
            [
              134.1649170986,
              34.6300308614
            ],
            [
              134.1638232491,
              34.6305224011
            ],
            [
              134.1615140527,
              34.6302695127
            ],
            [
              134.1597127759,
              34.6298954546
            ],
            [
              134.1578258098,
              34.6297456047
            ],
            [
              134.1518443873,
              34.6287886979
            ],
            [
              134.150875262,
              34.6276622844
            ],
            [
              134.1505874129,
              34.6275201488
            ],
            [
              134.1501961959,
              34.6274632289
            ],
            [
              134.1495730138,
              34.6275234535
            ],
            [
              134.1482073754,
              34.6278803787
            ],
            [
              134.1471402771,
              34.6279399312
            ],
            [
              134.1472682904,
              34.6272292893
            ],
            [
              134.1463376611,
              34.6269489666
            ],
            [
              134.1460212543,
              34.6277082065
            ],
            [
              134.1453676026,
              34.6283332512
            ],
            [
              134.1451602963,
              34.6287449916
            ],
            [
              134.1466279206,
              34.6289403443
            ],
            [
              134.1468821539,
              34.6290545519
            ],
            [
              134.14714468,
              34.6292816109
            ],
            [
              134.1472834305,
              34.6298240413
            ]
          ]
        ]
      }
    },
    {
      "type": "Feature",
      "properties": {
        "key_code": "33212087015",
        "pref": "岡山県",
        "city": "瀬戸内市",
        "ward": "",
        "district": "牛窓町牛窓",
        "name": "瀬戸内市  牛窓町牛窓"
      },
      "geometry": {
        "type": "Polygon",
        "coordinates": [
          [
            [
              134.1507199005,
              34.6466521351
            ],
            [
              134.1501877679,
              34.6469178712
            ],
            [
              134.1490886915,
              34.6468694544
            ],
            [
              134.1487671862,
              34.6467640214
            ],
            [
              134.1476569943,
              34.6459131709
            ],
            [
              134.1479238719,
              34.6446150168
            ],
            [
              134.1478443539,
              34.6445314998
            ],
            [
              134.1480627904,
              34.6437396983
            ],
            [
              134.1482269648,
              34.6435369473
            ],
            [
              134.1472274449,
              34.6425841214
            ],
            [
              134.1468666775,
              34.6424086136
            ],
            [
              134.1446056222,
              34.6417911171
            ],
            [
              134.1438580564,
              34.6417124942
            ],
            [
              134.1429731659,
              34.641067487
            ],
            [
              134.1428992354,
              34.6407866141
            ],
            [
              134.1427872687,
              34.6335321903
            ],
            [
              134.1427912502,
              34.6317724082
            ],
            [
              134.1428667765,
              34.6313344088
            ],
            [
              134.1446345533,
              34.6306688058
            ],
            [
              134.1474225091,
              34.6297850854
            ],
            [
              134.1493014718,
              34.6288966985
            ],
            [
              134.1504363264,
              34.6290382505
            ],
            [
              134.1544889179,
              34.6304625839
            ],
            [
              134.1629017253,
              34.6315781042
            ],
            [
              134.1644588863,
              34.6325592313
            ],
            [
              134.1671395643,
              34.63309854
            ],
            [
              134.1676760714,
              34.6327251081
            ],
            [
              134.168363356,
              34.6324203454
            ],
            [
              134.1695953019,
              34.632382992
            ],
            [
              134.1711076979,
              34.6331773024
            ],
            [
              134.1711613217,
              34.6335039208
            ],
            [
              134.1714245338,
              34.6336709266
            ],
            [
              134.1742252553,
              34.6340889385
            ],
            [
              134.1747316728,
              34.6339953563
            ],
            [
              134.173733812,
              34.6396417036
            ],
            [
              134.1504669851,
              34.6370226272
            ],
            [
              134.150580355,
              34.6449930164
            ],
            [
              134.1507199005,
              34.6466521351
            ]
          ]
        ]
      }
    },
    {
      "type": "Feature",
      "properties": {
        "key_code": "33212088001",
        "pref": "岡山県",
        "city": "瀬戸内市",
        "ward": "",
        "district": "牛窓町鹿忍",
        "name": "瀬戸内市  牛窓町鹿忍"
      },
      "geometry": {
        "type": "Polygon",
        "coordinates": [
          [
            [
              134.1431237167,
              34.6128440948
            ],
            [
              134.1432145196,
              34.6134150367
            ],
            [
              134.1431371198,
              34.6137193359
            ],
            [
              134.1418412058,
              34.6138565139
            ],
            [
              134.1410354095,
              34.6142856187
            ],
            [
              134.14087006,
              34.6141332225
            ],
            [
              134.140796349,
              34.6141609993
            ],
            [
              134.1401859007,
              34.6147524028
            ],
            [
              134.1396856515,
              34.614698371
            ],
            [
              134.1391672224,
              34.6149004094
            ],
            [
              134.1392890703,
              34.6152612261
            ],
            [
              134.138729823,
              34.6154293899
            ],
            [
              134.138211804,
              34.6154511122
            ],
            [
              134.1381332715,
              34.6151589664
            ],
            [
              134.1380019853,
              34.6151700285
            ],
            [
              134.1377188814,
              34.6155342911
            ],
            [
              134.1373939872,
              34.6154385488
            ],
            [
              134.137339099,
              34.6155962353
            ],
            [
              134.1371727388,
              34.6155690651
            ],
            [
              134.1372168925,
              34.6153931897
            ],
            [
              134.1364470911,
              34.61520306
            ],
            [
              134.1364575864,
              34.6145818426
            ],
            [
              134.1356815637,
              34.6143592986
            ],
            [
              134.1362897362,
              34.6128526857
            ],
            [
              134.1363711179,
              34.612869297
            ],
            [
              134.1364116732,
              34.612775543
            ],
            [
              134.1378702687,
              34.6129528184
            ],
            [
              134.1379376313,
              34.6130547738
            ],
            [
              134.1378824101,
              34.6133575559
            ],
            [
              134.1375271868,
              34.6137167734
            ],
            [
              134.137658923,
              34.6138044617
            ],
            [
              134.1377950015,
              34.6136633858
            ],
            [
              134.13809653,
              34.6131849069
            ],
            [
              134.1380897361,
              34.6128251154
            ],
            [
              134.1382424866,
              34.6123151284
            ],
            [
              134.138144584,
              34.6122129843
            ],
            [
              134.1382578755,
              34.6122637347
            ],
            [
              134.1389827586,
              34.6114182542
            ],
            [
              134.1398242157,
              34.6101448611
            ],
            [
              134.1396194322,
              34.6100488906
            ],
            [
              134.1399882342,
              34.6094716275
            ],
            [
              134.1395819123,
              34.6092960333
            ],
            [
              134.1391791461,
              34.6094730351
            ],
            [
              134.1395798274,
              34.6092581367
            ],
            [
              134.1402246934,
              34.6095359519
            ],
            [
              134.141176494,
              34.6081517185
            ],
            [
              134.1412795916,
              34.6078895823
            ],
            [
              134.1416399868,
              34.6076385526
            ],
            [
              134.1418677898,
              34.6076777855
            ],
            [
              134.1416285803,
              34.6078594158
            ],
            [
              134.1419190761,
              34.609099504
            ],
            [
              134.1424166718,
              34.6089308097
            ],
            [
              134.1419244871,
              34.6091175435
            ],
            [
              134.1419731404,
              34.6092997608
            ],
            [
              134.1425070581,
              34.6094646975
            ],
            [
              134.1430089909,
              34.6097891866
            ],
            [
              134.1433762474,
              34.6098770898
            ],
            [
              134.1435791012,
              34.6093761933
            ],
            [
              134.1434034888,
              34.6098853015
            ],
            [
              134.1442013095,
              34.6100469739
            ],
            [
              134.1446314682,
              34.6098078742
            ],
            [
              134.1449921732,
              34.6103111822
            ],
            [
              134.144478617,
              34.6108524576
            ],
            [
              134.1438541309,
              34.6113403125
            ],
            [
              134.1435040076,
              34.612341635
            ],
            [
              134.1432890352,
              34.6124438575
            ],
            [
              134.1431237167,
              34.6128440948
            ]
          ]
        ]
      }
    },
    {
      "type": "Feature",
      "properties": {
        "key_code": "33212088002",
        "pref": "岡山県",
        "city": "瀬戸内市",
        "ward": "",
        "district": "牛窓町鹿忍",
        "name": "瀬戸内市  牛窓町鹿忍"
      },
      "geometry": {
        "type": "Polygon",
        "coordinates": [
          [
            [
              134.1429813035,
              34.6169938828
            ],
            [
              134.1425041386,
              34.6173967372
            ],
            [
              134.1425466599,
              34.6179766203
            ],
            [
              134.1423763495,
              34.6183931894
            ],
            [
              134.142204533,
              34.6185907042
            ],
            [
              134.1423488573,
              34.6190028286
            ],
            [
              134.1422601443,
              34.6191263742
            ],
            [
              134.142280529,
              34.6192761498
            ],
            [
              134.1426963909,
              34.6205008132
            ],
            [
              134.1427370484,
              34.6208410807
            ],
            [
              134.1427271119,
              34.6213262267
            ],
            [
              134.1423964386,
              34.6221920771
            ],
            [
              134.1424266794,
              34.6224766841
            ],
            [
              134.1414496532,
              34.6244559684
            ],
            [
              134.1402438594,
              34.6264899722
            ],
            [
              134.1385114426,
              34.6252597055
            ],
            [
              134.1387415469,
              34.6205780502
            ],
            [
              134.1384295178,
              34.617398973
            ],
            [
              134.1382022669,
              34.6167234284
            ],
            [
              134.1383708228,
              34.6166860821
            ],
            [
              134.138185808,
              34.6162505045
            ],
            [
              134.1367914054,
              34.6166661127
            ],
            [
              134.1368026692,
              34.6163555141
            ],
            [
              134.1371958297,
              34.6163302187
            ],
            [
              134.1372438511,
              34.6161305428
            ],
            [
              134.1374656072,
              34.6161496298
            ],
            [
              134.1376732945,
              34.6155197092
            ],
            [
              134.1380019853,
              34.6151700285
            ],
            [
              134.1381332715,
              34.6151589664
            ],
            [
              134.138211804,
              34.6154511122
            ],
            [
              134.138729823,
              34.6154293899
            ],
            [
              134.1392890703,
              34.6152612261
            ],
            [
              134.1391672224,
              34.6149004094
            ],
            [
              134.1396856515,
              34.614698371
            ],
            [
              134.1401859007,
              34.6147524028
            ],
            [
              134.140796349,
              34.6141609993
            ],
            [
              134.14087006,
              34.6141332225
            ],
            [
              134.1410354095,
              34.6142856187
            ],
            [
              134.1418412058,
              34.6138565139
            ],
            [
              134.1431371198,
              34.6137193359
            ],
            [
              134.1432145196,
              34.6134150367
            ],
            [
              134.1431181865,
              34.6130111568
            ],
            [
              134.1431524273,
              34.612663967
            ],
            [
              134.1433691942,
              34.612389887
            ],
            [
              134.1437379795,
              34.6123419942
            ],
            [
              134.1439819209,
              34.6124268896
            ],
            [
              134.1437971408,
              34.6130823531
            ],
            [
              134.1437712793,
              34.6136339574
            ],
            [
              134.1439128535,
              34.6136775621
            ],
            [
              134.1441025304,
              34.6146166051
            ],
            [
              134.1436180393,
              34.6147426448
            ],
            [
              134.1434701414,
              34.6149434384
            ],
            [
              134.1433185815,
              34.6149926499
            ],
            [
              134.1431138858,
              34.6156348403
            ],
            [
              134.1431463996,
              34.6162427402
            ],
            [
              134.1429537386,
              34.6168455053
            ],
            [
              134.1429813035,
              34.6169938828
            ]
          ]
        ]
      }
    },
    {
      "type": "Feature",
      "properties": {
        "key_code": "33212088003",
        "pref": "岡山県",
        "city": "瀬戸内市",
        "ward": "",
        "district": "牛窓町鹿忍",
        "name": "瀬戸内市  牛窓町鹿忍"
      },
      "geometry": {
        "type": "Polygon",
        "coordinates": [
          [
            [
              134.1382022669,
              34.6167234284
            ],
            [
              134.1384295178,
              34.617398973
            ],
            [
              134.1387415469,
              34.6205780502
            ],
            [
              134.1385114426,
              34.6252597055
            ],
            [
              134.1375321531,
              34.6247569404
            ],
            [
              134.1366751999,
              34.6244560888
            ],
            [
              134.1362787474,
              34.6207667226
            ],
            [
              134.1353190464,
              34.6172604846
            ],
            [
              134.1354650181,
              34.6172367711
            ],
            [
              134.1354097399,
              34.6169849489
            ],
            [
              134.1351583802,
              34.6170013097
            ],
            [
              134.1351142709,
              34.6166831557
            ],
            [
              134.1347916642,
              34.6165833248
            ],
            [
              134.1356815637,
              34.6143592986
            ],
            [
              134.1364575864,
              34.6145818426
            ],
            [
              134.1364470911,
              34.61520306
            ],
            [
              134.1372168925,
              34.6153931897
            ],
            [
              134.1371727388,
              34.6155690651
            ],
            [
              134.137339099,
              34.6155962353
            ],
            [
              134.1373939872,
              34.6154385488
            ],
            [
              134.1376732945,
              34.6155197092
            ],
            [
              134.1374656072,
              34.6161496298
            ],
            [
              134.1372438511,
              34.6161305428
            ],
            [
              134.1371958297,
              34.6163302187
            ],
            [
              134.1368026692,
              34.6163555141
            ],
            [
              134.1367914054,
              34.6166661127
            ],
            [
              134.138185808,
              34.6162505045
            ],
            [
              134.1383708228,
              34.6166860821
            ],
            [
              134.1382022669,
              34.6167234284
            ]
          ]
        ]
      }
    },
    {
      "type": "Feature",
      "properties": {
        "key_code": "33212088004",
        "pref": "岡山県",
        "city": "瀬戸内市",
        "ward": "",
        "district": "牛窓町鹿忍",
        "name": "瀬戸内市  牛窓町鹿忍"
      },
      "geometry": {
        "type": "Polygon",
        "coordinates": [
          [
            [
              134.1366751999,
              34.6244560888
            ],
            [
              134.1360233278,
              34.624439416
            ],
            [
              134.1337370074,
              34.625068817
            ],
            [
              134.1319977623,
              34.6259791119
            ],
            [
              134.1314647905,
              34.6238014781
            ],
            [
              134.1315008522,
              34.6235521929
            ],
            [
              134.1317756545,
              34.6230928371
            ],
            [
              134.1323676836,
              34.62243199
            ],
            [
              134.1324470598,
              34.6221041692
            ],
            [
              134.1329342683,
              34.6213508753
            ],
            [
              134.1330700299,
              34.6207229477
            ],
            [
              134.1332032788,
              34.6205697544
            ],
            [
              134.1323097501,
              34.6185253951
            ],
            [
              134.1332649602,
              34.6184880757
            ],
            [
              134.1335821485,
              34.6184028031
            ],
            [
              134.1336880109,
              34.6181191236
            ],
            [
              134.1336072019,
              34.6177585076
            ],
            [
              134.133801136,
              34.6176993766
            ],
            [
              134.133740853,
              34.6174314855
            ],
            [
              134.1340833576,
              34.6173665378
            ],
            [
              134.1340507754,
              34.6171654642
            ],
            [
              134.1341901213,
              34.6171423065
            ],
            [
              134.1341531707,
              34.6167968351
            ],
            [
              134.1347206508,
              34.6167669036
            ],
            [
              134.1347916642,
              34.6165833248
            ],
            [
              134.1351142709,
              34.6166831557
            ],
            [
              134.1351583802,
              34.6170013097
            ],
            [
              134.1354097399,
              34.6169849489
            ],
            [
              134.1354650181,
              34.6172367711
            ],
            [
              134.1353190464,
              34.6172604846
            ],
            [
              134.1362787474,
              34.6207667226
            ],
            [
              134.1366751999,
              34.6244560888
            ]
          ]
        ]
      }
    },
    {
      "type": "Feature",
      "properties": {
        "key_code": "33212088005",
        "pref": "岡山県",
        "city": "瀬戸内市",
        "ward": "",
        "district": "牛窓町鹿忍",
        "name": "瀬戸内市  牛窓町鹿忍"
      },
      "geometry": {
        "type": "Polygon",
        "coordinates": [
          [
            [
              134.1350958021,
              34.6158102998
            ],
            [
              134.134010481,
              34.6157510713
            ],
            [
              134.134107378,
              34.6164168366
            ],
            [
              134.1348413894,
              34.616440564
            ],
            [
              134.1347206508,
              34.6167669036
            ],
            [
              134.1341531707,
              34.6167968351
            ],
            [
              134.1341901213,
              34.6171423065
            ],
            [
              134.1340507754,
              34.6171654642
            ],
            [
              134.1340833576,
              34.6173665378
            ],
            [
              134.1326912061,
              34.6175990999
            ],
            [
              134.1328191929,
              34.6173361654
            ],
            [
              134.1322475642,
              34.6173088877
            ],
            [
              134.1322214196,
              34.6172505255
            ],
            [
              134.1317658413,
              34.6173148596
            ],
            [
              134.1316816169,
              34.6171935738
            ],
            [
              134.1319920769,
              34.6168827629
            ],
            [
              134.1317506555,
              34.6167047301
            ],
            [
              134.1311429233,
              34.6167071118
            ],
            [
              134.1310914115,
              34.6164350093
            ],
            [
              134.1313421932,
              34.6164106291
            ],
            [
              134.1314010003,
              34.6161403977
            ],
            [
              134.1319145473,
              34.6161030652
            ],
            [
              134.1319218644,
              34.6159812256
            ],
            [
              134.132218763,
              34.6159535383
            ],
            [
              134.1322189949,
              34.6158556344
            ],
            [
              134.132413604,
              34.6158344001
            ],
            [
              134.1324233994,
              34.6159340109
            ],
            [
              134.132784451,
              34.6159229086
            ],
            [
              134.1328088554,
              34.6157803888
            ],
            [
              134.1327610114,
              34.6156576134
            ],
            [
              134.1323811989,
              34.615541762
            ],
            [
              134.1324441908,
              34.6152034967
            ],
            [
              134.13228963,
              34.6148259964
            ],
            [
              134.1323917023,
              34.6144969513
            ],
            [
              134.1316294419,
              34.6135594857
            ],
            [
              134.131219942,
              34.6133217297
            ],
            [
              134.1309433965,
              34.6128637313
            ],
            [
              134.1310167287,
              34.6125488684
            ],
            [
              134.1309593654,
              34.6122577386
            ],
            [
              134.1324154216,
              34.6103729112
            ],
            [
              134.1326619109,
              34.6097267296
            ],
            [
              134.1324694254,
              34.6090286956
            ],
            [
              134.1325686216,
              34.6085187734
            ],
            [
              134.1329395565,
              34.6081804503
            ],
            [
              134.1340837821,
              34.6076068635
            ],
            [
              134.1387902158,
              34.6112222858
            ],
            [
              134.1375014249,
              34.6125996391
            ],
            [
              134.1358199988,
              34.6125969625
            ],
            [
              134.1341683182,
              34.6124609018
            ],
            [
              134.1341593108,
              34.6125780905
            ],
            [
              134.1362175588,
              34.612788757
            ],
            [
              134.1362897362,
              34.6128526857
            ],
            [
              134.1350958021,
              34.6158102998
            ]
          ]
        ]
      }
    },
    {
      "type": "Feature",
      "properties": {
        "key_code": "33212088006",
        "pref": "岡山県",
        "city": "瀬戸内市",
        "ward": "",
        "district": "牛窓町鹿忍",
        "name": "瀬戸内市  牛窓町鹿忍"
      },
      "geometry": {
        "type": "Polygon",
        "coordinates": [
          [
            [
              134.1316816169,
              34.6171935738
            ],
            [
              134.1318734444,
              34.6174661886
            ],
            [
              134.1294612642,
              34.6178284662
            ],
            [
              134.1276358482,
              34.6178892353
            ],
            [
              134.1277204655,
              34.6172374355
            ],
            [
              134.1280312766,
              34.6173071216
            ],
            [
              134.1284615975,
              34.6171983855
            ],
            [
              134.1305691992,
              34.6153190281
            ],
            [
              134.1312992965,
              34.6150501843
            ],
            [
              134.1320498702,
              34.6145607696
            ],
            [
              134.1323917023,
              34.6144969513
            ],
            [
              134.13228963,
              34.6148259964
            ],
            [
              134.1324441908,
              34.6152034967
            ],
            [
              134.1323811989,
              34.615541762
            ],
            [
              134.1327610114,
              34.6156576134
            ],
            [
              134.132784451,
              34.6159229086
            ],
            [
              134.1324233994,
              34.6159340109
            ],
            [
              134.132413604,
              34.6158344001
            ],
            [
              134.1322189949,
              34.6158556344
            ],
            [
              134.132218763,
              34.6159535383
            ],
            [
              134.1319218644,
              34.6159812256
            ],
            [
              134.1319145473,
              34.6161030652
            ],
            [
              134.1314010003,
              34.6161403977
            ],
            [
              134.1313421932,
              34.6164106291
            ],
            [
              134.1310914115,
              34.6164350093
            ],
            [
              134.1311429233,
              34.6167071118
            ],
            [
              134.1317506555,
              34.6167047301
            ],
            [
              134.1319920769,
              34.6168827629
            ],
            [
              134.1316816169,
              34.6171935738
            ]
          ]
        ]
      }
    },
    {
      "type": "Feature",
      "properties": {
        "key_code": "33212088007",
        "pref": "岡山県",
        "city": "瀬戸内市",
        "ward": "",
        "district": "牛窓町鹿忍",
        "name": "瀬戸内市  牛窓町鹿忍"
      },
      "geometry": {
        "type": "Polygon",
        "coordinates": [
          [
            [
              134.1348413894,
              34.616440564
            ],
            [
              134.134107378,
              34.6164168366
            ],
            [
              134.134010481,
              34.6157510713
            ],
            [
              134.1350958021,
              34.6158102998
            ],
            [
              134.1348413894,
              34.616440564
            ]
          ]
        ]
      }
    },
    {
      "type": "Feature",
      "properties": {
        "key_code": "33212088008",
        "pref": "岡山県",
        "city": "瀬戸内市",
        "ward": "",
        "district": "牛窓町鹿忍",
        "name": "瀬戸内市  牛窓町鹿忍"
      },
      "geometry": {
        "type": "Polygon",
        "coordinates": [
          [
            [
              134.133740853,
              34.6174314855
            ],
            [
              134.133801136,
              34.6176993766
            ],
            [
              134.1336072019,
              34.6177585076
            ],
            [
              134.1336880109,
              34.6181191236
            ],
            [
              134.1335821485,
              34.6184028031
            ],
            [
              134.1332649602,
              34.6184880757
            ],
            [
              134.1323097501,
              34.6185253951
            ],
            [
              134.1332032788,
              34.6205697544
            ],
            [
              134.1330700299,
              34.6207229477
            ],
            [
              134.1328786007,
              34.6214722168
            ],
            [
              134.1324470598,
              34.6221041692
            ],
            [
              134.1317173447,
              34.6220287328
            ],
            [
              134.1309873093,
              34.622095573
            ],
            [
              134.1308488644,
              34.6220767495
            ],
            [
              134.1303857299,
              34.6216675953
            ],
            [
              134.1303224885,
              34.621509573
            ],
            [
              134.1305250599,
              34.6213180393
            ],
            [
              134.1306887012,
              34.6209733133
            ],
            [
              134.1313262331,
              34.6204576444
            ],
            [
              134.1313073126,
              34.6197659325
            ],
            [
              134.1311134484,
              34.6194438683
            ],
            [
              134.1308891676,
              34.6193196753
            ],
            [
              134.1283431819,
              34.6194689958
            ],
            [
              134.127813869,
              34.6194037336
            ],
            [
              134.1272594029,
              34.619003863
            ],
            [
              134.1276704631,
              34.6186012445
            ],
            [
              134.1269238489,
              34.6182440152
            ],
            [
              134.1267834745,
              34.6183998618
            ],
            [
              134.1261563995,
              34.6178474445
            ],
            [
              134.1255879838,
              34.6179341038
            ],
            [
              134.1247501303,
              34.6179287385
            ],
            [
              134.124144689,
              34.6183834189
            ],
            [
              134.1237538118,
              34.6197025511
            ],
            [
              134.1233284259,
              34.6203547629
            ],
            [
              134.1223701096,
              34.6203729816
            ],
            [
              134.1228209356,
              34.619167485
            ],
            [
              134.1229698474,
              34.6183416862
            ],
            [
              134.1220015596,
              34.6175218581
            ],
            [
              134.1218699308,
              34.6172034092
            ],
            [
              134.122391368,
              34.616671539
            ],
            [
              134.1228556037,
              34.6164058121
            ],
            [
              134.1232632835,
              34.6160384204
            ],
            [
              134.1246816199,
              34.6162980659
            ],
            [
              134.125004414,
              34.6165080854
            ],
            [
              134.1257793538,
              34.6165433479
            ],
            [
              134.1260831495,
              34.6166493717
            ],
            [
              134.1262163668,
              34.616843855
            ],
            [
              134.1266998919,
              34.6170686509
            ],
            [
              134.1270704485,
              34.6173907374
            ],
            [
              134.127437103,
              34.6175227835
            ],
            [
              134.1276358482,
              34.6178892353
            ],
            [
              134.1294612642,
              34.6178284662
            ],
            [
              134.1318734444,
              34.6174661886
            ],
            [
              134.1317658413,
              34.6173148596
            ],
            [
              134.1322214196,
              34.6172505255
            ],
            [
              134.1322475642,
              34.6173088877
            ],
            [
              134.1328191929,
              34.6173361654
            ],
            [
              134.1326912061,
              34.6175990999
            ],
            [
              134.133740853,
              34.6174314855
            ]
          ]
        ]
      }
    },
    {
      "type": "Feature",
      "properties": {
        "key_code": "33212088009",
        "pref": "岡山県",
        "city": "瀬戸内市",
        "ward": "",
        "district": "牛窓町鹿忍",
        "name": "瀬戸内市  牛窓町鹿忍"
      },
      "geometry": {
        "type": "Polygon",
        "coordinates": [
          [
            [
              134.1267843451,
              34.6286323752
            ],
            [
              134.126620682,
              34.6283912101
            ],
            [
              134.1232108896,
              34.6253303204
            ],
            [
              134.1214913224,
              34.6236608391
            ],
            [
              134.1210267259,
              34.6233325065
            ],
            [
              134.1177629038,
              34.6215547831
            ],
            [
              134.1182387074,
              34.6212144272
            ],
            [
              134.1192265175,
              34.6207324014
            ],
            [
              134.1204632424,
              34.6190566446
            ],
            [
              134.1211267572,
              34.6171016897
            ],
            [
              134.1218699308,
              34.6172034092
            ],
            [
              134.1220015596,
              34.6175218581
            ],
            [
              134.1229698474,
              34.6183416862
            ],
            [
              134.1228209356,
              34.619167485
            ],
            [
              134.1223701096,
              34.6203729816
            ],
            [
              134.1233284259,
              34.6203547629
            ],
            [
              134.1237538118,
              34.6197025511
            ],
            [
              134.124144689,
              34.6183834189
            ],
            [
              134.1247501303,
              34.6179287385
            ],
            [
              134.1255879838,
              34.6179341038
            ],
            [
              134.1261563995,
              34.6178474445
            ],
            [
              134.1267834745,
              34.6183998618
            ],
            [
              134.1269238489,
              34.6182440152
            ],
            [
              134.1271987344,
              34.618330267
            ],
            [
              134.1276704631,
              34.6186012445
            ],
            [
              134.1272594029,
              34.619003863
            ],
            [
              134.127813869,
              34.6194037336
            ],
            [
              134.1283431819,
              34.6194689958
            ],
            [
              134.1308891676,
              34.6193196753
            ],
            [
              134.1312515447,
              34.6195987704
            ],
            [
              134.1313568243,
              34.6201884873
            ],
            [
              134.1313262331,
              34.6204576444
            ],
            [
              134.1306887012,
              34.6209733133
            ],
            [
              134.1305250599,
              34.6213180393
            ],
            [
              134.1303224885,
              34.621509573
            ],
            [
              134.1303857299,
              34.6216675953
            ],
            [
              134.1308488644,
              34.6220767495
            ],
            [
              134.1317173447,
              34.6220287328
            ],
            [
              134.1324470598,
              34.6221041692
            ],
            [
              134.1323676836,
              34.62243199
            ],
            [
              134.1317756545,
              34.6230928371
            ],
            [
              134.1315008522,
              34.6235521929
            ],
            [
              134.1314647905,
              34.6238014781
            ],
            [
              134.1319977623,
              34.6259791119
            ],
            [
              134.1307035584,
              34.626393965
            ],
            [
              134.129832333,
              34.6267824587
            ],
            [
              134.1279217339,
              34.6281341869
            ],
            [
              134.1278230827,
              34.6285642489
            ],
            [
              134.1275729259,
              34.6284569069
            ],
            [
              134.1272842059,
              34.6286860181
            ],
            [
              134.1267843451,
              34.6286323752
            ]
          ]
        ]
      }
    },
    {
      "type": "Feature",
      "properties": {
        "key_code": "33212088010",
        "pref": "岡山県",
        "city": "瀬戸内市",
        "ward": "",
        "district": "牛窓町鹿忍",
        "name": "瀬戸内市  牛窓町鹿忍"
      },
      "geometry": {
        "type": "Polygon",
        "coordinates": [
          [
            [
              134.1272842059,
              34.6286860181
            ],
            [
              134.1270028571,
              34.6289543603
            ],
            [
              134.1258303078,
              34.6308467108
            ],
            [
              134.1250009755,
              34.630917998
            ],
            [
              134.1251235838,
              34.6325691024
            ],
            [
              134.1246688444,
              34.6334725982
            ],
            [
              134.1244167832,
              34.6343196648
            ],
            [
              134.1237214603,
              34.6346627761
            ],
            [
              134.1230316278,
              34.6341761474
            ],
            [
              134.1230807251,
              34.6339304073
            ],
            [
              134.1229778005,
              34.6337299086
            ],
            [
              134.122718402,
              34.6334036241
            ],
            [
              134.1222796719,
              34.633055758
            ],
            [
              134.1201143255,
              34.6334083738
            ],
            [
              134.1192666944,
              34.6333991296
            ],
            [
              134.1187800376,
              34.6332766948
            ],
            [
              134.1177717386,
              34.6332348961
            ],
            [
              134.1178309828,
              34.6324252672
            ],
            [
              134.1177294347,
              34.6322158914
            ],
            [
              134.1171284951,
              34.6316614751
            ],
            [
              134.1167368473,
              34.631502154
            ],
            [
              134.1163479143,
              34.6310832103
            ],
            [
              134.1160663893,
              34.6309881814
            ],
            [
              134.1154992734,
              34.6299885252
            ],
            [
              134.1151081723,
              34.62963015
            ],
            [
              134.1138250513,
              34.6287376746
            ],
            [
              134.1140778218,
              34.6282369093
            ],
            [
              134.1148922692,
              34.6282728875
            ],
            [
              134.1161207578,
              34.6277896442
            ],
            [
              134.1157748657,
              34.6274571358
            ],
            [
              134.1155226493,
              34.6269471567
            ],
            [
              134.115621122,
              34.6266437563
            ],
            [
              134.1155425207,
              34.6263704677
            ],
            [
              134.1156665968,
              34.6262402434
            ],
            [
              134.1160289625,
              34.6262044035
            ],
            [
              134.1166642906,
              34.6252133792
            ],
            [
              134.1167395794,
              34.6247034193
            ],
            [
              134.1164968825,
              34.6239050963
            ],
            [
              134.1165162025,
              34.6236807234
            ],
            [
              134.1171720043,
              34.6224384141
            ],
            [
              134.1172277416,
              34.6221160586
            ],
            [
              134.1171802641,
              34.6219577764
            ],
            [
              134.1174175761,
              34.6217316736
            ],
            [
              134.1177629038,
              34.6215547831
            ],
            [
              134.1210267259,
              34.6233325065
            ],
            [
              134.1214913224,
              34.6236608391
            ],
            [
              134.1232108896,
              34.6253303204
            ],
            [
              134.126620682,
              34.6283912101
            ],
            [
              134.1267843451,
              34.6286323752
            ],
            [
              134.1272842059,
              34.6286860181
            ]
          ]
        ]
      }
    },
    {
      "type": "Feature",
      "properties": {
        "key_code": "33212088011",
        "pref": "岡山県",
        "city": "瀬戸内市",
        "ward": "",
        "district": "牛窓町鹿忍",
        "name": "瀬戸内市  牛窓町鹿忍"
      },
      "geometry": {
        "type": "Polygon",
        "coordinates": [
          [
            [
              134.1214628702,
              34.5918952571
            ],
            [
              134.1226543485,
              34.5936192135
            ],
            [
              134.1229002302,
              34.5938161392
            ],
            [
              134.1232691287,
              34.5936608335
            ],
            [
              134.1236338293,
              34.5938661302
            ],
            [
              134.1237907126,
              34.5943378683
            ],
            [
              134.1245956,
              34.5946520948
            ],
            [
              134.1249140741,
              34.5950321243
            ],
            [
              134.1248682287,
              34.5950582472
            ],
            [
              134.1245660938,
              34.594674583
            ],
            [
              134.1237601226,
              34.5943595097
            ],
            [
              134.1235858028,
              34.5938867555
            ],
            [
              134.1232733655,
              34.5937112703
            ],
            [
              134.1228007048,
              34.5939413371
            ],
            [
              134.1225226604,
              34.5939562157
            ],
            [
              134.1222572475,
              34.5937213641
            ],
            [
              134.1220301906,
              34.5938453574
            ],
            [
              134.1224314726,
              34.5942345464
            ],
            [
              134.1229839112,
              34.5939254518
            ],
            [
              134.1228681527,
              34.594003574
            ],
            [
              134.1231615894,
              34.5943656718
            ],
            [
              134.1234216579,
              34.5945536056
            ],
            [
              134.1236356254,
              34.5944494502
            ],
            [
              134.123446673,
              34.5945806941
            ],
            [
              134.1238423152,
              34.5950600263
            ],
            [
              134.1242036992,
              34.5948506108
            ],
            [
              134.1242384725,
              34.5948922249
            ],
            [
              134.1237351545,
              34.595185214
            ],
            [
              134.1242046907,
              34.5957783549
            ],
            [
              134.1243269286,
              34.5957217944
            ],
            [
              134.1251000967,
              34.5965335081
            ],
            [
              134.1264797748,
              34.5976691034
            ],
            [
              134.127397437,
              34.5982521384
            ],
            [
              134.1278875446,
              34.5984639759
            ],
            [
              134.1278748846,
              34.5987406156
            ],
            [
              134.128133006,
              34.5984021224
            ],
            [
              134.1292496949,
              34.5978503774
            ],
            [
              134.1290486172,
              34.5975931039
            ],
            [
              134.1289360285,
              34.5977101174
            ],
            [
              134.1288621392,
              34.597612656
            ],
            [
              134.1290366699,
              34.5975760386
            ],
            [
              134.1290302767,
              34.5975164423
            ],
            [
              134.1292758938,
              34.5978387288
            ],
            [
              134.1295782266,
              34.5976986452
            ],
            [
              134.1306341293,
              34.5974830342
            ],
            [
              134.1309641963,
              34.5975954249
            ],
            [
              134.1311805056,
              34.5978699064
            ],
            [
              134.1313831586,
              34.5979251766
            ],
            [
              134.1319140523,
              34.5979584467
            ],
            [
              134.1326820871,
              34.5977560091
            ],
            [
              134.1327066993,
              34.5979453733
            ],
            [
              134.1327339709,
              34.597939079
            ],
            [
              134.1328851308,
              34.5976473103
            ],
            [
              134.1328495941,
              34.5974579284
            ],
            [
              134.1330467218,
              34.5970876306
            ],
            [
              134.1334978593,
              34.5967287333
            ],
            [
              134.1337877868,
              34.596760758
            ],
            [
              134.1339068572,
              34.5966644571
            ],
            [
              134.1344611517,
              34.5973982809
            ],
            [
              134.1354227604,
              34.5983247559
            ],
            [
              134.1357899503,
              34.598418316
            ],
            [
              134.1362547001,
              34.59875263
            ],
            [
              134.1367448507,
              34.5989534417
            ],
            [
              134.1369760338,
              34.598939441
            ],
            [
              134.1376034827,
              34.5991721623
            ],
            [
              134.1380888642,
              34.5990817916
            ],
            [
              134.1381319048,
              34.5993271073
            ],
            [
              134.1384193116,
              34.5995123779
            ],
            [
              134.138232477,
              34.5996852068
            ],
            [
              134.1382943355,
              34.5998051819
            ],
            [
              134.1381893737,
              34.5999339086
            ],
            [
              134.1382261228,
              34.6000737058
            ],
            [
              134.1381424896,
              34.600398129
            ],
            [
              134.1376831609,
              34.6010024205
            ],
            [
              134.1378769928,
              34.601576053
            ],
            [
              134.1382684003,
              34.6020499822
            ],
            [
              134.1380032719,
              34.6026013347
            ],
            [
              134.1371564619,
              34.6033798275
            ],
            [
              134.1367648693,
              34.6034494977
            ],
            [
              134.1362112198,
              34.6033449352
            ],
            [
              134.1360910026,
              34.6034656076
            ],
            [
              134.1358796793,
              34.6033876518
            ],
            [
              134.1354416457,
              34.6037278511
            ],
            [
              134.1352083361,
              34.6041899465
            ],
            [
              134.1351743712,
              34.6047253329
            ],
            [
              134.1352471994,
              34.6052808927
            ],
            [
              134.135667186,
              34.606131706
            ],
            [
              134.135695725,
              34.6065130822
            ],
            [
              134.1358545964,
              34.6066485699
            ],
            [
              134.1350724105,
              34.6072847444
            ],
            [
              134.1347970971,
              34.6070562359
            ],
            [
              134.1347359475,
              34.6070867062
            ],
            [
              134.1344953702,
              34.6073829854
            ],
            [
              134.1344347938,
              34.6076406767
            ],
            [
              134.1344892314,
              34.6076751366
            ],
            [
              134.1340947136,
              34.6075950483
            ],
            [
              134.1327396538,
              34.6083121175
            ],
            [
              134.1325686216,
              34.6085187734
            ],
            [
              134.1324735583,
              34.6088217664
            ],
            [
              134.1324996975,
              34.6092673753
            ],
            [
              134.1326619109,
              34.6097267296
            ],
            [
              134.1324154216,
              34.6103729112
            ],
            [
              134.1309593654,
              34.6122577386
            ],
            [
              134.1310167287,
              34.6125488684
            ],
            [
              134.1309433965,
              34.6128637313
            ],
            [
              134.131219942,
              34.6133217297
            ],
            [
              134.1316294419,
              34.6135594857
            ],
            [
              134.1323917023,
              34.6144969513
            ],
            [
              134.1320498702,
              34.6145607696
            ],
            [
              134.1312992965,
              34.6150501843
            ],
            [
              134.1305691992,
              34.6153190281
            ],
            [
              134.1284615975,
              34.6171983855
            ],
            [
              134.1280312766,
              34.6173071216
            ],
            [
              134.1277204655,
              34.6172374355
            ],
            [
              134.1276358482,
              34.6178892353
            ],
            [
              134.127437103,
              34.6175227835
            ],
            [
              134.1270704485,
              34.6173907374
            ],
            [
              134.1266998919,
              34.6170686509
            ],
            [
              134.1262163668,
              34.616843855
            ],
            [
              134.1260831495,
              34.6166493717
            ],
            [
              134.1257793538,
              34.6165433479
            ],
            [
              134.125004414,
              34.6165080854
            ],
            [
              134.1246816199,
              34.6162980659
            ],
            [
              134.1232632835,
              34.6160384204
            ],
            [
              134.1228095876,
              34.6149850717
            ],
            [
              134.1223112508,
              34.6145482272
            ],
            [
              134.1219610373,
              34.6140079582
            ],
            [
              134.1221568895,
              34.6137867073
            ],
            [
              134.1231212731,
              34.6141851894
            ],
            [
              134.1236028887,
              34.6134801186
            ],
            [
              134.124044622,
              34.6130979899
            ],
            [
              134.1244564915,
              34.6123951919
            ],
            [
              134.1249924322,
              34.6122853784
            ],
            [
              134.1251775031,
              34.6119028106
            ],
            [
              134.1250161946,
              34.6116948959
            ],
            [
              134.1246483346,
              34.6103816636
            ],
            [
              134.1242308499,
              34.6099749719
            ],
            [
              134.1228695024,
              34.6099357411
            ],
            [
              134.1220880741,
              34.6089078959
            ],
            [
              134.1222427791,
              34.6084076575
            ],
            [
              134.1223236941,
              34.6061540484
            ],
            [
              134.1220916576,
              34.6052264578
            ],
            [
              134.1223240349,
              34.6048831378
            ],
            [
              134.1232973659,
              34.6038698492
            ],
            [
              134.1232532782,
              34.6036483292
            ],
            [
              134.1219161217,
              34.6026119365
            ],
            [
              134.1204203656,
              34.6018941872
            ],
            [
              134.120132692,
              34.602345165
            ],
            [
              134.1191533752,
              34.6025199724
            ],
            [
              134.1181090734,
              34.6030245665
            ],
            [
              134.1175097656,
              34.6040293117
            ],
            [
              134.116995077,
              34.6040892642
            ],
            [
              134.1165472543,
              34.6040160718
            ],
            [
              134.1163335347,
              34.6040995113
            ],
            [
              134.1161843251,
              34.6042715299
            ],
            [
              134.113330171,
              34.6039882537
            ],
            [
              134.1130827829,
              34.6042177076
            ],
            [
              134.111750514,
              34.604409716
            ],
            [
              134.1118012719,
              34.6042676723
            ],
            [
              134.1121292683,
              34.6039649741
            ],
            [
              134.1121332971,
              34.603857218
            ],
            [
              134.1121066564,
              34.6037037657
            ],
            [
              134.1116241365,
              34.603538506
            ],
            [
              134.1116276663,
              34.603160848
            ],
            [
              134.1117546853,
              34.6026784704
            ],
            [
              134.111676065,
              34.6025092903
            ],
            [
              134.1118210853,
              34.6022582468
            ],
            [
              134.111989913,
              34.6022078384
            ],
            [
              134.11263298,
              34.6007039828
            ],
            [
              134.1124845124,
              34.5997744262
            ],
            [
              134.1119547376,
              34.5994282141
            ],
            [
              134.1116316594,
              34.5990692712
            ],
            [
              134.1115948468,
              34.5988974895
            ],
            [
              134.1116446973,
              34.5987279769
            ],
            [
              134.1115572023,
              34.5978893869
            ],
            [
              134.1116638317,
              34.5976582775
            ],
            [
              134.1121135601,
              34.5972560685
            ],
            [
              134.1121631295,
              34.5970954289
            ],
            [
              134.1116521228,
              34.59593251
            ],
            [
              134.1116466053,
              34.5949655974
            ],
            [
              134.111750613,
              34.5946399675
            ],
            [
              134.1120893453,
              34.5944578765
            ],
            [
              134.1127680168,
              34.593671386
            ],
            [
              134.1133740091,
              34.5932539634
            ],
            [
              134.1137500103,
              34.5926484991
            ],
            [
              134.1127624815,
              34.5918039545
            ],
            [
              134.1148706043,
              34.5916451476
            ],
            [
              134.1177469468,
              34.5918271278
            ],
            [
              134.1181207115,
              34.5917331197
            ],
            [
              134.1188747515,
              34.5913656508
            ],
            [
              134.1193577258,
              34.5909803822
            ],
            [
              134.1201205584,
              34.590130886
            ],
            [
              134.1206288248,
              34.5893957505
            ],
            [
              134.1208245,
              34.5896069597
            ],
            [
              134.1212534435,
              34.5898177245
            ],
            [
              134.1212891244,
              34.5899349842
            ],
            [
              134.1216649012,
              34.590056489
            ],
            [
              134.1218501675,
              34.5905003855
            ],
            [
              134.1217756389,
              34.5906615473
            ],
            [
              134.1217809581,
              34.5911358433
            ],
            [
              134.1215079368,
              34.5913265279
            ],
            [
              134.1213820606,
              34.5915254926
            ],
            [
              134.1214628702,
              34.5918952571
            ]
          ]
        ]
      }
    },
    {
      "type": "Feature",
      "properties": {
        "key_code": "33212088012",
        "pref": "岡山県",
        "city": "瀬戸内市",
        "ward": "",
        "district": "牛窓町鹿忍",
        "name": "瀬戸内市  牛窓町鹿忍"
      },
      "geometry": {
        "type": "Polygon",
        "coordinates": [
          [
            [
              134.1206288248,
              34.5893957505
            ],
            [
              134.1201205584,
              34.590130886
            ],
            [
              134.1193577258,
              34.5909803822
            ],
            [
              134.1188747515,
              34.5913656508
            ],
            [
              134.1181207115,
              34.5917331197
            ],
            [
              134.1177469468,
              34.5918271278
            ],
            [
              134.1148706043,
              34.5916451476
            ],
            [
              134.1127624815,
              34.5918039545
            ],
            [
              134.1125796813,
              34.5917117851
            ],
            [
              134.1121977163,
              34.591797873
            ],
            [
              134.111895824,
              34.5917723993
            ],
            [
              134.1120340479,
              34.5911260864
            ],
            [
              134.111776076,
              34.5907840303
            ],
            [
              134.1117024045,
              34.5905142868
            ],
            [
              134.1117375516,
              34.5902447376
            ],
            [
              134.1119590173,
              34.5898319838
            ],
            [
              134.111390685,
              34.5889321171
            ],
            [
              134.1112344654,
              34.5890314266
            ],
            [
              134.1111745555,
              34.5889021468
            ],
            [
              134.1117650454,
              34.5886210586
            ],
            [
              134.1118318397,
              34.5885075026
            ],
            [
              134.1122278036,
              34.588413552
            ],
            [
              134.1125111215,
              34.5884537817
            ],
            [
              134.1130958844,
              34.5882745208
            ],
            [
              134.113458599,
              34.5883860264
            ],
            [
              134.1136658403,
              34.5883394879
            ],
            [
              134.1138030393,
              34.5883956542
            ],
            [
              134.1139013714,
              34.5883111704
            ],
            [
              134.1140820717,
              34.5884061512
            ],
            [
              134.1140985947,
              34.588341242
            ],
            [
              134.1142486618,
              34.5884830764
            ],
            [
              134.1149098709,
              34.5886617348
            ],
            [
              134.114988104,
              34.5887548428
            ],
            [
              134.1160796766,
              34.588193314
            ],
            [
              134.1151965479,
              34.5886722419
            ],
            [
              134.1152995423,
              34.5888869587
            ],
            [
              134.1154321293,
              34.5890377752
            ],
            [
              134.1157748812,
              34.5888644138
            ],
            [
              134.1160355654,
              34.5892226653
            ],
            [
              134.117379536,
              34.5896911385
            ],
            [
              134.1175740436,
              34.5895066657
            ],
            [
              134.1174198847,
              34.5896821938
            ],
            [
              134.1174401588,
              34.5898516881
            ],
            [
              134.118138882,
              34.5898647398
            ],
            [
              134.118337683,
              34.589707319
            ],
            [
              134.1183120025,
              34.5895286595
            ],
            [
              134.1184006625,
              34.5898056101
            ],
            [
              134.1186723913,
              34.5896952228
            ],
            [
              134.1188504375,
              34.5895521336
            ],
            [
              134.1188944979,
              34.5893764125
            ],
            [
              134.1182358991,
              34.589450207
            ],
            [
              134.1176977041,
              34.5893265765
            ],
            [
              134.1182272633,
              34.5894141309
            ],
            [
              134.1185523289,
              34.5893352495
            ],
            [
              134.1188665899,
              34.5892105671
            ],
            [
              134.119093184,
              34.5888521817
            ],
            [
              134.119444394,
              34.5887724975
            ],
            [
              134.1194654465,
              34.5886426583
            ],
            [
              134.1197541857,
              34.5886955589
            ],
            [
              134.1199888588,
              34.5885787658
            ],
            [
              134.1200472718,
              34.588755509
            ],
            [
              134.1203606594,
              34.5889679082
            ],
            [
              134.1204948267,
              34.588938417
            ],
            [
              134.1204564084,
              34.589041041
            ],
            [
              134.1206288248,
              34.5893957505
            ]
          ]
        ]
      }
    },
    {
      "type": "Feature",
      "properties": {
        "key_code": "33212089001",
        "pref": "岡山県",
        "city": "瀬戸内市",
        "ward": "",
        "district": "牛窓町長浜",
        "name": "瀬戸内市  牛窓町長浜"
      },
      "geometry": {
        "type": "Polygon",
        "coordinates": [
          [
            [
              134.1478651159,
              34.6444684199
            ],
            [
              134.1479238719,
              34.6446150168
            ],
            [
              134.1476569943,
              34.6459131709
            ],
            [
              134.1487671862,
              34.6467640214
            ],
            [
              134.1490886915,
              34.6468694544
            ],
            [
              134.1501877679,
              34.6469178712
            ],
            [
              134.1508382026,
              34.646626673
            ],
            [
              134.1510555858,
              34.6468223864
            ],
            [
              134.1509742313,
              34.6470331509
            ],
            [
              134.151099443,
              34.6474074939
            ],
            [
              134.1514565474,
              34.6477630229
            ],
            [
              134.1514811382,
              34.6478994238
            ],
            [
              134.1504707729,
              34.6481614909
            ],
            [
              134.1499131281,
              34.6484460628
            ],
            [
              134.1494092424,
              34.6490588037
            ],
            [
              134.1492010318,
              34.6496357826
            ],
            [
              134.1491911925,
              34.6498672203
            ],
            [
              134.1492905249,
              34.6499831671
            ],
            [
              134.1495453977,
              34.6501172379
            ],
            [
              134.1498130276,
              34.6501176402
            ],
            [
              134.1500890652,
              34.6505425016
            ],
            [
              134.1499426334,
              34.6506168028
            ],
            [
              134.1499279087,
              34.6509498019
            ],
            [
              134.1499540104,
              34.6511055053
            ],
            [
              134.1502490916,
              34.651357968
            ],
            [
              134.1501516331,
              34.6518181913
            ],
            [
              134.1503560306,
              34.6522685844
            ],
            [
              134.1503069426,
              34.6526684455
            ],
            [
              134.1499026089,
              34.6532683741
            ],
            [
              134.1498182009,
              34.6541778423
            ],
            [
              134.1484992686,
              34.6539355229
            ],
            [
              134.1486097872,
              34.6544780373
            ],
            [
              134.1488719987,
              34.6551362959
            ],
            [
              134.1488852554,
              34.6553863594
            ],
            [
              134.1480883418,
              34.6557918353
            ],
            [
              134.1479656183,
              34.6562201723
            ],
            [
              134.1475874862,
              34.6568836502
            ],
            [
              134.1468334881,
              34.6566179463
            ],
            [
              134.1464694354,
              34.6565903428
            ],
            [
              134.1462252423,
              34.6568680431
            ],
            [
              134.1451345497,
              34.6561318782
            ],
            [
              134.1448884865,
              34.656121074
            ],
            [
              134.1447151153,
              34.6561726459
            ],
            [
              134.1444556903,
              34.6565125828
            ],
            [
              134.1443468329,
              34.6569067049
            ],
            [
              134.142974044,
              34.6559987904
            ],
            [
              134.1432439598,
              34.65566648
            ],
            [
              134.1434193599,
              34.655603926
            ],
            [
              134.1433673616,
              34.6553529584
            ],
            [
              134.1430348569,
              34.6551352231
            ],
            [
              134.143070413,
              34.654913411
            ],
            [
              134.143316601,
              34.6545469733
            ],
            [
              134.1426509951,
              34.6545083255
            ],
            [
              134.142431598,
              34.6539339472
            ],
            [
              134.142204434,
              34.6537118662
            ],
            [
              134.1421728479,
              34.6532951301
            ],
            [
              134.1417028006,
              34.6526156834
            ],
            [
              134.1417037653,
              34.6521925107
            ],
            [
              134.1419566077,
              34.6518501685
            ],
            [
              134.1415743649,
              34.6505592
            ],
            [
              134.1372541547,
              34.6492759582
            ],
            [
              134.1395522794,
              34.6482761869
            ],
            [
              134.1397780184,
              34.646073336
            ],
            [
              134.1400441028,
              34.6459813428
            ],
            [
              134.1405292604,
              34.6460132347
            ],
            [
              134.1406543764,
              34.6459342617
            ],
            [
              134.1408501434,
              34.6454541997
            ],
            [
              134.1410248035,
              34.6453152923
            ],
            [
              134.1408309735,
              34.644949995
            ],
            [
              134.1406886115,
              34.644307255
            ],
            [
              134.1409007685,
              34.6442788479
            ],
            [
              134.1412026239,
              34.6444256848
            ],
            [
              134.1416038679,
              34.6443014952
            ],
            [
              134.1415607917,
              34.6440853304
            ],
            [
              134.1412353317,
              34.6440967984
            ],
            [
              134.141170128,
              34.6417661032
            ],
            [
              134.1442960177,
              34.6417289423
            ],
            [
              134.1468666775,
              34.6424086136
            ],
            [
              134.1472274449,
              34.6425841214
            ],
            [
              134.1482269648,
              34.6435369473
            ],
            [
              134.1480627904,
              34.6437396983
            ],
            [
              134.1478651159,
              34.6444684199
            ]
          ]
        ]
      }
    },
    {
      "type": "Feature",
      "properties": {
        "key_code": "33212089002",
        "pref": "岡山県",
        "city": "瀬戸内市",
        "ward": "",
        "district": "牛窓町長浜",
        "name": "瀬戸内市  牛窓町長浜"
      },
      "geometry": {
        "type": "Polygon",
        "coordinates": [
          [
            [
              134.1381204413,
              34.6414116362
            ],
            [
              134.1387648274,
              34.6417802316
            ],
            [
              134.141170128,
              34.6417661032
            ],
            [
              134.1412353317,
              34.6440967984
            ],
            [
              134.1415607917,
              34.6440853304
            ],
            [
              134.1416038679,
              34.6443014952
            ],
            [
              134.1412026239,
              34.6444256848
            ],
            [
              134.1409007685,
              34.6442788479
            ],
            [
              134.1406886115,
              34.644307255
            ],
            [
              134.1408309735,
              34.644949995
            ],
            [
              134.1410248035,
              34.6453152923
            ],
            [
              134.1408501434,
              34.6454541997
            ],
            [
              134.1406543764,
              34.6459342617
            ],
            [
              134.1405292604,
              34.6460132347
            ],
            [
              134.1400441028,
              34.6459813428
            ],
            [
              134.1397780184,
              34.646073336
            ],
            [
              134.1395522794,
              34.6482761869
            ],
            [
              134.1372541547,
              34.6492759582
            ],
            [
              134.1368448132,
              34.6482208966
            ],
            [
              134.1354027402,
              34.6463561544
            ],
            [
              134.1352388469,
              34.645998647
            ],
            [
              134.1350305118,
              34.6458946323
            ],
            [
              134.1348314981,
              34.6460206712
            ],
            [
              134.1345976039,
              34.6458139236
            ],
            [
              134.1343646289,
              34.6453544583
            ],
            [
              134.1343145409,
              34.6445884679
            ],
            [
              134.134337159,
              34.644429178
            ],
            [
              134.1354770798,
              34.6445428591
            ],
            [
              134.1358520117,
              34.6442228357
            ],
            [
              134.1356026019,
              34.6439740793
            ],
            [
              134.1357864844,
              34.6438471664
            ],
            [
              134.1356411499,
              34.643652813
            ],
            [
              134.1364880483,
              34.6434032738
            ],
            [
              134.1370442136,
              34.6433840143
            ],
            [
              134.1373060048,
              34.6422487202
            ],
            [
              134.1375642227,
              34.6420716309
            ],
            [
              134.1377218627,
              34.641690493
            ],
            [
              134.1378433616,
              34.6416966237
            ],
            [
              134.1381204413,
              34.6414116362
            ]
          ]
        ]
      }
    },
    {
      "type": "Feature",
      "properties": {
        "key_code": "33212089003",
        "pref": "岡山県",
        "city": "瀬戸内市",
        "ward": "",
        "district": "牛窓町長浜",
        "name": "瀬戸内市  牛窓町長浜"
      },
      "geometry": {
        "type": "Polygon",
        "coordinates": [
          [
            [
              134.1364880483,
              34.6434032738
            ],
            [
              134.1356411499,
              34.643652813
            ],
            [
              134.1357864844,
              34.6438471664
            ],
            [
              134.1356026019,
              34.6439740793
            ],
            [
              134.1358520117,
              34.6442228357
            ],
            [
              134.1354770798,
              34.6445428591
            ],
            [
              134.134337159,
              34.644429178
            ],
            [
              134.1343264695,
              34.6447338666
            ],
            [
              134.1339216333,
              34.6445143028
            ],
            [
              134.133775781,
              34.6442965623
            ],
            [
              134.1337662646,
              34.6440145211
            ],
            [
              134.1320307358,
              34.6432071951
            ],
            [
              134.1326500586,
              34.6432300349
            ],
            [
              134.1327809735,
              34.6428553863
            ],
            [
              134.1331256772,
              34.6427335262
            ],
            [
              134.1332733649,
              34.6422833962
            ],
            [
              134.1331271914,
              34.6420956599
            ],
            [
              134.1333353995,
              34.6417826971
            ],
            [
              134.133890149,
              34.6423324292
            ],
            [
              134.133668653,
              34.642409692
            ],
            [
              134.1337237041,
              34.6425265642
            ],
            [
              134.133898118,
              34.6424672561
            ],
            [
              134.1340700464,
              34.6428733843
            ],
            [
              134.1346403658,
              34.6426890536
            ],
            [
              134.1350789514,
              34.6426405935
            ],
            [
              134.1352578817,
              34.6430160221
            ],
            [
              134.1359081159,
              34.6426454432
            ],
            [
              134.1364880483,
              34.6434032738
            ]
          ]
        ]
      }
    },
    {
      "type": "Feature",
      "properties": {
        "key_code": "33212089004",
        "pref": "岡山県",
        "city": "瀬戸内市",
        "ward": "",
        "district": "牛窓町長浜",
        "name": "瀬戸内市  牛窓町長浜"
      },
      "geometry": {
        "type": "Polygon",
        "coordinates": [
          [
            [
              134.1364880483,
              34.6434032738
            ],
            [
              134.1359081159,
              34.6426454432
            ],
            [
              134.1352578817,
              34.6430160221
            ],
            [
              134.1350789514,
              34.6426405935
            ],
            [
              134.1346403658,
              34.6426890536
            ],
            [
              134.1340700464,
              34.6428733843
            ],
            [
              134.133898118,
              34.6424672561
            ],
            [
              134.1337237041,
              34.6425265642
            ],
            [
              134.133668653,
              34.642409692
            ],
            [
              134.133890149,
              34.6423324292
            ],
            [
              134.1332535434,
              34.6417121288
            ],
            [
              134.1334180077,
              34.641580679
            ],
            [
              134.1337928225,
              34.6418496448
            ],
            [
              134.135969431,
              34.6403979324
            ],
            [
              134.1366536273,
              34.6407107716
            ],
            [
              134.1365542699,
              34.6398048067
            ],
            [
              134.1399434063,
              34.6397766226
            ],
            [
              134.1399485786,
              34.6417742004
            ],
            [
              134.1387648274,
              34.6417802316
            ],
            [
              134.1381204413,
              34.6414116362
            ],
            [
              134.1378433616,
              34.6416966237
            ],
            [
              134.1377218627,
              34.641690493
            ],
            [
              134.1375642227,
              34.6420716309
            ],
            [
              134.1373060048,
              34.6422487202
            ],
            [
              134.1370442136,
              34.6433840143
            ],
            [
              134.1364880483,
              34.6434032738
            ]
          ]
        ]
      }
    },
    {
      "type": "Feature",
      "properties": {
        "key_code": "33212089005",
        "pref": "岡山県",
        "city": "瀬戸内市",
        "ward": "",
        "district": "牛窓町長浜",
        "name": "瀬戸内市  牛窓町長浜"
      },
      "geometry": {
        "type": "Polygon",
        "coordinates": [
          [
            [
              134.1353528881,
              34.6372320378
            ],
            [
              134.133931712,
              34.637405416
            ],
            [
              134.1334318743,
              34.6373393259
            ],
            [
              134.1334757607,
              34.6368981857
            ],
            [
              134.1339871582,
              34.6366429093
            ],
            [
              134.1347354497,
              34.6365297309
            ],
            [
              134.1365197679,
              34.6365611754
            ],
            [
              134.1373762618,
              34.6366795972
            ],
            [
              134.1399038126,
              34.6366537016
            ],
            [
              134.1399434063,
              34.6397766226
            ],
            [
              134.1365542699,
              34.6398048067
            ],
            [
              134.1366536273,
              34.6407107716
            ],
            [
              134.135969431,
              34.6403979324
            ],
            [
              134.1337928225,
              34.6418496448
            ],
            [
              134.1334180077,
              34.641580679
            ],
            [
              134.1332535434,
              34.6417121288
            ],
            [
              134.1333353995,
              34.6417826971
            ],
            [
              134.1331271914,
              34.6420956599
            ],
            [
              134.1332733649,
              34.6422833962
            ],
            [
              134.1331256772,
              34.6427335262
            ],
            [
              134.1327809735,
              34.6428553863
            ],
            [
              134.1326500586,
              34.6432300349
            ],
            [
              134.1320307358,
              34.6432071951
            ],
            [
              134.1284468461,
              34.6450985928
            ],
            [
              134.1269956155,
              34.6447297864
            ],
            [
              134.125955377,
              34.644957674
            ],
            [
              134.1259447441,
              34.6445856108
            ],
            [
              134.1257705893,
              34.6444920615
            ],
            [
              134.1255354525,
              34.6441504707
            ],
            [
              134.1258735018,
              34.6433179093
            ],
            [
              134.1257127058,
              34.6429912353
            ],
            [
              134.1256409921,
              34.6424283234
            ],
            [
              134.1254287222,
              34.642190453
            ],
            [
              134.1250393029,
              34.642022299
            ],
            [
              134.1246316433,
              34.6419770957
            ],
            [
              134.1243287418,
              34.6415601599
            ],
            [
              134.1245126041,
              34.6413860687
            ],
            [
              134.1250883076,
              34.6411474123
            ],
            [
              134.1256652815,
              34.6407891548
            ],
            [
              134.1265436499,
              34.6399410181
            ],
            [
              134.1272611096,
              34.6400022304
            ],
            [
              134.1282507228,
              34.6399445697
            ],
            [
              134.1290376894,
              34.6392617944
            ],
            [
              134.1290708095,
              34.6389393908
            ],
            [
              134.1309196024,
              34.6388346712
            ],
            [
              134.1322546606,
              34.6376615565
            ],
            [
              134.1323919182,
              34.6374562475
            ],
            [
              134.1343359774,
              34.6380371758
            ],
            [
              134.1345216928,
              34.6376813516
            ],
            [
              134.1355119784,
              34.6379606262
            ],
            [
              134.1355746958,
              34.6377281188
            ],
            [
              134.1352988596,
              34.6376771896
            ],
            [
              134.1353528881,
              34.6372320378
            ]
          ]
        ]
      }
    },
    {
      "type": "Feature",
      "properties": {
        "key_code": "33212089006",
        "pref": "岡山県",
        "city": "瀬戸内市",
        "ward": "",
        "district": "牛窓町長浜",
        "name": "瀬戸内市  牛窓町長浜"
      },
      "geometry": {
        "type": "Polygon",
        "coordinates": [
          [
            [
              134.1309196024,
              34.6388346712
            ],
            [
              134.1290708095,
              34.6389393908
            ],
            [
              134.1290376894,
              34.6392617944
            ],
            [
              134.1282507228,
              34.6399445697
            ],
            [
              134.1272611096,
              34.6400022304
            ],
            [
              134.1265436499,
              34.6399410181
            ],
            [
              134.1256652815,
              34.6407891548
            ],
            [
              134.1250883076,
              34.6411474123
            ],
            [
              134.1246847517,
              34.641262812
            ],
            [
              134.1243287418,
              34.6415601599
            ],
            [
              134.1241347204,
              34.6412079282
            ],
            [
              134.1235960314,
              34.6407373392
            ],
            [
              134.1232624865,
              34.6402758308
            ],
            [
              134.1232322652,
              34.6400489717
            ],
            [
              134.1228835501,
              34.6395046014
            ],
            [
              134.1226439323,
              34.6378931483
            ],
            [
              134.1228745998,
              34.6369205206
            ],
            [
              134.1231030918,
              34.6368213126
            ],
            [
              134.123112638,
              34.6365891673
            ],
            [
              134.1233155222,
              34.6364728706
            ],
            [
              134.1236218614,
              34.6360113284
            ],
            [
              134.1237214603,
              34.6346627761
            ],
            [
              134.1316509293,
              34.63312122
            ],
            [
              134.132039586,
              34.6331953931
            ],
            [
              134.1326385689,
              34.633509674
            ],
            [
              134.132819215,
              34.6337605821
            ],
            [
              134.1327363969,
              34.6339455538
            ],
            [
              134.1328693824,
              34.6341460926
            ],
            [
              134.1332190433,
              34.6339859252
            ],
            [
              134.1333296516,
              34.6345853794
            ],
            [
              134.1339074674,
              34.6345961783
            ],
            [
              134.1339368054,
              34.6352335352
            ],
            [
              134.1341980649,
              34.6356674252
            ],
            [
              134.1371924231,
              34.635678405
            ],
            [
              134.1371287365,
              34.636141353
            ],
            [
              134.1368014432,
              34.6365957138
            ],
            [
              134.1347354497,
              34.6365297309
            ],
            [
              134.1339871582,
              34.6366429093
            ],
            [
              134.1334757607,
              34.6368981857
            ],
            [
              134.1334318743,
              34.6373393259
            ],
            [
              134.1328224973,
              34.6373077662
            ],
            [
              134.1324348904,
              34.6374016591
            ],
            [
              134.1322546606,
              34.6376615565
            ],
            [
              134.1309196024,
              34.6388346712
            ]
          ]
        ]
      }
    },
    {
      "type": "Feature",
      "properties": {
        "key_code": "33212089007",
        "pref": "岡山県",
        "city": "瀬戸内市",
        "ward": "",
        "district": "牛窓町長浜",
        "name": "瀬戸内市  牛窓町長浜"
      },
      "geometry": {
        "type": "Polygon",
        "coordinates": [
          [
            [
              134.1399038126,
              34.6366537016
            ],
            [
              134.1373762618,
              34.6366795972
            ],
            [
              134.1368014432,
              34.6365957138
            ],
            [
              134.1371287365,
              34.636141353
            ],
            [
              134.1371924231,
              34.635678405
            ],
            [
              134.1341980649,
              34.6356674252
            ],
            [
              134.1339368054,
              34.6352335352
            ],
            [
              134.1339074674,
              34.6345961783
            ],
            [
              134.1333296516,
              34.6345853794
            ],
            [
              134.1332190433,
              34.6339859252
            ],
            [
              134.1328693824,
              34.6341460926
            ],
            [
              134.1327363969,
              34.6339455538
            ],
            [
              134.132819215,
              34.6337605821
            ],
            [
              134.1326385689,
              34.633509674
            ],
            [
              134.1319111791,
              34.6331488358
            ],
            [
              134.1316509293,
              34.63312122
            ],
            [
              134.1237214603,
              34.6346627761
            ],
            [
              134.1244167832,
              34.6343196648
            ],
            [
              134.1246688444,
              34.6334725982
            ],
            [
              134.1251235838,
              34.6325691024
            ],
            [
              134.1250009755,
              34.630917998
            ],
            [
              134.1258303078,
              34.6308467108
            ],
            [
              134.1270028571,
              34.6289543603
            ],
            [
              134.1272598922,
              34.6287053056
            ],
            [
              134.1282629132,
              34.6290201454
            ],
            [
              134.1287405091,
              34.6287939956
            ],
            [
              134.1291356292,
              34.628802542
            ],
            [
              134.1296124811,
              34.6288830677
            ],
            [
              134.1299302763,
              34.6290601084
            ],
            [
              134.1296256745,
              34.6294088288
            ],
            [
              134.1295625461,
              34.6298106354
            ],
            [
              134.1318865175,
              34.6301674967
            ],
            [
              134.1324638441,
              34.6305854264
            ],
            [
              134.1323708234,
              34.6312806241
            ],
            [
              134.1322675675,
              34.6313539906
            ],
            [
              134.1323091893,
              34.6315787515
            ],
            [
              134.1324542377,
              34.6316583005
            ],
            [
              134.1326456693,
              34.6319490931
            ],
            [
              134.1332073602,
              34.6316915074
            ],
            [
              134.1340056538,
              34.6319367966
            ],
            [
              134.1340354972,
              34.6326399416
            ],
            [
              134.1345369048,
              34.6326342737
            ],
            [
              134.1344185258,
              34.6328518714
            ],
            [
              134.13502691,
              34.6330016132
            ],
            [
              134.1350807246,
              34.6325379454
            ],
            [
              134.1398859316,
              34.6325560985
            ],
            [
              134.1399038126,
              34.6366537016
            ]
          ]
        ]
      }
    },
    {
      "type": "Feature",
      "properties": {
        "key_code": "33212089008",
        "pref": "岡山県",
        "city": "瀬戸内市",
        "ward": "",
        "district": "牛窓町長浜",
        "name": "瀬戸内市  牛窓町長浜"
      },
      "geometry": {
        "type": "Polygon",
        "coordinates": [
          [
            [
              134.1398859316,
              34.6325560985
            ],
            [
              134.1350807246,
              34.6325379454
            ],
            [
              134.13502691,
              34.6330016132
            ],
            [
              134.1344185258,
              34.6328518714
            ],
            [
              134.1345369048,
              34.6326342737
            ],
            [
              134.1340354972,
              34.6326399416
            ],
            [
              134.1340056538,
              34.6319367966
            ],
            [
              134.1332073602,
              34.6316915074
            ],
            [
              134.1326456693,
              34.6319490931
            ],
            [
              134.1324542377,
              34.6316583005
            ],
            [
              134.1323091893,
              34.6315787515
            ],
            [
              134.1322675675,
              34.6313539906
            ],
            [
              134.1323708234,
              34.6312806241
            ],
            [
              134.1324638441,
              34.6305854264
            ],
            [
              134.1332356354,
              34.630638104
            ],
            [
              134.1339176743,
              34.6294961689
            ],
            [
              134.1335567736,
              34.62920313
            ],
            [
              134.1331696985,
              34.6285858975
            ],
            [
              134.1327702522,
              34.6283182919
            ],
            [
              134.1326486347,
              34.6276950147
            ],
            [
              134.1321634501,
              34.6279039795
            ],
            [
              134.1312321148,
              34.6280741739
            ],
            [
              134.1309625127,
              34.6282136159
            ],
            [
              134.1309286585,
              34.6287040811
            ],
            [
              134.1304514037,
              34.6287297779
            ],
            [
              134.1301673127,
              34.6288420069
            ],
            [
              134.1299302763,
              34.6290601084
            ],
            [
              134.1296124811,
              34.6288830677
            ],
            [
              134.1288851196,
              34.6287781763
            ],
            [
              134.1282629132,
              34.6290201454
            ],
            [
              134.1272598922,
              34.6287053056
            ],
            [
              134.1275729259,
              34.6284569069
            ],
            [
              134.1278230827,
              34.6285642489
            ],
            [
              134.1279217339,
              34.6281341869
            ],
            [
              134.129832333,
              34.6267824587
            ],
            [
              134.1307035584,
              34.626393965
            ],
            [
              134.1319977623,
              34.6259791119
            ],
            [
              134.1337370074,
              34.625068817
            ],
            [
              134.1360233278,
              34.624439416
            ],
            [
              134.1366751999,
              34.6244560888
            ],
            [
              134.1375321531,
              34.6247569404
            ],
            [
              134.1385114426,
              34.6252597055
            ],
            [
              134.1402438594,
              34.6264899722
            ],
            [
              134.1401125914,
              34.6275277098
            ],
            [
              134.1401859982,
              34.6282514813
            ],
            [
              134.1390334651,
              34.629441752
            ],
            [
              134.1385882154,
              34.6295096586
            ],
            [
              134.1382393136,
              34.6294296581
            ],
            [
              134.1382760555,
              34.630526414
            ],
            [
              134.1398513227,
              34.6305216955
            ],
            [
              134.1398859316,
              34.6325560985
            ]
          ]
        ]
      }
    },
    {
      "type": "Feature",
      "properties": {
        "key_code": "33212089009",
        "pref": "岡山県",
        "city": "瀬戸内市",
        "ward": "",
        "district": "牛窓町長浜",
        "name": "瀬戸内市  牛窓町長浜"
      },
      "geometry": {
        "type": "Polygon",
        "coordinates": [
          [
            [
              134.1398207624,
              34.628635074
            ],
            [
              134.1398513227,
              34.6305216955
            ],
            [
              134.1382760555,
              34.630526414
            ],
            [
              134.1382393136,
              34.6294296581
            ],
            [
              134.1385882154,
              34.6295096586
            ],
            [
              134.1390334651,
              34.629441752
            ],
            [
              134.1398207624,
              34.628635074
            ]
          ]
        ]
      }
    },
    {
      "type": "Feature",
      "properties": {
        "key_code": "33212089010",
        "pref": "岡山県",
        "city": "瀬戸内市",
        "ward": "",
        "district": "牛窓町長浜",
        "name": "瀬戸内市  牛窓町長浜"
      },
      "geometry": {
        "type": "Polygon",
        "coordinates": [
          [
            [
              134.1438580564,
              34.6417124942
            ],
            [
              134.1399485786,
              34.6417742004
            ],
            [
              134.1398207624,
              34.628635074
            ],
            [
              134.1401859982,
              34.6282514813
            ],
            [
              134.1410373209,
              34.6292768104
            ],
            [
              134.1431292104,
              34.6312326783
            ],
            [
              134.1428667765,
              34.6313344088
            ],
            [
              134.1427912502,
              34.6317724082
            ],
            [
              134.1428992354,
              34.6407866141
            ],
            [
              134.1429731659,
              34.641067487
            ],
            [
              134.1431797998,
              34.6412731977
            ],
            [
              134.1437506706,
              34.6415754013
            ],
            [
              134.1438580564,
              34.6417124942
            ]
          ]
        ]
      }
    },
    {
      "type": "Feature",
      "properties": {
        "key_code": "33212089011",
        "pref": "岡山県",
        "city": "瀬戸内市",
        "ward": "",
        "district": "牛窓町長浜",
        "name": "瀬戸内市  牛窓町長浜"
      },
      "geometry": {
        "type": "Polygon",
        "coordinates": [
          [
            [
              134.1426509951,
              34.6545083255
            ],
            [
              134.1416653536,
              34.6545327047
            ],
            [
              134.1412066558,
              34.6547218747
            ],
            [
              134.1409798916,
              34.655059742
            ],
            [
              134.1409114812,
              34.6553253101
            ],
            [
              134.1406737138,
              34.6555355327
            ],
            [
              134.1398772258,
              34.6557376867
            ],
            [
              134.139844386,
              34.6558225779
            ],
            [
              134.1395995797,
              34.6558128922
            ],
            [
              134.1392612019,
              34.6555487924
            ],
            [
              134.1387884222,
              34.6558427345
            ],
            [
              134.1382221598,
              34.6558532422
            ],
            [
              134.1372357255,
              34.6562096048
            ],
            [
              134.1366733146,
              34.6561755964
            ],
            [
              134.136100127,
              34.6564568277
            ],
            [
              134.1359699805,
              34.6562739138
            ],
            [
              134.1356201775,
              34.6560607799
            ],
            [
              134.1356105036,
              34.6559072203
            ],
            [
              134.13576679,
              34.6556479968
            ],
            [
              134.1356532257,
              34.6553563608
            ],
            [
              134.1353699142,
              34.6551670006
            ],
            [
              134.1352975615,
              34.6549738961
            ],
            [
              134.1338688251,
              34.6544144506
            ],
            [
              134.1335341768,
              34.6546940874
            ],
            [
              134.1330078632,
              34.6547938052
            ],
            [
              134.1325182544,
              34.6547722964
            ],
            [
              134.1311988531,
              34.653130727
            ],
            [
              134.1304927609,
              34.6533329715
            ],
            [
              134.1303855517,
              34.653539162
            ],
            [
              134.1298370316,
              34.6539928257
            ],
            [
              134.1291933512,
              34.6548538515
            ],
            [
              134.1285767684,
              34.6554152972
            ],
            [
              134.12760721,
              34.6548042881
            ],
            [
              134.1280554025,
              34.6540584539
            ],
            [
              134.1280472627,
              34.6538588341
            ],
            [
              134.127841028,
              34.6535449215
            ],
            [
              134.1279248816,
              34.6527952325
            ],
            [
              134.1278986986,
              34.6524458403
            ],
            [
              134.1277857007,
              34.6524477642
            ],
            [
              134.1276747842,
              34.6505960325
            ],
            [
              134.1266828243,
              34.650869481
            ],
            [
              134.126594769,
              34.6502206459
            ],
            [
              134.1263398514,
              34.6499887748
            ],
            [
              134.1262508931,
              34.6497054855
            ],
            [
              134.1262739328,
              34.6493237776
            ],
            [
              134.1260697636,
              34.6489407026
            ],
            [
              134.1261242687,
              34.6487500624
            ],
            [
              134.1265058793,
              34.6484176959
            ],
            [
              134.1269041235,
              34.6478102433
            ],
            [
              134.126984072,
              34.6472622676
            ],
            [
              134.1265118541,
              34.6465430626
            ],
            [
              134.1264614351,
              34.6461933488
            ],
            [
              134.125955377,
              34.644957674
            ],
            [
              134.1269956155,
              34.6447297864
            ],
            [
              134.1284468461,
              34.6450985928
            ],
            [
              134.1320307358,
              34.6432071951
            ],
            [
              134.1337662646,
              34.6440145211
            ],
            [
              134.133775781,
              34.6442965623
            ],
            [
              134.1339216333,
              34.6445143028
            ],
            [
              134.1343264695,
              34.6447338666
            ],
            [
              134.1343646289,
              34.6453544583
            ],
            [
              134.1345976039,
              34.6458139236
            ],
            [
              134.1348314981,
              34.6460206712
            ],
            [
              134.1350305118,
              34.6458946323
            ],
            [
              134.1352388469,
              34.645998647
            ],
            [
              134.1354027402,
              34.6463561544
            ],
            [
              134.1368448132,
              34.6482208966
            ],
            [
              134.1372541547,
              34.6492759582
            ],
            [
              134.1415743649,
              34.6505592
            ],
            [
              134.1419566077,
              34.6518501685
            ],
            [
              134.1417037653,
              34.6521925107
            ],
            [
              134.1417028006,
              34.6526156834
            ],
            [
              134.1421728479,
              34.6532951301
            ],
            [
              134.142204434,
              34.6537118662
            ],
            [
              134.142431598,
              34.6539339472
            ],
            [
              134.1426509951,
              34.6545083255
            ]
          ]
        ]
      }
    },
    {
      "type": "Feature",
      "properties": {
        "key_code": "33212089012",
        "pref": "岡山県",
        "city": "瀬戸内市",
        "ward": "",
        "district": "牛窓町長浜",
        "name": "瀬戸内市  牛窓町長浜"
      },
      "geometry": {
        "type": "Polygon",
        "coordinates": [
          [
            [
              134.1324638441,
              34.6305854264
            ],
            [
              134.1318865175,
              34.6301674967
            ],
            [
              134.1295625461,
              34.6298106354
            ],
            [
              134.1296256745,
              34.6294088288
            ],
            [
              134.1301673127,
              34.6288420069
            ],
            [
              134.1304514037,
              34.6287297779
            ],
            [
              134.1309286585,
              34.6287040811
            ],
            [
              134.1309625127,
              34.6282136159
            ],
            [
              134.1314015116,
              34.628017258
            ],
            [
              134.1321634501,
              34.6279039795
            ],
            [
              134.1326486347,
              34.6276950147
            ],
            [
              134.1327702522,
              34.6283182919
            ],
            [
              134.1331696985,
              34.6285858975
            ],
            [
              134.1335567736,
              34.62920313
            ],
            [
              134.1339176743,
              34.6294961689
            ],
            [
              134.1332356354,
              34.630638104
            ],
            [
              134.1324638441,
              34.6305854264
            ]
          ]
        ]
      }
    },
    {
      "type": "Feature",
      "properties": {
        "key_code": "33212089013",
        "pref": "岡山県",
        "city": "瀬戸内市",
        "ward": "",
        "district": "牛窓町長浜",
        "name": "瀬戸内市  牛窓町長浜"
      },
      "geometry": {
        "type": "Polygon",
        "coordinates": [
          [
            [
              134.1345216928,
              34.6376813516
            ],
            [
              134.1343359774,
              34.6380371758
            ],
            [
              134.1323919182,
              34.6374562475
            ],
            [
              134.1325394352,
              34.6373354794
            ],
            [
              134.1328224973,
              34.6373077662
            ],
            [
              134.133931712,
              34.637405416
            ],
            [
              134.1353528881,
              34.6372320378
            ],
            [
              134.1352988596,
              34.6376771896
            ],
            [
              134.1355746958,
              34.6377281188
            ],
            [
              134.1355119784,
              34.6379606262
            ],
            [
              134.1345216928,
              34.6376813516
            ]
          ]
        ]
      }
    },
    {
      "type": "Feature",
      "properties": {
        "key_code": "332120900",
        "pref": "岡山県",
        "city": "瀬戸内市",
        "ward": "",
        "district": "牛窓町千手",
        "name": "瀬戸内市  牛窓町千手"
      },
      "geometry": {
        "type": "Polygon",
        "coordinates": [
          [
            [
              134.1093395193,
              34.6172936251
            ],
            [
              134.1087018709,
              34.6174933323
            ],
            [
              134.1085232068,
              34.6173357948
            ],
            [
              134.1084632099,
              34.617199324
            ],
            [
              134.1085027942,
              34.6167327007
            ],
            [
              134.1087146163,
              34.616306541
            ],
            [
              134.1087075944,
              34.6159197034
            ],
            [
              134.1084421481,
              34.6152100863
            ],
            [
              134.1080343096,
              34.6144906254
            ],
            [
              134.1073067602,
              34.6137376123
            ],
            [
              134.1075467385,
              34.6136059211
            ],
            [
              134.1082297338,
              34.6127869021
            ],
            [
              134.1088037622,
              34.612261953
            ],
            [
              134.1089321138,
              34.6111770823
            ],
            [
              134.1096541435,
              34.6104760368
            ],
            [
              134.1096970844,
              34.6099195496
            ],
            [
              134.1095271692,
              34.6096589174
            ],
            [
              134.1092578043,
              34.6094768476
            ],
            [
              134.1085245615,
              34.6093321048
            ],
            [
              134.1084649579,
              34.6091867614
            ],
            [
              134.1085722754,
              34.6089376237
            ],
            [
              134.1093944785,
              34.6084549649
            ],
            [
              134.1095771085,
              34.6073199081
            ],
            [
              134.1094835508,
              34.6069772902
            ],
            [
              134.1095252296,
              34.6062307698
            ],
            [
              134.1098147199,
              34.6056392312
            ],
            [
              134.1103328389,
              34.605214469
            ],
            [
              134.111750514,
              34.604409716
            ],
            [
              134.1130827829,
              34.6042177076
            ],
            [
              134.113330171,
              34.6039882537
            ],
            [
              134.1161843251,
              34.6042715299
            ],
            [
              134.1163335347,
              34.6040995113
            ],
            [
              134.1165472543,
              34.6040160718
            ],
            [
              134.116995077,
              34.6040892642
            ],
            [
              134.1175097656,
              34.6040293117
            ],
            [
              134.1181090734,
              34.6030245665
            ],
            [
              134.1191533752,
              34.6025199724
            ],
            [
              134.120132692,
              34.602345165
            ],
            [
              134.1204203656,
              34.6018941872
            ],
            [
              134.1219161217,
              34.6026119365
            ],
            [
              134.1232532782,
              34.6036483292
            ],
            [
              134.1232973659,
              34.6038698492
            ],
            [
              134.1223240349,
              34.6048831378
            ],
            [
              134.1220916576,
              34.6052264578
            ],
            [
              134.1223236941,
              34.6061540484
            ],
            [
              134.1222427791,
              34.6084076575
            ],
            [
              134.1220880741,
              34.6089078959
            ],
            [
              134.1228695024,
              34.6099357411
            ],
            [
              134.1242308499,
              34.6099749719
            ],
            [
              134.1246483346,
              34.6103816636
            ],
            [
              134.1250161946,
              34.6116948959
            ],
            [
              134.1251775031,
              34.6119028106
            ],
            [
              134.1249924322,
              34.6122853784
            ],
            [
              134.1244564915,
              34.6123951919
            ],
            [
              134.124044622,
              34.6130979899
            ],
            [
              134.1236028887,
              34.6134801186
            ],
            [
              134.1231212731,
              34.6141851894
            ],
            [
              134.1221568895,
              34.6137867073
            ],
            [
              134.1219610373,
              34.6140079582
            ],
            [
              134.1223112508,
              34.6145482272
            ],
            [
              134.1228095876,
              34.6149850717
            ],
            [
              134.1232632835,
              34.6160384204
            ],
            [
              134.1228556037,
              34.6164058121
            ],
            [
              134.122391368,
              34.616671539
            ],
            [
              134.1218699308,
              34.6172034092
            ],
            [
              134.1211267572,
              34.6171016897
            ],
            [
              134.1204632424,
              34.6190566446
            ],
            [
              134.1192265175,
              34.6207324014
            ],
            [
              134.1182387074,
              34.6212144272
            ],
            [
              134.1171802641,
              34.6219577764
            ],
            [
              134.1166924925,
              34.6210502698
            ],
            [
              134.1165120715,
              34.6209378179
            ],
            [
              134.1152478511,
              34.6213284663
            ],
            [
              134.1150900006,
              34.6212114042
            ],
            [
              134.1148576995,
              34.6204462051
            ],
            [
              134.1149913878,
              34.6203596666
            ],
            [
              134.1165364953,
              34.6200121976
            ],
            [
              134.1169456158,
              34.6198245757
            ],
            [
              134.1169425438,
              34.6196177752
            ],
            [
              134.1167503169,
              34.6195319292
            ],
            [
              134.1163008753,
              34.6196374924
            ],
            [
              134.1155611489,
              34.6196636535
            ],
            [
              134.1150490506,
              34.6194169298
            ],
            [
              134.1148126993,
              34.619536811
            ],
            [
              134.1143387855,
              34.6195248386
            ],
            [
              134.1140066841,
              34.6196872319
            ],
            [
              134.1131013853,
              34.6197811213
            ],
            [
              134.1128749082,
              34.6194516465
            ],
            [
              134.1124384948,
              34.6192158943
            ],
            [
              134.112590827,
              34.6189228804
            ],
            [
              134.1128588931,
              34.6187317805
            ],
            [
              134.1128772549,
              34.618534456
            ],
            [
              134.1127328802,
              34.6183330368
            ],
            [
              134.1127404013,
              34.618135271
            ],
            [
              134.112329986,
              34.6178160303
            ],
            [
              134.1125866968,
              34.6173220437
            ],
            [
              134.1126211296,
              34.6169902194
            ],
            [
              134.1120840231,
              34.6165449542
            ],
            [
              134.1120241968,
              34.6161206912
            ],
            [
              134.1116751233,
              34.6161568296
            ],
            [
              134.11117652,
              34.6164140006
            ],
            [
              134.1107605982,
              34.6164934022
            ],
            [
              134.1100817321,
              34.6163501757
            ],
            [
              134.1093204503,
              34.6166546113
            ],
            [
              134.1092559687,
              34.6169228471
            ],
            [
              134.1093395193,
              34.6172936251
            ]
          ]
        ]
      }
    },
    {
      "type": "Feature",
      "properties": {
        "key_code": "33212091001",
        "pref": "岡山県",
        "city": "瀬戸内市",
        "ward": "",
        "district": "長船町長船",
        "name": "瀬戸内市  長船町長船"
      },
      "geometry": {
        "type": "Polygon",
        "coordinates": [
          [
            [
              134.110181805,
              34.7225520897
            ],
            [
              134.1113393553,
              34.7271277104
            ],
            [
              134.1111122087,
              34.7275718693
            ],
            [
              134.1099884502,
              34.7279766387
            ],
            [
              134.1088630401,
              34.728109549
            ],
            [
              134.1086413927,
              34.7282879051
            ],
            [
              134.1083888146,
              34.7283488631
            ],
            [
              134.1074669256,
              34.727890638
            ],
            [
              134.1070926371,
              34.7276200539
            ],
            [
              134.1065488759,
              34.7268985255
            ],
            [
              134.1063922816,
              34.726132205
            ],
            [
              134.1056487029,
              34.7259678558
            ],
            [
              134.1059961923,
              34.7254895483
            ],
            [
              134.1077232153,
              34.72601589
            ],
            [
              134.1065181021,
              34.7246137525
            ],
            [
              134.1067716399,
              34.7245723802
            ],
            [
              134.1074605527,
              34.7247284533
            ],
            [
              134.1088142905,
              34.7245761062
            ],
            [
              134.1086082565,
              34.7239101377
            ],
            [
              134.1085788202,
              34.723546085
            ],
            [
              134.1083085115,
              34.7232254028
            ],
            [
              134.1081687584,
              34.7224174196
            ],
            [
              134.107956942,
              34.7220193668
            ],
            [
              134.1075428102,
              34.721539664
            ],
            [
              134.1082233002,
              34.7219173023
            ],
            [
              134.1082393106,
              34.7216160166
            ],
            [
              134.1084877628,
              34.7215829432
            ],
            [
              134.1084817251,
              34.7219429873
            ],
            [
              134.1099554313,
              34.7224017905
            ],
            [
              134.110181805,
              34.7225520897
            ]
          ]
        ]
      }
    },
    {
      "type": "Feature",
      "properties": {
        "key_code": "33212091002",
        "pref": "岡山県",
        "city": "瀬戸内市",
        "ward": "",
        "district": "長船町長船",
        "name": "瀬戸内市  長船町長船"
      },
      "geometry": {
        "type": "Polygon",
        "coordinates": [
          [
            [
              134.1075428102,
              34.721539664
            ],
            [
              134.107956942,
              34.7220193668
            ],
            [
              134.1081687584,
              34.7224174196
            ],
            [
              134.1083085115,
              34.7232254028
            ],
            [
              134.1085788202,
              34.723546085
            ],
            [
              134.1086082565,
              34.7239101377
            ],
            [
              134.1088142905,
              34.7245761062
            ],
            [
              134.1074605527,
              34.7247284533
            ],
            [
              134.1067716399,
              34.7245723802
            ],
            [
              134.1065181021,
              34.7246137525
            ],
            [
              134.1077232153,
              34.72601589
            ],
            [
              134.1066447801,
              34.7257106316
            ],
            [
              134.1035672831,
              34.7221452456
            ],
            [
              134.1038016305,
              34.721710402
            ],
            [
              134.1042093827,
              34.7212524963
            ],
            [
              134.104872545,
              34.721180474
            ],
            [
              134.1053071263,
              34.7216619147
            ],
            [
              134.1057609485,
              34.7208264256
            ],
            [
              134.1060437266,
              34.7204950641
            ],
            [
              134.1062305134,
              34.720436103
            ],
            [
              134.1063187858,
              34.7206130534
            ],
            [
              134.1075428102,
              34.721539664
            ]
          ]
        ]
      }
    },
    {
      "type": "Feature",
      "properties": {
        "key_code": "33212091003",
        "pref": "岡山県",
        "city": "瀬戸内市",
        "ward": "",
        "district": "長船町長船",
        "name": "瀬戸内市  長船町長船"
      },
      "geometry": {
        "type": "Polygon",
        "coordinates": [
          [
            [
              134.1056487029,
              34.7259678558
            ],
            [
              134.105399367,
              34.726171935
            ],
            [
              134.1050914376,
              34.7262547602
            ],
            [
              134.1030306627,
              34.7264832289
            ],
            [
              134.1017274332,
              34.7251086099
            ],
            [
              134.100146306,
              34.7227339981
            ],
            [
              134.0993725689,
              34.7219297334
            ],
            [
              134.0983090203,
              34.7210992725
            ],
            [
              134.0974115812,
              34.7198839881
            ],
            [
              134.1003450542,
              34.7181314444
            ],
            [
              134.101236,
              34.7191897411
            ],
            [
              134.1013779737,
              34.7192666377
            ],
            [
              134.1009695152,
              34.718506194
            ],
            [
              134.1009943651,
              34.7176879671
            ],
            [
              134.1018666188,
              34.7178180786
            ],
            [
              134.1019060219,
              34.7179352099
            ],
            [
              134.1021745103,
              34.7178630295
            ],
            [
              134.1033009459,
              34.7179607855
            ],
            [
              134.1026336785,
              34.7195221235
            ],
            [
              134.1023100523,
              34.7199924238
            ],
            [
              134.1035769527,
              34.7201057912
            ],
            [
              134.1039208481,
              34.7198531539
            ],
            [
              134.1043910497,
              34.719716123
            ],
            [
              134.1053045804,
              34.7197548607
            ],
            [
              134.104812187,
              34.7207062049
            ],
            [
              134.104144834,
              34.7213071745
            ],
            [
              134.1038016305,
              34.721710402
            ],
            [
              134.1035672831,
              34.7221452456
            ],
            [
              134.1066447801,
              34.7257106316
            ],
            [
              134.1059961923,
              34.7254895483
            ],
            [
              134.1056487029,
              34.7259678558
            ]
          ]
        ]
      }
    },
    {
      "type": "Feature",
      "properties": {
        "key_code": "33212091004",
        "pref": "岡山県",
        "city": "瀬戸内市",
        "ward": "",
        "district": "長船町長船長船団地",
        "name": "瀬戸内市  長船町長船長船団地"
      },
      "geometry": {
        "type": "Polygon",
        "coordinates": [
          [
            [
              134.1049001154,
              34.7182483044
            ],
            [
              134.1058460383,
              34.7188061747
            ],
            [
              134.1068515064,
              34.7190653788
            ],
            [
              134.1073685948,
              34.7189587102
            ],
            [
              134.1073677596,
              34.7192669118
            ],
            [
              134.107242731,
              34.7196555969
            ],
            [
              134.1074224333,
              34.719793969
            ],
            [
              134.1074239897,
              34.7201905081
            ],
            [
              134.1070767263,
              34.7202394574
            ],
            [
              134.107381556,
              34.720928572
            ],
            [
              134.107346815,
              34.7212237651
            ],
            [
              134.1071504379,
              34.7213042627
            ],
            [
              134.1063187858,
              34.7206130534
            ],
            [
              134.1062305134,
              34.720436103
            ],
            [
              134.1060437266,
              34.7204950641
            ],
            [
              134.1057609485,
              34.7208264256
            ],
            [
              134.1053071263,
              34.7216619147
            ],
            [
              134.104872545,
              34.721180474
            ],
            [
              134.1042093827,
              34.7212524963
            ],
            [
              134.104812187,
              34.7207062049
            ],
            [
              134.1053045804,
              34.7197548607
            ],
            [
              134.1043910497,
              34.719716123
            ],
            [
              134.1039208481,
              34.7198531539
            ],
            [
              134.1035769527,
              34.7201057912
            ],
            [
              134.1023100523,
              34.7199924238
            ],
            [
              134.1026336785,
              34.7195221235
            ],
            [
              134.1034400573,
              34.7176743918
            ],
            [
              134.1035601811,
              34.7176551769
            ],
            [
              134.1049001154,
              34.7182483044
            ]
          ]
        ]
      }
    },
    {
      "type": "Feature",
      "properties": {
        "key_code": "33212091005",
        "pref": "岡山県",
        "city": "瀬戸内市",
        "ward": "",
        "district": "長船町長船",
        "name": "瀬戸内市  長船町長船"
      },
      "geometry": {
        "type": "Polygon",
        "coordinates": [
          [
            [
              134.1103464576,
              34.7185827055
            ],
            [
              134.110331662,
              34.7189793386
            ],
            [
              134.1100226518,
              34.7190580702
            ],
            [
              134.1099863483,
              34.7198003304
            ],
            [
              134.1099814745,
              34.72163623
            ],
            [
              134.110181805,
              34.7225520897
            ],
            [
              134.1099554313,
              34.7224017905
            ],
            [
              134.1084817251,
              34.7219429873
            ],
            [
              134.1084877628,
              34.7215829432
            ],
            [
              134.1082393106,
              34.7216160166
            ],
            [
              134.1082233002,
              34.7219173023
            ],
            [
              134.1071504379,
              34.7213042627
            ],
            [
              134.107346815,
              34.7212237651
            ],
            [
              134.1073916651,
              34.7210471998
            ],
            [
              134.1070767263,
              34.7202394574
            ],
            [
              134.1074239897,
              34.7201905081
            ],
            [
              134.1074224333,
              34.719793969
            ],
            [
              134.107242731,
              34.7196555969
            ],
            [
              134.1073677596,
              34.7192669118
            ],
            [
              134.1073685948,
              34.7189587102
            ],
            [
              134.1103464576,
              34.7185827055
            ]
          ]
        ]
      }
    },
    {
      "type": "Feature",
      "properties": {
        "key_code": "33212091006",
        "pref": "岡山県",
        "city": "瀬戸内市",
        "ward": "",
        "district": "長船町長船",
        "name": "瀬戸内市  長船町長船"
      },
      "geometry": {
        "type": "Polygon",
        "coordinates": [
          [
            [
              134.1103464576,
              34.7185827055
            ],
            [
              134.1068515064,
              34.7190653788
            ],
            [
              134.1058460383,
              34.7188061747
            ],
            [
              134.1049001154,
              34.7182483044
            ],
            [
              134.1046702544,
              34.717373551
            ],
            [
              134.10378575,
              34.7161751397
            ],
            [
              134.1024793002,
              34.714145253
            ],
            [
              134.1034543221,
              34.7143765552
            ],
            [
              134.1040298407,
              34.7143766492
            ],
            [
              134.104049335,
              34.714615729
            ],
            [
              134.1051531125,
              34.7148540156
            ],
            [
              134.1065432693,
              34.7149085772
            ],
            [
              134.1071357578,
              34.7148481166
            ],
            [
              134.1073100858,
              34.7149526752
            ],
            [
              134.1078136646,
              34.7145510259
            ],
            [
              134.1082410622,
              34.7148326872
            ],
            [
              134.1085531511,
              34.7149163684
            ],
            [
              134.1089605764,
              34.7146900499
            ],
            [
              134.1093469264,
              34.715164186
            ],
            [
              134.1091913923,
              34.7155860574
            ],
            [
              134.1095388901,
              34.7164990391
            ],
            [
              134.1104750763,
              34.7179569647
            ],
            [
              134.1105323587,
              34.7183451378
            ],
            [
              134.1103464576,
              34.7185827055
            ]
          ]
        ]
      }
    },
    {
      "type": "Feature",
      "properties": {
        "key_code": "33212091008",
        "pref": "岡山県",
        "city": "瀬戸内市",
        "ward": "",
        "district": "長船町長船",
        "name": "瀬戸内市  長船町長船"
      },
      "geometry": {
        "type": "Polygon",
        "coordinates": [
          [
            [
              134.1009943651,
              34.7176879671
            ],
            [
              134.1009695152,
              34.718506194
            ],
            [
              134.1003121367,
              34.7169855991
            ],
            [
              134.1002214838,
              34.7162136357
            ],
            [
              134.1003218397,
              34.7158799794
            ],
            [
              134.1003658497,
              34.714859226
            ],
            [
              134.1011830914,
              34.7147344238
            ],
            [
              134.1012403531,
              34.7145377478
            ],
            [
              134.1016646947,
              34.7139131206
            ],
            [
              134.102250175,
              34.7134786816
            ],
            [
              134.1025062212,
              34.7142263
            ],
            [
              134.1046702544,
              34.717373551
            ],
            [
              134.1048597943,
              34.718193294
            ],
            [
              134.1035210557,
              34.7176465114
            ],
            [
              134.1033824203,
              34.7177518984
            ],
            [
              134.1033009459,
              34.7179607855
            ],
            [
              134.1021745103,
              34.7178630295
            ],
            [
              134.1020942483,
              34.7172147689
            ],
            [
              134.1011551209,
              34.7169184541
            ],
            [
              134.1011548107,
              34.717030439
            ],
            [
              134.1009226893,
              34.7170449321
            ],
            [
              134.1009943651,
              34.7176879671
            ]
          ]
        ]
      }
    },
    {
      "type": "Feature",
      "properties": {
        "key_code": "33212091009",
        "pref": "岡山県",
        "city": "瀬戸内市",
        "ward": "",
        "district": "長船町長船",
        "name": "瀬戸内市  長船町長船"
      },
      "geometry": {
        "type": "Polygon",
        "coordinates": [
          [
            [
              134.1021745103,
              34.7178630295
            ],
            [
              134.1019060219,
              34.7179352099
            ],
            [
              134.1018666188,
              34.7178180786
            ],
            [
              134.1009943651,
              34.7176879671
            ],
            [
              134.1009226893,
              34.7170449321
            ],
            [
              134.1011548107,
              34.717030439
            ],
            [
              134.1011551209,
              34.7169184541
            ],
            [
              134.1020942483,
              34.7172147689
            ],
            [
              134.1021745103,
              34.7178630295
            ]
          ]
        ]
      }
    },
    {
      "type": "Feature",
      "properties": {
        "key_code": "33212092001",
        "pref": "岡山県",
        "city": "瀬戸内市",
        "ward": "",
        "district": "長船町八日市芦田橋筋",
        "name": "瀬戸内市  長船町八日市芦田橋筋"
      },
      "geometry": {
        "type": "Polygon",
        "coordinates": [
          [
            [
              134.1003121367,
              34.7169855991
            ],
            [
              134.1013779737,
              34.7192666377
            ],
            [
              134.101236,
              34.7191897411
            ],
            [
              134.1003450542,
              34.7181314444
            ],
            [
              134.0996338127,
              34.7185526871
            ],
            [
              134.0958674353,
              34.7144283834
            ],
            [
              134.0979084024,
              34.7119686301
            ],
            [
              134.0992974319,
              34.7116473193
            ],
            [
              134.1003658497,
              34.714859226
            ],
            [
              134.1003218397,
              34.7158799794
            ],
            [
              134.1002214838,
              34.7162136357
            ],
            [
              134.1003121367,
              34.7169855991
            ]
          ]
        ]
      }
    },
    {
      "type": "Feature",
      "properties": {
        "key_code": "33212092002",
        "pref": "岡山県",
        "city": "瀬戸内市",
        "ward": "",
        "district": "長船町八日市八日市上",
        "name": "瀬戸内市  長船町八日市八日市上"
      },
      "geometry": {
        "type": "Polygon",
        "coordinates": [
          [
            [
              134.0979084024,
              34.7119686301
            ],
            [
              134.0958674353,
              34.7144283834
            ],
            [
              134.095412483,
              34.7137851467
            ],
            [
              134.095391975,
              34.7134667511
            ],
            [
              134.095080496,
              34.7131965237
            ],
            [
              134.094454997,
              34.7122905141
            ],
            [
              134.0947720566,
              34.7124856736
            ],
            [
              134.0965133642,
              34.7118864692
            ],
            [
              134.0966835972,
              34.7122581221
            ],
            [
              134.0979084024,
              34.7119686301
            ]
          ]
        ]
      }
    },
    {
      "type": "Feature",
      "properties": {
        "key_code": "33212092003",
        "pref": "岡山県",
        "city": "瀬戸内市",
        "ward": "",
        "district": "長船町八日市八日市下",
        "name": "瀬戸内市  長船町八日市八日市下"
      },
      "geometry": {
        "type": "Polygon",
        "coordinates": [
          [
            [
              134.102250175,
              34.7134786816
            ],
            [
              134.1016646947,
              34.7139131206
            ],
            [
              134.1012403531,
              34.7145377478
            ],
            [
              134.1011830914,
              34.7147344238
            ],
            [
              134.1003658497,
              34.714859226
            ],
            [
              134.0992974319,
              34.7116473193
            ],
            [
              134.0966835972,
              34.7122581221
            ],
            [
              134.0965133642,
              34.7118864692
            ],
            [
              134.0948613095,
              34.7124710587
            ],
            [
              134.0947399251,
              34.7124856104
            ],
            [
              134.094454997,
              34.7122905141
            ],
            [
              134.095080496,
              34.7131965237
            ],
            [
              134.095391975,
              34.7134667511
            ],
            [
              134.095412483,
              34.7137851467
            ],
            [
              134.0958674353,
              34.7144283834
            ],
            [
              134.0996338127,
              34.7185526871
            ],
            [
              134.0974115812,
              34.7198839881
            ],
            [
              134.0959965647,
              34.7178016504
            ],
            [
              134.0949578038,
              34.7164333661
            ],
            [
              134.0934267685,
              34.7147285559
            ],
            [
              134.0923196607,
              34.7138777869
            ],
            [
              134.0911470046,
              34.7127204908
            ],
            [
              134.0893271005,
              34.7114163661
            ],
            [
              134.0926092392,
              34.7090569983
            ],
            [
              134.0925158632,
              34.7089256686
            ],
            [
              134.0929810955,
              34.7083863839
            ],
            [
              134.0929122235,
              34.7083430027
            ],
            [
              134.0931698546,
              34.708010655
            ],
            [
              134.0938494225,
              34.7087778745
            ],
            [
              134.0938737981,
              34.707484378
            ],
            [
              134.0950597474,
              34.7077990151
            ],
            [
              134.0964699106,
              34.7074039901
            ],
            [
              134.0974510937,
              34.7074161909
            ],
            [
              134.0982297437,
              34.7078040886
            ],
            [
              134.0984872021,
              34.708526506
            ],
            [
              134.0989565537,
              34.7104491945
            ],
            [
              134.099245651,
              34.7104203105
            ],
            [
              134.1005323375,
              34.7098207385
            ],
            [
              134.1009506837,
              34.7104842933
            ],
            [
              134.1017975234,
              34.7113560075
            ],
            [
              134.1021739813,
              34.7123074051
            ],
            [
              134.102250175,
              34.7134786816
            ]
          ]
        ]
      }
    },
    {
      "type": "Feature",
      "properties": {
        "key_code": "33212093001",
        "pref": "岡山県",
        "city": "瀬戸内市",
        "ward": "",
        "district": "長船町服部",
        "name": "瀬戸内市  長船町服部"
      },
      "geometry": {
        "type": "Polygon",
        "coordinates": [
          [
            [
              134.1108565611,
              34.7109607643
            ],
            [
              134.1097541715,
              34.7120678556
            ],
            [
              134.1094757052,
              34.7119490224
            ],
            [
              134.1093140989,
              34.7119745028
            ],
            [
              134.108447996,
              34.7123688646
            ],
            [
              134.1083121676,
              34.7124976417
            ],
            [
              134.1076478923,
              34.712451198
            ],
            [
              134.1074761388,
              34.7123734063
            ],
            [
              134.1069978574,
              34.7123509678
            ],
            [
              134.1060549946,
              34.7117226636
            ],
            [
              134.1057771286,
              34.7113536533
            ],
            [
              134.1057099592,
              34.7104162431
            ],
            [
              134.1058955115,
              34.7098638548
            ],
            [
              134.1073346644,
              34.709783714
            ],
            [
              134.1074576605,
              34.7096687198
            ],
            [
              134.107506979,
              34.708966484
            ],
            [
              134.1099303255,
              34.708994774
            ],
            [
              134.1099108424,
              34.7099631443
            ],
            [
              134.1106948733,
              34.7099561403
            ],
            [
              134.1111607041,
              34.7097690923
            ],
            [
              134.1115713798,
              34.7101317138
            ],
            [
              134.1116994414,
              34.7104921254
            ],
            [
              134.1108565611,
              34.7109607643
            ]
          ]
        ]
      }
    },
    {
      "type": "Feature",
      "properties": {
        "key_code": "33212093002",
        "pref": "岡山県",
        "city": "瀬戸内市",
        "ward": "",
        "district": "長船町服部",
        "name": "瀬戸内市  長船町服部"
      },
      "geometry": {
        "type": "Polygon",
        "coordinates": [
          [
            [
              134.1093363012,
              34.7089652245
            ],
            [
              134.107506979,
              34.708966484
            ],
            [
              134.1074576605,
              34.7096687198
            ],
            [
              134.1073346644,
              34.709783714
            ],
            [
              134.1058955115,
              34.7098638548
            ],
            [
              134.1060074707,
              34.7097074277
            ],
            [
              134.1060526974,
              34.7094321313
            ],
            [
              134.1059693087,
              34.7091812441
            ],
            [
              134.1060249607,
              34.7086550945
            ],
            [
              134.1059357642,
              34.7080627509
            ],
            [
              134.1061821323,
              34.7075763996
            ],
            [
              134.1066136911,
              34.7070433471
            ],
            [
              134.1068733616,
              34.7063274189
            ],
            [
              134.1077293175,
              34.7063326785
            ],
            [
              134.1075574719,
              34.707822092
            ],
            [
              134.1084275263,
              34.7078144124
            ],
            [
              134.10916676,
              34.7066782003
            ],
            [
              134.1098137241,
              34.7066702393
            ],
            [
              134.1097560555,
              34.7073840077
            ],
            [
              134.1094766046,
              34.7076045009
            ],
            [
              134.109638887,
              34.7084361515
            ],
            [
              134.1093363012,
              34.7089652245
            ]
          ]
        ]
      }
    },
    {
      "type": "Feature",
      "properties": {
        "key_code": "33212093003",
        "pref": "岡山県",
        "city": "瀬戸内市",
        "ward": "",
        "district": "長船町服部",
        "name": "瀬戸内市  長船町服部"
      },
      "geometry": {
        "type": "Polygon",
        "coordinates": [
          [
            [
              134.1089605764,
              34.7146900499
            ],
            [
              134.1085531511,
              34.7149163684
            ],
            [
              134.1082410622,
              34.7148326872
            ],
            [
              134.1078136646,
              34.7145510259
            ],
            [
              134.1073100858,
              34.7149526752
            ],
            [
              134.1071357578,
              34.7148481166
            ],
            [
              134.1026395393,
              34.7067465189
            ],
            [
              134.1034692875,
              34.7067234451
            ],
            [
              134.1039903948,
              34.7080221828
            ],
            [
              134.1046140324,
              34.708025614
            ],
            [
              134.1048337807,
              34.7074828698
            ],
            [
              134.1056280226,
              34.7075583155
            ],
            [
              134.1060584404,
              34.7078143618
            ],
            [
              134.1059357642,
              34.7080627509
            ],
            [
              134.1060414589,
              34.7095187386
            ],
            [
              134.1057099592,
              34.7104162431
            ],
            [
              134.1057771286,
              34.7113536533
            ],
            [
              134.1061885325,
              34.7118333478
            ],
            [
              134.1069978574,
              34.7123509678
            ],
            [
              134.1068716232,
              34.7123852439
            ],
            [
              134.1071035031,
              34.7125027298
            ],
            [
              134.1078561796,
              34.7132746289
            ],
            [
              134.1089605764,
              34.7146900499
            ]
          ]
        ]
      }
    },
    {
      "type": "Feature",
      "properties": {
        "key_code": "33212093004",
        "pref": "岡山県",
        "city": "瀬戸内市",
        "ward": "",
        "district": "長船町服部",
        "name": "瀬戸内市  長船町服部"
      },
      "geometry": {
        "type": "Polygon",
        "coordinates": [
          [
            [
              134.1071357578,
              34.7148481166
            ],
            [
              134.1065432693,
              34.7149085772
            ],
            [
              134.1051531125,
              34.7148540156
            ],
            [
              134.104049335,
              34.714615729
            ],
            [
              134.1040298407,
              34.7143766492
            ],
            [
              134.1034543221,
              34.7143765552
            ],
            [
              134.1024793002,
              34.714145253
            ],
            [
              134.102250175,
              34.7134786816
            ],
            [
              134.1021739813,
              34.7123074051
            ],
            [
              134.1017975234,
              34.7113560075
            ],
            [
              134.1018608467,
              34.7109707316
            ],
            [
              134.1017903959,
              34.7107171888
            ],
            [
              134.1033314129,
              34.7106008031
            ],
            [
              134.1031382776,
              34.7096861099
            ],
            [
              134.1026893049,
              34.7096486338
            ],
            [
              134.102394084,
              34.7091233655
            ],
            [
              134.1027427653,
              34.708763283
            ],
            [
              134.103046095,
              34.708697513
            ],
            [
              134.1031841164,
              34.7087566542
            ],
            [
              134.1036538681,
              34.7085861164
            ],
            [
              134.1071357578,
              34.7148481166
            ]
          ]
        ]
      }
    },
    {
      "type": "Feature",
      "properties": {
        "key_code": "33212093006",
        "pref": "岡山県",
        "city": "瀬戸内市",
        "ward": "",
        "district": "長船町服部",
        "name": "瀬戸内市  長船町服部"
      },
      "geometry": {
        "type": "Polygon",
        "coordinates": [
          [
            [
              134.1031470158,
              34.7076558966
            ],
            [
              134.1036538681,
              34.7085861164
            ],
            [
              134.1031841164,
              34.7087566542
            ],
            [
              134.103046095,
              34.708697513
            ],
            [
              134.1027427653,
              34.708763283
            ],
            [
              134.102394084,
              34.7091233655
            ],
            [
              134.1026893049,
              34.7096486338
            ],
            [
              134.1013709593,
              34.7096441526
            ],
            [
              134.1009537341,
              34.7091455502
            ],
            [
              134.1012354913,
              34.7089628285
            ],
            [
              134.1008976344,
              34.708623551
            ],
            [
              134.1011564822,
              34.708513611
            ],
            [
              134.1008593357,
              34.7079645267
            ],
            [
              134.1026736965,
              34.7079458752
            ],
            [
              134.1027268264,
              34.7080785263
            ],
            [
              134.1028783888,
              34.7080824771
            ],
            [
              134.103057761,
              34.7076962951
            ],
            [
              134.1031470158,
              34.7076558966
            ]
          ]
        ]
      }
    },
    {
      "type": "Feature",
      "properties": {
        "key_code": "33212093007",
        "pref": "岡山県",
        "city": "瀬戸内市",
        "ward": "",
        "district": "長船町服部",
        "name": "瀬戸内市  長船町服部"
      },
      "geometry": {
        "type": "Polygon",
        "coordinates": [
          [
            [
              134.1020942595,
              34.7048830107
            ],
            [
              134.1026393466,
              34.7046878322
            ],
            [
              134.1034692875,
              34.7067234451
            ],
            [
              134.1026395393,
              34.7067465189
            ],
            [
              134.1031470158,
              34.7076558966
            ],
            [
              134.103057761,
              34.7076962951
            ],
            [
              134.1028783888,
              34.7080824771
            ],
            [
              134.1027268264,
              34.7080785263
            ],
            [
              134.1026736965,
              34.7079458752
            ],
            [
              134.1008593357,
              34.7079645267
            ],
            [
              134.1011564822,
              34.708513611
            ],
            [
              134.1008976344,
              34.708623551
            ],
            [
              134.1012354913,
              34.7089628285
            ],
            [
              134.1009537341,
              34.7091455502
            ],
            [
              134.1013709593,
              34.7096441526
            ],
            [
              134.1018468597,
              34.7095974486
            ],
            [
              134.1031382776,
              34.7096861099
            ],
            [
              134.1033314129,
              34.7106008031
            ],
            [
              134.1017903959,
              34.7107171888
            ],
            [
              134.1018608467,
              34.7109707316
            ],
            [
              134.1017975234,
              34.7113560075
            ],
            [
              134.1009506837,
              34.7104842933
            ],
            [
              134.1005323375,
              34.7098207385
            ],
            [
              134.099245651,
              34.7104203105
            ],
            [
              134.0989565537,
              34.7104491945
            ],
            [
              134.0984872021,
              34.708526506
            ],
            [
              134.0976636999,
              34.706339711
            ],
            [
              134.0974351325,
              34.7052033505
            ],
            [
              134.097393497,
              34.7041691965
            ],
            [
              134.0989466742,
              34.7035791888
            ],
            [
              134.0989864086,
              34.7034446017
            ],
            [
              134.1004944846,
              34.7028891439
            ],
            [
              134.1012141335,
              34.7042022313
            ],
            [
              134.1018408076,
              34.7043554229
            ],
            [
              134.102025574,
              34.7046169331
            ],
            [
              134.1020942595,
              34.7048830107
            ]
          ]
        ]
      }
    },
    {
      "type": "Feature",
      "properties": {
        "key_code": "33212093008",
        "pref": "岡山県",
        "city": "瀬戸内市",
        "ward": "",
        "district": "長船町服部",
        "name": "瀬戸内市  長船町服部"
      },
      "geometry": {
        "type": "Polygon",
        "coordinates": [
          [
            [
              134.1060584404,
              34.7078143618
            ],
            [
              134.1056280226,
              34.7075583155
            ],
            [
              134.1048337807,
              34.7074828698
            ],
            [
              134.1046140324,
              34.708025614
            ],
            [
              134.1039903948,
              34.7080221828
            ],
            [
              134.1026393466,
              34.7046878322
            ],
            [
              134.1073868575,
              34.7032770693
            ],
            [
              134.108003877,
              34.7034226036
            ],
            [
              134.10852939,
              34.7032207452
            ],
            [
              134.1075559274,
              34.7037496888
            ],
            [
              134.1071862844,
              34.7040772016
            ],
            [
              134.1069857716,
              34.7047435166
            ],
            [
              134.1077306185,
              34.7046916641
            ],
            [
              134.1078605331,
              34.7050591274
            ],
            [
              134.1077293175,
              34.7063326785
            ],
            [
              134.1068733616,
              34.7063274189
            ],
            [
              134.1066136911,
              34.7070433471
            ],
            [
              134.1060584404,
              34.7078143618
            ]
          ]
        ]
      }
    },
    {
      "type": "Feature",
      "properties": {
        "key_code": "33212093009",
        "pref": "岡山県",
        "city": "瀬戸内市",
        "ward": "",
        "district": "長船町服部富岡東",
        "name": "瀬戸内市  長船町服部富岡東"
      },
      "geometry": {
        "type": "Polygon",
        "coordinates": [
          [
            [
              134.115760959,
              34.7013580386
            ],
            [
              134.1185029447,
              34.7044924167
            ],
            [
              134.1187091718,
              34.7048753567
            ],
            [
              134.1186954443,
              34.7054284858
            ],
            [
              134.118596488,
              34.7056870675
            ],
            [
              134.1128460289,
              34.7090785901
            ],
            [
              134.112292875,
              34.7091436417
            ],
            [
              134.1111934053,
              34.7090197817
            ],
            [
              134.1111924652,
              34.7090841524
            ],
            [
              134.1093363012,
              34.7089652245
            ],
            [
              134.109638887,
              34.7084361515
            ],
            [
              134.1094766046,
              34.7076045009
            ],
            [
              134.1097560555,
              34.7073840077
            ],
            [
              134.1098137241,
              34.7066702393
            ],
            [
              134.10916676,
              34.7066782003
            ],
            [
              134.1084275263,
              34.7078144124
            ],
            [
              134.1075574719,
              34.707822092
            ],
            [
              134.1078605331,
              34.7050591274
            ],
            [
              134.1077306185,
              34.7046916641
            ],
            [
              134.1069857716,
              34.7047435166
            ],
            [
              134.1071862844,
              34.7040772016
            ],
            [
              134.1073263203,
              34.7039266023
            ],
            [
              134.10852939,
              34.7032207452
            ],
            [
              134.1090868267,
              34.7030948676
            ],
            [
              134.1094383629,
              34.7027026627
            ],
            [
              134.1095155055,
              34.70249377
            ],
            [
              134.1110622121,
              34.7017213384
            ],
            [
              134.1144639911,
              34.6996525625
            ],
            [
              134.1149352205,
              34.700186992
            ],
            [
              134.115760959,
              34.7013580386
            ]
          ]
        ]
      }
    },
    {
      "type": "Feature",
      "properties": {
        "key_code": "33212093010",
        "pref": "岡山県",
        "city": "瀬戸内市",
        "ward": "",
        "district": "長船町服部",
        "name": "瀬戸内市  長船町服部"
      },
      "geometry": {
        "type": "Polygon",
        "coordinates": [
          [
            [
              134.1111924652,
              34.7090841524
            ],
            [
              134.1111607041,
              34.7097690923
            ],
            [
              134.1106948733,
              34.7099561403
            ],
            [
              134.1099108424,
              34.7099631443
            ],
            [
              134.1099303255,
              34.708994774
            ],
            [
              134.1111924652,
              34.7090841524
            ]
          ]
        ]
      }
    },
    {
      "type": "Feature",
      "properties": {
        "key_code": "33212094001",
        "pref": "岡山県",
        "city": "瀬戸内市",
        "ward": "",
        "district": "長船町福岡福岡上",
        "name": "瀬戸内市  長船町福岡福岡上"
      },
      "geometry": {
        "type": "Polygon",
        "coordinates": [
          [
            [
              134.0976363419,
              34.7062118953
            ],
            [
              134.0967317783,
              34.7059557302
            ],
            [
              134.0945237301,
              34.7060985874
            ],
            [
              134.0942395884,
              34.7063087563
            ],
            [
              134.0928806791,
              34.7062642225
            ],
            [
              134.0920520227,
              34.7063613163
            ],
            [
              134.0911733853,
              34.7062357394
            ],
            [
              134.0908670086,
              34.7057132264
            ],
            [
              134.0908112913,
              34.7053651815
            ],
            [
              134.0899647206,
              34.7038021472
            ],
            [
              134.0910065241,
              34.7033917961
            ],
            [
              134.0914872316,
              34.7028363544
            ],
            [
              134.0916536992,
              34.7022143613
            ],
            [
              134.0922309646,
              34.7019084369
            ],
            [
              134.0927016998,
              34.7025076166
            ],
            [
              134.0930001573,
              34.702575543
            ],
            [
              134.0931433345,
              34.7028992465
            ],
            [
              134.0927283121,
              34.7034072138
            ],
            [
              134.0935328295,
              34.7042425852
            ],
            [
              134.0930206647,
              34.7044758214
            ],
            [
              134.0937183007,
              34.7055101576
            ],
            [
              134.0940413168,
              34.7055979915
            ],
            [
              134.0949892123,
              34.7049885209
            ],
            [
              134.0974077766,
              34.7042923387
            ],
            [
              134.0974351325,
              34.7052033505
            ],
            [
              134.0976363419,
              34.7062118953
            ]
          ]
        ]
      }
    },
    {
      "type": "Feature",
      "properties": {
        "key_code": "33212094002",
        "pref": "岡山県",
        "city": "瀬戸内市",
        "ward": "",
        "district": "長船町福岡福岡上",
        "name": "瀬戸内市  長船町福岡福岡上"
      },
      "geometry": {
        "type": "Polygon",
        "coordinates": [
          [
            [
              134.0908112913,
              34.7053651815
            ],
            [
              134.090526684,
              34.7057360663
            ],
            [
              134.0895678546,
              34.7065635399
            ],
            [
              134.0877667724,
              34.7048071261
            ],
            [
              134.0898624921,
              34.7035785318
            ],
            [
              134.0908112913,
              34.7053651815
            ]
          ]
        ]
      }
    },
    {
      "type": "Feature",
      "properties": {
        "key_code": "33212094003",
        "pref": "岡山県",
        "city": "瀬戸内市",
        "ward": "",
        "district": "長船町福岡福岡上",
        "name": "瀬戸内市  長船町福岡福岡上"
      },
      "geometry": {
        "type": "Polygon",
        "coordinates": [
          [
            [
              134.0982297437,
              34.7078040886
            ],
            [
              134.0974510937,
              34.7074161909
            ],
            [
              134.0964699106,
              34.7074039901
            ],
            [
              134.0950597474,
              34.7077990151
            ],
            [
              134.0938737981,
              34.707484378
            ],
            [
              134.0938494225,
              34.7087778745
            ],
            [
              134.0931698546,
              34.708010655
            ],
            [
              134.0929122235,
              34.7083430027
            ],
            [
              134.0929810955,
              34.7083863839
            ],
            [
              134.0925158632,
              34.7089256686
            ],
            [
              134.0926204042,
              34.7090444839
            ],
            [
              134.0922073667,
              34.7093211613
            ],
            [
              134.0895678546,
              34.7065635399
            ],
            [
              134.090526684,
              34.7057360663
            ],
            [
              134.0908112913,
              34.7053651815
            ],
            [
              134.0908670086,
              34.7057132264
            ],
            [
              134.0911733853,
              34.7062357394
            ],
            [
              134.0920520227,
              34.7063613163
            ],
            [
              134.0928806791,
              34.7062642225
            ],
            [
              134.0942395884,
              34.7063087563
            ],
            [
              134.0945237301,
              34.7060985874
            ],
            [
              134.0967317783,
              34.7059557302
            ],
            [
              134.0976363419,
              34.7062118953
            ],
            [
              134.0982297437,
              34.7078040886
            ]
          ]
        ]
      }
    },
    {
      "type": "Feature",
      "properties": {
        "key_code": "33212094004",
        "pref": "岡山県",
        "city": "瀬戸内市",
        "ward": "",
        "district": "長船町福岡",
        "name": "瀬戸内市  長船町福岡"
      },
      "geometry": {
        "type": "Polygon",
        "coordinates": [
          [
            [
              134.0987305193,
              34.699730858
            ],
            [
              134.1004944846,
              34.7028891439
            ],
            [
              134.0989864086,
              34.7034446017
            ],
            [
              134.0989466742,
              34.7035791888
            ],
            [
              134.097393497,
              34.7041691965
            ],
            [
              134.0972903083,
              34.7035842749
            ],
            [
              134.0967856335,
              34.7023059511
            ],
            [
              134.0955885602,
              34.7009566786
            ],
            [
              134.0978923062,
              34.7000026356
            ],
            [
              134.0987305193,
              34.699730858
            ]
          ]
        ]
      }
    },
    {
      "type": "Feature",
      "properties": {
        "key_code": "33212094005",
        "pref": "岡山県",
        "city": "瀬戸内市",
        "ward": "",
        "district": "長船町福岡",
        "name": "瀬戸内市  長船町福岡"
      },
      "geometry": {
        "type": "Polygon",
        "coordinates": [
          [
            [
              134.0961985592,
              34.7007015114
            ],
            [
              134.0955885602,
              34.7009566786
            ],
            [
              134.0950078311,
              34.7002357299
            ],
            [
              134.0958138646,
              34.6998589653
            ],
            [
              134.0959421038,
              34.7003701231
            ],
            [
              134.0961985592,
              34.7007015114
            ]
          ]
        ]
      }
    },
    {
      "type": "Feature",
      "properties": {
        "key_code": "33212094006",
        "pref": "岡山県",
        "city": "瀬戸内市",
        "ward": "",
        "district": "長船町福岡",
        "name": "瀬戸内市  長船町福岡"
      },
      "geometry": {
        "type": "Polygon",
        "coordinates": [
          [
            [
              134.0972700015,
              34.700248631
            ],
            [
              134.0961985592,
              34.7007015114
            ],
            [
              134.0959421038,
              34.7003701231
            ],
            [
              134.0958138646,
              34.6998589653
            ],
            [
              134.0968906636,
              34.6993482045
            ],
            [
              134.0970302081,
              34.6998592418
            ],
            [
              134.0972700015,
              34.700248631
            ]
          ]
        ]
      }
    },
    {
      "type": "Feature",
      "properties": {
        "key_code": "33212094008",
        "pref": "岡山県",
        "city": "瀬戸内市",
        "ward": "",
        "district": "長船町福岡",
        "name": "瀬戸内市  長船町福岡"
      },
      "geometry": {
        "type": "Polygon",
        "coordinates": [
          [
            [
              134.0968906636,
              34.6993482045
            ],
            [
              134.0950078311,
              34.7002357299
            ],
            [
              134.0941047438,
              34.698877866
            ],
            [
              134.0930979977,
              34.6967485696
            ],
            [
              134.09651838,
              34.695666054
            ],
            [
              134.0970982398,
              34.6968635299
            ],
            [
              134.0987305193,
              34.699730858
            ],
            [
              134.0972700015,
              34.700248631
            ],
            [
              134.0970302081,
              34.6998592418
            ],
            [
              134.0968906636,
              34.6993482045
            ]
          ]
        ]
      }
    },
    {
      "type": "Feature",
      "properties": {
        "key_code": "33212094009",
        "pref": "岡山県",
        "city": "瀬戸内市",
        "ward": "",
        "district": "長船町福岡",
        "name": "瀬戸内市  長船町福岡"
      },
      "geometry": {
        "type": "Polygon",
        "coordinates": [
          [
            [
              134.0972436155,
              34.7034442026
            ],
            [
              134.0974077766,
              34.7042923387
            ],
            [
              134.0955367394,
              34.7047804195
            ],
            [
              134.0949435749,
              34.7050078695
            ],
            [
              134.094210318,
              34.7055257825
            ],
            [
              134.0940413168,
              34.7055979915
            ],
            [
              134.0937637677,
              34.7055436312
            ],
            [
              134.0930206647,
              34.7044758214
            ],
            [
              134.0935328295,
              34.7042425852
            ],
            [
              134.0927283121,
              34.7034072138
            ],
            [
              134.0931433345,
              34.7028992465
            ],
            [
              134.0930001573,
              34.702575543
            ],
            [
              134.0927016998,
              34.7025076166
            ],
            [
              134.0922309646,
              34.7019084369
            ],
            [
              134.09306134,
              34.7012218439
            ],
            [
              134.0944682133,
              34.7013731058
            ],
            [
              134.0956257228,
              34.7010009828
            ],
            [
              134.0967856335,
              34.7023059511
            ],
            [
              134.0972436155,
              34.7034442026
            ]
          ]
        ]
      }
    },
    {
      "type": "Feature",
      "properties": {
        "key_code": "33212094011",
        "pref": "岡山県",
        "city": "瀬戸内市",
        "ward": "",
        "district": "長船町福岡市場",
        "name": "瀬戸内市  長船町福岡市場"
      },
      "geometry": {
        "type": "Polygon",
        "coordinates": [
          [
            [
              134.0899647206,
              34.7038021472
            ],
            [
              134.0898624921,
              34.7035785318
            ],
            [
              134.0885987155,
              34.7042701522
            ],
            [
              134.0880313537,
              34.7036652581
            ],
            [
              134.0887130206,
              34.7032617996
            ],
            [
              134.0898680508,
              34.7023558584
            ],
            [
              134.0908021388,
              34.7008005126
            ],
            [
              134.0911816105,
              34.70054871
            ],
            [
              134.0943313996,
              34.6992408931
            ],
            [
              134.0956257228,
              34.7010009828
            ],
            [
              134.0944682133,
              34.7013731058
            ],
            [
              134.09306134,
              34.7012218439
            ],
            [
              134.0925759636,
              34.7016783949
            ],
            [
              134.0916536992,
              34.7022143613
            ],
            [
              134.0914872316,
              34.7028363544
            ],
            [
              134.0910065241,
              34.7033917961
            ],
            [
              134.0899647206,
              34.7038021472
            ]
          ]
        ]
      }
    },
    {
      "type": "Feature",
      "properties": {
        "key_code": "33212094012",
        "pref": "岡山県",
        "city": "瀬戸内市",
        "ward": "",
        "district": "長船町福岡",
        "name": "瀬戸内市  長船町福岡"
      },
      "geometry": {
        "type": "Polygon",
        "coordinates": [
          [
            [
              134.0885987155,
              34.7042701522
            ],
            [
              134.0877667724,
              34.7048071261
            ],
            [
              134.0871818957,
              34.7039562444
            ],
            [
              134.086814469,
              34.7028530984
            ],
            [
              134.0867305659,
              34.7017642057
            ],
            [
              134.086826851,
              34.698624731
            ],
            [
              134.086636402,
              34.6972729113
            ],
            [
              134.0866903128,
              34.6968380396
            ],
            [
              134.0872741386,
              34.6966452655
            ],
            [
              134.0881812441,
              34.696707402
            ],
            [
              134.0888236866,
              34.6965464335
            ],
            [
              134.0892426707,
              34.6980208387
            ],
            [
              134.091078911,
              34.7003428456
            ],
            [
              134.0898680508,
              34.7023558584
            ],
            [
              134.0887130206,
              34.7032617996
            ],
            [
              134.0880313537,
              34.7036652581
            ],
            [
              134.0885987155,
              34.7042701522
            ]
          ]
        ]
      }
    },
    {
      "type": "Feature",
      "properties": {
        "key_code": "33212094013",
        "pref": "岡山県",
        "city": "瀬戸内市",
        "ward": "",
        "district": "長船町福岡",
        "name": "瀬戸内市  長船町福岡"
      },
      "geometry": {
        "type": "Polygon",
        "coordinates": [
          [
            [
              134.0903684498,
              34.6945774902
            ],
            [
              134.0939361224,
              34.6946429447
            ],
            [
              134.0945001032,
              34.6947459067
            ],
            [
              134.0952995719,
              34.6947135409
            ],
            [
              134.0958399851,
              34.6948360293
            ],
            [
              134.096759773,
              34.6948644619
            ],
            [
              134.09651838,
              34.695666054
            ],
            [
              134.0930979977,
              34.6967485696
            ],
            [
              134.0943313996,
              34.6992408931
            ],
            [
              134.0911816105,
              34.70054871
            ],
            [
              134.0908021388,
              34.7008005126
            ],
            [
              134.091078911,
              34.7003428456
            ],
            [
              134.0892426707,
              34.6980208387
            ],
            [
              134.0888236866,
              34.6965464335
            ],
            [
              134.0881812441,
              34.696707402
            ],
            [
              134.0872741386,
              34.6966452655
            ],
            [
              134.0866699038,
              34.6968982868
            ],
            [
              134.0866318416,
              34.6974468667
            ],
            [
              134.086826851,
              34.698624731
            ],
            [
              134.086741327,
              34.702239214
            ],
            [
              134.0869826737,
              34.7035159197
            ],
            [
              134.0873672382,
              34.7043011747
            ],
            [
              134.0877667724,
              34.7048071261
            ],
            [
              134.0906442017,
              34.7076196466
            ],
            [
              134.0922073667,
              34.7093211613
            ],
            [
              134.0893271005,
              34.7114163661
            ],
            [
              134.0854749922,
              34.7088682038
            ],
            [
              134.0842310672,
              34.7076302678
            ],
            [
              134.0836166316,
              34.7065920963
            ],
            [
              134.0834431595,
              34.7058775543
            ],
            [
              134.083417465,
              34.7050831674
            ],
            [
              134.0837982077,
              34.7034009086
            ],
            [
              134.0841471311,
              34.701286306
            ],
            [
              134.0842313774,
              34.6998989913
            ],
            [
              134.0839639006,
              34.6977607207
            ],
            [
              134.0833860342,
              34.6960266477
            ],
            [
              134.0832777098,
              34.6960703732
            ],
            [
              134.0829761842,
              34.6954312254
            ],
            [
              134.0822315952,
              34.6945471902
            ],
            [
              134.0807209004,
              34.6930462788
            ],
            [
              134.0819021967,
              34.6933610206
            ],
            [
              134.0854042495,
              34.6947106398
            ],
            [
              134.0855166049,
              34.6944777449
            ],
            [
              134.0864037658,
              34.694615497
            ],
            [
              134.0868742099,
              34.6945388446
            ],
            [
              134.0886813683,
              34.6946323945
            ],
            [
              134.0903684498,
              34.6945774902
            ]
          ]
        ]
      }
    },
    {
      "type": "Feature",
      "properties": {
        "key_code": "33212095001",
        "pref": "岡山県",
        "city": "瀬戸内市",
        "ward": "",
        "district": "長船町土師",
        "name": "瀬戸内市  長船町土師"
      },
      "geometry": {
        "type": "Polygon",
        "coordinates": [
          [
            [
              134.1040335542,
              34.700376345
            ],
            [
              134.1034429781,
              34.6994475123
            ],
            [
              134.1041902647,
              34.6991053767
            ],
            [
              134.1050286097,
              34.6997029493
            ],
            [
              134.1063414852,
              34.7000780049
            ],
            [
              134.1071619739,
              34.7004919859
            ],
            [
              134.1079944001,
              34.7011381202
            ],
            [
              134.1082477641,
              34.7014460908
            ],
            [
              134.1086695637,
              34.7023531691
            ],
            [
              134.1087057918,
              34.702857374
            ],
            [
              134.108579713,
              34.7031468877
            ],
            [
              134.1080877787,
              34.703412337
            ],
            [
              134.1073868575,
              34.7032770693
            ],
            [
              134.1070457937,
              34.7033648907
            ],
            [
              134.1020942595,
              34.7048830107
            ],
            [
              134.102025574,
              34.7046169331
            ],
            [
              134.1018408076,
              34.7043554229
            ],
            [
              134.1012141335,
              34.7042022313
            ],
            [
              134.0999633595,
              34.7019554771
            ],
            [
              134.1008955849,
              34.7016748494
            ],
            [
              134.1002485894,
              34.7005123421
            ],
            [
              134.100791092,
              34.7003568937
            ],
            [
              134.1010714756,
              34.7013212047
            ],
            [
              134.1040335542,
              34.700376345
            ]
          ]
        ]
      }
    },
    {
      "type": "Feature",
      "properties": {
        "key_code": "33212095002",
        "pref": "岡山県",
        "city": "瀬戸内市",
        "ward": "",
        "district": "長船町土師",
        "name": "瀬戸内市  長船町土師"
      },
      "geometry": {
        "type": "Polygon",
        "coordinates": [
          [
            [
              134.1008955849,
              34.7016748494
            ],
            [
              134.0999633595,
              34.7019554771
            ],
            [
              134.0990563567,
              34.7003205734
            ],
            [
              134.0993734963,
              34.7002328689
            ],
            [
              134.0992277426,
              34.6998333855
            ],
            [
              134.1013626961,
              34.6988637415
            ],
            [
              134.1028126068,
              34.6983957678
            ],
            [
              134.1040335542,
              34.700376345
            ],
            [
              134.1010714756,
              34.7013212047
            ],
            [
              134.100791092,
              34.7003568937
            ],
            [
              134.1002485894,
              34.7005123421
            ],
            [
              134.1008955849,
              34.7016748494
            ]
          ]
        ]
      }
    },
    {
      "type": "Feature",
      "properties": {
        "key_code": "33212095003",
        "pref": "岡山県",
        "city": "瀬戸内市",
        "ward": "",
        "district": "長船町土師門前",
        "name": "瀬戸内市  長船町土師門前"
      },
      "geometry": {
        "type": "Polygon",
        "coordinates": [
          [
            [
              134.1010291521,
              34.6956324494
            ],
            [
              134.1017154752,
              34.6964425969
            ],
            [
              134.1000617383,
              34.6967960622
            ],
            [
              134.0993180329,
              34.6971090208
            ],
            [
              134.0996140498,
              34.697512178
            ],
            [
              134.0995164195,
              34.6975542468
            ],
            [
              134.0987194683,
              34.6978230096
            ],
            [
              134.0986502287,
              34.6976848305
            ],
            [
              134.0977239054,
              34.6979399529
            ],
            [
              134.09651838,
              34.695666054
            ],
            [
              134.0967129564,
              34.6951369367
            ],
            [
              134.0967253504,
              34.6945683027
            ],
            [
              134.098253231,
              34.6946975102
            ],
            [
              134.0981726654,
              34.6940855893
            ],
            [
              134.0988245769,
              34.6942666024
            ],
            [
              134.09911855,
              34.6942378763
            ],
            [
              134.0997129542,
              34.6939673122
            ],
            [
              134.1007707487,
              34.6929910795
            ],
            [
              134.1020206096,
              34.6916244593
            ],
            [
              134.1037019936,
              34.6919013783
            ],
            [
              134.1061432571,
              34.6956278537
            ],
            [
              134.1058453117,
              34.6956975798
            ],
            [
              134.1050473019,
              34.6962103491
            ],
            [
              134.1047105772,
              34.6963181716
            ],
            [
              134.1020852084,
              34.6955003853
            ],
            [
              134.1021051447,
              34.6952832156
            ],
            [
              134.1020008338,
              34.6952447007
            ],
            [
              134.1012567033,
              34.6951490307
            ],
            [
              134.1010291521,
              34.6956324494
            ]
          ]
        ]
      }
    },
    {
      "type": "Feature",
      "properties": {
        "key_code": "33212095004",
        "pref": "岡山県",
        "city": "瀬戸内市",
        "ward": "",
        "district": "長船町土師中生路",
        "name": "瀬戸内市  長船町土師中生路"
      },
      "geometry": {
        "type": "Polygon",
        "coordinates": [
          [
            [
              134.1072201208,
              34.6968856529
            ],
            [
              134.1061715626,
              34.6975026181
            ],
            [
              134.1053550044,
              34.6981822749
            ],
            [
              134.1047756862,
              34.6985382572
            ],
            [
              134.1042562084,
              34.6990731038
            ],
            [
              134.1034429781,
              34.6994475123
            ],
            [
              134.1028126068,
              34.6983957678
            ],
            [
              134.1013626961,
              34.6988637415
            ],
            [
              134.0992277426,
              34.6998333855
            ],
            [
              134.0993734963,
              34.7002328689
            ],
            [
              134.0990563567,
              34.7003205734
            ],
            [
              134.0977239054,
              34.6979399529
            ],
            [
              134.0986502287,
              34.6976848305
            ],
            [
              134.0987194683,
              34.6978230096
            ],
            [
              134.0995164195,
              34.6975542468
            ],
            [
              134.0996140498,
              34.697512178
            ],
            [
              134.0993180329,
              34.6971090208
            ],
            [
              134.1000617383,
              34.6967960622
            ],
            [
              134.1017154752,
              34.6964425969
            ],
            [
              134.1010291521,
              34.6956324494
            ],
            [
              134.1012567033,
              34.6951490307
            ],
            [
              134.102081964,
              34.6952703534
            ],
            [
              134.1020852084,
              34.6955003853
            ],
            [
              134.1046061983,
              34.6963116347
            ],
            [
              134.1050473019,
              34.6962103491
            ],
            [
              134.1058453117,
              34.6956975798
            ],
            [
              134.1061432571,
              34.6956278537
            ],
            [
              134.1062964526,
              34.6960194536
            ],
            [
              134.1067872821,
              34.6960308026
            ],
            [
              134.1079354809,
              34.6962591824
            ],
            [
              134.1072201208,
              34.6968856529
            ]
          ]
        ]
      }
    },
    {
      "type": "Feature",
      "properties": {
        "key_code": "33212095005",
        "pref": "岡山県",
        "city": "瀬戸内市",
        "ward": "",
        "district": "長船町土師盛崎",
        "name": "瀬戸内市  長船町土師盛崎"
      },
      "geometry": {
        "type": "Polygon",
        "coordinates": [
          [
            [
              134.1144639911,
              34.6996525625
            ],
            [
              134.1110622121,
              34.7017213384
            ],
            [
              134.1095155055,
              34.70249377
            ],
            [
              134.1094383629,
              34.7027026627
            ],
            [
              134.1090868267,
              34.7030948676
            ],
            [
              134.10852939,
              34.7032207452
            ],
            [
              134.1087057918,
              34.702857374
            ],
            [
              134.1086695637,
              34.7023531691
            ],
            [
              134.1082477641,
              34.7014460908
            ],
            [
              134.1079944001,
              34.7011381202
            ],
            [
              134.1071619739,
              34.7004919859
            ],
            [
              134.1063414852,
              34.7000780049
            ],
            [
              134.1050286097,
              34.6997029493
            ],
            [
              134.1041902647,
              34.6991053767
            ],
            [
              134.1047756862,
              34.6985382572
            ],
            [
              134.1053550044,
              34.6981822749
            ],
            [
              134.1061715626,
              34.6975026181
            ],
            [
              134.1072201208,
              34.6968856529
            ],
            [
              134.1081979868,
              34.6978908332
            ],
            [
              134.1088521464,
              34.6980147443
            ],
            [
              134.1091441913,
              34.6981591064
            ],
            [
              134.1092642035,
              34.6984104831
            ],
            [
              134.109176475,
              34.6986720369
            ],
            [
              134.1092757909,
              34.6988504092
            ],
            [
              134.1100019097,
              34.6994047737
            ],
            [
              134.110291737,
              34.6995202519
            ],
            [
              134.1102078515,
              34.6996370097
            ],
            [
              134.1106228673,
              34.6998084992
            ],
            [
              134.1126242063,
              34.6995552533
            ],
            [
              134.1129573636,
              34.6999508328
            ],
            [
              134.1137674596,
              34.6994835316
            ],
            [
              134.1143269966,
              34.6994972278
            ],
            [
              134.1144639911,
              34.6996525625
            ]
          ]
        ]
      }
    },
    {
      "type": "Feature",
      "properties": {
        "key_code": "33212095006",
        "pref": "岡山県",
        "city": "瀬戸内市",
        "ward": "",
        "district": "長船町土師",
        "name": "瀬戸内市  長船町土師"
      },
      "geometry": {
        "type": "Polygon",
        "coordinates": [
          [
            [
              134.1138387004,
              34.6953540883
            ],
            [
              134.1144191354,
              34.6966359796
            ],
            [
              134.114025809,
              34.6966423069
            ],
            [
              134.1144240778,
              34.6985916788
            ],
            [
              134.1140506842,
              34.6989025803
            ],
            [
              134.1137674596,
              34.6994835316
            ],
            [
              134.1130014939,
              34.6999431669
            ],
            [
              134.1129226113,
              34.6999352751
            ],
            [
              134.1126242063,
              34.6995552533
            ],
            [
              134.1106228673,
              34.6998084992
            ],
            [
              134.1102078515,
              34.6996370097
            ],
            [
              134.110291737,
              34.6995202519
            ],
            [
              134.1100019097,
              34.6994047737
            ],
            [
              134.1092757909,
              34.6988504092
            ],
            [
              134.109176475,
              34.6986720369
            ],
            [
              134.1092642035,
              34.6984104831
            ],
            [
              134.1091441913,
              34.6981591064
            ],
            [
              134.1088521464,
              34.6980147443
            ],
            [
              134.1082466381,
              34.6979217727
            ],
            [
              134.1073009713,
              34.6970237072
            ],
            [
              134.1072201208,
              34.6968856529
            ],
            [
              134.1079354809,
              34.6962591824
            ],
            [
              134.1067872821,
              34.6960308026
            ],
            [
              134.1062964526,
              34.6960194536
            ],
            [
              134.1061432571,
              34.6956278537
            ],
            [
              134.1037019936,
              34.6919013783
            ],
            [
              134.1039887139,
              34.691948692
            ],
            [
              134.1068649277,
              34.6901068926
            ],
            [
              134.1077512713,
              34.6894556692
            ],
            [
              134.1086868049,
              34.6890786466
            ],
            [
              134.1089049991,
              34.6888121232
            ],
            [
              134.109181353,
              34.6887640417
            ],
            [
              134.109549813,
              34.688566538
            ],
            [
              134.1093572032,
              34.6891652618
            ],
            [
              134.1095949893,
              34.6896035022
            ],
            [
              134.1102684148,
              34.6903758302
            ],
            [
              134.1104086247,
              34.6908110702
            ],
            [
              134.1104144988,
              34.6917056907
            ],
            [
              134.1100902321,
              34.6920731584
            ],
            [
              134.110297011,
              34.6920504413
            ],
            [
              134.1110618641,
              34.6923386525
            ],
            [
              134.1116983573,
              34.6930310337
            ],
            [
              134.1119746435,
              34.6936051286
            ],
            [
              134.1117638156,
              34.6945309009
            ],
            [
              134.1118096669,
              34.6947001591
            ],
            [
              134.111994704,
              34.6947661415
            ],
            [
              134.1127357063,
              34.6947183418
            ],
            [
              134.1138387004,
              34.6953540883
            ]
          ]
        ]
      }
    },
    {
      "type": "Feature",
      "properties": {
        "key_code": "33212095007",
        "pref": "岡山県",
        "city": "瀬戸内市",
        "ward": "",
        "district": "長船町土師雇用促進住宅",
        "name": "瀬戸内市  長船町土師雇用促進住宅"
      },
      "geometry": {
        "type": "Polygon",
        "coordinates": [
          [
            [
              134.1147463448,
              34.6966247422
            ],
            [
              134.1148888782,
              34.6972028061
            ],
            [
              134.1141588396,
              34.6972251434
            ],
            [
              134.114025809,
              34.6966423069
            ],
            [
              134.1147463448,
              34.6966247422
            ]
          ]
        ]
      }
    },
    {
      "type": "Feature",
      "properties": {
        "key_code": "33212095008",
        "pref": "岡山県",
        "city": "瀬戸内市",
        "ward": "",
        "district": "長船町土師",
        "name": "瀬戸内市  長船町土師"
      },
      "geometry": {
        "type": "Polygon",
        "coordinates": [
          [
            [
              134.1170332612,
              34.6981376156
            ],
            [
              134.1161011535,
              34.6986657084
            ],
            [
              134.1153990303,
              34.6978659096
            ],
            [
              134.1148919683,
              34.6981699507
            ],
            [
              134.1146780398,
              34.6984587471
            ],
            [
              134.1144240778,
              34.6985916788
            ],
            [
              134.1141588396,
              34.6972251434
            ],
            [
              134.1148888782,
              34.6972028061
            ],
            [
              134.1147463448,
              34.6966247422
            ],
            [
              134.1144191354,
              34.6966359796
            ],
            [
              134.1137993081,
              34.6952393573
            ],
            [
              134.1135356787,
              34.6948782756
            ],
            [
              134.1136954174,
              34.6945071173
            ],
            [
              134.1139406983,
              34.694299937
            ],
            [
              134.1138862938,
              34.6936141282
            ],
            [
              134.1142897498,
              34.6936257103
            ],
            [
              134.1143786037,
              34.6938034972
            ],
            [
              134.1152854402,
              34.6935646979
            ],
            [
              134.1159470645,
              34.6935167357
            ],
            [
              134.1162908588,
              34.6935829986
            ],
            [
              134.1165293072,
              34.6934577818
            ],
            [
              134.1166097159,
              34.6930590107
            ],
            [
              134.1163448617,
              34.692243656
            ],
            [
              134.1157796164,
              34.6916687675
            ],
            [
              134.1157454392,
              34.6914836154
            ],
            [
              134.1154980942,
              34.691214405
            ],
            [
              134.1153405101,
              34.6907944953
            ],
            [
              134.1155479507,
              34.6905096298
            ],
            [
              134.1163359309,
              34.6900507264
            ],
            [
              134.1165847254,
              34.6897559332
            ],
            [
              134.1167689991,
              34.6896548468
            ],
            [
              134.1172479119,
              34.68958852
            ],
            [
              134.1175171471,
              34.6901452626
            ],
            [
              134.1176078648,
              34.6906487189
            ],
            [
              134.1180902095,
              34.6913072609
            ],
            [
              134.1189414306,
              34.6921504233
            ],
            [
              134.1193139881,
              34.6918661284
            ],
            [
              134.1196948938,
              34.6921135935
            ],
            [
              134.120118569,
              34.6922680251
            ],
            [
              134.1216464519,
              34.6920850762
            ],
            [
              134.1220933797,
              34.6921761553
            ],
            [
              134.1221465214,
              34.692310769
            ],
            [
              134.1220265028,
              34.6926697498
            ],
            [
              134.1221600004,
              34.6932110255
            ],
            [
              134.1226706306,
              34.6935863173
            ],
            [
              134.1225526909,
              34.6940919391
            ],
            [
              134.12266232,
              34.6944644202
            ],
            [
              134.1224471846,
              34.694963817
            ],
            [
              134.1202174055,
              34.6961893027
            ],
            [
              134.1202240972,
              34.6962984802
            ],
            [
              134.116055368,
              34.6965231592
            ],
            [
              134.1170332612,
              34.6981376156
            ]
          ]
        ]
      }
    },
    {
      "type": "Feature",
      "properties": {
        "key_code": "33212095009",
        "pref": "岡山県",
        "city": "瀬戸内市",
        "ward": "",
        "district": "長船町土師",
        "name": "瀬戸内市  長船町土師"
      },
      "geometry": {
        "type": "Polygon",
        "coordinates": [
          [
            [
              134.1226706306,
              34.6935863173
            ],
            [
              134.1221600004,
              34.6932110255
            ],
            [
              134.1220265028,
              34.6926697498
            ],
            [
              134.1221393853,
              34.6922504686
            ],
            [
              134.1219598823,
              34.6921116884
            ],
            [
              134.1216464519,
              34.6920850762
            ],
            [
              134.120118569,
              34.6922680251
            ],
            [
              134.1196948938,
              34.6921135935
            ],
            [
              134.1193139881,
              34.6918661284
            ],
            [
              134.1189414306,
              34.6921504233
            ],
            [
              134.1180902095,
              34.6913072609
            ],
            [
              134.1176078648,
              34.6906487189
            ],
            [
              134.1175171471,
              34.6901452626
            ],
            [
              134.1172479119,
              34.68958852
            ],
            [
              134.1167689991,
              34.6896548468
            ],
            [
              134.1165847254,
              34.6897559332
            ],
            [
              134.1163359309,
              34.6900507264
            ],
            [
              134.1155479507,
              34.6905096298
            ],
            [
              134.1153405101,
              34.6907944953
            ],
            [
              134.1154980942,
              34.691214405
            ],
            [
              134.1157454392,
              34.6914836154
            ],
            [
              134.1157796164,
              34.6916687675
            ],
            [
              134.1163448617,
              34.692243656
            ],
            [
              134.1166097159,
              34.6930590107
            ],
            [
              134.1165293072,
              34.6934577818
            ],
            [
              134.1162908588,
              34.6935829986
            ],
            [
              134.1159470645,
              34.6935167357
            ],
            [
              134.1152854402,
              34.6935646979
            ],
            [
              134.1143786037,
              34.6938034972
            ],
            [
              134.1142897498,
              34.6936257103
            ],
            [
              134.1138862938,
              34.6936141282
            ],
            [
              134.1139406983,
              34.694299937
            ],
            [
              134.1136954174,
              34.6945071173
            ],
            [
              134.1135356787,
              34.6948782756
            ],
            [
              134.1138387004,
              34.6953540883
            ],
            [
              134.1127357063,
              34.6947183418
            ],
            [
              134.111994704,
              34.6947661415
            ],
            [
              134.1117634807,
              34.6946565483
            ],
            [
              134.1119746435,
              34.6936051286
            ],
            [
              134.1116983573,
              34.6930310337
            ],
            [
              134.1110618641,
              34.6923386525
            ],
            [
              134.110297011,
              34.6920504413
            ],
            [
              134.1100902321,
              34.6920731584
            ],
            [
              134.1104144988,
              34.6917056907
            ],
            [
              134.1103710824,
              34.6906292899
            ],
            [
              134.1102684148,
              34.6903758302
            ],
            [
              134.1095949893,
              34.6896035022
            ],
            [
              134.1093572032,
              34.6891652618
            ],
            [
              134.1094258019,
              34.6888718347
            ],
            [
              134.109549813,
              34.688566538
            ],
            [
              134.1103179788,
              34.6877746383
            ],
            [
              134.1107158428,
              34.6874842179
            ],
            [
              134.1109544328,
              34.6870322149
            ],
            [
              134.1113072032,
              34.6868552438
            ],
            [
              134.1117732178,
              34.6867697585
            ],
            [
              134.1127374938,
              34.6862449953
            ],
            [
              134.1128237834,
              34.6856897289
            ],
            [
              134.1127625306,
              34.6850191054
            ],
            [
              134.113344004,
              34.6849566447
            ],
            [
              134.1135152805,
              34.6845523984
            ],
            [
              134.1144651083,
              34.6855280702
            ],
            [
              134.1146145387,
              34.6854691804
            ],
            [
              134.1139664448,
              34.6847274347
            ],
            [
              134.1140849517,
              34.6846041251
            ],
            [
              134.1140089147,
              34.6844678551
            ],
            [
              134.1136243424,
              34.6841128222
            ],
            [
              134.1139288925,
              34.6839388496
            ],
            [
              134.1141655233,
              34.6836457222
            ],
            [
              134.1144424852,
              34.6839102075
            ],
            [
              134.1146886175,
              34.6839833425
            ],
            [
              134.1153338417,
              34.6849932447
            ],
            [
              134.1155367324,
              34.6850403806
            ],
            [
              134.115785433,
              34.6852739628
            ],
            [
              134.1158128452,
              34.6856327927
            ],
            [
              134.1163707069,
              34.6858139703
            ],
            [
              134.1163322951,
              34.6856585273
            ],
            [
              134.1164009415,
              34.6856634416
            ],
            [
              134.116175766,
              34.6844361063
            ],
            [
              134.1162780015,
              34.6835768795
            ],
            [
              134.1167710911,
              34.6828341486
            ],
            [
              134.1171726429,
              34.6816818985
            ],
            [
              134.1181756781,
              34.6817207486
            ],
            [
              134.1192721494,
              34.6819951415
            ],
            [
              134.1196852033,
              34.6815863846
            ],
            [
              134.1195877554,
              34.6815262023
            ],
            [
              134.1202195588,
              34.6806281855
            ],
            [
              134.1226993242,
              34.6814723886
            ],
            [
              134.1238209035,
              34.6813755703
            ],
            [
              134.1246888514,
              34.6810682796
            ],
            [
              134.125406775,
              34.6809582198
            ],
            [
              134.1271185178,
              34.6810291585
            ],
            [
              134.1273424949,
              34.6811406781
            ],
            [
              134.1275064382,
              34.6813509833
            ],
            [
              134.1282250156,
              34.6840014249
            ],
            [
              134.1245592513,
              34.6865303707
            ],
            [
              134.1239297439,
              34.6871282345
            ],
            [
              134.1233855461,
              34.6879826037
            ],
            [
              134.1229281067,
              34.688531312
            ],
            [
              134.1227776172,
              34.6889140507
            ],
            [
              134.1229180708,
              34.6895442163
            ],
            [
              134.1237274952,
              34.6902341277
            ],
            [
              134.1242115554,
              34.6909882743
            ],
            [
              134.1241808676,
              34.6912969864
            ],
            [
              134.1229776714,
              34.6925639248
            ],
            [
              134.1226706306,
              34.6935863173
            ]
          ]
        ]
      }
    },
    {
      "type": "Feature",
      "properties": {
        "key_code": "33212096001",
        "pref": "岡山県",
        "city": "瀬戸内市",
        "ward": "",
        "district": "長船町福里",
        "name": "瀬戸内市  長船町福里"
      },
      "geometry": {
        "type": "Polygon",
        "coordinates": [
          [
            [
              134.1185049342,
              34.7006582425
            ],
            [
              134.1183374479,
              34.7004842652
            ],
            [
              134.1173784374,
              34.6999371449
            ],
            [
              134.117254941,
              34.6997700059
            ],
            [
              134.1170332612,
              34.6981376156
            ],
            [
              134.116055368,
              34.6965231592
            ],
            [
              134.1201556126,
              34.6963017395
            ],
            [
              134.1180401506,
              34.6975331637
            ],
            [
              134.1182497724,
              34.699704455
            ],
            [
              134.1185049342,
              34.7006582425
            ]
          ]
        ]
      }
    },
    {
      "type": "Feature",
      "properties": {
        "key_code": "33212096002",
        "pref": "岡山県",
        "city": "瀬戸内市",
        "ward": "",
        "district": "長船町福里福里東",
        "name": "瀬戸内市  長船町福里福里東"
      },
      "geometry": {
        "type": "Polygon",
        "coordinates": [
          [
            [
              134.1282854576,
              34.7061922183
            ],
            [
              134.1246376384,
              34.708163239
            ],
            [
              134.1231684622,
              34.7065449091
            ],
            [
              134.1240083413,
              34.7060567347
            ],
            [
              134.1233160334,
              34.7052843367
            ],
            [
              134.1234205898,
              34.7052338083
            ],
            [
              134.1228052496,
              34.7043981531
            ],
            [
              134.123832783,
              34.7037960676
            ],
            [
              134.1224361635,
              34.7021549026
            ],
            [
              134.1201781794,
              34.7034244365
            ],
            [
              134.1193625245,
              34.7040546045
            ],
            [
              134.1185029447,
              34.7044924167
            ],
            [
              134.1179579541,
              34.7039032178
            ],
            [
              134.1171324799,
              34.7029536193
            ],
            [
              134.1189218152,
              34.7021403958
            ],
            [
              134.1182497724,
              34.699704455
            ],
            [
              134.1180401506,
              34.6975331637
            ],
            [
              134.1201556126,
              34.6963017395
            ],
            [
              134.1249017832,
              34.6960399738
            ],
            [
              134.1265431505,
              34.6971513289
            ],
            [
              134.1271026854,
              34.6976669764
            ],
            [
              134.1274626392,
              34.6974933422
            ],
            [
              134.1297073774,
              34.6968319796
            ],
            [
              134.1315220096,
              34.6989490155
            ],
            [
              134.1316445859,
              34.6992519251
            ],
            [
              134.1295147855,
              34.7004653992
            ],
            [
              134.1288543092,
              34.6996644939
            ],
            [
              134.1258481546,
              34.7013785856
            ],
            [
              134.1267914242,
              34.7023353544
            ],
            [
              134.1286764336,
              34.704906267
            ],
            [
              134.1295448905,
              34.705874166
            ],
            [
              134.1285568944,
              34.7064793259
            ],
            [
              134.1282854576,
              34.7061922183
            ]
          ]
        ]
      }
    },
    {
      "type": "Feature",
      "properties": {
        "key_code": "33212096004",
        "pref": "岡山県",
        "city": "瀬戸内市",
        "ward": "",
        "district": "長船町福里",
        "name": "瀬戸内市  長船町福里"
      },
      "geometry": {
        "type": "Polygon",
        "coordinates": [
          [
            [
              134.1178277998,
              34.7001965663
            ],
            [
              134.115760959,
              34.7013580386
            ],
            [
              134.1149352205,
              34.700186992
            ],
            [
              134.1143269966,
              34.6994972278
            ],
            [
              134.1137674596,
              34.6994835316
            ],
            [
              134.1140506842,
              34.6989025803
            ],
            [
              134.1146780398,
              34.6984587471
            ],
            [
              134.1148919683,
              34.6981699507
            ],
            [
              134.1153990303,
              34.6978659096
            ],
            [
              134.1161011535,
              34.6986657084
            ],
            [
              134.1170332612,
              34.6981376156
            ],
            [
              134.117254941,
              34.6997700059
            ],
            [
              134.1173784374,
              34.6999371449
            ],
            [
              134.1178277998,
              34.7001965663
            ]
          ]
        ]
      }
    },
    {
      "type": "Feature",
      "properties": {
        "key_code": "33212096005",
        "pref": "岡山県",
        "city": "瀬戸内市",
        "ward": "",
        "district": "長船町福里福里団地",
        "name": "瀬戸内市  長船町福里福里団地"
      },
      "geometry": {
        "type": "Polygon",
        "coordinates": [
          [
            [
              134.1171324799,
              34.7029536193
            ],
            [
              134.115760959,
              34.7013580386
            ],
            [
              134.1178277998,
              34.7001965663
            ],
            [
              134.1185049342,
              34.7006582425
            ],
            [
              134.1189218152,
              34.7021403958
            ],
            [
              134.1171324799,
              34.7029536193
            ]
          ]
        ]
      }
    },
    {
      "type": "Feature",
      "properties": {
        "key_code": "33212097001",
        "pref": "岡山県",
        "city": "瀬戸内市",
        "ward": "",
        "district": "長船町磯上",
        "name": "瀬戸内市  長船町磯上"
      },
      "geometry": {
        "type": "Polygon",
        "coordinates": [
          [
            [
              134.1301858791,
              34.7136680218
            ],
            [
              134.1297386906,
              34.7133887905
            ],
            [
              134.1294507035,
              34.7133883059
            ],
            [
              134.1289092378,
              34.7136368561
            ],
            [
              134.1286416467,
              34.7139091089
            ],
            [
              134.1281562745,
              34.7141924016
            ],
            [
              134.1276993039,
              34.7143540375
            ],
            [
              134.1268633009,
              34.7143990988
            ],
            [
              134.1262187159,
              34.7137308851
            ],
            [
              134.1258382541,
              34.7142000018
            ],
            [
              134.125486897,
              34.7142574334
            ],
            [
              134.1252412297,
              34.7141816511
            ],
            [
              134.1222747993,
              34.7108580038
            ],
            [
              134.1215608648,
              34.7099452565
            ],
            [
              134.1246376384,
              34.708163239
            ],
            [
              134.1265630667,
              34.70717024
            ],
            [
              134.1293344837,
              34.7103710337
            ],
            [
              134.1308056555,
              34.7119473285
            ],
            [
              134.1304010358,
              34.7122282295
            ],
            [
              134.1309726643,
              34.7127862881
            ],
            [
              134.1310588692,
              34.7130163158
            ],
            [
              134.1308461781,
              34.7131196333
            ],
            [
              134.1302869051,
              34.7130298136
            ],
            [
              134.1299396588,
              34.7131009292
            ],
            [
              134.1301557299,
              34.7134483711
            ],
            [
              134.1301858791,
              34.7136680218
            ]
          ]
        ]
      }
    },
    {
      "type": "Feature",
      "properties": {
        "key_code": "33212097002",
        "pref": "岡山県",
        "city": "瀬戸内市",
        "ward": "",
        "district": "長船町磯上",
        "name": "瀬戸内市  長船町磯上"
      },
      "geometry": {
        "type": "Polygon",
        "coordinates": [
          [
            [
              134.1336295408,
              34.7102333866
            ],
            [
              134.1357590276,
              34.7124180881
            ],
            [
              134.1359555229,
              34.7121182331
            ],
            [
              134.1361804159,
              34.7119821037
            ],
            [
              134.136210766,
              34.7116724008
            ],
            [
              134.1363584781,
              34.7114789565
            ],
            [
              134.1367963677,
              34.7112766838
            ],
            [
              134.1369419794,
              34.7112946664
            ],
            [
              134.1369562343,
              34.7116147239
            ],
            [
              134.1370629246,
              34.7117811109
            ],
            [
              134.1375208971,
              34.7119694735
            ],
            [
              134.1379400255,
              34.7122744045
            ],
            [
              134.1382140491,
              34.7123455559
            ],
            [
              134.1381700299,
              34.7128496251
            ],
            [
              134.1385967506,
              34.7140417048
            ],
            [
              134.1399844377,
              34.7137599407
            ],
            [
              134.1402130015,
              34.7144951725
            ],
            [
              134.1413407353,
              34.7145475248
            ],
            [
              134.1417205421,
              34.714725748
            ],
            [
              134.1417261967,
              34.7150672031
            ],
            [
              134.141269662,
              34.7151780454
            ],
            [
              134.141043317,
              34.7153234791
            ],
            [
              134.1410192135,
              34.7160195744
            ],
            [
              134.1412879418,
              34.7165435772
            ],
            [
              134.1435480782,
              34.7173662283
            ],
            [
              134.1439784227,
              34.7175991781
            ],
            [
              134.1441813249,
              34.7178514934
            ],
            [
              134.1442049012,
              34.7180047866
            ],
            [
              134.143881496,
              34.7181179581
            ],
            [
              134.1431605632,
              34.7180352745
            ],
            [
              134.1425194722,
              34.7183702228
            ],
            [
              134.1422021479,
              34.7184339569
            ],
            [
              134.1396461875,
              34.7174095203
            ],
            [
              134.1386666899,
              34.7165877278
            ],
            [
              134.1376564728,
              34.7161069005
            ],
            [
              134.1371506921,
              34.7161529926
            ],
            [
              134.136264136,
              34.7165320244
            ],
            [
              134.1359947906,
              34.7165513084
            ],
            [
              134.1342199657,
              34.7161320296
            ],
            [
              134.1339325731,
              34.7155671299
            ],
            [
              134.1332840663,
              34.7146235648
            ],
            [
              134.1327462746,
              34.7142940484
            ],
            [
              134.1322077697,
              34.7142708985
            ],
            [
              134.1320456798,
              34.7144879763
            ],
            [
              134.1314870749,
              34.7147253813
            ],
            [
              134.1310098421,
              34.7147234576
            ],
            [
              134.1307617289,
              34.7146340191
            ],
            [
              134.1306365894,
              34.7144115329
            ],
            [
              134.1302566949,
              34.7143762442
            ],
            [
              134.1301794856,
              34.7135175726
            ],
            [
              134.1299396588,
              34.7131009292
            ],
            [
              134.1302869051,
              34.7130298136
            ],
            [
              134.130648677,
              34.7131316985
            ],
            [
              134.1310378701,
              34.7130409315
            ],
            [
              134.1310263487,
              34.7128507507
            ],
            [
              134.1304010358,
              34.7122282295
            ],
            [
              134.1317162423,
              34.7113028641
            ],
            [
              134.1328023478,
              34.710771373
            ],
            [
              134.1332655544,
              34.7103999869
            ],
            [
              134.1336295408,
              34.7102333866
            ]
          ]
        ]
      }
    },
    {
      "type": "Feature",
      "properties": {
        "key_code": "33212097003",
        "pref": "岡山県",
        "city": "瀬戸内市",
        "ward": "",
        "district": "長船町磯上",
        "name": "瀬戸内市  長船町磯上"
      },
      "geometry": {
        "type": "Polygon",
        "coordinates": [
          [
            [
              134.1426428823,
              34.7090624778
            ],
            [
              134.1434821089,
              34.7092512713
            ],
            [
              134.143984826,
              34.7095474386
            ],
            [
              134.1449779913,
              34.7098745051
            ],
            [
              134.1455425478,
              34.7102857049
            ],
            [
              134.1446705907,
              34.7103533811
            ],
            [
              134.1434659676,
              34.710698171
            ],
            [
              134.1419838476,
              34.7115503171
            ],
            [
              134.1415815709,
              34.7113586778
            ],
            [
              134.1410759627,
              34.7104680644
            ],
            [
              134.1402461922,
              34.7098865485
            ],
            [
              134.1385956975,
              34.7094540193
            ],
            [
              134.1375678296,
              34.7093251777
            ],
            [
              134.1364175963,
              34.7093144529
            ],
            [
              134.1361260223,
              34.7094200506
            ],
            [
              134.1358384572,
              34.7096424259
            ],
            [
              134.1357821579,
              34.7098971505
            ],
            [
              134.135836893,
              34.710300522
            ],
            [
              134.1353526422,
              34.7103632651
            ],
            [
              134.1351785987,
              34.7105913165
            ],
            [
              134.1351781096,
              34.7107964079
            ],
            [
              134.1356694868,
              34.7113420522
            ],
            [
              134.1359777105,
              34.7114380551
            ],
            [
              134.1364065884,
              34.7114400161
            ],
            [
              134.136210766,
              34.7116724008
            ],
            [
              134.1361804159,
              34.7119821037
            ],
            [
              134.1359555229,
              34.7121182331
            ],
            [
              134.1357590276,
              34.7124180881
            ],
            [
              134.1336295408,
              34.7102333866
            ],
            [
              134.1332655544,
              34.7103999869
            ],
            [
              134.1328023478,
              34.710771373
            ],
            [
              134.1317162423,
              34.7113028641
            ],
            [
              134.1308056555,
              34.7119473285
            ],
            [
              134.1293344837,
              34.7103710337
            ],
            [
              134.1265630667,
              34.70717024
            ],
            [
              134.1282854576,
              34.7061922183
            ],
            [
              134.1285568944,
              34.7064793259
            ],
            [
              134.1295448905,
              34.705874166
            ],
            [
              134.1315500009,
              34.7078643429
            ],
            [
              134.1355955779,
              34.7054301727
            ],
            [
              134.1369998333,
              34.7049480159
            ],
            [
              134.1374121624,
              34.7053890071
            ],
            [
              134.1380924629,
              34.7057474579
            ],
            [
              134.1381049211,
              34.7059173551
            ],
            [
              134.1377801613,
              34.7064774608
            ],
            [
              134.1378439319,
              34.7066864591
            ],
            [
              134.1387897739,
              34.7070664609
            ],
            [
              134.1393864695,
              34.7074618191
            ],
            [
              134.1395833989,
              34.7075152358
            ],
            [
              134.1400290561,
              34.7074628375
            ],
            [
              134.1406809769,
              34.7080635113
            ],
            [
              134.1411293538,
              34.70867978
            ],
            [
              134.1414909102,
              34.7088731869
            ],
            [
              134.1416998736,
              34.7089318607
            ],
            [
              134.1419746785,
              34.708799036
            ],
            [
              134.1425763002,
              34.7089261332
            ],
            [
              134.1426428823,
              34.7090624778
            ]
          ]
        ]
      }
    },
    {
      "type": "Feature",
      "properties": {
        "key_code": "33212097005",
        "pref": "岡山県",
        "city": "瀬戸内市",
        "ward": "",
        "district": "長船町磯上",
        "name": "瀬戸内市  長船町磯上"
      },
      "geometry": {
        "type": "Polygon",
        "coordinates": [
          [
            [
              134.1358886689,
              34.7053085201
            ],
            [
              134.1315500009,
              34.7078643429
            ],
            [
              134.1295448905,
              34.705874166
            ],
            [
              134.1286764336,
              34.704906267
            ],
            [
              134.1267914242,
              34.7023353544
            ],
            [
              134.1258481546,
              34.7013785856
            ],
            [
              134.1288543092,
              34.6996644939
            ],
            [
              134.1295147855,
              34.7004653992
            ],
            [
              134.133070421,
              34.6984323647
            ],
            [
              134.1345219562,
              34.6989067644
            ],
            [
              134.1359088574,
              34.69948231
            ],
            [
              134.1362553725,
              34.6997121875
            ],
            [
              134.1372686488,
              34.6997826941
            ],
            [
              134.1378656684,
              34.6997606881
            ],
            [
              134.1383102457,
              34.6996237773
            ],
            [
              134.139213395,
              34.6996078862
            ],
            [
              134.1393144251,
              34.6997372143
            ],
            [
              134.1392430287,
              34.7001300999
            ],
            [
              134.138196124,
              34.7013418002
            ],
            [
              134.1376220999,
              34.7028307561
            ],
            [
              134.1366997115,
              34.7035278018
            ],
            [
              134.1358708754,
              34.7047033557
            ],
            [
              134.1356081738,
              34.7049485917
            ],
            [
              134.1358886689,
              34.7053085201
            ]
          ]
        ]
      }
    },
    {
      "type": "Feature",
      "properties": {
        "key_code": "33212097006",
        "pref": "岡山県",
        "city": "瀬戸内市",
        "ward": "",
        "district": "長船町磯上",
        "name": "瀬戸内市  長船町磯上"
      },
      "geometry": {
        "type": "Polygon",
        "coordinates": [
          [
            [
              134.1416998736,
              34.7089318607
            ],
            [
              134.1411293538,
              34.70867978
            ],
            [
              134.1406809769,
              34.7080635113
            ],
            [
              134.1400290561,
              34.7074628375
            ],
            [
              134.1395833989,
              34.7075152358
            ],
            [
              134.1393864695,
              34.7074618191
            ],
            [
              134.1387897739,
              34.7070664609
            ],
            [
              134.1378439319,
              34.7066864591
            ],
            [
              134.1377801613,
              34.7064774608
            ],
            [
              134.1381049211,
              34.7059173551
            ],
            [
              134.1380924629,
              34.7057474579
            ],
            [
              134.1374121624,
              34.7053890071
            ],
            [
              134.1369998333,
              34.7049480159
            ],
            [
              134.1358886689,
              34.7053085201
            ],
            [
              134.1356081738,
              34.7049485917
            ],
            [
              134.1358708754,
              34.7047033557
            ],
            [
              134.1366997115,
              34.7035278018
            ],
            [
              134.1376220999,
              34.7028307561
            ],
            [
              134.138196124,
              34.7013418002
            ],
            [
              134.1392430287,
              34.7001300999
            ],
            [
              134.1393140057,
              34.6999172327
            ],
            [
              134.1392749494,
              34.6996606657
            ],
            [
              134.1391016625,
              34.6995792558
            ],
            [
              134.1387823362,
              34.6995901584
            ],
            [
              134.1383102457,
              34.6996237773
            ],
            [
              134.1378656684,
              34.6997606881
            ],
            [
              134.1372686488,
              34.6997826941
            ],
            [
              134.1362553725,
              34.6997121875
            ],
            [
              134.1359088574,
              34.69948231
            ],
            [
              134.1345219562,
              34.6989067644
            ],
            [
              134.133070421,
              34.6984323647
            ],
            [
              134.1341937752,
              34.6976924415
            ],
            [
              134.1358956932,
              34.6972955843
            ],
            [
              134.1378220636,
              34.6974940462
            ],
            [
              134.1391477267,
              34.6977354759
            ],
            [
              134.1417047201,
              34.699943252
            ],
            [
              134.1423176776,
              34.7003811565
            ],
            [
              134.1425400323,
              34.7007766141
            ],
            [
              134.1422551935,
              34.7021282815
            ],
            [
              134.1448206473,
              34.703054183
            ],
            [
              134.1454658562,
              34.7045213986
            ],
            [
              134.1456885139,
              34.704802759
            ],
            [
              134.1457471838,
              34.704710726
            ],
            [
              134.1463536792,
              34.7045009254
            ],
            [
              134.1469705348,
              34.7044141092
            ],
            [
              134.1473953464,
              34.7046166099
            ],
            [
              134.147841084,
              34.7049773287
            ],
            [
              134.1483831599,
              34.7050482987
            ],
            [
              134.1488724137,
              34.7049701547
            ],
            [
              134.149392863,
              34.7051991339
            ],
            [
              134.150200711,
              34.7052881016
            ],
            [
              134.1504981053,
              34.7054202521
            ],
            [
              134.1511031317,
              34.7058776868
            ],
            [
              134.1526894604,
              34.7073420413
            ],
            [
              134.1531141418,
              34.7076236864
            ],
            [
              134.1539958562,
              34.7079850238
            ],
            [
              134.1552511342,
              34.7076794963
            ],
            [
              134.1559855515,
              34.7073117875
            ],
            [
              134.1569863857,
              34.706645831
            ],
            [
              134.157429489,
              34.7057641116
            ],
            [
              134.158324341,
              34.7049224785
            ],
            [
              134.1587181987,
              34.7046948452
            ],
            [
              134.1591137006,
              34.7036768389
            ],
            [
              134.15988633,
              34.7031292815
            ],
            [
              134.1607077472,
              34.7038946238
            ],
            [
              134.1609457388,
              34.7042817678
            ],
            [
              134.1611715288,
              34.7050196386
            ],
            [
              134.1611111829,
              34.705334378
            ],
            [
              134.1607887457,
              34.7058155268
            ],
            [
              134.1612104835,
              34.7061688414
            ],
            [
              134.1611199023,
              34.7066751105
            ],
            [
              134.1612019762,
              34.7069558226
            ],
            [
              134.1611965114,
              34.707384315
            ],
            [
              134.1613222072,
              34.7076707231
            ],
            [
              134.1610636745,
              34.7083379002
            ],
            [
              134.1613934739,
              34.7087441878
            ],
            [
              134.1619487925,
              34.7089193573
            ],
            [
              134.1623476444,
              34.7092498146
            ],
            [
              134.1632790665,
              34.7096607428
            ],
            [
              134.1632741399,
              34.7098238537
            ],
            [
              134.1630600687,
              34.7100794994
            ],
            [
              134.163035749,
              34.7107506691
            ],
            [
              134.163729782,
              34.7115903247
            ],
            [
              134.1642516018,
              34.7118458676
            ],
            [
              134.1642790262,
              34.7126965684
            ],
            [
              134.16475923,
              34.7131064357
            ],
            [
              134.1646930463,
              34.713401167
            ],
            [
              134.1652879857,
              34.7145994527
            ],
            [
              134.1648082362,
              34.7150725066
            ],
            [
              134.1643369464,
              34.7153834395
            ],
            [
              134.16320174,
              34.7156416083
            ],
            [
              134.1628612164,
              34.7158066447
            ],
            [
              134.1622601075,
              34.7157942522
            ],
            [
              134.1616517732,
              34.7158991828
            ],
            [
              134.160873616,
              34.7158749827
            ],
            [
              134.1605749109,
              34.7160976839
            ],
            [
              134.1604719909,
              34.7162937584
            ],
            [
              134.1603034998,
              34.7166436999
            ],
            [
              134.1601576735,
              34.7173015965
            ],
            [
              134.1596545571,
              34.7183377606
            ],
            [
              134.1595938139,
              34.7184147257
            ],
            [
              134.1590296678,
              34.718544783
            ],
            [
              134.1586554799,
              34.719198268
            ],
            [
              134.157689374,
              34.7187833162
            ],
            [
              134.1574890115,
              34.7187714782
            ],
            [
              134.1557533257,
              34.719941076
            ],
            [
              134.1550134298,
              34.7202182003
            ],
            [
              134.1537766235,
              34.7208699847
            ],
            [
              134.1532167827,
              34.7214227434
            ],
            [
              134.153093859,
              34.7217851381
            ],
            [
              134.1526003072,
              34.722328835
            ],
            [
              134.15229603,
              34.7231010044
            ],
            [
              134.1516153613,
              34.72353821
            ],
            [
              134.1512231195,
              34.7240834596
            ],
            [
              134.1512218591,
              34.7246599991
            ],
            [
              134.1515000784,
              34.7251677932
            ],
            [
              134.1521594115,
              34.7259760469
            ],
            [
              134.151944443,
              34.7263522468
            ],
            [
              134.1512155947,
              34.7267637397
            ],
            [
              134.1498817997,
              34.726118288
            ],
            [
              134.1486303925,
              34.7257970669
            ],
            [
              134.1482754542,
              34.7256356657
            ],
            [
              134.1477481737,
              34.7256774039
            ],
            [
              134.1467494061,
              34.7264187717
            ],
            [
              134.1458634674,
              34.7266846221
            ],
            [
              134.1452914429,
              34.7262248176
            ],
            [
              134.1448101424,
              34.7262004085
            ],
            [
              134.1440887453,
              34.7259248936
            ],
            [
              134.1437453767,
              34.725725747
            ],
            [
              134.1433222146,
              34.7253370174
            ],
            [
              134.1432346796,
              34.7247621717
            ],
            [
              134.1434189654,
              34.7243649521
            ],
            [
              134.1432652284,
              34.7239342437
            ],
            [
              134.1430595713,
              34.7236595268
            ],
            [
              134.1424126595,
              34.7233982036
            ],
            [
              134.141341509,
              34.72321678
            ],
            [
              134.1406429554,
              34.72298382
            ],
            [
              134.1404599602,
              34.7228180189
            ],
            [
              134.1402374666,
              34.7223964943
            ],
            [
              134.1395958142,
              34.7223481448
            ],
            [
              134.1395336683,
              34.7219649059
            ],
            [
              134.1396097712,
              34.7212694587
            ],
            [
              134.1393065343,
              34.721065573
            ],
            [
              134.1385020341,
              34.7208253873
            ],
            [
              134.1377640927,
              34.7202942863
            ],
            [
              134.137116823,
              34.7189802843
            ],
            [
              134.1367108789,
              34.7186059268
            ],
            [
              134.1354743074,
              34.7181449996
            ],
            [
              134.1348986574,
              34.7180564464
            ],
            [
              134.134612054,
              34.7181127435
            ],
            [
              134.1339465332,
              34.7184664752
            ],
            [
              134.1336779787,
              34.718153745
            ],
            [
              134.1335823504,
              34.7174108326
            ],
            [
              134.1333533197,
              34.7173442505
            ],
            [
              134.1325563709,
              34.7175511215
            ],
            [
              134.1319173182,
              34.7176186585
            ],
            [
              134.1315566784,
              34.7174808596
            ],
            [
              134.1305368111,
              34.7174649281
            ],
            [
              134.1302730632,
              34.7175402689
            ],
            [
              134.1296720431,
              34.7172883867
            ],
            [
              134.12887563,
              34.7172729578
            ],
            [
              134.1284865466,
              34.7170498828
            ],
            [
              134.1264615337,
              34.7176470649
            ],
            [
              134.1263845648,
              34.7167057072
            ],
            [
              134.1262108681,
              34.7162818442
            ],
            [
              134.1260279651,
              34.7160970051
            ],
            [
              134.1249691992,
              34.7156033046
            ],
            [
              134.1247119251,
              34.7153756548
            ],
            [
              134.1246963701,
              34.7147227422
            ],
            [
              134.1248792311,
              34.7137697174
            ],
            [
              134.1252412297,
              34.7141816511
            ],
            [
              134.125486897,
              34.7142574334
            ],
            [
              134.1258382541,
              34.7142000018
            ],
            [
              134.1262187159,
              34.7137308851
            ],
            [
              134.1268633009,
              34.7143990988
            ],
            [
              134.1276993039,
              34.7143540375
            ],
            [
              134.1286416467,
              34.7139091089
            ],
            [
              134.1289092378,
              34.7136368561
            ],
            [
              134.1294507035,
              34.7133883059
            ],
            [
              134.1297386906,
              34.7133887905
            ],
            [
              134.1301858791,
              34.7136680218
            ],
            [
              134.1302566949,
              34.7143762442
            ],
            [
              134.1306365894,
              34.7144115329
            ],
            [
              134.1307617289,
              34.7146340191
            ],
            [
              134.1309111869,
              34.7146937125
            ],
            [
              134.1316322428,
              34.7146998456
            ],
            [
              134.1320456798,
              34.7144879763
            ],
            [
              134.1322766208,
              34.7142536877
            ],
            [
              134.1326565792,
              34.7142716434
            ],
            [
              134.1330630837,
              34.7144403634
            ],
            [
              134.1336434465,
              34.7151046322
            ],
            [
              134.1342199657,
              34.7161320296
            ],
            [
              134.1359947906,
              34.7165513084
            ],
            [
              134.136264136,
              34.7165320244
            ],
            [
              134.1371506921,
              34.7161529926
            ],
            [
              134.1376564728,
              34.7161069005
            ],
            [
              134.1386666899,
              34.7165877278
            ],
            [
              134.1396461875,
              34.7174095203
            ],
            [
              134.1422021479,
              34.7184339569
            ],
            [
              134.1425194722,
              34.7183702228
            ],
            [
              134.1431605632,
              34.7180352745
            ],
            [
              134.144025137,
              34.7181081804
            ],
            [
              134.1442169875,
              34.7179504336
            ],
            [
              134.1439784227,
              34.7175991781
            ],
            [
              134.1429661213,
              34.717115714
            ],
            [
              134.1414312222,
              34.7166428284
            ],
            [
              134.1411533909,
              34.7163575695
            ],
            [
              134.1410001814,
              34.715913335
            ],
            [
              134.141043317,
              34.7153234791
            ],
            [
              134.141269662,
              34.7151780454
            ],
            [
              134.1417261967,
              34.7150672031
            ],
            [
              134.1417205421,
              34.714725748
            ],
            [
              134.1413407353,
              34.7145475248
            ],
            [
              134.1402130015,
              34.7144951725
            ],
            [
              134.1399844377,
              34.7137599407
            ],
            [
              134.1385967506,
              34.7140417048
            ],
            [
              134.1381700299,
              34.7128496251
            ],
            [
              134.1382140491,
              34.7123455559
            ],
            [
              134.1379400255,
              34.7122744045
            ],
            [
              134.1375208971,
              34.7119694735
            ],
            [
              134.1370629246,
              34.7117811109
            ],
            [
              134.1369562343,
              34.7116147239
            ],
            [
              134.1369419794,
              34.7112946664
            ],
            [
              134.1367963677,
              34.7112766838
            ],
            [
              134.1363289694,
              34.7114598924
            ],
            [
              134.135862095,
              34.7114130765
            ],
            [
              134.1356694868,
              34.7113420522
            ],
            [
              134.1351781096,
              34.7107964079
            ],
            [
              134.1351785987,
              34.7105913165
            ],
            [
              134.1352883011,
              34.7103951362
            ],
            [
              134.135879876,
              34.7102474875
            ],
            [
              134.1357821579,
              34.7098971505
            ],
            [
              134.1358384572,
              34.7096424259
            ],
            [
              134.1361260223,
              34.7094200506
            ],
            [
              134.1365332713,
              34.7093039341
            ],
            [
              134.1375678296,
              34.7093251777
            ],
            [
              134.1385956975,
              34.7094540193
            ],
            [
              134.1402461922,
              34.7098865485
            ],
            [
              134.1410759627,
              34.7104680644
            ],
            [
              134.1415815709,
              34.7113586778
            ],
            [
              134.1419838476,
              34.7115503171
            ],
            [
              134.1434659676,
              34.710698171
            ],
            [
              134.1446705907,
              34.7103533811
            ],
            [
              134.1455425478,
              34.7102857049
            ],
            [
              134.1449779913,
              34.7098745051
            ],
            [
              134.143984826,
              34.7095474386
            ],
            [
              134.1434821089,
              34.7092512713
            ],
            [
              134.1426428823,
              34.7090624778
            ],
            [
              134.1425763002,
              34.7089261332
            ],
            [
              134.1419746785,
              34.708799036
            ],
            [
              134.1416998736,
              34.7089318607
            ]
          ]
        ]
      }
    },
    {
      "type": "Feature",
      "properties": {
        "key_code": "33212098001",
        "pref": "岡山県",
        "city": "瀬戸内市",
        "ward": "",
        "district": "長船町牛文",
        "name": "瀬戸内市  長船町牛文"
      },
      "geometry": {
        "type": "Polygon",
        "coordinates": [
          [
            [
              134.133070421,
              34.6984323647
            ],
            [
              134.1316445859,
              34.6992519251
            ],
            [
              134.1315220096,
              34.6989490155
            ],
            [
              134.1297073774,
              34.6968319796
            ],
            [
              134.1274626392,
              34.6974933422
            ],
            [
              134.1271026854,
              34.6976669764
            ],
            [
              134.1265431505,
              34.6971513289
            ],
            [
              134.1249017832,
              34.6960399738
            ],
            [
              134.1202240972,
              34.6962984802
            ],
            [
              134.1202174055,
              34.6961893027
            ],
            [
              134.1224471846,
              34.694963817
            ],
            [
              134.12266232,
              34.6944644202
            ],
            [
              134.1225526909,
              34.6940919391
            ],
            [
              134.1226706306,
              34.6935863173
            ],
            [
              134.122964553,
              34.6935317481
            ],
            [
              134.1232891716,
              34.6932841123
            ],
            [
              134.1251875784,
              34.6925434838
            ],
            [
              134.1254413839,
              34.6921717646
            ],
            [
              134.125734096,
              34.692035205
            ],
            [
              134.1258455305,
              34.6917091625
            ],
            [
              134.1264676151,
              34.6910019725
            ],
            [
              134.1275526378,
              34.6900182042
            ],
            [
              134.1283593419,
              34.6897323437
            ],
            [
              134.1290160399,
              34.689660336
            ],
            [
              134.129702936,
              34.6898419233
            ],
            [
              134.1300371547,
              34.6908356885
            ],
            [
              134.1299206249,
              34.6909612831
            ],
            [
              134.1301942388,
              34.6913407946
            ],
            [
              134.1302577686,
              34.6915824757
            ],
            [
              134.1299603012,
              34.691939486
            ],
            [
              134.1290107385,
              34.6926116378
            ],
            [
              134.1293222346,
              34.6930689688
            ],
            [
              134.1297342848,
              34.693390819
            ],
            [
              134.1299680221,
              34.6936908195
            ],
            [
              134.1300926936,
              34.6943316616
            ],
            [
              134.1300638671,
              34.6946460146
            ],
            [
              134.1302196921,
              34.6948416483
            ],
            [
              134.1311860747,
              34.694674362
            ],
            [
              134.1349636771,
              34.6952495003
            ],
            [
              134.1350398637,
              34.6956090976
            ],
            [
              134.1348356618,
              34.6956336987
            ],
            [
              134.134540029,
              34.6959315582
            ],
            [
              134.1342457906,
              34.6960203824
            ],
            [
              134.1337781059,
              34.6963124646
            ],
            [
              134.1331145435,
              34.6971434332
            ],
            [
              134.1329101313,
              34.6976323016
            ],
            [
              134.132887821,
              34.6979108844
            ],
            [
              134.133070421,
              34.6984323647
            ]
          ]
        ]
      }
    },
    {
      "type": "Feature",
      "properties": {
        "key_code": "33212098004",
        "pref": "岡山県",
        "city": "瀬戸内市",
        "ward": "",
        "district": "長船町牛文",
        "name": "瀬戸内市  長船町牛文"
      },
      "geometry": {
        "type": "Polygon",
        "coordinates": [
          [
            [
              134.1410642677,
              34.6902575223
            ],
            [
              134.1395693533,
              34.6911076609
            ],
            [
              134.1390404784,
              34.691033998
            ],
            [
              134.1388967943,
              34.6907821908
            ],
            [
              134.1385441309,
              34.6907617693
            ],
            [
              134.1382875132,
              34.6908175649
            ],
            [
              134.1378537147,
              34.6912141029
            ],
            [
              134.1385194455,
              34.6918955243
            ],
            [
              134.1388664158,
              34.6926277108
            ],
            [
              134.1391562463,
              34.6929476444
            ],
            [
              134.140186695,
              34.6944952276
            ],
            [
              134.1395948897,
              34.6947575638
            ],
            [
              134.1386350736,
              34.6947080075
            ],
            [
              134.138041722,
              34.6947732683
            ],
            [
              134.1366300809,
              34.6951054116
            ],
            [
              134.1354652995,
              34.6952838359
            ],
            [
              134.1311860747,
              34.694674362
            ],
            [
              134.1302717181,
              34.6948813166
            ],
            [
              134.1300638671,
              34.6946460146
            ],
            [
              134.1300926936,
              34.6943316616
            ],
            [
              134.1299680221,
              34.6936908195
            ],
            [
              134.1297342848,
              34.693390819
            ],
            [
              134.1293222346,
              34.6930689688
            ],
            [
              134.1290107385,
              34.6926116378
            ],
            [
              134.1299603012,
              34.691939486
            ],
            [
              134.1302577686,
              34.6915824757
            ],
            [
              134.1301942388,
              34.6913407946
            ],
            [
              134.1299206249,
              34.6909612831
            ],
            [
              134.1300371547,
              34.6908356885
            ],
            [
              134.129702936,
              34.6898419233
            ],
            [
              134.1290160399,
              34.689660336
            ],
            [
              134.1295492787,
              34.6895751591
            ],
            [
              134.1301943509,
              34.6896622977
            ],
            [
              134.130651663,
              34.6894876835
            ],
            [
              134.1314252512,
              34.6894624803
            ],
            [
              134.1318869198,
              34.6891519385
            ],
            [
              134.1321395877,
              34.6890730489
            ],
            [
              134.1323328749,
              34.6891139344
            ],
            [
              134.1326848254,
              34.6894173638
            ],
            [
              134.1330052357,
              34.6895071942
            ],
            [
              134.1335697207,
              34.6893254199
            ],
            [
              134.1350167323,
              34.6892517073
            ],
            [
              134.1354335868,
              34.6891146184
            ],
            [
              134.1357587324,
              34.6888182071
            ],
            [
              134.1356979805,
              34.6885501908
            ],
            [
              134.1353965708,
              34.6880934531
            ],
            [
              134.135539693,
              34.6878237934
            ],
            [
              134.1355141235,
              34.6875159697
            ],
            [
              134.1356591193,
              34.6873894284
            ],
            [
              134.1367174392,
              34.6875884787
            ],
            [
              134.1370771057,
              34.6875166531
            ],
            [
              134.1371556817,
              34.6874159221
            ],
            [
              134.1372586015,
              34.6874403151
            ],
            [
              134.1374207389,
              34.6878797806
            ],
            [
              134.1373553208,
              34.688419317
            ],
            [
              134.1374509908,
              34.6886445664
            ],
            [
              134.1385967059,
              34.6880091354
            ],
            [
              134.140712103,
              34.6891695177
            ],
            [
              134.1401340546,
              34.6895658371
            ],
            [
              134.140611941,
              34.690011853
            ],
            [
              134.1410642677,
              34.6902575223
            ]
          ]
        ]
      }
    },
    {
      "type": "Feature",
      "properties": {
        "key_code": "33212098005",
        "pref": "岡山県",
        "city": "瀬戸内市",
        "ward": "",
        "district": "長船町牛文",
        "name": "瀬戸内市  長船町牛文"
      },
      "geometry": {
        "type": "Polygon",
        "coordinates": [
          [
            [
              134.1295492787,
              34.6895751591
            ],
            [
              134.1283593419,
              34.6897323437
            ],
            [
              134.1275526378,
              34.6900182042
            ],
            [
              134.1264676151,
              34.6910019725
            ],
            [
              134.1258455305,
              34.6917091625
            ],
            [
              134.125734096,
              34.692035205
            ],
            [
              134.1254413839,
              34.6921717646
            ],
            [
              134.1251875784,
              34.6925434838
            ],
            [
              134.1232891716,
              34.6932841123
            ],
            [
              134.122964553,
              34.6935317481
            ],
            [
              134.1226706306,
              34.6935863173
            ],
            [
              134.1229776714,
              34.6925639248
            ],
            [
              134.1241808676,
              34.6912969864
            ],
            [
              134.1242115554,
              34.6909882743
            ],
            [
              134.1237274952,
              34.6902341277
            ],
            [
              134.1229180708,
              34.6895442163
            ],
            [
              134.1227776172,
              34.6889140507
            ],
            [
              134.1229281067,
              34.688531312
            ],
            [
              134.1233855461,
              34.6879826037
            ],
            [
              134.1239297439,
              34.6871282345
            ],
            [
              134.1245592513,
              34.6865303707
            ],
            [
              134.1282250156,
              34.6840014249
            ],
            [
              134.1306368278,
              34.6851850346
            ],
            [
              134.1323402001,
              34.685657057
            ],
            [
              134.1338651659,
              34.6857089913
            ],
            [
              134.1352872971,
              34.6851913717
            ],
            [
              134.1358869281,
              34.6857793167
            ],
            [
              134.1362017892,
              34.6863935642
            ],
            [
              134.1366636777,
              34.6870504416
            ],
            [
              134.1371556817,
              34.6874159221
            ],
            [
              134.1370771057,
              34.6875166531
            ],
            [
              134.1367174392,
              34.6875884787
            ],
            [
              134.1359155721,
              34.6873988571
            ],
            [
              134.1355932346,
              34.687432848
            ],
            [
              134.1354963731,
              34.6876028525
            ],
            [
              134.135539693,
              34.6878237934
            ],
            [
              134.1353965708,
              34.6880934531
            ],
            [
              134.1356979805,
              34.6885501908
            ],
            [
              134.1357587324,
              34.6888182071
            ],
            [
              134.1354335868,
              34.6891146184
            ],
            [
              134.1350167323,
              34.6892517073
            ],
            [
              134.1335697207,
              34.6893254199
            ],
            [
              134.1330052357,
              34.6895071942
            ],
            [
              134.1326848254,
              34.6894173638
            ],
            [
              134.1323328749,
              34.6891139344
            ],
            [
              134.1321395877,
              34.6890730489
            ],
            [
              134.1318869198,
              34.6891519385
            ],
            [
              134.1314252512,
              34.6894624803
            ],
            [
              134.130651663,
              34.6894876835
            ],
            [
              134.1301943509,
              34.6896622977
            ],
            [
              134.1295492787,
              34.6895751591
            ]
          ]
        ]
      }
    },
    {
      "type": "Feature",
      "properties": {
        "key_code": "33212099001",
        "pref": "岡山県",
        "city": "瀬戸内市",
        "ward": "",
        "district": "長船町飯井島新田",
        "name": "瀬戸内市  長船町飯井島新田"
      },
      "geometry": {
        "type": "Polygon",
        "coordinates": [
          [
            [
              134.1497162467,
              34.6977259944
            ],
            [
              134.1496615812,
              34.6978053574
            ],
            [
              134.1494397872,
              34.6978403809
            ],
            [
              134.1486797458,
              34.6976857014
            ],
            [
              134.1485150964,
              34.6978319474
            ],
            [
              134.1481583891,
              34.6978223939
            ],
            [
              134.1480239289,
              34.6980150275
            ],
            [
              134.1473277195,
              34.6980318621
            ],
            [
              134.146733925,
              34.6976862752
            ],
            [
              134.1462929276,
              34.6976643326
            ],
            [
              134.1461073421,
              34.6975140337
            ],
            [
              134.1458219002,
              34.6975350078
            ],
            [
              134.1456394917,
              34.6969293129
            ],
            [
              134.1451604255,
              34.6965286779
            ],
            [
              134.1449739589,
              34.6967712335
            ],
            [
              134.144533892,
              34.6963312144
            ],
            [
              134.1437304957,
              34.6959585267
            ],
            [
              134.1428933857,
              34.6961447119
            ],
            [
              134.1422566971,
              34.6966151781
            ],
            [
              134.1421054963,
              34.6965542314
            ],
            [
              134.1415986207,
              34.6960373291
            ],
            [
              134.1402370671,
              34.6958281271
            ],
            [
              134.1398679242,
              34.6955865334
            ],
            [
              134.1388858977,
              34.6957957046
            ],
            [
              134.1384367769,
              34.6955520081
            ],
            [
              134.1370786525,
              34.6957321116
            ],
            [
              134.1357016824,
              34.6956494673
            ],
            [
              134.1351631949,
              34.6957146602
            ],
            [
              134.134540029,
              34.6959315582
            ],
            [
              134.1348356618,
              34.6956336987
            ],
            [
              134.1350398637,
              34.6956090976
            ],
            [
              134.1349636771,
              34.6952495003
            ],
            [
              134.1358180867,
              34.6952513039
            ],
            [
              134.1386350736,
              34.6947080075
            ],
            [
              134.1394425037,
              34.6947870438
            ],
            [
              134.140186695,
              34.6944952276
            ],
            [
              134.1391562463,
              34.6929476444
            ],
            [
              134.1388664158,
              34.6926277108
            ],
            [
              134.1385194455,
              34.6918955243
            ],
            [
              134.1378537147,
              34.6912141029
            ],
            [
              134.1382875132,
              34.6908175649
            ],
            [
              134.13881269,
              34.6907588154
            ],
            [
              134.1390404784,
              34.691033998
            ],
            [
              134.1395693533,
              34.6911076609
            ],
            [
              134.1412440577,
              34.6901365228
            ],
            [
              134.1421982249,
              34.6908200665
            ],
            [
              134.1427189379,
              34.6905684539
            ],
            [
              134.142999522,
              34.6901178519
            ],
            [
              134.1440600414,
              34.6896383119
            ],
            [
              134.145237829,
              34.690779132
            ],
            [
              134.1482110637,
              34.6944460577
            ],
            [
              134.1483828427,
              34.694906793
            ],
            [
              134.1486985121,
              34.6951625067
            ],
            [
              134.1491786882,
              34.6958383707
            ],
            [
              134.1492465318,
              34.6962028764
            ],
            [
              134.1496147066,
              34.6965406477
            ],
            [
              134.1496565231,
              34.6970316068
            ],
            [
              134.1495405733,
              34.6973694967
            ],
            [
              134.1497162467,
              34.6977259944
            ]
          ]
        ]
      }
    },
    {
      "type": "Feature",
      "properties": {
        "key_code": "33212099003",
        "pref": "岡山県",
        "city": "瀬戸内市",
        "ward": "",
        "district": "長船町飯井東谷",
        "name": "瀬戸内市  長船町飯井東谷"
      },
      "geometry": {
        "type": "Polygon",
        "coordinates": [
          [
            [
              134.1469081097,
              34.6928669988
            ],
            [
              134.1478678646,
              34.6922386614
            ],
            [
              134.1499524296,
              34.691125321
            ],
            [
              134.1503909479,
              34.6907738198
            ],
            [
              134.1512626334,
              34.6925041947
            ],
            [
              134.1526294323,
              34.6923778876
            ],
            [
              134.1539194777,
              34.6920903064
            ],
            [
              134.1549277818,
              34.692029091
            ],
            [
              134.1555654945,
              34.6918463307
            ],
            [
              134.1570413618,
              34.6916208227
            ],
            [
              134.157413045,
              34.6917544702
            ],
            [
              134.1571507303,
              34.69246038
            ],
            [
              134.1573089494,
              34.6927227519
            ],
            [
              134.1565638238,
              34.6926182884
            ],
            [
              134.1563294723,
              34.6934519984
            ],
            [
              134.1564157523,
              34.6934842394
            ],
            [
              134.1563847622,
              34.6936522435
            ],
            [
              134.1565147937,
              34.6940734686
            ],
            [
              134.1566348794,
              34.6941332266
            ],
            [
              134.1567738741,
              34.6946216556
            ],
            [
              134.1560999983,
              34.6950800345
            ],
            [
              134.155447306,
              34.6947256681
            ],
            [
              134.1551517543,
              34.6946996028
            ],
            [
              134.1550657891,
              34.6948793589
            ],
            [
              134.1550648602,
              34.6953163068
            ],
            [
              134.154955451,
              34.6955539198
            ],
            [
              134.1545581288,
              34.695829568
            ],
            [
              134.1543393903,
              34.6962597177
            ],
            [
              134.154362408,
              34.6964075134
            ],
            [
              134.1551453397,
              34.697196626
            ],
            [
              134.1549439762,
              34.6975510187
            ],
            [
              134.154188337,
              34.6978710779
            ],
            [
              134.1544862524,
              34.6984587586
            ],
            [
              134.154851925,
              34.6986308598
            ],
            [
              134.1548445251,
              34.6988022756
            ],
            [
              134.1545377287,
              34.6990083298
            ],
            [
              134.1536115057,
              34.6992158696
            ],
            [
              134.1534010766,
              34.6993923404
            ],
            [
              134.153199587,
              34.6990353867
            ],
            [
              134.1529588179,
              34.6988421953
            ],
            [
              134.1528065385,
              34.6982075375
            ],
            [
              134.1524611857,
              34.6978247337
            ],
            [
              134.1502433086,
              34.6972705383
            ],
            [
              134.1499610844,
              34.6973712534
            ],
            [
              134.1497162467,
              34.6977259944
            ],
            [
              134.1495405733,
              34.6973694967
            ],
            [
              134.1496565231,
              34.6970316068
            ],
            [
              134.1496147066,
              34.6965406477
            ],
            [
              134.1492465318,
              34.6962028764
            ],
            [
              134.1491786882,
              34.6958383707
            ],
            [
              134.1486985121,
              34.6951625067
            ],
            [
              134.1483828427,
              34.694906793
            ],
            [
              134.1482110637,
              34.6944460577
            ],
            [
              134.1469081097,
              34.6928669988
            ]
          ]
        ]
      }
    },
    {
      "type": "Feature",
      "properties": {
        "key_code": "33212099004",
        "pref": "岡山県",
        "city": "瀬戸内市",
        "ward": "",
        "district": "長船町飯井",
        "name": "瀬戸内市  長船町飯井"
      },
      "geometry": {
        "type": "Polygon",
        "coordinates": [
          [
            [
              134.1616931431,
              34.6918145012
            ],
            [
              134.1603802154,
              34.6924856829
            ],
            [
              134.1593617785,
              34.6926487647
            ],
            [
              134.1573089494,
              34.6927227519
            ],
            [
              134.1571507303,
              34.69246038
            ],
            [
              134.157413045,
              34.6917544702
            ],
            [
              134.1570413618,
              34.6916208227
            ],
            [
              134.1555654945,
              34.6918463307
            ],
            [
              134.1549277818,
              34.692029091
            ],
            [
              134.1539194777,
              34.6920903064
            ],
            [
              134.1526294323,
              34.6923778876
            ],
            [
              134.1512626334,
              34.6925041947
            ],
            [
              134.1506630983,
              34.6913200646
            ],
            [
              134.1517968207,
              34.6911284818
            ],
            [
              134.1518126483,
              34.6904477182
            ],
            [
              134.1525448882,
              34.6898509781
            ],
            [
              134.1522442276,
              34.6897085468
            ],
            [
              134.1523670819,
              34.6892292329
            ],
            [
              134.1529911797,
              34.6885234437
            ],
            [
              134.1529595073,
              34.6882404053
            ],
            [
              134.1533373644,
              34.6883175874
            ],
            [
              134.1535360289,
              34.6882151893
            ],
            [
              134.1535679939,
              34.6880018294
            ],
            [
              134.1534669722,
              34.6877368607
            ],
            [
              134.1535904707,
              34.6867118446
            ],
            [
              134.1542562809,
              34.6865378635
            ],
            [
              134.1543291532,
              34.6863441438
            ],
            [
              134.1541844044,
              34.6862775873
            ],
            [
              134.1544508848,
              34.6861335916
            ],
            [
              134.1547813028,
              34.6862901455
            ],
            [
              134.1550220874,
              34.6867451964
            ],
            [
              134.1552988554,
              34.686953791
            ],
            [
              134.1553585197,
              34.6874085814
            ],
            [
              134.1555250665,
              34.6876013812
            ],
            [
              134.1559798841,
              34.6877737486
            ],
            [
              134.1574365671,
              34.6886345366
            ],
            [
              134.1580787534,
              34.6888488597
            ],
            [
              134.15939828,
              34.6890354017
            ],
            [
              134.1595619026,
              34.689118883
            ],
            [
              134.1604955455,
              34.6900742745
            ],
            [
              134.1605175154,
              34.6903981498
            ],
            [
              134.1607615429,
              34.6905851396
            ],
            [
              134.1615173342,
              34.6908300443
            ],
            [
              134.1616508458,
              34.6909330632
            ],
            [
              134.161774657,
              34.6912760976
            ],
            [
              134.1621521358,
              34.6916041355
            ],
            [
              134.1623457451,
              34.6916387785
            ],
            [
              134.1626571396,
              34.6914565173
            ],
            [
              134.1628269629,
              34.6914888723
            ],
            [
              134.1628220712,
              34.6916349399
            ],
            [
              134.16310882,
              34.6917415526
            ],
            [
              134.1632163836,
              34.6919066536
            ],
            [
              134.1624028589,
              34.6923149999
            ],
            [
              134.1621082136,
              34.6927015355
            ],
            [
              134.1619076939,
              34.6919655266
            ],
            [
              134.1616239372,
              34.6915176054
            ],
            [
              134.1616931431,
              34.6918145012
            ]
          ]
        ]
      }
    },
    {
      "type": "Feature",
      "properties": {
        "key_code": "33212099005",
        "pref": "岡山県",
        "city": "瀬戸内市",
        "ward": "",
        "district": "長船町飯井",
        "name": "瀬戸内市  長船町飯井"
      },
      "geometry": {
        "type": "Polygon",
        "coordinates": [
          [
            [
              134.1506630983,
              34.6913200646
            ],
            [
              134.1484468913,
              34.6870099036
            ],
            [
              134.1491519001,
              34.6872190126
            ],
            [
              134.1491020344,
              34.6869821495
            ],
            [
              134.1493468087,
              34.6867295275
            ],
            [
              134.1493400173,
              34.6862939709
            ],
            [
              134.1501922119,
              34.6865673873
            ],
            [
              134.1512783813,
              34.6870830025
            ],
            [
              134.1534940698,
              34.6875912482
            ],
            [
              134.1535360289,
              34.6882151893
            ],
            [
              134.1533373644,
              34.6883175874
            ],
            [
              134.1529595073,
              34.6882404053
            ],
            [
              134.1529911797,
              34.6885234437
            ],
            [
              134.1523670819,
              34.6892292329
            ],
            [
              134.1522442276,
              34.6897085468
            ],
            [
              134.1525448882,
              34.6898509781
            ],
            [
              134.1518126483,
              34.6904477182
            ],
            [
              134.1517968207,
              34.6911284818
            ],
            [
              134.1506630983,
              34.6913200646
            ]
          ]
        ]
      }
    },
    {
      "type": "Feature",
      "properties": {
        "key_code": "33212099006",
        "pref": "岡山県",
        "city": "瀬戸内市",
        "ward": "",
        "district": "長船町飯井",
        "name": "瀬戸内市  長船町飯井"
      },
      "geometry": {
        "type": "Polygon",
        "coordinates": [
          [
            [
              134.1503909479,
              34.6907738198
            ],
            [
              134.1499524296,
              34.691125321
            ],
            [
              134.1478678646,
              34.6922386614
            ],
            [
              134.1469081097,
              34.6928669988
            ],
            [
              134.145237829,
              34.690779132
            ],
            [
              134.1440600414,
              34.6896383119
            ],
            [
              134.1448398488,
              34.6892162245
            ],
            [
              134.1451103797,
              34.6889701331
            ],
            [
              134.1451284059,
              34.6888514143
            ],
            [
              134.1454610363,
              34.6886406324
            ],
            [
              134.1474971585,
              34.6876400978
            ],
            [
              134.1481307055,
              34.6872624162
            ],
            [
              134.1481503556,
              34.6871291901
            ],
            [
              134.1484468913,
              34.6870099036
            ],
            [
              134.1503909479,
              34.6907738198
            ]
          ]
        ]
      }
    },
    {
      "type": "Feature",
      "properties": {
        "key_code": "33212099007",
        "pref": "岡山県",
        "city": "瀬戸内市",
        "ward": "",
        "district": "長船町飯井",
        "name": "瀬戸内市  長船町飯井"
      },
      "geometry": {
        "type": "Polygon",
        "coordinates": [
          [
            [
              134.15988633,
              34.7031292815
            ],
            [
              134.1591137006,
              34.7036768389
            ],
            [
              134.1587181987,
              34.7046948452
            ],
            [
              134.158324341,
              34.7049224785
            ],
            [
              134.157429489,
              34.7057641116
            ],
            [
              134.1569863857,
              34.706645831
            ],
            [
              134.1559855515,
              34.7073117875
            ],
            [
              134.1552511342,
              34.7076794963
            ],
            [
              134.1539958562,
              34.7079850238
            ],
            [
              134.1531141418,
              34.7076236864
            ],
            [
              134.1526894604,
              34.7073420413
            ],
            [
              134.1511031317,
              34.7058776868
            ],
            [
              134.1504981053,
              34.7054202521
            ],
            [
              134.150200711,
              34.7052881016
            ],
            [
              134.149392863,
              34.7051991339
            ],
            [
              134.1488724137,
              34.7049701547
            ],
            [
              134.1483831599,
              34.7050482987
            ],
            [
              134.147841084,
              34.7049773287
            ],
            [
              134.1473953464,
              34.7046166099
            ],
            [
              134.1469705348,
              34.7044141092
            ],
            [
              134.1463536792,
              34.7045009254
            ],
            [
              134.1457471838,
              34.704710726
            ],
            [
              134.1456885139,
              34.704802759
            ],
            [
              134.1454658562,
              34.7045213986
            ],
            [
              134.1448206473,
              34.703054183
            ],
            [
              134.1422551935,
              34.7021282815
            ],
            [
              134.1425400323,
              34.7007766141
            ],
            [
              134.1423176776,
              34.7003811565
            ],
            [
              134.1417047201,
              34.699943252
            ],
            [
              134.1391477267,
              34.6977354759
            ],
            [
              134.1378220636,
              34.6974940462
            ],
            [
              134.1358956932,
              34.6972955843
            ],
            [
              134.1341937752,
              34.6976924415
            ],
            [
              134.133070421,
              34.6984323647
            ],
            [
              134.1329262845,
              34.6981037849
            ],
            [
              134.1329101313,
              34.6976323016
            ],
            [
              134.1333098854,
              34.6968258336
            ],
            [
              134.1337781059,
              34.6963124646
            ],
            [
              134.1342457906,
              34.6960203824
            ],
            [
              134.1351631949,
              34.6957146602
            ],
            [
              134.1362638196,
              34.695643189
            ],
            [
              134.1370786525,
              34.6957321116
            ],
            [
              134.1384367769,
              34.6955520081
            ],
            [
              134.1388858977,
              34.6957957046
            ],
            [
              134.1398679242,
              34.6955865334
            ],
            [
              134.1402370671,
              34.6958281271
            ],
            [
              134.1415986207,
              34.6960373291
            ],
            [
              134.1421054963,
              34.6965542314
            ],
            [
              134.1422566971,
              34.6966151781
            ],
            [
              134.1429972613,
              34.696102052
            ],
            [
              134.143652679,
              34.6959513628
            ],
            [
              134.1438774345,
              34.6959910107
            ],
            [
              134.144533892,
              34.6963312144
            ],
            [
              134.1449739589,
              34.6967712335
            ],
            [
              134.1451604255,
              34.6965286779
            ],
            [
              134.1454539529,
              34.6967504184
            ],
            [
              134.1457170136,
              34.6970687426
            ],
            [
              134.1458219002,
              34.6975350078
            ],
            [
              134.1461073421,
              34.6975140337
            ],
            [
              134.1462929276,
              34.6976643326
            ],
            [
              134.146733925,
              34.6976862752
            ],
            [
              134.1473277195,
              34.6980318621
            ],
            [
              134.1480239289,
              34.6980150275
            ],
            [
              134.1481583891,
              34.6978223939
            ],
            [
              134.1485150964,
              34.6978319474
            ],
            [
              134.1486797458,
              34.6976857014
            ],
            [
              134.1490902655,
              34.6978005558
            ],
            [
              134.1496615812,
              34.6978053574
            ],
            [
              134.1499610844,
              34.6973712534
            ],
            [
              134.1502433086,
              34.6972705383
            ],
            [
              134.1520005599,
              34.6976810809
            ],
            [
              134.1524611857,
              34.6978247337
            ],
            [
              134.1528065385,
              34.6982075375
            ],
            [
              134.1529588179,
              34.6988421953
            ],
            [
              134.153199587,
              34.6990353867
            ],
            [
              134.1534010766,
              34.6993923404
            ],
            [
              134.1536115057,
              34.6992158696
            ],
            [
              134.1545377287,
              34.6990083298
            ],
            [
              134.1548445251,
              34.6988022756
            ],
            [
              134.154851925,
              34.6986308598
            ],
            [
              134.1544862524,
              34.6984587586
            ],
            [
              134.154188337,
              34.6978710779
            ],
            [
              134.1549439762,
              34.6975510187
            ],
            [
              134.1551453397,
              34.697196626
            ],
            [
              134.154362408,
              34.6964075134
            ],
            [
              134.1543393903,
              34.6962597177
            ],
            [
              134.1545581288,
              34.695829568
            ],
            [
              134.154955451,
              34.6955539198
            ],
            [
              134.1550648602,
              34.6953163068
            ],
            [
              134.1550657891,
              34.6948793589
            ],
            [
              134.1551517543,
              34.6946996028
            ],
            [
              134.155447306,
              34.6947256681
            ],
            [
              134.1560999983,
              34.6950800345
            ],
            [
              134.1567738741,
              34.6946216556
            ],
            [
              134.1566348794,
              34.6941332266
            ],
            [
              134.1565147937,
              34.6940734686
            ],
            [
              134.1563847622,
              34.6936522435
            ],
            [
              134.1564157523,
              34.6934842394
            ],
            [
              134.1563294723,
              34.6934519984
            ],
            [
              134.1565638238,
              34.6926182884
            ],
            [
              134.1574354575,
              34.6927230738
            ],
            [
              134.1598757689,
              34.6926114598
            ],
            [
              134.1603802154,
              34.6924856829
            ],
            [
              134.1616931431,
              34.6918145012
            ],
            [
              134.1616503862,
              34.6920560207
            ],
            [
              134.161319297,
              34.6923022029
            ],
            [
              134.1600822854,
              34.6943312672
            ],
            [
              134.1604357258,
              34.6955016256
            ],
            [
              134.1605459973,
              34.6965845773
            ],
            [
              134.1605000101,
              34.69773168
            ],
            [
              134.1600237465,
              34.698225845
            ],
            [
              134.1593182321,
              34.6985567104
            ],
            [
              134.1591360855,
              34.6989300135
            ],
            [
              134.1592214522,
              34.6998327682
            ],
            [
              134.1587264706,
              34.7004824158
            ],
            [
              134.1587078617,
              34.7006036698
            ],
            [
              134.1592666136,
              34.7013062319
            ],
            [
              134.1595294691,
              34.7018772307
            ],
            [
              134.1596390997,
              34.7021543173
            ],
            [
              134.1597248246,
              34.7028939562
            ],
            [
              134.15988633,
              34.7031292815
            ]
          ]
        ]
      }
    },
    {
      "type": "Feature",
      "properties": {
        "key_code": "33212100001",
        "pref": "岡山県",
        "city": "瀬戸内市",
        "ward": "",
        "district": "長船町東須恵",
        "name": "瀬戸内市  長船町東須恵"
      },
      "geometry": {
        "type": "Polygon",
        "coordinates": [
          [
            [
              134.1484468913,
              34.6870099036
            ],
            [
              134.1481503556,
              34.6871291901
            ],
            [
              134.1481307055,
              34.6872624162
            ],
            [
              134.1474971585,
              34.6876400978
            ],
            [
              134.1466697709,
              34.6880869219
            ],
            [
              134.1461205731,
              34.6882780785
            ],
            [
              134.1454654282,
              34.6875560048
            ],
            [
              134.1457533189,
              34.687237254
            ],
            [
              134.1458920811,
              34.6869181328
            ],
            [
              134.1459213895,
              34.6861747055
            ],
            [
              134.146110914,
              34.6853903884
            ],
            [
              134.1464898702,
              34.6849718991
            ],
            [
              134.1476452531,
              34.68514283
            ],
            [
              134.1476410249,
              34.6849467423
            ],
            [
              134.1478212494,
              34.6848317888
            ],
            [
              134.1479047319,
              34.6846172395
            ],
            [
              134.1477546585,
              34.6844337506
            ],
            [
              134.1477845621,
              34.6842350378
            ],
            [
              134.1478756278,
              34.6840988198
            ],
            [
              134.1480711738,
              34.6840606594
            ],
            [
              134.1486082187,
              34.6842850164
            ],
            [
              134.1493383017,
              34.6849006955
            ],
            [
              134.1504471711,
              34.6854014251
            ],
            [
              134.1516553095,
              34.6862657139
            ],
            [
              134.151863213,
              34.686250525
            ],
            [
              134.1524081346,
              34.6864275452
            ],
            [
              134.1533446813,
              34.686287351
            ],
            [
              134.1542395231,
              34.686278935
            ],
            [
              134.1543432203,
              34.6863988185
            ],
            [
              134.1541758714,
              34.6865754976
            ],
            [
              134.1535904707,
              34.6867118446
            ],
            [
              134.1534940698,
              34.6875912482
            ],
            [
              134.1512783813,
              34.6870830025
            ],
            [
              134.1501922119,
              34.6865673873
            ],
            [
              134.1493400173,
              34.6862939709
            ],
            [
              134.1493468087,
              34.6867295275
            ],
            [
              134.1491020344,
              34.6869821495
            ],
            [
              134.1491519001,
              34.6872190126
            ],
            [
              134.1484468913,
              34.6870099036
            ]
          ]
        ]
      }
    },
    {
      "type": "Feature",
      "properties": {
        "key_code": "33212100002",
        "pref": "岡山県",
        "city": "瀬戸内市",
        "ward": "",
        "district": "長船町東須恵",
        "name": "瀬戸内市  長船町東須恵"
      },
      "geometry": {
        "type": "Polygon",
        "coordinates": [
          [
            [
              134.149233219,
              34.6848037654
            ],
            [
              134.1486082187,
              34.6842850164
            ],
            [
              134.1480711738,
              34.6840606594
            ],
            [
              134.1478756278,
              34.6840988198
            ],
            [
              134.1477845621,
              34.6842350378
            ],
            [
              134.1477546585,
              34.6844337506
            ],
            [
              134.1479047319,
              34.6846172395
            ],
            [
              134.1478212494,
              34.6848317888
            ],
            [
              134.1476410249,
              34.6849467423
            ],
            [
              134.1476452531,
              34.68514283
            ],
            [
              134.1464898702,
              34.6849718991
            ],
            [
              134.146110914,
              34.6853903884
            ],
            [
              134.1459877377,
              34.6854159783
            ],
            [
              134.1435591728,
              34.6851819289
            ],
            [
              134.1427970571,
              34.6852925907
            ],
            [
              134.1426628545,
              34.6848764133
            ],
            [
              134.1422491311,
              34.6843096396
            ],
            [
              134.1421025611,
              34.6839530276
            ],
            [
              134.1430066293,
              34.6837563816
            ],
            [
              134.1441798857,
              34.6838289127
            ],
            [
              134.1399427897,
              34.6817862597
            ],
            [
              134.1400390714,
              34.6816575226
            ],
            [
              134.1403192908,
              34.6816226076
            ],
            [
              134.1404952753,
              34.6814896278
            ],
            [
              134.1405189693,
              34.6810451008
            ],
            [
              134.1415032278,
              34.6810639727
            ],
            [
              134.1417775518,
              34.6808862103
            ],
            [
              134.1420021822,
              34.6808689537
            ],
            [
              134.1422305264,
              34.6810522908
            ],
            [
              134.1425203356,
              34.681118526
            ],
            [
              134.1431706607,
              34.6815083198
            ],
            [
              134.1436327321,
              34.6815953852
            ],
            [
              134.1437693122,
              34.6818945087
            ],
            [
              134.1441381864,
              34.6819408593
            ],
            [
              134.1444017136,
              34.6820649444
            ],
            [
              134.145413779,
              34.6827880017
            ],
            [
              134.1458984395,
              34.682871149
            ],
            [
              134.1465547364,
              34.6827348105
            ],
            [
              134.1469925578,
              34.682511645
            ],
            [
              134.147392616,
              34.6821705192
            ],
            [
              134.1478312175,
              34.6816057585
            ],
            [
              134.1485866112,
              34.6817835415
            ],
            [
              134.1492782339,
              34.6817904972
            ],
            [
              134.1493869959,
              34.6820419595
            ],
            [
              134.1493935341,
              34.6824754046
            ],
            [
              134.1488899484,
              34.6831261391
            ],
            [
              134.1488518493,
              34.6838087026
            ],
            [
              134.1488831013,
              34.6842461292
            ],
            [
              134.149233219,
              34.6848037654
            ]
          ]
        ]
      }
    },
    {
      "type": "Feature",
      "properties": {
        "key_code": "33212100003",
        "pref": "岡山県",
        "city": "瀬戸内市",
        "ward": "",
        "district": "長船町東須恵",
        "name": "瀬戸内市  長船町東須恵"
      },
      "geometry": {
        "type": "Polygon",
        "coordinates": [
          [
            [
              134.1448398488,
              34.6892162245
            ],
            [
              134.142999522,
              34.6901178519
            ],
            [
              134.1427189379,
              34.6905684539
            ],
            [
              134.1421982249,
              34.6908200665
            ],
            [
              134.1413415038,
              34.6901796381
            ],
            [
              134.1412440577,
              34.6901365228
            ],
            [
              134.1410642677,
              34.6902575223
            ],
            [
              134.1407600254,
              34.6901047733
            ],
            [
              134.1401340546,
              34.6895658371
            ],
            [
              134.140712103,
              34.6891695177
            ],
            [
              134.1385967059,
              34.6880091354
            ],
            [
              134.1374509908,
              34.6886445664
            ],
            [
              134.137367187,
              34.6884855405
            ],
            [
              134.1374207389,
              34.6878797806
            ],
            [
              134.1373099147,
              34.6875194204
            ],
            [
              134.1371556817,
              34.6874159221
            ],
            [
              134.1371917137,
              34.6872596229
            ],
            [
              134.1374119896,
              34.6868109086
            ],
            [
              134.1382056194,
              34.6858362784
            ],
            [
              134.1385254183,
              34.6850128793
            ],
            [
              134.1384826388,
              34.6845600767
            ],
            [
              134.1380979341,
              34.6841377203
            ],
            [
              134.1387450832,
              34.6835410676
            ],
            [
              134.139234942,
              34.6829259911
            ],
            [
              134.1391698552,
              34.682713607
            ],
            [
              134.1399427897,
              34.6817862597
            ],
            [
              134.1441798857,
              34.6838289127
            ],
            [
              134.1430066293,
              34.6837563816
            ],
            [
              134.1421025611,
              34.6839530276
            ],
            [
              134.1422491311,
              34.6843096396
            ],
            [
              134.1426628545,
              34.6848764133
            ],
            [
              134.1427970571,
              34.6852925907
            ],
            [
              134.1435591728,
              34.6851819289
            ],
            [
              134.1448510849,
              34.6853500012
            ],
            [
              134.146110914,
              34.6853903884
            ],
            [
              134.1459213895,
              34.6861747055
            ],
            [
              134.1458920811,
              34.6869181328
            ],
            [
              134.1457533189,
              34.687237254
            ],
            [
              134.1454654282,
              34.6875560048
            ],
            [
              134.1461205731,
              34.6882780785
            ],
            [
              134.1451284059,
              34.6888514143
            ],
            [
              134.1451103797,
              34.6889701331
            ],
            [
              134.1448398488,
              34.6892162245
            ]
          ]
        ]
      }
    },
    {
      "type": "Feature",
      "properties": {
        "key_code": "33212100004",
        "pref": "岡山県",
        "city": "瀬戸内市",
        "ward": "",
        "district": "長船町東須恵",
        "name": "瀬戸内市  長船町東須恵"
      },
      "geometry": {
        "type": "Polygon",
        "coordinates": [
          [
            [
              134.1604955455,
              34.6900742745
            ],
            [
              134.1595619026,
              34.689118883
            ],
            [
              134.15939828,
              34.6890354017
            ],
            [
              134.1580787534,
              34.6888488597
            ],
            [
              134.1574365671,
              34.6886345366
            ],
            [
              134.1559798841,
              34.6877737486
            ],
            [
              134.1555250665,
              34.6876013812
            ],
            [
              134.1553585197,
              34.6874085814
            ],
            [
              134.1553271171,
              34.6869955271
            ],
            [
              134.1550220874,
              34.6867451964
            ],
            [
              134.1547090008,
              34.6862210181
            ],
            [
              134.1544162308,
              34.6861360763
            ],
            [
              134.1541844044,
              34.6862775873
            ],
            [
              134.1533446813,
              34.686287351
            ],
            [
              134.1525399845,
              34.6864316829
            ],
            [
              134.151863213,
              34.686250525
            ],
            [
              134.1516553095,
              34.6862657139
            ],
            [
              134.1504471711,
              34.6854014251
            ],
            [
              134.1493383017,
              34.6849006955
            ],
            [
              134.1490065361,
              34.6844952181
            ],
            [
              134.1488494508,
              34.6840428134
            ],
            [
              134.1488899484,
              34.6831261391
            ],
            [
              134.1493935341,
              34.6824754046
            ],
            [
              134.1493869959,
              34.6820419595
            ],
            [
              134.1492782339,
              34.6817904972
            ],
            [
              134.1485866112,
              34.6817835415
            ],
            [
              134.1478312175,
              34.6816057585
            ],
            [
              134.147392616,
              34.6821705192
            ],
            [
              134.1469925578,
              34.682511645
            ],
            [
              134.1465547364,
              34.6827348105
            ],
            [
              134.1458984395,
              34.682871149
            ],
            [
              134.1455514698,
              34.6828549825
            ],
            [
              134.145038706,
              34.6825792305
            ],
            [
              134.1444017136,
              34.6820649444
            ],
            [
              134.1441381864,
              34.6819408593
            ],
            [
              134.1437693122,
              34.6818945087
            ],
            [
              134.1436327321,
              34.6815953852
            ],
            [
              134.1431706607,
              34.6815083198
            ],
            [
              134.1425203356,
              34.681118526
            ],
            [
              134.1422305264,
              34.6810522908
            ],
            [
              134.1420544368,
              34.6808817126
            ],
            [
              134.1418215576,
              34.6808714887
            ],
            [
              134.1415032278,
              34.6810639727
            ],
            [
              134.1405189693,
              34.6810451008
            ],
            [
              134.1408451883,
              34.6800740806
            ],
            [
              134.141762732,
              34.678551661
            ],
            [
              134.1420715154,
              34.6784736821
            ],
            [
              134.1426931133,
              34.6786394617
            ],
            [
              134.1430575209,
              34.6781281303
            ],
            [
              134.1441316313,
              34.6776590288
            ],
            [
              134.1445505876,
              34.6771655268
            ],
            [
              134.1444943322,
              34.676851596
            ],
            [
              134.1441774374,
              34.6763138517
            ],
            [
              134.1434013603,
              34.6751985549
            ],
            [
              134.1430792693,
              34.6748606832
            ],
            [
              134.1430302519,
              34.6743775841
            ],
            [
              134.1444012006,
              34.6746794766
            ],
            [
              134.145548537,
              34.6747505553
            ],
            [
              134.1460660454,
              34.6748670002
            ],
            [
              134.1476203458,
              34.6756572239
            ],
            [
              134.1478722472,
              34.6756743693
            ],
            [
              134.1484210571,
              34.6755878682
            ],
            [
              134.1493068756,
              34.6756127327
            ],
            [
              134.1495387341,
              34.6755191272
            ],
            [
              134.1496610139,
              34.6753514039
            ],
            [
              134.1503770194,
              34.6749932832
            ],
            [
              134.1505802605,
              34.6749634433
            ],
            [
              134.1511124398,
              34.6750414326
            ],
            [
              134.1513252035,
              34.6753053032
            ],
            [
              134.1523368307,
              34.6754175274
            ],
            [
              134.1529405775,
              34.6752824904
            ],
            [
              134.1538354148,
              34.6749044725
            ],
            [
              134.1541869903,
              34.6748697751
            ],
            [
              134.1545724182,
              34.6751591061
            ],
            [
              134.154928308,
              34.675965212
            ],
            [
              134.1555365759,
              34.6765670122
            ],
            [
              134.1565165877,
              34.6772248467
            ],
            [
              134.1570566674,
              34.6774169166
            ],
            [
              134.1573737643,
              34.6773638468
            ],
            [
              134.1578653262,
              34.6774349842
            ],
            [
              134.1591019491,
              34.677824542
            ],
            [
              134.1593779592,
              34.6779826984
            ],
            [
              134.1605399948,
              34.6780950681
            ],
            [
              134.1608132459,
              34.6795794229
            ],
            [
              134.1611865535,
              34.6798619557
            ],
            [
              134.1613808334,
              34.6802415685
            ],
            [
              134.1625276631,
              34.6808424078
            ],
            [
              134.1634375719,
              34.6810618764
            ],
            [
              134.1638391517,
              34.6814317739
            ],
            [
              134.1643316762,
              34.6820519665
            ],
            [
              134.164562446,
              34.6824852932
            ],
            [
              134.1646862819,
              34.6835464293
            ],
            [
              134.164964426,
              34.683988133
            ],
            [
              134.1645471186,
              34.6839893847
            ],
            [
              134.1642195391,
              34.6840842915
            ],
            [
              134.1635464019,
              34.6840337691
            ],
            [
              134.1631685712,
              34.6838998449
            ],
            [
              134.1626948432,
              34.6844229009
            ],
            [
              134.1619292176,
              34.6845094375
            ],
            [
              134.1615919218,
              34.6848366033
            ],
            [
              134.1610136181,
              34.6857499689
            ],
            [
              134.1612364215,
              34.6861559636
            ],
            [
              134.1612908947,
              34.6865711574
            ],
            [
              134.1608166733,
              34.6873304401
            ],
            [
              134.1606266412,
              34.6877986796
            ],
            [
              134.1609481717,
              34.6884085099
            ],
            [
              134.160966271,
              34.6885837691
            ],
            [
              134.1604955455,
              34.6900742745
            ]
          ]
        ]
      }
    },
    {
      "type": "Feature",
      "properties": {
        "key_code": "33212100005",
        "pref": "岡山県",
        "city": "瀬戸内市",
        "ward": "",
        "district": "長船町東須恵",
        "name": "瀬戸内市  長船町東須恵"
      },
      "geometry": {
        "type": "Polygon",
        "coordinates": [
          [
            [
              134.1371556817,
              34.6874159221
            ],
            [
              134.1366636777,
              34.6870504416
            ],
            [
              134.1362017892,
              34.6863935642
            ],
            [
              134.1358869281,
              34.6857793167
            ],
            [
              134.1352872971,
              34.6851913717
            ],
            [
              134.1366784545,
              34.6847255249
            ],
            [
              134.1371278131,
              34.6843804263
            ],
            [
              134.1373378314,
              34.6840842459
            ],
            [
              134.1373686722,
              34.6836891743
            ],
            [
              134.1372739622,
              34.6830714786
            ],
            [
              134.1378251877,
              34.6835686209
            ],
            [
              134.1380716368,
              34.6840995043
            ],
            [
              134.1384520944,
              34.6845057961
            ],
            [
              134.1385254183,
              34.6850128793
            ],
            [
              134.1382056194,
              34.6858362784
            ],
            [
              134.1374119896,
              34.6868109086
            ],
            [
              134.1371556817,
              34.6874159221
            ]
          ]
        ]
      }
    },
    {
      "type": "Feature",
      "properties": {
        "key_code": "33212101004",
        "pref": "岡山県",
        "city": "瀬戸内市",
        "ward": "",
        "district": "長船町西須恵",
        "name": "瀬戸内市  長船町西須恵"
      },
      "geometry": {
        "type": "Polygon",
        "coordinates": [
          [
            [
              134.1380979341,
              34.6841377203
            ],
            [
              134.1378251877,
              34.6835686209
            ],
            [
              134.1374578191,
              34.6831913654
            ],
            [
              134.1371426381,
              34.6829915393
            ],
            [
              134.1367480608,
              34.6829982315
            ],
            [
              134.1364365322,
              34.6831099997
            ],
            [
              134.135559968,
              34.6830144907
            ],
            [
              134.134654394,
              34.6831234615
            ],
            [
              134.1332874835,
              34.6836445415
            ],
            [
              134.131965201,
              34.6829434087
            ],
            [
              134.1317853914,
              34.6820648274
            ],
            [
              134.1317336443,
              34.6808099283
            ],
            [
              134.1314962774,
              34.6801739591
            ],
            [
              134.1314887134,
              34.6796741619
            ],
            [
              134.1313623703,
              34.6793553195
            ],
            [
              134.1313921706,
              34.6788210717
            ],
            [
              134.1316694047,
              34.6783834443
            ],
            [
              134.1318067616,
              34.6777861187
            ],
            [
              134.1325022285,
              34.6775282129
            ],
            [
              134.1326696643,
              34.67718083
            ],
            [
              134.1331215683,
              34.6770294364
            ],
            [
              134.1332141588,
              34.6768087096
            ],
            [
              134.1336221915,
              34.6766680884
            ],
            [
              134.1338824274,
              34.6769165798
            ],
            [
              134.134790203,
              34.6767767702
            ],
            [
              134.1347728719,
              34.6766898275
            ],
            [
              134.1352640841,
              34.6767592271
            ],
            [
              134.1355180948,
              34.6766983614
            ],
            [
              134.1357332709,
              34.6765393895
            ],
            [
              134.1358612948,
              34.6761592573
            ],
            [
              134.1359748071,
              34.676986608
            ],
            [
              134.1371391382,
              34.6769501668
            ],
            [
              134.1378642175,
              34.6771395251
            ],
            [
              134.1386236203,
              34.6779857888
            ],
            [
              134.1391459037,
              34.6783246937
            ],
            [
              134.1390135728,
              34.6789935848
            ],
            [
              134.13904492,
              34.6791137907
            ],
            [
              134.1392556059,
              34.6792152641
            ],
            [
              134.1394322356,
              34.679442052
            ],
            [
              134.1394145024,
              34.6798148891
            ],
            [
              134.1395838587,
              34.6804546762
            ],
            [
              134.1398319378,
              34.6808000422
            ],
            [
              134.1405189693,
              34.6810451008
            ],
            [
              134.1405096726,
              34.6814307701
            ],
            [
              134.1403192908,
              34.6816226076
            ],
            [
              134.140015281,
              34.6816770643
            ],
            [
              134.1391698552,
              34.682713607
            ],
            [
              134.139234942,
              34.6829259911
            ],
            [
              134.1387450832,
              34.6835410676
            ],
            [
              134.1380979341,
              34.6841377203
            ]
          ]
        ]
      }
    },
    {
      "type": "Feature",
      "properties": {
        "key_code": "33212101005",
        "pref": "岡山県",
        "city": "瀬戸内市",
        "ward": "",
        "district": "長船町西須恵",
        "name": "瀬戸内市  長船町西須恵"
      },
      "geometry": {
        "type": "Polygon",
        "coordinates": [
          [
            [
              134.1244079128,
              34.6684610637
            ],
            [
              134.1247876681,
              34.6688606416
            ],
            [
              134.1251337377,
              34.6689443402
            ],
            [
              134.1263352117,
              34.6687798758
            ],
            [
              134.1265261139,
              34.6686896224
            ],
            [
              134.1267151599,
              34.6684618819
            ],
            [
              134.1274641374,
              34.6687003592
            ],
            [
              134.1268559282,
              34.6691429175
            ],
            [
              134.1262877469,
              34.6702411259
            ],
            [
              134.1268902902,
              34.6707554581
            ],
            [
              134.1286607518,
              34.6718394365
            ],
            [
              134.1287324063,
              34.6721148081
            ],
            [
              134.1291597053,
              34.6725909451
            ],
            [
              134.1295212176,
              34.6735404221
            ],
            [
              134.1299506725,
              34.674045438
            ],
            [
              134.1307309647,
              34.6744913076
            ],
            [
              134.1321331982,
              34.6749689078
            ],
            [
              134.1338840808,
              34.6753285933
            ],
            [
              134.1342656398,
              34.6752568098
            ],
            [
              134.1345378649,
              34.6750760989
            ],
            [
              134.134862289,
              34.675062117
            ],
            [
              134.1355422959,
              34.6748313565
            ],
            [
              134.1359925374,
              34.6753608984
            ],
            [
              134.1357332709,
              34.6765393895
            ],
            [
              134.1355180948,
              34.6766983614
            ],
            [
              134.1352640841,
              34.6767592271
            ],
            [
              134.1347728719,
              34.6766898275
            ],
            [
              134.134790203,
              34.6767767702
            ],
            [
              134.1338824274,
              34.6769165798
            ],
            [
              134.1336221915,
              34.6766680884
            ],
            [
              134.1332141588,
              34.6768087096
            ],
            [
              134.1331215683,
              34.6770294364
            ],
            [
              134.1326696643,
              34.67718083
            ],
            [
              134.1325022285,
              34.6775282129
            ],
            [
              134.1318067616,
              34.6777861187
            ],
            [
              134.1316694047,
              34.6783834443
            ],
            [
              134.1315303586,
              34.6785988771
            ],
            [
              134.1302914975,
              34.6781264748
            ],
            [
              134.1289857547,
              34.6767283121
            ],
            [
              134.1279468775,
              34.6760149143
            ],
            [
              134.1268470687,
              34.6762375999
            ],
            [
              134.125698684,
              34.6766978321
            ],
            [
              134.1255481917,
              34.676806747
            ],
            [
              134.1250088667,
              34.6775876305
            ],
            [
              134.1247212497,
              34.6776492614
            ],
            [
              134.1244162853,
              34.6768882072
            ],
            [
              134.1240159245,
              34.6764660521
            ],
            [
              134.124094227,
              34.6762222076
            ],
            [
              134.1240019175,
              34.6758583345
            ],
            [
              134.1238266381,
              34.6757385802
            ],
            [
              134.1229842557,
              34.6755382304
            ],
            [
              134.1220170371,
              34.6748864608
            ],
            [
              134.1211320491,
              34.6746564191
            ],
            [
              134.1207764111,
              34.6746570588
            ],
            [
              134.1191725474,
              34.6752064054
            ],
            [
              134.1186832515,
              34.6751900387
            ],
            [
              134.1183544802,
              34.6755242875
            ],
            [
              134.1181674204,
              34.675231658
            ],
            [
              134.1181350139,
              34.6745019193
            ],
            [
              134.1183518907,
              34.6744307475
            ],
            [
              134.1184012951,
              34.6734242147
            ],
            [
              134.1185863689,
              34.6734360956
            ],
            [
              134.1186601383,
              34.673269021
            ],
            [
              134.1185526963,
              34.6728900425
            ],
            [
              134.1185705173,
              34.6722857636
            ],
            [
              134.119215494,
              34.6726228758
            ],
            [
              134.1196617358,
              34.6723929323
            ],
            [
              134.1192800289,
              34.6713383007
            ],
            [
              134.1193880969,
              34.6712090375
            ],
            [
              134.1199328171,
              34.6707628989
            ],
            [
              134.1212213464,
              34.6700521162
            ],
            [
              134.1218076299,
              34.6696302715
            ],
            [
              134.1237524112,
              34.6686440068
            ],
            [
              134.1239505554,
              34.6687411399
            ],
            [
              134.1244079128,
              34.6684610637
            ]
          ]
        ]
      }
    },
    {
      "type": "Feature",
      "properties": {
        "key_code": "33212101006",
        "pref": "岡山県",
        "city": "瀬戸内市",
        "ward": "",
        "district": "長船町西須恵",
        "name": "瀬戸内市  長船町西須恵"
      },
      "geometry": {
        "type": "Polygon",
        "coordinates": [
          [
            [
              134.1245719556,
              34.6683606043
            ],
            [
              134.1252988225,
              34.6682593149
            ],
            [
              134.1265078343,
              34.6674032176
            ],
            [
              134.1270767708,
              34.6665732189
            ],
            [
              134.127267147,
              34.6664949379
            ],
            [
              134.1275825953,
              34.6661147125
            ],
            [
              134.1280895391,
              34.6651969888
            ],
            [
              134.1286015572,
              34.6651978476
            ],
            [
              134.1289236819,
              34.6650714684
            ],
            [
              134.1291729477,
              34.6648301622
            ],
            [
              134.1292833118,
              34.6645704515
            ],
            [
              134.12942969,
              34.6645284366
            ],
            [
              134.1300510585,
              34.6646745625
            ],
            [
              134.1303286871,
              34.6648019424
            ],
            [
              134.1308323055,
              34.6652438233
            ],
            [
              134.1308832377,
              34.6653588526
            ],
            [
              134.1308312548,
              34.6656790907
            ],
            [
              134.1311086184,
              34.665927189
            ],
            [
              134.1312469269,
              34.6661933686
            ],
            [
              134.1329377606,
              34.6672326254
            ],
            [
              134.1330323192,
              34.6674563311
            ],
            [
              134.1329586227,
              34.6676799018
            ],
            [
              134.1335867891,
              34.6680556257
            ],
            [
              134.1337327502,
              34.6682008121
            ],
            [
              134.13372859,
              34.6684092833
            ],
            [
              134.1341669501,
              34.6686276319
            ],
            [
              134.1345179786,
              34.668664404
            ],
            [
              134.1347954446,
              34.668870374
            ],
            [
              134.1349471377,
              34.6696743882
            ],
            [
              134.1360335959,
              34.6694786745
            ],
            [
              134.1361839609,
              34.6695180791
            ],
            [
              134.1364730506,
              34.6697894306
            ],
            [
              134.1370021149,
              34.6700189142
            ],
            [
              134.1375113304,
              34.6708431008
            ],
            [
              134.1376773358,
              34.6709200001
            ],
            [
              134.1379212948,
              34.6709356073
            ],
            [
              134.1384990579,
              34.6707080533
            ],
            [
              134.1390567487,
              34.6704583502
            ],
            [
              134.1393004776,
              34.6701999707
            ],
            [
              134.1394228937,
              34.6702074919
            ],
            [
              134.1396737346,
              34.670278045
            ],
            [
              134.1408747032,
              34.67131743
            ],
            [
              134.1412183875,
              34.6717067619
            ],
            [
              134.1412429103,
              34.6720674143
            ],
            [
              134.141373679,
              34.6722424341
            ],
            [
              134.1419497896,
              34.6723511058
            ],
            [
              134.1422673836,
              34.6730602939
            ],
            [
              134.1421538391,
              34.6733615651
            ],
            [
              134.1426049727,
              34.673816702
            ],
            [
              134.142905515,
              34.6743382293
            ],
            [
              134.1430302519,
              34.6743775841
            ],
            [
              134.1430792693,
              34.6748606832
            ],
            [
              134.1434013603,
              34.6751985549
            ],
            [
              134.1444943322,
              34.676851596
            ],
            [
              134.1445505876,
              34.6771655268
            ],
            [
              134.144502815,
              34.6772909626
            ],
            [
              134.1441316313,
              34.6776590288
            ],
            [
              134.1430575209,
              34.6781281303
            ],
            [
              134.1426931133,
              34.6786394617
            ],
            [
              134.1420715154,
              34.6784736821
            ],
            [
              134.141762732,
              34.678551661
            ],
            [
              134.1408451883,
              34.6800740806
            ],
            [
              134.1405189693,
              34.6810451008
            ],
            [
              134.1400046707,
              34.6808910309
            ],
            [
              134.1398319378,
              34.6808000422
            ],
            [
              134.1395838587,
              34.6804546762
            ],
            [
              134.1394145024,
              34.6798148891
            ],
            [
              134.1394070834,
              34.6793793282
            ],
            [
              134.13904492,
              34.6791137907
            ],
            [
              134.1390138262,
              34.6788856835
            ],
            [
              134.1391459037,
              34.6783246937
            ],
            [
              134.1386236203,
              34.6779857888
            ],
            [
              134.1378642175,
              34.6771395251
            ],
            [
              134.1371391382,
              34.6769501668
            ],
            [
              134.1359748071,
              34.676986608
            ],
            [
              134.1358332591,
              34.6759763678
            ],
            [
              134.1359925374,
              34.6753608984
            ],
            [
              134.1355422959,
              34.6748313565
            ],
            [
              134.134862289,
              34.675062117
            ],
            [
              134.1345378649,
              34.6750760989
            ],
            [
              134.1342656398,
              34.6752568098
            ],
            [
              134.1338840808,
              34.6753285933
            ],
            [
              134.1321331982,
              34.6749689078
            ],
            [
              134.1307309647,
              34.6744913076
            ],
            [
              134.1301957029,
              34.6742215058
            ],
            [
              134.1296216404,
              34.6736980782
            ],
            [
              134.1291597053,
              34.6725909451
            ],
            [
              134.1287324063,
              34.6721148081
            ],
            [
              134.1286607518,
              34.6718394365
            ],
            [
              134.1268902902,
              34.6707554581
            ],
            [
              134.1262877469,
              34.6702411259
            ],
            [
              134.1268559282,
              34.6691429175
            ],
            [
              134.1274641374,
              34.6687003592
            ],
            [
              134.1267151599,
              34.6684618819
            ],
            [
              134.1265261139,
              34.6686896224
            ],
            [
              134.1263352117,
              34.6687798758
            ],
            [
              134.1251337377,
              34.6689443402
            ],
            [
              134.1247876681,
              34.6688606416
            ],
            [
              134.1245033587,
              34.668615616
            ],
            [
              134.1244079128,
              34.6684610637
            ],
            [
              134.1245719556,
              34.6683606043
            ]
          ]
        ]
      }
    },
    {
      "type": "Feature",
      "properties": {
        "key_code": "33212101007",
        "pref": "岡山県",
        "city": "瀬戸内市",
        "ward": "",
        "district": "長船町西須恵",
        "name": "瀬戸内市  長船町西須恵"
      },
      "geometry": {
        "type": "Polygon",
        "coordinates": [
          [
            [
              134.1366784545,
              34.6847255249
            ],
            [
              134.1338651659,
              34.6857089913
            ],
            [
              134.1323402001,
              34.685657057
            ],
            [
              134.1306368278,
              34.6851850346
            ],
            [
              134.1282250156,
              34.6840014249
            ],
            [
              134.1275064382,
              34.6813509833
            ],
            [
              134.1273424949,
              34.6811406781
            ],
            [
              134.1271185178,
              34.6810291585
            ],
            [
              134.125406775,
              34.6809582198
            ],
            [
              134.1246888514,
              34.6810682796
            ],
            [
              134.1238209035,
              34.6813755703
            ],
            [
              134.1226993242,
              34.6814723886
            ],
            [
              134.1202195588,
              34.6806281855
            ],
            [
              134.1195877554,
              34.6815262023
            ],
            [
              134.1189299133,
              34.6809943914
            ],
            [
              134.1184650118,
              34.6800872379
            ],
            [
              134.1182416392,
              34.6798870917
            ],
            [
              134.1181022608,
              34.6795169323
            ],
            [
              134.1177004744,
              34.679042625
            ],
            [
              134.1172442348,
              34.6782636705
            ],
            [
              134.1177394556,
              34.6773163983
            ],
            [
              134.1178878772,
              34.6764888002
            ],
            [
              134.1181586821,
              34.6758163732
            ],
            [
              134.1185388004,
              34.6752845828
            ],
            [
              134.1186832515,
              34.6751900387
            ],
            [
              134.1191725474,
              34.6752064054
            ],
            [
              134.1209024661,
              34.6746375604
            ],
            [
              134.1219051055,
              34.6748503432
            ],
            [
              134.1222037192,
              34.6749799002
            ],
            [
              134.1229842557,
              34.6755382304
            ],
            [
              134.1238266381,
              34.6757385802
            ],
            [
              134.1240019175,
              34.6758583345
            ],
            [
              134.124094227,
              34.6762222076
            ],
            [
              134.1240159245,
              34.6764660521
            ],
            [
              134.1244162853,
              34.6768882072
            ],
            [
              134.1247212497,
              34.6776492614
            ],
            [
              134.1250088667,
              34.6775876305
            ],
            [
              134.1255481917,
              34.676806747
            ],
            [
              134.125698684,
              34.6766978321
            ],
            [
              134.1268470687,
              34.6762375999
            ],
            [
              134.1279468775,
              34.6760149143
            ],
            [
              134.1289857547,
              34.6767283121
            ],
            [
              134.1302914975,
              34.6781264748
            ],
            [
              134.1315303586,
              34.6785988771
            ],
            [
              134.1313921706,
              34.6788210717
            ],
            [
              134.1313623703,
              34.6793553195
            ],
            [
              134.1314887134,
              34.6796741619
            ],
            [
              134.1314962774,
              34.6801739591
            ],
            [
              134.1317336443,
              34.6808099283
            ],
            [
              134.1317853914,
              34.6820648274
            ],
            [
              134.131965201,
              34.6829434087
            ],
            [
              134.1332874835,
              34.6836445415
            ],
            [
              134.1348561351,
              34.6830911085
            ],
            [
              134.135559968,
              34.6830144907
            ],
            [
              134.1364365322,
              34.6831099997
            ],
            [
              134.1370023871,
              34.6829732841
            ],
            [
              134.1372739622,
              34.6830714786
            ],
            [
              134.1373686722,
              34.6836891743
            ],
            [
              134.1373378314,
              34.6840842459
            ],
            [
              134.1371278131,
              34.6843804263
            ],
            [
              134.1366784545,
              34.6847255249
            ]
          ]
        ]
      }
    }
  ]
}
