{
  "type": "FeatureCollection",
  "features": [
    {
      "type": "Feature",
      "properties": {
        "key_code": "332110110",
        "pref": "岡山県",
        "city": "備前市",
        "ward": "",
        "district": "新庄",
        "name": "備前市  新庄"
      },
      "geometry": {
        "type": "Polygon",
        "coordinates": [
          [
            [
              134.1231684622,
              34.7065449091
            ],
            [
              134.1246435281,
              34.7081697292
            ],
            [
              134.1215515474,
              34.7099786244
            ],
            [
              134.1248792311,
              34.7137697174
            ],
            [
              134.1246963701,
              34.7147227422
            ],
            [
              134.1247119251,
              34.7153756548
            ],
            [
              134.1249691992,
              34.7156033046
            ],
            [
              134.1260279651,
              34.7160970051
            ],
            [
              134.1262108681,
              34.7162818442
            ],
            [
              134.1263845648,
              34.7167057072
            ],
            [
              134.1264615337,
              34.7176470649
            ],
            [
              134.1247031602,
              34.7179936602
            ],
            [
              134.1234115285,
              34.7181152428
            ],
            [
              134.1221360669,
              34.7192522964
            ],
            [
              134.1218939635,
              34.7193470934
            ],
            [
              134.1215392797,
              34.7194115478
            ],
            [
              134.1203526915,
              34.7194053735
            ],
            [
              134.1192082287,
              34.7192875611
            ],
            [
              134.117944477,
              34.7186591898
            ],
            [
              134.1173571572,
              34.7182496472
            ],
            [
              134.117096846,
              34.7179970428
            ],
            [
              134.1167856247,
              34.7174537532
            ],
            [
              134.1159032356,
              34.7178547425
            ],
            [
              134.1152534073,
              34.7178290607
            ],
            [
              134.1144518073,
              34.7174658825
            ],
            [
              134.1136933111,
              34.7166330112
            ],
            [
              134.1131329215,
              34.7162946318
            ],
            [
              134.1125817843,
              34.7161838955
            ],
            [
              134.1114467555,
              34.716244779
            ],
            [
              134.1108806798,
              34.7161950005
            ],
            [
              134.1091913923,
              34.7155860574
            ],
            [
              134.1093469264,
              34.715164186
            ],
            [
              134.1078561796,
              34.7132746289
            ],
            [
              134.1071035031,
              34.7125027298
            ],
            [
              134.1068716232,
              34.7123852439
            ],
            [
              134.1074761388,
              34.7123734063
            ],
            [
              134.1076478923,
              34.712451198
            ],
            [
              134.1083121676,
              34.7124976417
            ],
            [
              134.108447996,
              34.7123688646
            ],
            [
              134.1093140989,
              34.7119745028
            ],
            [
              134.1094757052,
              34.7119490224
            ],
            [
              134.1097541715,
              34.7120678556
            ],
            [
              134.1103970353,
              34.7113547457
            ],
            [
              134.1109950003,
              34.7108435422
            ],
            [
              134.1116994414,
              34.7104921254
            ],
            [
              134.1115713798,
              34.7101317138
            ],
            [
              134.1111911598,
              34.7098621153
            ],
            [
              134.1111934053,
              34.7090197817
            ],
            [
              134.112292875,
              34.7091436417
            ],
            [
              134.1128460289,
              34.7090785901
            ],
            [
              134.1181072408,
              34.705998199
            ],
            [
              134.1186581486,
              34.70559576
            ],
            [
              134.1187091718,
              34.7048753567
            ],
            [
              134.1184766674,
              34.7045046249
            ],
            [
              134.1193625245,
              34.7040546045
            ],
            [
              134.1201781794,
              34.7034244365
            ],
            [
              134.1224361635,
              34.7021549026
            ],
            [
              134.123832783,
              34.7037960676
            ],
            [
              134.1228052496,
              34.7043981531
            ],
            [
              134.1234205898,
              34.7052338083
            ],
            [
              134.1233160334,
              34.7052843367
            ],
            [
              134.1240083413,
              34.7060567347
            ],
            [
              134.1231684622,
              34.7065449091
            ]
          ]
        ]
      }
    },
    {
      "type": "Feature",
      "properties": {
        "key_code": "332110120",
        "pref": "岡山県",
        "city": "備前市",
        "ward": "",
        "district": "畠田",
        "name": "備前市  畠田"
      },
      "geometry": {
        "type": "Polygon",
        "coordinates": [
          [
            [
              134.1209368462,
              34.7231800991
            ],
            [
              134.1200365903,
              34.7250228331
            ],
            [
              134.1197487904,
              34.7254018115
            ],
            [
              134.1194621658,
              34.7254035615
            ],
            [
              134.119251981,
              34.7251856992
            ],
            [
              134.1187658026,
              34.7251987876
            ],
            [
              134.1187521483,
              34.7255757133
            ],
            [
              134.1167067957,
              34.7257088665
            ],
            [
              134.1163438392,
              34.726726666
            ],
            [
              134.1151897997,
              34.7267246051
            ],
            [
              134.1151923736,
              34.7265379646
            ],
            [
              134.1129096783,
              34.7265163874
            ],
            [
              134.1128374982,
              34.7266350065
            ],
            [
              134.1127980154,
              34.7271829006
            ],
            [
              134.1112686225,
              34.7268345805
            ],
            [
              134.1099814745,
              34.72163623
            ],
            [
              134.1100226518,
              34.7190580702
            ],
            [
              134.110331662,
              34.7189793386
            ],
            [
              134.1103049006,
              34.7187243335
            ],
            [
              134.1105323587,
              34.7183451378
            ],
            [
              134.1105398166,
              34.7181241437
            ],
            [
              134.1099012383,
              34.7169983432
            ],
            [
              134.1097164012,
              34.7168336214
            ],
            [
              134.1091913923,
              34.7155860574
            ],
            [
              134.1108806798,
              34.7161950005
            ],
            [
              134.1114467555,
              34.716244779
            ],
            [
              134.1125817843,
              34.7161838955
            ],
            [
              134.1131329215,
              34.7162946318
            ],
            [
              134.1136933111,
              34.7166330112
            ],
            [
              134.1144518073,
              34.7174658825
            ],
            [
              134.1152534073,
              34.7178290607
            ],
            [
              134.1159032356,
              34.7178547425
            ],
            [
              134.1167856247,
              34.7174537532
            ],
            [
              134.117096846,
              34.7179970428
            ],
            [
              134.1173571572,
              34.7182496472
            ],
            [
              134.117944477,
              34.7186591898
            ],
            [
              134.1192082287,
              34.7192875611
            ],
            [
              134.1203526915,
              34.7194053735
            ],
            [
              134.1215392797,
              34.7194115478
            ],
            [
              134.1221360669,
              34.7192522964
            ],
            [
              134.1222258881,
              34.7197568721
            ],
            [
              134.1220636005,
              34.721422279
            ],
            [
              134.1219636505,
              34.7217517214
            ],
            [
              134.1216297477,
              34.7224148799
            ],
            [
              134.1209368462,
              34.7231800991
            ]
          ]
        ]
      }
    },
    {
      "type": "Feature",
      "properties": {
        "key_code": "332110130",
        "pref": "岡山県",
        "city": "備前市",
        "ward": "",
        "district": "坂根",
        "name": "備前市  坂根"
      },
      "geometry": {
        "type": "Polygon",
        "coordinates": [
          [
            [
              134.1120250981,
              34.7293905355
            ],
            [
              134.1115057394,
              34.7321596723
            ],
            [
              134.1112090107,
              34.7331526444
            ],
            [
              134.1107665706,
              34.7340456224
            ],
            [
              134.1105997709,
              34.7348080954
            ],
            [
              134.1099399742,
              34.7358556289
            ],
            [
              134.1099910421,
              34.7362707055
            ],
            [
              134.1096802974,
              34.7370346071
            ],
            [
              134.1095874148,
              34.7382312063
            ],
            [
              134.1100367694,
              34.7386727737
            ],
            [
              134.1101322823,
              34.7390008736
            ],
            [
              134.1105830242,
              34.739477942
            ],
            [
              134.1106637135,
              34.7398791218
            ],
            [
              134.1106340316,
              34.7401886834
            ],
            [
              134.1109786523,
              34.7407926146
            ],
            [
              134.1110260344,
              34.7410627327
            ],
            [
              134.1113905308,
              34.7414286414
            ],
            [
              134.1115230026,
              34.7422544691
            ],
            [
              134.110109983,
              34.7419502048
            ],
            [
              134.1088896385,
              34.7415431741
            ],
            [
              134.1074091509,
              34.7413103344
            ],
            [
              134.1058540194,
              34.742010132
            ],
            [
              134.1062646479,
              34.7395495876
            ],
            [
              134.1062071248,
              34.7377115069
            ],
            [
              134.1057955078,
              34.7370041882
            ],
            [
              134.104950637,
              34.7347200766
            ],
            [
              134.1046240875,
              34.7327941362
            ],
            [
              134.1030306627,
              34.7264832289
            ],
            [
              134.1050914376,
              34.7262547602
            ],
            [
              134.105399367,
              34.726171935
            ],
            [
              134.1056403061,
              34.7259660093
            ],
            [
              134.1063922816,
              34.726132205
            ],
            [
              134.1065488759,
              34.7268985255
            ],
            [
              134.1070926371,
              34.7276200539
            ],
            [
              134.1082398312,
              34.7283247865
            ],
            [
              134.1084845738,
              34.7283627007
            ],
            [
              134.1088630401,
              34.728109549
            ],
            [
              134.1099884502,
              34.7279766387
            ],
            [
              134.1111122087,
              34.7275718693
            ],
            [
              134.1113393553,
              34.7271277104
            ],
            [
              134.1112686225,
              34.7268345805
            ],
            [
              134.1121811928,
              34.7270455669
            ],
            [
              134.1121214974,
              34.7272409799
            ],
            [
              134.1119184129,
              34.7273034369
            ],
            [
              134.111816615,
              34.7274358064
            ],
            [
              134.1119641881,
              34.727575813
            ],
            [
              134.1120270211,
              34.7277922965
            ],
            [
              134.11202602,
              34.7281726318
            ],
            [
              134.111841505,
              34.7284150058
            ],
            [
              134.1118350512,
              34.728857305
            ],
            [
              134.1120205621,
              34.7289584993
            ],
            [
              134.1118719002,
              34.729263481
            ],
            [
              134.1120250981,
              34.7293905355
            ]
          ]
        ]
      }
    },
    {
      "type": "Feature",
      "properties": {
        "key_code": "332110140",
        "pref": "岡山県",
        "city": "備前市",
        "ward": "",
        "district": "福田",
        "name": "備前市  福田"
      },
      "geometry": {
        "type": "Polygon",
        "coordinates": [
          [
            [
              134.1264615337,
              34.7176470649
            ],
            [
              134.1284865466,
              34.7170498828
            ],
            [
              134.12887563,
              34.7172729578
            ],
            [
              134.1296720431,
              34.7172883867
            ],
            [
              134.1302730632,
              34.7175402689
            ],
            [
              134.1305368111,
              34.7174649281
            ],
            [
              134.1315566784,
              34.7174808596
            ],
            [
              134.1319173182,
              34.7176186585
            ],
            [
              134.1325563709,
              34.7175511215
            ],
            [
              134.1333533197,
              34.7173442505
            ],
            [
              134.1335823504,
              34.7174108326
            ],
            [
              134.1336779787,
              34.718153745
            ],
            [
              134.1339465332,
              34.7184664752
            ],
            [
              134.134612054,
              34.7181127435
            ],
            [
              134.1348986574,
              34.7180564464
            ],
            [
              134.1354743074,
              34.7181449996
            ],
            [
              134.1364990739,
              34.718520364
            ],
            [
              134.1369969239,
              34.7188050022
            ],
            [
              134.1373878782,
              34.7194514766
            ],
            [
              134.1377640927,
              34.7202942863
            ],
            [
              134.1385020341,
              34.7208253873
            ],
            [
              134.1393065343,
              34.721065573
            ],
            [
              134.1396097712,
              34.7212694587
            ],
            [
              134.1395336683,
              34.7219649059
            ],
            [
              134.1395958142,
              34.7223481448
            ],
            [
              134.1402374666,
              34.7223964943
            ],
            [
              134.1404599602,
              34.7228180189
            ],
            [
              134.1406429554,
              34.72298382
            ],
            [
              134.141341509,
              34.72321678
            ],
            [
              134.1424126595,
              34.7233982036
            ],
            [
              134.1430595713,
              34.7236595268
            ],
            [
              134.1432652284,
              34.7239342437
            ],
            [
              134.1434189654,
              34.7243649521
            ],
            [
              134.1432346796,
              34.7247621717
            ],
            [
              134.1432566875,
              34.7251737987
            ],
            [
              134.1433222146,
              34.7253370174
            ],
            [
              134.1437453767,
              34.725725747
            ],
            [
              134.1448101424,
              34.7262004085
            ],
            [
              134.1453887651,
              34.7262676487
            ],
            [
              134.1458634674,
              34.7266846221
            ],
            [
              134.1467494061,
              34.7264187717
            ],
            [
              134.1477481737,
              34.7256774039
            ],
            [
              134.1482754542,
              34.7256356657
            ],
            [
              134.1486303925,
              34.7257970669
            ],
            [
              134.1498817997,
              34.726118288
            ],
            [
              134.1512155947,
              34.7267637397
            ],
            [
              134.1512916487,
              34.7273575792
            ],
            [
              134.1507864036,
              34.7277922218
            ],
            [
              134.1504987155,
              34.7283217069
            ],
            [
              134.1495630111,
              34.7290488293
            ],
            [
              134.1489925849,
              34.729159105
            ],
            [
              134.1474852692,
              34.7292135783
            ],
            [
              134.1463639071,
              34.7296731791
            ],
            [
              134.145756662,
              34.7295775862
            ],
            [
              134.1455616045,
              34.7296719439
            ],
            [
              134.1454926646,
              34.7297522692
            ],
            [
              134.1455726311,
              34.7298707156
            ],
            [
              134.146213621,
              34.730250196
            ],
            [
              134.1463107577,
              34.7303779647
            ],
            [
              134.1464926756,
              34.7310264858
            ],
            [
              134.1462941274,
              34.73140242
            ],
            [
              134.1457835817,
              34.7316239117
            ],
            [
              134.1452390037,
              34.7316892758
            ],
            [
              134.1447817347,
              34.7311634394
            ],
            [
              134.1444613659,
              34.7309216475
            ],
            [
              134.1434051016,
              34.7304540363
            ],
            [
              134.1431889474,
              34.7297533398
            ],
            [
              134.1430277325,
              34.7288187596
            ],
            [
              134.1422430171,
              34.7286566679
            ],
            [
              134.1416218255,
              34.7284073538
            ],
            [
              134.1398717421,
              34.7281420215
            ],
            [
              134.1385320542,
              34.7275957422
            ],
            [
              134.1377359069,
              34.7274336036
            ],
            [
              134.1375900723,
              34.7272985653
            ],
            [
              134.1372084119,
              34.7263279878
            ],
            [
              134.1367457287,
              34.7256980182
            ],
            [
              134.1360651596,
              34.7251338984
            ],
            [
              134.1355957343,
              34.7249345229
            ],
            [
              134.1331592142,
              34.7254035402
            ],
            [
              134.1324825905,
              34.7255869488
            ],
            [
              134.1311920176,
              34.7261004975
            ],
            [
              134.1304641763,
              34.7257764298
            ],
            [
              134.1294930221,
              34.7255259007
            ],
            [
              134.1282536258,
              34.7253577366
            ],
            [
              134.1271070494,
              34.7249201093
            ],
            [
              134.1254279744,
              34.72469933
            ],
            [
              134.124343131,
              34.7247078898
            ],
            [
              134.1234053397,
              34.7245334328
            ],
            [
              134.1230112948,
              34.7246640332
            ],
            [
              134.1225077622,
              34.7250229197
            ],
            [
              134.1218107476,
              34.7257062973
            ],
            [
              134.1215759741,
              34.725788998
            ],
            [
              134.1207386229,
              34.7256492103
            ],
            [
              134.1198024554,
              34.7253397855
            ],
            [
              134.1200365903,
              34.7250228331
            ],
            [
              134.1209368462,
              34.7231800991
            ],
            [
              134.1216297477,
              34.7224148799
            ],
            [
              134.1219636505,
              34.7217517214
            ],
            [
              134.1220636005,
              34.721422279
            ],
            [
              134.1222258881,
              34.7197568721
            ],
            [
              134.1221360669,
              34.7192522964
            ],
            [
              134.1234115285,
              34.7181152428
            ],
            [
              134.1247031602,
              34.7179936602
            ],
            [
              134.1264615337,
              34.7176470649
            ]
          ]
        ]
      }
    },
    {
      "type": "Feature",
      "properties": {
        "key_code": "332110210",
        "pref": "岡山県",
        "city": "備前市",
        "ward": "",
        "district": "香登西",
        "name": "備前市  香登西"
      },
      "geometry": {
        "type": "Polygon",
        "coordinates": [
          [
            [
              134.1199471586,
              34.7303917753
            ],
            [
              134.1202634423,
              34.7307446196
            ],
            [
              134.1203522051,
              34.7311066459
            ],
            [
              134.1201136104,
              34.7315464224
            ],
            [
              134.1196882845,
              34.7316196335
            ],
            [
              134.1195826258,
              34.7320321722
            ],
            [
              134.1199110275,
              34.7321917772
            ],
            [
              134.1200500562,
              34.7323785192
            ],
            [
              134.1199563719,
              34.7326443021
            ],
            [
              134.1201462724,
              34.7328887442
            ],
            [
              134.1201539843,
              34.7331948484
            ],
            [
              134.1204334672,
              34.733656794
            ],
            [
              134.1199892849,
              34.7338954871
            ],
            [
              134.1198377258,
              34.7340724275
            ],
            [
              134.1197359439,
              34.7342673431
            ],
            [
              134.1197183844,
              34.7347483535
            ],
            [
              134.1196528491,
              34.7348045841
            ],
            [
              134.1187017834,
              34.7347710926
            ],
            [
              134.1179647977,
              34.7349670102
            ],
            [
              134.1170962682,
              34.7360043421
            ],
            [
              134.1172550511,
              34.736189995
            ],
            [
              134.1174995758,
              34.7361928182
            ],
            [
              134.1172342617,
              34.7365280267
            ],
            [
              134.1168361827,
              34.7365202841
            ],
            [
              134.1166919528,
              34.7362077399
            ],
            [
              134.1165074298,
              34.7360878236
            ],
            [
              134.1167559697,
              34.7356491948
            ],
            [
              134.1167053863,
              34.7354144294
            ],
            [
              134.1168071577,
              34.7350941475
            ],
            [
              134.1170931429,
              34.7350136558
            ],
            [
              134.1170524906,
              34.7342341951
            ],
            [
              134.1168359937,
              34.7338265828
            ],
            [
              134.1165863512,
              34.7336030171
            ],
            [
              134.115891199,
              34.7335748832
            ],
            [
              134.1148994742,
              34.7344205512
            ],
            [
              134.1148264377,
              34.7346211501
            ],
            [
              134.1146283812,
              34.7347863115
            ],
            [
              134.114522351,
              34.7351006685
            ],
            [
              134.1142063242,
              34.7352502658
            ],
            [
              134.1141230254,
              34.7355742419
            ],
            [
              134.1134161938,
              34.7361972843
            ],
            [
              134.1129773363,
              34.7370920999
            ],
            [
              134.1131910812,
              34.7379986438
            ],
            [
              134.1130485329,
              34.7381392507
            ],
            [
              134.1123436084,
              34.7380253007
            ],
            [
              134.1117690997,
              34.7380618794
            ],
            [
              134.1117965994,
              34.7373412801
            ],
            [
              134.111040408,
              34.7372600505
            ],
            [
              134.1109149326,
              34.737396037
            ],
            [
              134.110698709,
              34.7374331164
            ],
            [
              134.1107679337,
              34.7370670001
            ],
            [
              134.1112577053,
              34.7368096842
            ],
            [
              134.1117165212,
              34.7364325769
            ],
            [
              134.1121070415,
              34.7349918271
            ],
            [
              134.112418751,
              34.73431878
            ],
            [
              134.1127151619,
              34.7340609703
            ],
            [
              134.1130347986,
              34.7336155716
            ],
            [
              134.1129995161,
              34.7329745824
            ],
            [
              134.1131950358,
              34.7321486311
            ],
            [
              134.1138374678,
              34.7311333174
            ],
            [
              134.1141238824,
              34.7303355613
            ],
            [
              134.1140785632,
              34.7302698385
            ],
            [
              134.1135269783,
              34.7302547626
            ],
            [
              134.1131231793,
              34.7302681228
            ],
            [
              134.1128556644,
              34.7303615969
            ],
            [
              134.1126685991,
              34.7301358788
            ],
            [
              134.1127290504,
              34.729847218
            ],
            [
              134.1126105168,
              34.7295135809
            ],
            [
              134.1123947692,
              34.7293771179
            ],
            [
              134.1120250981,
              34.7293905355
            ],
            [
              134.1118719002,
              34.729263481
            ],
            [
              134.1120205621,
              34.7289584993
            ],
            [
              134.1118350512,
              34.728857305
            ],
            [
              134.111841505,
              34.7284150058
            ],
            [
              134.11202602,
              34.7281726318
            ],
            [
              134.1120270211,
              34.7277922965
            ],
            [
              134.1119641881,
              34.727575813
            ],
            [
              134.111816615,
              34.7274358064
            ],
            [
              134.1119184129,
              34.7273034369
            ],
            [
              134.1121214974,
              34.7272409799
            ],
            [
              134.1121811928,
              34.7270455669
            ],
            [
              134.1127980154,
              34.7271829006
            ],
            [
              134.1128374982,
              34.7266350065
            ],
            [
              134.1129096783,
              34.7265163874
            ],
            [
              134.1151923736,
              34.7265379646
            ],
            [
              134.1151897997,
              34.7267246051
            ],
            [
              134.1163438392,
              34.726726666
            ],
            [
              134.1167067957,
              34.7257088665
            ],
            [
              134.1187521483,
              34.7255757133
            ],
            [
              134.1187658026,
              34.7251987876
            ],
            [
              134.119251981,
              34.7251856992
            ],
            [
              134.1194621658,
              34.7254035615
            ],
            [
              134.1196176554,
              34.7254444034
            ],
            [
              134.1198024554,
              34.7253397855
            ],
            [
              134.1198360655,
              34.7257329927
            ],
            [
              134.1201630463,
              34.7268086296
            ],
            [
              134.1201607706,
              34.7277021172
            ],
            [
              134.1199471586,
              34.7303917753
            ]
          ]
        ]
      }
    },
    {
      "type": "Feature",
      "properties": {
        "key_code": "332110220",
        "pref": "岡山県",
        "city": "備前市",
        "ward": "",
        "district": "香登本",
        "name": "備前市  香登本"
      },
      "geometry": {
        "type": "Polygon",
        "coordinates": [
          [
            [
              134.1306252872,
              34.731501271
            ],
            [
              134.1306502957,
              34.7323426708
            ],
            [
              134.1302580055,
              34.7330426545
            ],
            [
              134.1299918682,
              34.7324310176
            ],
            [
              134.1294862482,
              34.7321436605
            ],
            [
              134.1289105013,
              34.7319456298
            ],
            [
              134.1286064604,
              34.7320486506
            ],
            [
              134.1274303091,
              34.7318834066
            ],
            [
              134.1262822284,
              34.7320645748
            ],
            [
              134.1257293889,
              34.7323522555
            ],
            [
              134.1253472543,
              34.732837289
            ],
            [
              134.1255553916,
              34.7334925046
            ],
            [
              134.1255738543,
              34.7338228535
            ],
            [
              134.1258811104,
              34.7343213476
            ],
            [
              134.1260959588,
              34.7348792216
            ],
            [
              134.1260349446,
              34.7355414325
            ],
            [
              134.1258748792,
              34.7359193693
            ],
            [
              134.1260337156,
              34.7360390897
            ],
            [
              134.1260382602,
              34.7361506588
            ],
            [
              134.1265726553,
              34.7365018882
            ],
            [
              134.1267426598,
              34.7369818017
            ],
            [
              134.1268232687,
              34.7375432605
            ],
            [
              134.1266590903,
              34.7376345403
            ],
            [
              134.1258053383,
              34.73772056
            ],
            [
              134.1252461062,
              34.7376559365
            ],
            [
              134.1251433375,
              34.7372875561
            ],
            [
              134.1254529769,
              34.7368780453
            ],
            [
              134.1254343738,
              34.7366033384
            ],
            [
              134.1255746173,
              34.7364363779
            ],
            [
              134.1255027661,
              34.736245107
            ],
            [
              134.1256023665,
              34.7359448224
            ],
            [
              134.1252509906,
              34.7359146415
            ],
            [
              134.1249667084,
              34.7354060712
            ],
            [
              134.1245543854,
              34.7353556406
            ],
            [
              134.1242557505,
              34.7348824001
            ],
            [
              134.1236221198,
              34.7345197201
            ],
            [
              134.1236004598,
              34.7343023349
            ],
            [
              134.1231115729,
              34.7337921393
            ],
            [
              134.1227673381,
              34.7337928111
            ],
            [
              134.1214391606,
              34.7334461152
            ],
            [
              134.1209969356,
              34.7334769041
            ],
            [
              134.1204334672,
              34.733656794
            ],
            [
              134.1201539843,
              34.7331948484
            ],
            [
              134.1201462724,
              34.7328887442
            ],
            [
              134.1199563719,
              34.7326443021
            ],
            [
              134.1200500562,
              34.7323785192
            ],
            [
              134.1199110275,
              34.7321917772
            ],
            [
              134.1195826258,
              34.7320321722
            ],
            [
              134.1196882845,
              34.7316196335
            ],
            [
              134.1201136104,
              34.7315464224
            ],
            [
              134.1203624991,
              34.7309751
            ],
            [
              134.1199240864,
              34.7303231354
            ],
            [
              134.1201607706,
              34.7277021172
            ],
            [
              134.1201630463,
              34.7268086296
            ],
            [
              134.1198360655,
              34.7257329927
            ],
            [
              134.1198024554,
              34.7253397855
            ],
            [
              134.1207386229,
              34.7256492103
            ],
            [
              134.1215759741,
              34.725788998
            ],
            [
              134.1218107476,
              34.7257062973
            ],
            [
              134.1225077622,
              34.7250229197
            ],
            [
              134.1230112948,
              34.7246640332
            ],
            [
              134.1234053397,
              34.7245334328
            ],
            [
              134.124343131,
              34.7247078898
            ],
            [
              134.1254279744,
              34.72469933
            ],
            [
              134.1271070494,
              34.7249201093
            ],
            [
              134.1282536258,
              34.7253577366
            ],
            [
              134.1291152876,
              34.7254768093
            ],
            [
              134.1297521598,
              34.7258035502
            ],
            [
              134.1298829726,
              34.7258916668
            ],
            [
              134.1307666292,
              34.727136101
            ],
            [
              134.1307177541,
              34.7282945991
            ],
            [
              134.1304962136,
              34.7298365089
            ],
            [
              134.1296251436,
              34.7297520852
            ],
            [
              134.1295813911,
              34.7305197011
            ],
            [
              134.1300750321,
              34.7307833727
            ],
            [
              134.1308132094,
              34.7307664343
            ],
            [
              134.1308023767,
              34.7312599906
            ],
            [
              134.1306252872,
              34.731501271
            ]
          ]
        ]
      }
    },
    {
      "type": "Feature",
      "properties": {
        "key_code": "332110230",
        "pref": "岡山県",
        "city": "備前市",
        "ward": "",
        "district": "大内",
        "name": "備前市  大内"
      },
      "geometry": {
        "type": "Polygon",
        "coordinates": [
          [
            [
              134.1443403178,
              34.7361245681
            ],
            [
              134.1441090569,
              34.7366201766
            ],
            [
              134.144723714,
              34.7371792091
            ],
            [
              134.1453681399,
              34.737125132
            ],
            [
              134.146241439,
              34.7372752245
            ],
            [
              134.1468760399,
              34.7372176031
            ],
            [
              134.1474859198,
              34.7374791221
            ],
            [
              134.1482861417,
              34.737600213
            ],
            [
              134.1494578712,
              34.7376181908
            ],
            [
              134.1507188847,
              34.7377643305
            ],
            [
              134.151049455,
              34.7379180797
            ],
            [
              134.1512159333,
              34.7382022977
            ],
            [
              134.1514964235,
              34.7382775134
            ],
            [
              134.1516234568,
              34.7386149154
            ],
            [
              134.1520630504,
              34.7388562974
            ],
            [
              134.1518698604,
              34.7388054417
            ],
            [
              134.1519078024,
              34.7389353684
            ],
            [
              134.1512630044,
              34.739157944
            ],
            [
              134.1508996902,
              34.7389933002
            ],
            [
              134.1507013896,
              34.7392869704
            ],
            [
              134.1508694588,
              34.739340327
            ],
            [
              134.1508078948,
              34.739519686
            ],
            [
              134.1499406235,
              34.7395986679
            ],
            [
              134.1485651024,
              34.7393675481
            ],
            [
              134.1481201253,
              34.7390945938
            ],
            [
              134.1476069289,
              34.7390577505
            ],
            [
              134.1468439732,
              34.7388744548
            ],
            [
              134.1455465804,
              34.7383929814
            ],
            [
              134.1449798055,
              34.738399288
            ],
            [
              134.1448642366,
              34.7383071295
            ],
            [
              134.1440527322,
              34.7383599584
            ],
            [
              134.1440596309,
              34.7385450561
            ],
            [
              134.144206702,
              34.7386279674
            ],
            [
              134.1440712474,
              34.7391449847
            ],
            [
              134.1441263664,
              34.7392569115
            ],
            [
              134.1440872234,
              34.7399025404
            ],
            [
              134.1440142655,
              34.7400015904
            ],
            [
              134.1435417246,
              34.7399843745
            ],
            [
              134.1433408651,
              34.7407283513
            ],
            [
              134.1433122145,
              34.7413904767
            ],
            [
              134.1422473509,
              34.7445141551
            ],
            [
              134.1418567139,
              34.7447972291
            ],
            [
              134.1413145399,
              34.7448563829
            ],
            [
              134.1411819269,
              34.7450416845
            ],
            [
              134.1407688596,
              34.7450110307
            ],
            [
              134.1402728255,
              34.7451247645
            ],
            [
              134.1395279956,
              34.7456392653
            ],
            [
              134.1397458502,
              34.7457596225
            ],
            [
              134.1404317479,
              34.7464482401
            ],
            [
              134.1404973545,
              34.7466556876
            ],
            [
              134.1408600358,
              34.7470436216
            ],
            [
              134.1409414904,
              34.747559433
            ],
            [
              134.142070375,
              34.7482050784
            ],
            [
              134.1421692857,
              34.7483197519
            ],
            [
              134.1421355481,
              34.7486142347
            ],
            [
              134.1429090461,
              34.7485827699
            ],
            [
              134.1435988098,
              34.7490340345
            ],
            [
              134.1435257188,
              34.749197599
            ],
            [
              134.1436641023,
              34.7493941724
            ],
            [
              134.1436635213,
              34.7496506757
            ],
            [
              134.1431028473,
              34.7505636913
            ],
            [
              134.1432807142,
              34.7508368148
            ],
            [
              134.1433459198,
              34.7512352663
            ],
            [
              134.1432926411,
              34.7514097063
            ],
            [
              134.1431534598,
              34.7515731664
            ],
            [
              134.142696912,
              34.7517471137
            ],
            [
              134.1423580755,
              34.7520521022
            ],
            [
              134.1421328177,
              34.7523830463
            ],
            [
              134.1415574049,
              34.7524515788
            ],
            [
              134.1412363184,
              34.7529583014
            ],
            [
              134.1407314747,
              34.7533499287
            ],
            [
              134.1397571482,
              34.753798413
            ],
            [
              134.1390115403,
              34.754018786
            ],
            [
              134.1383842697,
              34.7547037535
            ],
            [
              134.1384104351,
              34.7549739602
            ],
            [
              134.1358490437,
              34.7556211315
            ],
            [
              134.1352607097,
              34.7560716185
            ],
            [
              134.1342274873,
              34.7559992181
            ],
            [
              134.1335222596,
              34.7563152736
            ],
            [
              134.1335446633,
              34.7564296868
            ],
            [
              134.1334258259,
              34.7565855618
            ],
            [
              134.1327089092,
              34.7570937225
            ],
            [
              134.1322634561,
              34.7578688298
            ],
            [
              134.1321197607,
              34.7583349712
            ],
            [
              134.1318816928,
              34.7585131841
            ],
            [
              134.1315011623,
              34.7586346755
            ],
            [
              134.131284539,
              34.7586778412
            ],
            [
              134.1309520451,
              34.75859883
            ],
            [
              134.1301187195,
              34.7581572613
            ],
            [
              134.1293534803,
              34.7579599068
            ],
            [
              134.1287574852,
              34.7576581755
            ],
            [
              134.1282690007,
              34.7576594659
            ],
            [
              134.1279949052,
              34.757449831
            ],
            [
              134.1278845152,
              34.7572448381
            ],
            [
              134.1272593618,
              34.75698883
            ],
            [
              134.1271856655,
              34.756888415
            ],
            [
              134.1273079746,
              34.7565487346
            ],
            [
              134.1272765516,
              34.7564440245
            ],
            [
              134.1270817276,
              34.7562126891
            ],
            [
              134.1264939844,
              34.7557823598
            ],
            [
              134.1262563738,
              34.7557732222
            ],
            [
              134.124795397,
              34.7561172353
            ],
            [
              134.1236073767,
              34.7560498364
            ],
            [
              134.1224050816,
              34.7564248319
            ],
            [
              134.1221305381,
              34.7563981654
            ],
            [
              134.1220205227,
              34.7560493599
            ],
            [
              134.1217313039,
              34.7555562968
            ],
            [
              134.1217632594,
              34.7554474689
            ],
            [
              134.1225255045,
              34.7547295507
            ],
            [
              134.1220068314,
              34.7541424222
            ],
            [
              134.1219547341,
              34.7538634383
            ],
            [
              134.1229913846,
              34.752154651
            ],
            [
              134.1227653314,
              34.7517509869
            ],
            [
              134.122655565,
              34.7513041396
            ],
            [
              134.1226673711,
              34.7503377406
            ],
            [
              134.1223569578,
              34.7500102746
            ],
            [
              134.1220083749,
              34.749853895
            ],
            [
              134.1210998248,
              34.7496790994
            ],
            [
              134.1209197294,
              34.7495811791
            ],
            [
              134.1208412072,
              34.7494368076
            ],
            [
              134.1210118495,
              34.7488091561
            ],
            [
              134.1206574014,
              34.7485712077
            ],
            [
              134.1201206814,
              34.7479772808
            ],
            [
              134.1200141628,
              34.7477538396
            ],
            [
              134.1197048323,
              34.7475020198
            ],
            [
              134.1190980869,
              34.7478569251
            ],
            [
              134.1187486515,
              34.7478656199
            ],
            [
              134.1178481622,
              34.7473709225
            ],
            [
              134.117510085,
              34.7473517437
            ],
            [
              134.1171541588,
              34.747686087
            ],
            [
              134.1169786627,
              34.7479927111
            ],
            [
              134.1167306564,
              34.7480015772
            ],
            [
              134.1151339356,
              34.7476057952
            ],
            [
              134.1143747782,
              34.74696243
            ],
            [
              134.1133534901,
              34.746353669
            ],
            [
              134.1126385725,
              34.7460453303
            ],
            [
              134.1113086037,
              34.7460243691
            ],
            [
              134.1108382946,
              34.7459188697
            ],
            [
              134.1105124171,
              34.7455507846
            ],
            [
              134.11046772,
              34.7454018156
            ],
            [
              134.1105310076,
              34.7449134294
            ],
            [
              134.1107182063,
              34.74444864
            ],
            [
              134.1112773026,
              34.7440077582
            ],
            [
              134.1115487411,
              34.7436593285
            ],
            [
              134.1115778287,
              34.7433151146
            ],
            [
              134.1114711812,
              34.7431520878
            ],
            [
              134.1115568834,
              34.7427103582
            ],
            [
              134.1115230026,
              34.7422544691
            ],
            [
              134.1113905308,
              34.7414286414
            ],
            [
              134.1110260344,
              34.7410627327
            ],
            [
              134.1109786523,
              34.7407926146
            ],
            [
              134.1106340316,
              34.7401886834
            ],
            [
              134.1106637135,
              34.7398791218
            ],
            [
              134.1105830242,
              34.739477942
            ],
            [
              134.1101322823,
              34.7390008736
            ],
            [
              134.1100367694,
              34.7386727737
            ],
            [
              134.1095874148,
              34.7382312063
            ],
            [
              134.1096228794,
              34.7374425819
            ],
            [
              134.1097898188,
              34.7366353182
            ],
            [
              134.1099910421,
              34.7362707055
            ],
            [
              134.1099736189,
              34.735755817
            ],
            [
              134.1106585152,
              34.7346773399
            ],
            [
              134.1107665706,
              34.7340456224
            ],
            [
              134.1112090107,
              34.7331526444
            ],
            [
              134.1115057394,
              34.7321596723
            ],
            [
              134.1120250981,
              34.7293905355
            ],
            [
              134.1123947692,
              34.7293771179
            ],
            [
              134.1126105168,
              34.7295135809
            ],
            [
              134.1127290504,
              34.729847218
            ],
            [
              134.1126685991,
              34.7301358788
            ],
            [
              134.1128556644,
              34.7303615969
            ],
            [
              134.1131231793,
              34.7302681228
            ],
            [
              134.1135269783,
              34.7302547626
            ],
            [
              134.1140785632,
              34.7302698385
            ],
            [
              134.1141238824,
              34.7303355613
            ],
            [
              134.1138374678,
              34.7311333174
            ],
            [
              134.1131950358,
              34.7321486311
            ],
            [
              134.1129995161,
              34.7329745824
            ],
            [
              134.1130347986,
              34.7336155716
            ],
            [
              134.1127151619,
              34.7340609703
            ],
            [
              134.112418751,
              34.73431878
            ],
            [
              134.1121070415,
              34.7349918271
            ],
            [
              134.1117165212,
              34.7364325769
            ],
            [
              134.1112577053,
              34.7368096842
            ],
            [
              134.1107679337,
              34.7370670001
            ],
            [
              134.110698709,
              34.7374331164
            ],
            [
              134.1109149326,
              34.737396037
            ],
            [
              134.111040408,
              34.7372600505
            ],
            [
              134.1117965994,
              34.7373412801
            ],
            [
              134.1117690997,
              34.7380618794
            ],
            [
              134.1123436084,
              34.7380253007
            ],
            [
              134.1130485329,
              34.7381392507
            ],
            [
              134.1131910812,
              34.7379986438
            ],
            [
              134.1129773363,
              34.7370920999
            ],
            [
              134.1134161938,
              34.7361972843
            ],
            [
              134.1141230254,
              34.7355742419
            ],
            [
              134.1142063242,
              34.7352502658
            ],
            [
              134.114522351,
              34.7351006685
            ],
            [
              134.1146283812,
              34.7347863115
            ],
            [
              134.1151660555,
              34.734140427
            ],
            [
              134.1157801665,
              34.7336239878
            ],
            [
              134.1160248988,
              34.7335515957
            ],
            [
              134.1165863512,
              34.7336030171
            ],
            [
              134.1168359937,
              34.7338265828
            ],
            [
              134.1170524906,
              34.7342341951
            ],
            [
              134.1170931429,
              34.7350136558
            ],
            [
              134.1168071577,
              34.7350941475
            ],
            [
              134.1167053863,
              34.7354144294
            ],
            [
              134.1167559697,
              34.7356491948
            ],
            [
              134.1165074298,
              34.7360878236
            ],
            [
              134.1166919528,
              34.7362077399
            ],
            [
              134.1168361827,
              34.7365202841
            ],
            [
              134.1172342617,
              34.7365280267
            ],
            [
              134.1174995758,
              34.7361928182
            ],
            [
              134.1172550511,
              34.736189995
            ],
            [
              134.1170962682,
              34.7360043421
            ],
            [
              134.1179647977,
              34.7349670102
            ],
            [
              134.1187017834,
              34.7347710926
            ],
            [
              134.1195816562,
              34.7348465772
            ],
            [
              134.1197183844,
              34.7347483535
            ],
            [
              134.1197631717,
              34.7341865356
            ],
            [
              134.1199892849,
              34.7338954871
            ],
            [
              134.1204334672,
              34.733656794
            ],
            [
              134.1209969356,
              34.7334769041
            ],
            [
              134.1216268037,
              34.7334627786
            ],
            [
              134.1227673381,
              34.7337928111
            ],
            [
              134.1231115729,
              34.7337921393
            ],
            [
              134.1236004598,
              34.7343023349
            ],
            [
              134.1236221198,
              34.7345197201
            ],
            [
              134.1242557505,
              34.7348824001
            ],
            [
              134.1245543854,
              34.7353556406
            ],
            [
              134.1249667084,
              34.7354060712
            ],
            [
              134.1252509906,
              34.7359146415
            ],
            [
              134.1256023665,
              34.7359448224
            ],
            [
              134.1255027661,
              34.736245107
            ],
            [
              134.1255746173,
              34.7364363779
            ],
            [
              134.1254343738,
              34.7366033384
            ],
            [
              134.1254529769,
              34.7368780453
            ],
            [
              134.1251433375,
              34.7372875561
            ],
            [
              134.1252461062,
              34.7376559365
            ],
            [
              134.1258053383,
              34.73772056
            ],
            [
              134.1266590903,
              34.7376345403
            ],
            [
              134.1268232687,
              34.7375432605
            ],
            [
              134.1268092774,
              34.7373520916
            ],
            [
              134.1265726553,
              34.7365018882
            ],
            [
              134.1260382602,
              34.7361506588
            ],
            [
              134.1260337156,
              34.7360390897
            ],
            [
              134.1258748792,
              34.7359193693
            ],
            [
              134.1260349446,
              34.7355414325
            ],
            [
              134.1260959588,
              34.7348792216
            ],
            [
              134.1258811104,
              34.7343213476
            ],
            [
              134.1255738543,
              34.7338228535
            ],
            [
              134.1255553916,
              34.7334925046
            ],
            [
              134.1253472543,
              34.732837289
            ],
            [
              134.1257293889,
              34.7323522555
            ],
            [
              134.1259998399,
              34.7321814309
            ],
            [
              134.1262822284,
              34.7320645748
            ],
            [
              134.1274303091,
              34.7318834066
            ],
            [
              134.1286064604,
              34.7320486506
            ],
            [
              134.1289105013,
              34.7319456298
            ],
            [
              134.1294862482,
              34.7321436605
            ],
            [
              134.1299918682,
              34.7324310176
            ],
            [
              134.1302580055,
              34.7330426545
            ],
            [
              134.1306502957,
              34.7323426708
            ],
            [
              134.1306252872,
              34.731501271
            ],
            [
              134.1308023767,
              34.7312599906
            ],
            [
              134.1308132094,
              34.7307664343
            ],
            [
              134.1300750321,
              34.7307833727
            ],
            [
              134.1295813911,
              34.7305197011
            ],
            [
              134.1296251436,
              34.7297520852
            ],
            [
              134.1304962136,
              34.7298365089
            ],
            [
              134.1307177541,
              34.7282945991
            ],
            [
              134.1307666292,
              34.727136101
            ],
            [
              134.1298829726,
              34.7258916668
            ],
            [
              134.1291152876,
              34.7254768093
            ],
            [
              134.1304641763,
              34.7257764298
            ],
            [
              134.1311920176,
              34.7261004975
            ],
            [
              134.1324825905,
              34.7255869488
            ],
            [
              134.1331592142,
              34.7254035402
            ],
            [
              134.1355957343,
              34.7249345229
            ],
            [
              134.1360651596,
              34.7251338984
            ],
            [
              134.1367457287,
              34.7256980182
            ],
            [
              134.1372084119,
              34.7263279878
            ],
            [
              134.1376700908,
              34.7273980011
            ],
            [
              134.1385320542,
              34.7275957422
            ],
            [
              134.1398717421,
              34.7281420215
            ],
            [
              134.1416218255,
              34.7284073538
            ],
            [
              134.1422430171,
              34.7286566679
            ],
            [
              134.1429018208,
              34.7287523586
            ],
            [
              134.1430734126,
              34.7288944729
            ],
            [
              134.1431889474,
              34.7297533398
            ],
            [
              134.1434051016,
              34.7304540363
            ],
            [
              134.1444613659,
              34.7309216475
            ],
            [
              134.1447817347,
              34.7311634394
            ],
            [
              134.1452390037,
              34.7316892758
            ],
            [
              134.1457835817,
              34.7316239117
            ],
            [
              134.1462941274,
              34.73140242
            ],
            [
              134.1467944909,
              34.7319939578
            ],
            [
              134.1469668117,
              34.7322356578
            ],
            [
              134.1471285074,
              34.7327656825
            ],
            [
              134.1469282769,
              34.7331110475
            ],
            [
              134.1448520485,
              34.7353831689
            ],
            [
              134.1443403178,
              34.7361245681
            ]
          ]
        ]
      }
    },
    {
      "type": "Feature",
      "properties": {
        "key_code": "332110310",
        "pref": "岡山県",
        "city": "備前市",
        "ward": "",
        "district": "伊部",
        "name": "備前市  伊部"
      },
      "geometry": {
        "type": "Polygon",
        "coordinates": [
          [
            [
              134.166265381,
              34.7337507757
            ],
            [
              134.1661577278,
              34.7340533363
            ],
            [
              134.1663554924,
              34.7341029096
            ],
            [
              134.1673132927,
              34.7337319273
            ],
            [
              134.1679366084,
              34.7338106723
            ],
            [
              134.1680930355,
              34.7349827003
            ],
            [
              134.1677980458,
              34.7352368338
            ],
            [
              134.1678391995,
              34.7353660582
            ],
            [
              134.1686930814,
              34.7352018464
            ],
            [
              134.1701241767,
              34.7351696869
            ],
            [
              134.1707013123,
              34.7353394915
            ],
            [
              134.1714285707,
              34.7352188991
            ],
            [
              134.1719201089,
              34.7357524246
            ],
            [
              134.1721659245,
              34.7362666063
            ],
            [
              134.172847716,
              34.7371521075
            ],
            [
              134.1729317299,
              34.7373473086
            ],
            [
              134.1729183821,
              34.7377059194
            ],
            [
              134.1731875304,
              34.7381591372
            ],
            [
              134.173878379,
              34.7387312323
            ],
            [
              134.1750742975,
              34.7393276473
            ],
            [
              134.1744742262,
              34.7410074544
            ],
            [
              134.1745449499,
              34.7410840328
            ],
            [
              134.1737570302,
              34.7426354095
            ],
            [
              134.1737398545,
              34.7430674014
            ],
            [
              134.1734796978,
              34.7437081096
            ],
            [
              134.1735281443,
              34.7440232751
            ],
            [
              134.1732982015,
              34.7445448564
            ],
            [
              134.1733795766,
              34.7447520261
            ],
            [
              134.1735156937,
              34.7448330588
            ],
            [
              134.1745886478,
              34.745329582
            ],
            [
              134.1765627007,
              34.7464232314
            ],
            [
              134.176450419,
              34.7467042394
            ],
            [
              134.1766293343,
              34.7472355045
            ],
            [
              134.1764652286,
              34.7475323635
            ],
            [
              134.1763014611,
              34.7476535716
            ],
            [
              134.1762051055,
              34.7481595502
            ],
            [
              134.1748523289,
              34.7485853024
            ],
            [
              134.1743390882,
              34.749003124
            ],
            [
              134.1737551485,
              34.7493308424
            ],
            [
              134.1725135981,
              34.7514305375
            ],
            [
              134.1721971794,
              34.751547173
            ],
            [
              134.1717883659,
              34.7515150774
            ],
            [
              134.171248381,
              34.7515956329
            ],
            [
              134.1711577774,
              34.7523447388
            ],
            [
              134.1692925822,
              34.7528841171
            ],
            [
              134.1683177956,
              34.7539931785
            ],
            [
              134.1677121598,
              34.7549055307
            ],
            [
              134.1674472669,
              34.7551388512
            ],
            [
              134.1673147002,
              34.7555263088
            ],
            [
              134.1644799101,
              34.7560730064
            ],
            [
              134.1628978666,
              34.7562884182
            ],
            [
              134.1625597957,
              34.7564510543
            ],
            [
              134.16070748,
              34.757906719
            ],
            [
              134.1601790211,
              34.7585041825
            ],
            [
              134.1586589605,
              34.760582315
            ],
            [
              134.157057633,
              34.7598640337
            ],
            [
              134.1556196202,
              34.7595130397
            ],
            [
              134.1552844665,
              34.7594997325
            ],
            [
              134.1550058579,
              34.7595631323
            ],
            [
              134.1541508525,
              34.76028757
            ],
            [
              134.1526639295,
              34.7610981151
            ],
            [
              134.1522229018,
              34.7611507041
            ],
            [
              134.1517333424,
              34.7609924965
            ],
            [
              134.1513517562,
              34.7609748832
            ],
            [
              134.1506031607,
              34.7613695702
            ],
            [
              134.14968465,
              34.7616235623
            ],
            [
              134.1490905023,
              34.762124824
            ],
            [
              134.1489607157,
              34.7625119879
            ],
            [
              134.1489603487,
              34.7626779178
            ],
            [
              134.1492945682,
              34.763133818
            ],
            [
              134.1493405575,
              34.7633126372
            ],
            [
              134.1492681053,
              34.7634359194
            ],
            [
              134.1484312634,
              34.7640645677
            ],
            [
              134.1475023073,
              34.764365292
            ],
            [
              134.1474298882,
              34.7644629363
            ],
            [
              134.1474631197,
              34.7646014507
            ],
            [
              134.1477921068,
              34.7650786166
            ],
            [
              134.1477349095,
              34.7652869991
            ],
            [
              134.1464509435,
              34.766372453
            ],
            [
              134.1458097207,
              34.7671416759
            ],
            [
              134.145422662,
              34.7672517924
            ],
            [
              134.1451444952,
              34.7671107847
            ],
            [
              134.1446748581,
              34.7661206678
            ],
            [
              134.1443762955,
              34.7658776458
            ],
            [
              134.1440721856,
              34.7658047702
            ],
            [
              134.143576996,
              34.7658507618
            ],
            [
              134.1425576787,
              34.7661960981
            ],
            [
              134.1419441103,
              34.7661313233
            ],
            [
              134.1415476303,
              34.7658668686
            ],
            [
              134.1406652339,
              34.7649801741
            ],
            [
              134.1400393615,
              34.7641183901
            ],
            [
              134.1396364857,
              34.7638315219
            ],
            [
              134.1397331069,
              34.7633126117
            ],
            [
              134.1393826848,
              34.7631971105
            ],
            [
              134.1388682605,
              34.7632079777
            ],
            [
              134.1383495373,
              34.7633964587
            ],
            [
              134.1379732798,
              34.763317253
            ],
            [
              134.1378034184,
              34.7631765428
            ],
            [
              134.1377048326,
              34.762883679
            ],
            [
              134.1374604238,
              34.7626535427
            ],
            [
              134.1371359074,
              34.7624934244
            ],
            [
              134.136678153,
              34.7625319812
            ],
            [
              134.1364050996,
              34.7624167381
            ],
            [
              134.1354584736,
              34.7614766505
            ],
            [
              134.1348623042,
              34.7612181872
            ],
            [
              134.1336448491,
              34.7602921656
            ],
            [
              134.1333223154,
              34.7600147086
            ],
            [
              134.1327779644,
              34.7589469573
            ],
            [
              134.1325545074,
              34.7588234786
            ],
            [
              134.131284539,
              34.7586778412
            ],
            [
              134.1320297483,
              34.7584349711
            ],
            [
              134.1327089092,
              34.7570937225
            ],
            [
              134.1334258259,
              34.7565855618
            ],
            [
              134.1335446633,
              34.7564296868
            ],
            [
              134.1335222596,
              34.7563152736
            ],
            [
              134.1342274873,
              34.7559992181
            ],
            [
              134.1352607097,
              34.7560716185
            ],
            [
              134.1358490437,
              34.7556211315
            ],
            [
              134.1384104351,
              34.7549739602
            ],
            [
              134.1383842697,
              34.7547037535
            ],
            [
              134.1390115403,
              34.754018786
            ],
            [
              134.1397571482,
              34.753798413
            ],
            [
              134.1407314747,
              34.7533499287
            ],
            [
              134.1412363184,
              34.7529583014
            ],
            [
              134.1415574049,
              34.7524515788
            ],
            [
              134.1421328177,
              34.7523830463
            ],
            [
              134.1423580755,
              34.7520521022
            ],
            [
              134.142696912,
              34.7517471137
            ],
            [
              134.1431534598,
              34.7515731664
            ],
            [
              134.1432926411,
              34.7514097063
            ],
            [
              134.1433459198,
              34.7512352663
            ],
            [
              134.1432807142,
              34.7508368148
            ],
            [
              134.1431028473,
              34.7505636913
            ],
            [
              134.1436635213,
              34.7496506757
            ],
            [
              134.1436641023,
              34.7493941724
            ],
            [
              134.1435257188,
              34.749197599
            ],
            [
              134.1435988098,
              34.7490340345
            ],
            [
              134.1429090461,
              34.7485827699
            ],
            [
              134.1421355481,
              34.7486142347
            ],
            [
              134.1421692857,
              34.7483197519
            ],
            [
              134.142070375,
              34.7482050784
            ],
            [
              134.1409414904,
              34.747559433
            ],
            [
              134.1408600358,
              34.7470436216
            ],
            [
              134.1404973545,
              34.7466556876
            ],
            [
              134.1404317479,
              34.7464482401
            ],
            [
              134.1397458502,
              34.7457596225
            ],
            [
              134.1395279956,
              34.7456392653
            ],
            [
              134.1402728255,
              34.7451247645
            ],
            [
              134.1407688596,
              34.7450110307
            ],
            [
              134.1411819269,
              34.7450416845
            ],
            [
              134.1413145399,
              34.7448563829
            ],
            [
              134.1418567139,
              34.7447972291
            ],
            [
              134.1422473509,
              34.7445141551
            ],
            [
              134.1433122145,
              34.7413904767
            ],
            [
              134.1433408651,
              34.7407283513
            ],
            [
              134.1435417246,
              34.7399843745
            ],
            [
              134.1440142655,
              34.7400015904
            ],
            [
              134.1440872234,
              34.7399025404
            ],
            [
              134.1441263664,
              34.7392569115
            ],
            [
              134.1440712474,
              34.7391449847
            ],
            [
              134.144206702,
              34.7386279674
            ],
            [
              134.1440596309,
              34.7385450561
            ],
            [
              134.1440527322,
              34.7383599584
            ],
            [
              134.1448642366,
              34.7383071295
            ],
            [
              134.1449798055,
              34.738399288
            ],
            [
              134.1455465804,
              34.7383929814
            ],
            [
              134.1468439732,
              34.7388744548
            ],
            [
              134.1476069289,
              34.7390577505
            ],
            [
              134.1481201253,
              34.7390945938
            ],
            [
              134.1485651024,
              34.7393675481
            ],
            [
              134.1499406235,
              34.7395986679
            ],
            [
              134.1508078948,
              34.739519686
            ],
            [
              134.1508694588,
              34.739340327
            ],
            [
              134.1507013896,
              34.7392869704
            ],
            [
              134.1508996902,
              34.7389933002
            ],
            [
              134.1512630044,
              34.739157944
            ],
            [
              134.1519078024,
              34.7389353684
            ],
            [
              134.1518698604,
              34.7388054417
            ],
            [
              134.1520630504,
              34.7388562974
            ],
            [
              134.1516234568,
              34.7386149154
            ],
            [
              134.1514964235,
              34.7382775134
            ],
            [
              134.1512159333,
              34.7382022977
            ],
            [
              134.151049455,
              34.7379180797
            ],
            [
              134.1507188847,
              34.7377643305
            ],
            [
              134.1494578712,
              34.7376181908
            ],
            [
              134.1482861417,
              34.737600213
            ],
            [
              134.1474859198,
              34.7374791221
            ],
            [
              134.1468760399,
              34.7372176031
            ],
            [
              134.1461147828,
              34.7372678455
            ],
            [
              134.1453069921,
              34.7371241918
            ],
            [
              134.1447619132,
              34.7371891279
            ],
            [
              134.1445808398,
              34.7370995438
            ],
            [
              134.1441090569,
              34.7366201766
            ],
            [
              134.1445087117,
              34.735830431
            ],
            [
              134.1448520485,
              34.7353831689
            ],
            [
              134.1465349317,
              34.7335934559
            ],
            [
              134.1471285074,
              34.7327656825
            ],
            [
              134.1469668117,
              34.7322356578
            ],
            [
              134.1462941274,
              34.73140242
            ],
            [
              134.1464926756,
              34.7310264858
            ],
            [
              134.1463107577,
              34.7303779647
            ],
            [
              134.146213621,
              34.730250196
            ],
            [
              134.1457556721,
              34.7300176337
            ],
            [
              134.1454926646,
              34.7297522692
            ],
            [
              134.145756662,
              34.7295775862
            ],
            [
              134.1463639071,
              34.7296731791
            ],
            [
              134.1474852692,
              34.7292135783
            ],
            [
              134.1489925849,
              34.729159105
            ],
            [
              134.1495630111,
              34.7290488293
            ],
            [
              134.1504987155,
              34.7283217069
            ],
            [
              134.1507864036,
              34.7277922218
            ],
            [
              134.1512916487,
              34.7273575792
            ],
            [
              134.1512155947,
              34.7267637397
            ],
            [
              134.151944443,
              34.7263522468
            ],
            [
              134.1521594115,
              34.7259760469
            ],
            [
              134.1515000784,
              34.7251677932
            ],
            [
              134.1512218591,
              34.7246599991
            ],
            [
              134.1512231195,
              34.7240834596
            ],
            [
              134.1516153613,
              34.72353821
            ],
            [
              134.15229603,
              34.7231010044
            ],
            [
              134.1526003072,
              34.722328835
            ],
            [
              134.153093859,
              34.7217851381
            ],
            [
              134.1532167827,
              34.7214227434
            ],
            [
              134.1537766235,
              34.7208699847
            ],
            [
              134.1550134298,
              34.7202182003
            ],
            [
              134.1557533257,
              34.719941076
            ],
            [
              134.1574890115,
              34.7187714782
            ],
            [
              134.157689374,
              34.7187833162
            ],
            [
              134.1586554799,
              34.719198268
            ],
            [
              134.1590296678,
              34.718544783
            ],
            [
              134.1595938139,
              34.7184147257
            ],
            [
              134.1596545571,
              34.7183377606
            ],
            [
              134.1601576735,
              34.7173015965
            ],
            [
              134.1603034998,
              34.7166436999
            ],
            [
              134.1604719909,
              34.7162937584
            ],
            [
              134.1605749109,
              34.7160976839
            ],
            [
              134.160873616,
              34.7158749827
            ],
            [
              134.1616517732,
              34.7158991828
            ],
            [
              134.1622601075,
              34.7157942522
            ],
            [
              134.1628612164,
              34.7158066447
            ],
            [
              134.16320174,
              34.7156416083
            ],
            [
              134.1643369464,
              34.7153834395
            ],
            [
              134.1650973397,
              34.7147925922
            ],
            [
              134.1651117112,
              34.714919528
            ],
            [
              134.1668426812,
              34.7165774497
            ],
            [
              134.1666811919,
              34.7168250044
            ],
            [
              134.1667611345,
              34.7171030332
            ],
            [
              134.1673928839,
              34.7177232638
            ],
            [
              134.1678305325,
              34.7184429566
            ],
            [
              134.1669393758,
              34.7194658045
            ],
            [
              134.1666205175,
              34.7197013115
            ],
            [
              134.1660676977,
              34.7198815601
            ],
            [
              134.1659101032,
              34.7200113596
            ],
            [
              134.1650662005,
              34.7211582243
            ],
            [
              134.1647930973,
              34.72231193
            ],
            [
              134.1650760597,
              34.7235209195
            ],
            [
              134.1650198657,
              34.7241643
            ],
            [
              134.1646080511,
              34.7251425794
            ],
            [
              134.1630691352,
              34.727373093
            ],
            [
              134.1628388902,
              34.727587443
            ],
            [
              134.1641510847,
              34.7291495998
            ],
            [
              134.1644162524,
              34.7296142459
            ],
            [
              134.1647395501,
              34.7297421741
            ],
            [
              134.1649508291,
              34.7299371372
            ],
            [
              134.1652100388,
              34.7303568381
            ],
            [
              134.1649314698,
              34.7305361899
            ],
            [
              134.1653301014,
              34.7308014194
            ],
            [
              134.1655900378,
              34.7308616443
            ],
            [
              134.1660548457,
              34.7313067004
            ],
            [
              134.1667696992,
              34.732223979
            ],
            [
              134.1667517586,
              34.7327710557
            ],
            [
              134.1664721425,
              34.7335139916
            ],
            [
              134.166265381,
              34.7337507757
            ]
          ]
        ]
      }
    },
    {
      "type": "Feature",
      "properties": {
        "key_code": "332110320",
        "pref": "岡山県",
        "city": "備前市",
        "ward": "",
        "district": "浦伊部",
        "name": "備前市  浦伊部"
      },
      "geometry": {
        "type": "Polygon",
        "coordinates": [
          [
            [
              134.1996683197,
              34.7280070011
            ],
            [
              134.1994780007,
              34.7282168179
            ],
            [
              134.1995941836,
              34.7286279761
            ],
            [
              134.1972565962,
              34.7291771472
            ],
            [
              134.1955325486,
              34.7297837325
            ],
            [
              134.1910389704,
              34.7331645945
            ],
            [
              134.1898531212,
              34.7337772214
            ],
            [
              134.1896404835,
              34.7336038542
            ],
            [
              134.1894678608,
              34.7336568973
            ],
            [
              134.1894949142,
              34.7337993387
            ],
            [
              134.1894271903,
              34.733810106
            ],
            [
              134.1894001123,
              34.733682031
            ],
            [
              134.1875361603,
              34.7342703138
            ],
            [
              134.1875458627,
              34.734344278
            ],
            [
              134.1874518912,
              34.7343747327
            ],
            [
              134.187408297,
              34.7343260839
            ],
            [
              134.186973466,
              34.73445079
            ],
            [
              134.1856292403,
              34.7344419913
            ],
            [
              134.1844381116,
              34.7349138373
            ],
            [
              134.1843341626,
              34.7350290751
            ],
            [
              134.184119007,
              34.7350433195
            ],
            [
              134.1841071151,
              34.7349728744
            ],
            [
              134.1840938717,
              34.7350549793
            ],
            [
              134.1839780999,
              34.7350611763
            ],
            [
              134.1818628275,
              34.7350765831
            ],
            [
              134.1808784838,
              34.7347227755
            ],
            [
              134.1797765144,
              34.7341994977
            ],
            [
              134.1796245315,
              34.7331191869
            ],
            [
              134.1794073813,
              34.7330377762
            ],
            [
              134.1785608403,
              34.7343385317
            ],
            [
              134.1804648165,
              34.7351992084
            ],
            [
              134.1799974723,
              34.7357737522
            ],
            [
              134.1795485532,
              34.7358219218
            ],
            [
              134.1795550104,
              34.7358768651
            ],
            [
              134.1795354452,
              34.7358227498
            ],
            [
              134.1793889967,
              34.7358893323
            ],
            [
              134.1793825433,
              34.7358324165
            ],
            [
              134.1792296412,
              34.7358422226
            ],
            [
              134.1792229832,
              34.7359016577
            ],
            [
              134.179216544,
              34.7358430516
            ],
            [
              134.1789183769,
              34.7358616886
            ],
            [
              134.1789375671,
              34.7361176561
            ],
            [
              134.179751177,
              34.7360926307
            ],
            [
              134.1792267964,
              34.7367914753
            ],
            [
              134.1805576153,
              34.7381896361
            ],
            [
              134.1788068109,
              34.738934674
            ],
            [
              134.1783206597,
              34.7389574358
            ],
            [
              134.1780146444,
              34.7391877718
            ],
            [
              134.177786256,
              34.7392524149
            ],
            [
              134.1753958246,
              34.7393639857
            ],
            [
              134.1750742975,
              34.7393276473
            ],
            [
              134.1741986862,
              34.7389197003
            ],
            [
              134.1731875304,
              34.7381591372
            ],
            [
              134.1729183821,
              34.7377059194
            ],
            [
              134.1729317299,
              34.7373473086
            ],
            [
              134.172847716,
              34.7371521075
            ],
            [
              134.1721659245,
              34.7362666063
            ],
            [
              134.1719201089,
              34.7357524246
            ],
            [
              134.1714285707,
              34.7352188991
            ],
            [
              134.1707013123,
              34.7353394915
            ],
            [
              134.1701241767,
              34.7351696869
            ],
            [
              134.1686930814,
              34.7352018464
            ],
            [
              134.1678391995,
              34.7353660582
            ],
            [
              134.1677980458,
              34.7352368338
            ],
            [
              134.1680930355,
              34.7349827003
            ],
            [
              134.1679366084,
              34.7338106723
            ],
            [
              134.1673132927,
              34.7337319273
            ],
            [
              134.1664797504,
              34.7340878672
            ],
            [
              134.1661577278,
              34.7340533363
            ],
            [
              134.166265381,
              34.7337507757
            ],
            [
              134.1664721425,
              34.7335139916
            ],
            [
              134.1667517586,
              34.7327710557
            ],
            [
              134.1667696992,
              34.732223979
            ],
            [
              134.1660548457,
              34.7313067004
            ],
            [
              134.1655900378,
              34.7308616443
            ],
            [
              134.1653301014,
              34.7308014194
            ],
            [
              134.1649314698,
              34.7305361899
            ],
            [
              134.1652100388,
              34.7303568381
            ],
            [
              134.1649508291,
              34.7299371372
            ],
            [
              134.1647395501,
              34.7297421741
            ],
            [
              134.1644162524,
              34.7296142459
            ],
            [
              134.1641510847,
              34.7291495998
            ],
            [
              134.1628388902,
              34.727587443
            ],
            [
              134.1630691352,
              34.727373093
            ],
            [
              134.1646080511,
              34.7251425794
            ],
            [
              134.1650198657,
              34.7241643
            ],
            [
              134.1650760597,
              34.7235209195
            ],
            [
              134.1647930973,
              34.72231193
            ],
            [
              134.1650662005,
              34.7211582243
            ],
            [
              134.1659101032,
              34.7200113596
            ],
            [
              134.1660676977,
              34.7198815601
            ],
            [
              134.1666205175,
              34.7197013115
            ],
            [
              134.1669393758,
              34.7194658045
            ],
            [
              134.1678305325,
              34.7184429566
            ],
            [
              134.1688483668,
              34.7189511544
            ],
            [
              134.1690751245,
              34.7192582571
            ],
            [
              134.1692792986,
              34.7197621123
            ],
            [
              134.1693956186,
              34.7198310093
            ],
            [
              134.1695230603,
              34.7198769605
            ],
            [
              134.1701720495,
              34.7197724674
            ],
            [
              134.1705489498,
              34.7198553755
            ],
            [
              134.170659646,
              34.719965396
            ],
            [
              134.1707531769,
              34.7203410618
            ],
            [
              134.1711855836,
              34.7204057304
            ],
            [
              134.1713235706,
              34.7207263774
            ],
            [
              134.1719492159,
              34.7212309345
            ],
            [
              134.1727035163,
              34.7211448812
            ],
            [
              134.1729615748,
              34.7210422516
            ],
            [
              134.1733936871,
              34.7212534123
            ],
            [
              134.1737319356,
              34.7212630136
            ],
            [
              134.174041965,
              34.7215197914
            ],
            [
              134.1740632172,
              34.7220097397
            ],
            [
              134.1741351737,
              34.7220739269
            ],
            [
              134.1750995948,
              34.7223132463
            ],
            [
              134.1754048399,
              34.7221854583
            ],
            [
              134.1754219989,
              34.7219016422
            ],
            [
              134.1755109294,
              34.721791885
            ],
            [
              134.1765112149,
              34.7221250538
            ],
            [
              134.1769993086,
              34.7220708882
            ],
            [
              134.177325727,
              34.7224741748
            ],
            [
              134.1776247384,
              34.7227034598
            ],
            [
              134.1777574033,
              34.7229325319
            ],
            [
              134.178774782,
              34.7230369422
            ],
            [
              134.1794614313,
              34.7235642159
            ],
            [
              134.1801820876,
              34.7236979597
            ],
            [
              134.1807217281,
              34.7242687067
            ],
            [
              134.1809537662,
              34.7247497605
            ],
            [
              134.1814356653,
              34.7250525122
            ],
            [
              134.1817119801,
              34.725588555
            ],
            [
              134.1824735897,
              34.7260954775
            ],
            [
              134.1828826367,
              34.7268377614
            ],
            [
              134.1841059312,
              34.7282949308
            ],
            [
              134.1847634438,
              34.728716205
            ],
            [
              134.1851607179,
              34.7288088105
            ],
            [
              134.1862909872,
              34.7287691865
            ],
            [
              134.1873812422,
              34.7285270861
            ],
            [
              134.1881517251,
              34.7282664248
            ],
            [
              134.1893267185,
              34.7274885688
            ],
            [
              134.1904170352,
              34.7271899544
            ],
            [
              134.192097065,
              34.7270149853
            ],
            [
              134.1941278173,
              34.7269147678
            ],
            [
              134.1942706815,
              34.7268943651
            ],
            [
              134.1943890318,
              34.7266791208
            ],
            [
              134.1946061262,
              34.7268230468
            ],
            [
              134.195298809,
              34.7266418371
            ],
            [
              134.1959818758,
              34.7266476776
            ],
            [
              134.196670948,
              34.7267766352
            ],
            [
              134.1970501185,
              34.7265411139
            ],
            [
              134.1975719608,
              34.7264033681
            ],
            [
              134.2044192678,
              34.7257261874
            ],
            [
              134.2047134783,
              34.7258084787
            ],
            [
              134.2049180044,
              34.7259958995
            ],
            [
              134.2050061463,
              34.7261970029
            ],
            [
              134.2050657829,
              34.7264701978
            ],
            [
              134.2050140917,
              34.7267127081
            ],
            [
              134.2046335078,
              34.7271098222
            ],
            [
              134.2014336077,
              34.7275220977
            ],
            [
              134.2005246237,
              34.7278518586
            ],
            [
              134.1996683197,
              34.7280070011
            ]
          ]
        ]
      }
    },
    {
      "type": "Feature",
      "properties": {
        "key_code": "332110330",
        "pref": "岡山県",
        "city": "備前市",
        "ward": "",
        "district": "久々井",
        "name": "備前市  久々井"
      },
      "geometry": {
        "type": "Polygon",
        "coordinates": [
          [
            [
              134.1940464486,
              34.7212032765
            ],
            [
              134.1944175355,
              34.7212820172
            ],
            [
              134.1946813766,
              34.7215131888
            ],
            [
              134.1950321735,
              34.7213134202
            ],
            [
              134.194764328,
              34.7215268054
            ],
            [
              134.194993044,
              34.721871473
            ],
            [
              134.1956891968,
              34.7214674184
            ],
            [
              134.1953120172,
              34.7211037098
            ],
            [
              134.1957121734,
              34.7214350463
            ],
            [
              134.1958336599,
              34.7212584002
            ],
            [
              134.1966032155,
              34.7206886274
            ],
            [
              134.1972560868,
              34.7207055534
            ],
            [
              134.1992830788,
              34.7210260011
            ],
            [
              134.2001277986,
              34.7212487821
            ],
            [
              134.2010562869,
              34.7216608273
            ],
            [
              134.2032074683,
              34.7228910334
            ],
            [
              134.2043879472,
              34.7227597325
            ],
            [
              134.2049180044,
              34.7259958995
            ],
            [
              134.2046309795,
              34.7257597946
            ],
            [
              134.2044192678,
              34.7257261874
            ],
            [
              134.1975719608,
              34.7264033681
            ],
            [
              134.1970501185,
              34.7265411139
            ],
            [
              134.196670948,
              34.7267766352
            ],
            [
              134.1959818758,
              34.7266476776
            ],
            [
              134.195298809,
              34.7266418371
            ],
            [
              134.1946061262,
              34.7268230468
            ],
            [
              134.1943890318,
              34.7266791208
            ],
            [
              134.1942706815,
              34.7268943651
            ],
            [
              134.1941278173,
              34.7269147678
            ],
            [
              134.192097065,
              34.7270149853
            ],
            [
              134.1904170352,
              34.7271899544
            ],
            [
              134.1893267185,
              34.7274885688
            ],
            [
              134.1881517251,
              34.7282664248
            ],
            [
              134.1873812422,
              34.7285270861
            ],
            [
              134.1862909872,
              34.7287691865
            ],
            [
              134.1854897994,
              34.7288297755
            ],
            [
              134.1847634438,
              34.728716205
            ],
            [
              134.1841059312,
              34.7282949308
            ],
            [
              134.1828826367,
              34.7268377614
            ],
            [
              134.1824735897,
              34.7260954775
            ],
            [
              134.1817119801,
              34.725588555
            ],
            [
              134.1814356653,
              34.7250525122
            ],
            [
              134.1809537662,
              34.7247497605
            ],
            [
              134.1807217281,
              34.7242687067
            ],
            [
              134.1801820876,
              34.7236979597
            ],
            [
              134.1794614313,
              34.7235642159
            ],
            [
              134.178774782,
              34.7230369422
            ],
            [
              134.1777574033,
              34.7229325319
            ],
            [
              134.1776247384,
              34.7227034598
            ],
            [
              134.177325727,
              34.7224741748
            ],
            [
              134.1769993086,
              34.7220708882
            ],
            [
              134.1765112149,
              34.7221250538
            ],
            [
              134.1755109294,
              34.721791885
            ],
            [
              134.1754219989,
              34.7219016422
            ],
            [
              134.1754048399,
              34.7221854583
            ],
            [
              134.1752271483,
              34.7223089049
            ],
            [
              134.1742736595,
              34.7221520053
            ],
            [
              134.1740632172,
              34.7220097397
            ],
            [
              134.1740749892,
              34.7216526686
            ],
            [
              134.1739811864,
              34.7214098386
            ],
            [
              134.1737319356,
              34.7212630136
            ],
            [
              134.1733936871,
              34.7212534123
            ],
            [
              134.1729615748,
              34.7210422516
            ],
            [
              134.1727035163,
              34.7211448812
            ],
            [
              134.1719492159,
              34.7212309345
            ],
            [
              134.1713235706,
              34.7207263774
            ],
            [
              134.1711855836,
              34.7204057304
            ],
            [
              134.1707531769,
              34.7203410618
            ],
            [
              134.170659646,
              34.719965396
            ],
            [
              134.1705489498,
              34.7198553755
            ],
            [
              134.1701720495,
              34.7197724674
            ],
            [
              134.1695230603,
              34.7198769605
            ],
            [
              134.1692792986,
              34.7197621123
            ],
            [
              134.1690751245,
              34.7192582571
            ],
            [
              134.1688483668,
              34.7189511544
            ],
            [
              134.1678305325,
              34.7184429566
            ],
            [
              134.1673928839,
              34.7177232638
            ],
            [
              134.1667611345,
              34.7171030332
            ],
            [
              134.1666811919,
              34.7168250044
            ],
            [
              134.1668426812,
              34.7165774497
            ],
            [
              134.1651117112,
              34.714919528
            ],
            [
              134.1650973397,
              34.7147925922
            ],
            [
              134.1652879857,
              34.7145994527
            ],
            [
              134.1650609512,
              34.7140838678
            ],
            [
              134.1651435704,
              34.7140718682
            ],
            [
              134.165173938,
              34.7134781787
            ],
            [
              134.1653053662,
              34.7133538384
            ],
            [
              134.1656164876,
              34.7132862305
            ],
            [
              134.1657431137,
              34.7131377955
            ],
            [
              134.165330778,
              34.7128002873
            ],
            [
              134.1653115871,
              34.7126839097
            ],
            [
              134.1656255874,
              34.7123813487
            ],
            [
              134.1661749747,
              34.7122175769
            ],
            [
              134.166418927,
              34.711716444
            ],
            [
              134.1667232997,
              34.7113617494
            ],
            [
              134.1679635962,
              34.7107133648
            ],
            [
              134.1688101769,
              34.7101327557
            ],
            [
              134.1689055006,
              34.709838062
            ],
            [
              134.1691146133,
              34.7097419953
            ],
            [
              134.1694931981,
              34.7099430906
            ],
            [
              134.1699048394,
              34.7106378051
            ],
            [
              134.1705026232,
              34.7109159604
            ],
            [
              134.1709035586,
              34.7112121611
            ],
            [
              134.1715986599,
              34.7120000769
            ],
            [
              134.1719314784,
              34.7125118463
            ],
            [
              134.1726145866,
              34.7131640938
            ],
            [
              134.1731029353,
              34.713423218
            ],
            [
              134.1737177686,
              34.7136009481
            ],
            [
              134.1742780744,
              34.7135698472
            ],
            [
              134.175462696,
              34.7130611863
            ],
            [
              134.1758747924,
              34.7129800198
            ],
            [
              134.1765129427,
              34.7124365516
            ],
            [
              134.17867089,
              34.7112895943
            ],
            [
              134.1812315579,
              34.7121477087
            ],
            [
              134.1828183958,
              34.7124263341
            ],
            [
              134.1843000866,
              34.7122475695
            ],
            [
              134.1859032731,
              34.7121820323
            ],
            [
              134.1880164805,
              34.7135920528
            ],
            [
              134.1892355688,
              34.7128573323
            ],
            [
              134.1895230637,
              34.7127552612
            ],
            [
              134.1901434646,
              34.7127128794
            ],
            [
              134.1919253902,
              34.7131409112
            ],
            [
              134.1925620489,
              34.7131443174
            ],
            [
              134.1929932442,
              34.7130153553
            ],
            [
              134.1944047912,
              34.7123484145
            ],
            [
              134.1960958238,
              34.7113927177
            ],
            [
              134.1968723418,
              34.7112300411
            ],
            [
              134.1983138947,
              34.7112577049
            ],
            [
              134.1989038203,
              34.7113664003
            ],
            [
              134.1995607699,
              34.7116680075
            ],
            [
              134.2011513263,
              34.7126573493
            ],
            [
              134.2026480867,
              34.7128618137
            ],
            [
              134.2035110747,
              34.7131243231
            ],
            [
              134.2051017306,
              34.7140875461
            ],
            [
              134.2068319609,
              34.7144525045
            ],
            [
              134.2079413471,
              34.7141723506
            ],
            [
              134.2083374485,
              34.7141465576
            ],
            [
              134.2090737533,
              34.714395935
            ],
            [
              134.2097464372,
              34.7148086445
            ],
            [
              134.2102770097,
              34.7149138415
            ],
            [
              134.2107675531,
              34.7153002991
            ],
            [
              134.2118205962,
              34.7156349158
            ],
            [
              134.2123828246,
              34.7157598567
            ],
            [
              134.2142920845,
              34.715817236
            ],
            [
              134.2142062726,
              34.7162779136
            ],
            [
              134.2136195362,
              34.7166000555
            ],
            [
              134.213363679,
              34.716872937
            ],
            [
              134.2128370811,
              34.7171266745
            ],
            [
              134.2120104997,
              34.7172043149
            ],
            [
              134.2115064681,
              34.7169532183
            ],
            [
              134.2104501487,
              34.7158720235
            ],
            [
              134.2102112325,
              34.7157492315
            ],
            [
              134.2099066818,
              34.7157146938
            ],
            [
              134.2095808996,
              34.7152798022
            ],
            [
              134.2091281547,
              34.7150576235
            ],
            [
              134.2087034782,
              34.7150463421
            ],
            [
              134.2084587696,
              34.7151561058
            ],
            [
              134.2083198459,
              34.7153362676
            ],
            [
              134.2084079603,
              34.7155453985
            ],
            [
              134.2087012954,
              34.7157800948
            ],
            [
              134.2087763844,
              34.7159379379
            ],
            [
              134.2087552709,
              34.7161903424
            ],
            [
              134.208547376,
              34.716498478
            ],
            [
              134.2078649263,
              34.7165635605
            ],
            [
              134.2072494046,
              34.716406144
            ],
            [
              134.2067132537,
              34.716472217
            ],
            [
              134.2065886969,
              34.7165325175
            ],
            [
              134.2062080186,
              34.7170234516
            ],
            [
              134.2059686917,
              34.7171711077
            ],
            [
              134.2052265535,
              34.7169972095
            ],
            [
              134.2044969981,
              34.717163223
            ],
            [
              134.2041000839,
              34.7168499455
            ],
            [
              134.2038083054,
              34.7163177353
            ],
            [
              134.2034964304,
              34.7160830063
            ],
            [
              134.2032864984,
              34.7155842659
            ],
            [
              134.202615258,
              34.7154645174
            ],
            [
              134.2024488668,
              34.7150523124
            ],
            [
              134.201913451,
              34.7146460475
            ],
            [
              134.2011908629,
              34.7145534213
            ],
            [
              134.2007661097,
              34.7145997259
            ],
            [
              134.2002276616,
              34.7147398604
            ],
            [
              134.2000164767,
              34.7150353032
            ],
            [
              134.1997357451,
              34.7151368403
            ],
            [
              134.1995458463,
              34.7150933861
            ],
            [
              134.1994544565,
              34.7148922722
            ],
            [
              134.1992111994,
              34.7147676218
            ],
            [
              134.1981806108,
              34.7147619735
            ],
            [
              134.1979319402,
              34.7146039288
            ],
            [
              134.1980354416,
              34.7147364565
            ],
            [
              134.1977019698,
              34.7150399296
            ],
            [
              134.1976218693,
              34.7152904384
            ],
            [
              134.1977933124,
              34.7159407182
            ],
            [
              134.1976986562,
              34.7164165939
            ],
            [
              134.1979484494,
              34.7165557645
            ],
            [
              134.1974984075,
              34.7173711506
            ],
            [
              134.1963415005,
              34.71782063
            ],
            [
              134.1962631549,
              34.7176591116
            ],
            [
              134.1952882806,
              34.7176156194
            ],
            [
              134.1951601792,
              34.7171692174
            ],
            [
              134.195225735,
              34.7171387238
            ],
            [
              134.195391094,
              34.7168368967
            ],
            [
              134.1951744506,
              34.7171268336
            ],
            [
              134.1946790803,
              34.7169496312
            ],
            [
              134.1946923432,
              34.7168531544
            ],
            [
              134.1945383993,
              34.7168529805
            ],
            [
              134.1944251905,
              34.7166555021
            ],
            [
              134.1945110994,
              34.7168566117
            ],
            [
              134.1944808786,
              34.7192862024
            ],
            [
              134.1932345819,
              34.7196201827
            ],
            [
              134.1922052296,
              34.7194972957
            ],
            [
              134.1929670146,
              34.7196666435
            ],
            [
              134.193885253,
              34.7196469841
            ],
            [
              134.19393492,
              34.7199787747
            ],
            [
              134.1938715442,
              34.7200112411
            ],
            [
              134.1937584498,
              34.7197361472
            ],
            [
              134.1925715353,
              34.7198204353
            ],
            [
              134.192283141,
              34.7199129332
            ],
            [
              134.1922982949,
              34.7199940872
            ],
            [
              134.1939837752,
              34.7201456112
            ],
            [
              134.1940464486,
              34.7212032765
            ]
          ]
        ]
      }
    },
    {
      "type": "Feature",
      "properties": {
        "key_code": "332110410",
        "pref": "岡山県",
        "city": "備前市",
        "ward": "",
        "district": "西片上",
        "name": "備前市  西片上"
      },
      "geometry": {
        "type": "Polygon",
        "coordinates": [
          [
            [
              134.1788068109,
              34.738934674
            ],
            [
              134.1804308257,
              34.738252581
            ],
            [
              134.1812582124,
              34.7390711664
            ],
            [
              134.1813521487,
              34.7390587471
            ],
            [
              134.18128545,
              34.7391064148
            ],
            [
              134.1820735909,
              34.7398925477
            ],
            [
              134.1821817684,
              34.7398549324
            ],
            [
              134.1820942945,
              34.7399142653
            ],
            [
              134.1826175534,
              34.7404351077
            ],
            [
              134.1830603799,
              34.7401399952
            ],
            [
              134.1840916447,
              34.7411770017
            ],
            [
              134.1843628502,
              34.7409709773
            ],
            [
              134.185006404,
              34.7401792928
            ],
            [
              134.1852714332,
              34.7403725906
            ],
            [
              134.1855481657,
              34.7407452138
            ],
            [
              134.1854520108,
              34.7407756646
            ],
            [
              134.1851535216,
              34.7415876344
            ],
            [
              134.1853709175,
              34.7421648544
            ],
            [
              134.1853041299,
              34.7422629527
            ],
            [
              134.1861018227,
              34.7433278208
            ],
            [
              134.1869365358,
              34.7436489948
            ],
            [
              134.186571312,
              34.7445918868
            ],
            [
              134.1860172288,
              34.7447713783
            ],
            [
              134.1867572221,
              34.7449000273
            ],
            [
              134.1866337298,
              34.7451491958
            ],
            [
              134.186957999,
              34.7452418464
            ],
            [
              134.1863052712,
              34.7463632724
            ],
            [
              134.1873012782,
              34.7480524993
            ],
            [
              134.1886408204,
              34.7500259525
            ],
            [
              134.1899014235,
              34.7513498074
            ],
            [
              134.1893113745,
              34.7519363463
            ],
            [
              134.1888113879,
              34.7521995791
            ],
            [
              134.1882740747,
              34.7543363053
            ],
            [
              134.1901929025,
              34.7542575794
            ],
            [
              134.1908421747,
              34.7554695651
            ],
            [
              134.1898011254,
              34.7562033355
            ],
            [
              134.1897139998,
              34.7566696108
            ],
            [
              134.189822593,
              34.7574145886
            ],
            [
              134.1900807907,
              34.7578683085
            ],
            [
              134.1906530571,
              34.7582316829
            ],
            [
              134.190766594,
              34.7583839404
            ],
            [
              134.1910317505,
              34.7593622166
            ],
            [
              134.191039073,
              34.7596797162
            ],
            [
              134.1930316866,
              34.7601288138
            ],
            [
              134.1929316218,
              34.7613042857
            ],
            [
              134.1921784095,
              34.7633803494
            ],
            [
              134.1918319469,
              34.7634784082
            ],
            [
              134.1913210899,
              34.7634262635
            ],
            [
              134.191059818,
              34.7635055437
            ],
            [
              134.1909231999,
              34.7637162467
            ],
            [
              134.1910078031,
              34.7640443997
            ],
            [
              134.1907286787,
              34.7646014443
            ],
            [
              134.1902542493,
              34.7648282322
            ],
            [
              134.189193489,
              34.7643210308
            ],
            [
              134.1880624215,
              34.7634506099
            ],
            [
              134.1879205691,
              34.7634035356
            ],
            [
              134.1874889012,
              34.7635295113
            ],
            [
              134.1873186395,
              34.763501137
            ],
            [
              134.1861939742,
              34.7630113003
            ],
            [
              134.1855808601,
              34.7634674991
            ],
            [
              134.1854268938,
              34.7639725644
            ],
            [
              134.1850926786,
              34.7645629101
            ],
            [
              134.1827364827,
              34.7653663034
            ],
            [
              134.1820880615,
              34.7654064962
            ],
            [
              134.1819035751,
              34.7653430246
            ],
            [
              134.1817602852,
              34.7649118269
            ],
            [
              134.1806571466,
              34.7637085296
            ],
            [
              134.1788687664,
              34.763017078
            ],
            [
              134.178514278,
              34.7623737595
            ],
            [
              134.1771489342,
              34.7605886332
            ],
            [
              134.1761992008,
              34.7604721961
            ],
            [
              134.1760389718,
              34.7606894742
            ],
            [
              134.1752276924,
              34.7611603019
            ],
            [
              134.1741667216,
              34.7603488558
            ],
            [
              134.1739506908,
              34.760311529
            ],
            [
              134.1734485078,
              34.7604129965
            ],
            [
              134.1730081257,
              34.7599813965
            ],
            [
              134.171849223,
              34.7597773125
            ],
            [
              134.1711433523,
              34.759278579
            ],
            [
              134.1708146872,
              34.7592856035
            ],
            [
              134.1703055965,
              34.7594669069
            ],
            [
              134.169060842,
              34.7594262072
            ],
            [
              134.1678719927,
              34.7595769954
            ],
            [
              134.1676286083,
              34.7597103358
            ],
            [
              134.1674862581,
              34.7599870663
            ],
            [
              134.1670740384,
              34.7601258082
            ],
            [
              134.1655348037,
              34.7598746494
            ],
            [
              134.164819516,
              34.7598766137
            ],
            [
              134.163321805,
              34.7595384363
            ],
            [
              134.1621543721,
              34.7595336925
            ],
            [
              134.1617102914,
              34.7597251922
            ],
            [
              134.161389743,
              34.759970814
            ],
            [
              134.1597148898,
              34.7615022087
            ],
            [
              134.1586589605,
              34.760582315
            ],
            [
              134.1601790211,
              34.7585041825
            ],
            [
              134.16070748,
              34.757906719
            ],
            [
              134.162370104,
              34.7565662895
            ],
            [
              134.1628978666,
              34.7562884182
            ],
            [
              134.1644799101,
              34.7560730064
            ],
            [
              134.1673147002,
              34.7555263088
            ],
            [
              134.1674472669,
              34.7551388512
            ],
            [
              134.1677121598,
              34.7549055307
            ],
            [
              134.1683177956,
              34.7539931785
            ],
            [
              134.1692925822,
              34.7528841171
            ],
            [
              134.1711577774,
              34.7523447388
            ],
            [
              134.171248381,
              34.7515956329
            ],
            [
              134.1717883659,
              34.7515150774
            ],
            [
              134.1721971794,
              34.751547173
            ],
            [
              134.1725135981,
              34.7514305375
            ],
            [
              134.1737551485,
              34.7493308424
            ],
            [
              134.1743390882,
              34.749003124
            ],
            [
              134.1748523289,
              34.7485853024
            ],
            [
              134.1762051055,
              34.7481595502
            ],
            [
              134.1763014611,
              34.7476535716
            ],
            [
              134.1764652286,
              34.7475323635
            ],
            [
              134.1766293343,
              34.7472355045
            ],
            [
              134.176450419,
              34.7467042394
            ],
            [
              134.1765627007,
              34.7464232314
            ],
            [
              134.173325194,
              34.7446798346
            ],
            [
              134.1733312064,
              34.7443919263
            ],
            [
              134.1735281443,
              34.7440232751
            ],
            [
              134.1735099467,
              34.743561938
            ],
            [
              134.1737398545,
              34.7430674014
            ],
            [
              134.1737570302,
              34.7426354095
            ],
            [
              134.1745449499,
              34.7410840328
            ],
            [
              134.1744742262,
              34.7410074544
            ],
            [
              134.1750742975,
              34.7393276473
            ],
            [
              134.177028428,
              34.7393322942
            ],
            [
              134.177786256,
              34.7392524149
            ],
            [
              134.1780146444,
              34.7391877718
            ],
            [
              134.1783206597,
              34.7389574358
            ],
            [
              134.1788068109,
              34.738934674
            ]
          ]
        ]
      }
    },
    {
      "type": "Feature",
      "properties": {
        "key_code": "332110420",
        "pref": "岡山県",
        "city": "備前市",
        "ward": "",
        "district": "東片上",
        "name": "備前市  東片上"
      },
      "geometry": {
        "type": "Polygon",
        "coordinates": [
          [
            [
              134.199752537,
              34.732050349
            ],
            [
              134.200070096,
              34.7330778474
            ],
            [
              134.2000146229,
              34.7336764423
            ],
            [
              134.1996301135,
              34.7354674831
            ],
            [
              134.2000265386,
              34.7364806985
            ],
            [
              134.2005705672,
              34.737246436
            ],
            [
              134.2009302724,
              34.7373369745
            ],
            [
              134.2020800206,
              34.7373194759
            ],
            [
              134.202284303,
              34.7372684216
            ],
            [
              134.202613201,
              34.7370121271
            ],
            [
              134.2038913825,
              34.737196881
            ],
            [
              134.2043534183,
              34.7369553719
            ],
            [
              134.2046896551,
              34.7376959375
            ],
            [
              134.2054533101,
              34.7376161643
            ],
            [
              134.206056139,
              34.7382031852
            ],
            [
              134.2062691611,
              34.738240029
            ],
            [
              134.2065731756,
              34.7381063865
            ],
            [
              134.2070561658,
              34.7377086772
            ],
            [
              134.2081372138,
              34.737367217
            ],
            [
              134.2087350842,
              34.7375589707
            ],
            [
              134.2088992477,
              34.7374556061
            ],
            [
              134.2100086783,
              34.7374965889
            ],
            [
              134.2106161672,
              34.7377042591
            ],
            [
              134.2107220878,
              34.7378397295
            ],
            [
              134.2107503516,
              34.738293744
            ],
            [
              134.2110679865,
              34.7387957985
            ],
            [
              134.2113899498,
              34.7396363383
            ],
            [
              134.2113800536,
              34.7398035274
            ],
            [
              134.2110902569,
              34.7400581915
            ],
            [
              134.2110221574,
              34.7404483012
            ],
            [
              134.2112815637,
              34.7411813038
            ],
            [
              134.210962701,
              34.7415155239
            ],
            [
              134.2110299024,
              34.7417385698
            ],
            [
              134.2109717801,
              34.7418978216
            ],
            [
              134.2107109319,
              34.742136456
            ],
            [
              134.2108695807,
              34.7425070721
            ],
            [
              134.2106761762,
              34.7428094416
            ],
            [
              134.2111121123,
              34.7439584346
            ],
            [
              134.2108797112,
              34.7442263958
            ],
            [
              134.2107599748,
              34.7445163028
            ],
            [
              134.210775445,
              34.7452576562
            ],
            [
              134.2122529001,
              34.74580087
            ],
            [
              134.2125501987,
              34.7464796801
            ],
            [
              134.2125959433,
              34.7469338531
            ],
            [
              134.2123571228,
              34.7476445294
            ],
            [
              134.2120703351,
              34.7477281974
            ],
            [
              134.2118870087,
              34.7479960697
            ],
            [
              134.2119207449,
              34.7491990348
            ],
            [
              134.2118454087,
              34.7503028679
            ],
            [
              134.2123341352,
              34.7512573858
            ],
            [
              134.2127964901,
              34.7515766025
            ],
            [
              134.213409701,
              34.7543187141
            ],
            [
              134.2148978599,
              34.7546597641
            ],
            [
              134.2150180034,
              34.7550923082
            ],
            [
              134.2149039094,
              34.7554203954
            ],
            [
              134.2138895216,
              34.7562817347
            ],
            [
              134.2133149352,
              34.7566214832
            ],
            [
              134.2130473872,
              34.7571459119
            ],
            [
              134.212956493,
              34.7571927286
            ],
            [
              134.2127066849,
              34.7572251619
            ],
            [
              134.2117750735,
              34.7576882213
            ],
            [
              134.2113549987,
              34.7576923116
            ],
            [
              134.2111423406,
              34.757549273
            ],
            [
              134.210830234,
              34.7574740261
            ],
            [
              134.2104892919,
              34.7577220138
            ],
            [
              134.2095696369,
              34.7577539092
            ],
            [
              134.2094076513,
              34.7578965724
            ],
            [
              134.2094585,
              34.7580559323
            ],
            [
              134.2093732667,
              34.7581168366
            ],
            [
              134.207570094,
              34.7586794117
            ],
            [
              134.2071156366,
              34.758899104
            ],
            [
              134.2035284077,
              34.762296613
            ],
            [
              134.2018485827,
              34.763763677
            ],
            [
              134.2005264496,
              34.7651747635
            ],
            [
              134.2002981886,
              34.7659147174
            ],
            [
              134.1999467348,
              34.7655864214
            ],
            [
              134.199209197,
              34.7652764373
            ],
            [
              134.1981164233,
              34.7652400229
            ],
            [
              134.1971908052,
              34.7653983078
            ],
            [
              134.1966061577,
              34.7653368056
            ],
            [
              134.1952762869,
              34.7644708747
            ],
            [
              134.1951913876,
              34.7643114697
            ],
            [
              134.1951525361,
              34.7637680003
            ],
            [
              134.1945779622,
              34.7627717751
            ],
            [
              134.1943506158,
              34.7629308264
            ],
            [
              134.194088772,
              34.7633569022
            ],
            [
              134.1939114207,
              34.7641764859
            ],
            [
              134.1933042139,
              34.7640305692
            ],
            [
              134.1921784095,
              34.7633803494
            ],
            [
              134.1929316218,
              34.7613042857
            ],
            [
              134.1930316866,
              34.7601288138
            ],
            [
              134.191039073,
              34.7596797162
            ],
            [
              134.1910317505,
              34.7593622166
            ],
            [
              134.190766594,
              34.7583839404
            ],
            [
              134.1906530571,
              34.7582316829
            ],
            [
              134.1900807907,
              34.7578683085
            ],
            [
              134.189822593,
              34.7574145886
            ],
            [
              134.1897139998,
              34.7566696108
            ],
            [
              134.1898011254,
              34.7562033355
            ],
            [
              134.1908421747,
              34.7554695651
            ],
            [
              134.1901929025,
              34.7542575794
            ],
            [
              134.1882740747,
              34.7543363053
            ],
            [
              134.1888113879,
              34.7521995791
            ],
            [
              134.1893113745,
              34.7519363463
            ],
            [
              134.1899014235,
              34.7513498074
            ],
            [
              134.1886408204,
              34.7500259525
            ],
            [
              134.1873012782,
              34.7480524993
            ],
            [
              134.1863052712,
              34.7463632724
            ],
            [
              134.186957999,
              34.7452418464
            ],
            [
              134.1866337298,
              34.7451491958
            ],
            [
              134.1867572221,
              34.7449000273
            ],
            [
              134.1860172288,
              34.7447713783
            ],
            [
              134.186571312,
              34.7445918868
            ],
            [
              134.1869365358,
              34.7436489948
            ],
            [
              134.1861018227,
              34.7433278208
            ],
            [
              134.1860113134,
              34.7431607945
            ],
            [
              134.1861939681,
              34.7430077603
            ],
            [
              134.1858868602,
              34.7425152298
            ],
            [
              134.1858420199,
              34.7425539121
            ],
            [
              134.1857995462,
              34.7424844178
            ],
            [
              134.1858694401,
              34.7424873193
            ],
            [
              134.1858400564,
              34.7424277004
            ],
            [
              134.1863303454,
              34.7418433051
            ],
            [
              134.1862311503,
              34.7417403585
            ],
            [
              134.1863555233,
              34.7418081202
            ],
            [
              134.1873808872,
              34.7406247267
            ],
            [
              134.1880823464,
              34.7410537721
            ],
            [
              134.1881292438,
              34.741149893
            ],
            [
              134.1882831552,
              34.7410233027
            ],
            [
              134.1882312113,
              34.7408611124
            ],
            [
              134.1878768441,
              34.7405396751
            ],
            [
              134.1863618582,
              34.7394507168
            ],
            [
              134.1860174498,
              34.7390653361
            ],
            [
              134.185985569,
              34.7385659539
            ],
            [
              134.1865915154,
              34.7380221212
            ],
            [
              134.1871031767,
              34.7376936871
            ],
            [
              134.1893632125,
              34.7367100706
            ],
            [
              134.1920082992,
              34.7353067993
            ],
            [
              134.1938136835,
              34.7344768058
            ],
            [
              134.1943316021,
              34.7342845571
            ],
            [
              134.1946507214,
              34.7347869456
            ],
            [
              134.1952091283,
              34.7345514946
            ],
            [
              134.1949031461,
              34.7340219357
            ],
            [
              134.197330417,
              34.7328129761
            ],
            [
              134.198395718,
              34.7324229859
            ],
            [
              134.199752537,
              34.732050349
            ]
          ]
        ]
      }
    },
    {
      "type": "Feature",
      "properties": {
        "key_code": "332110510",
        "pref": "岡山県",
        "city": "備前市",
        "ward": "",
        "district": "閑谷",
        "name": "備前市  閑谷"
      },
      "geometry": {
        "type": "Polygon",
        "coordinates": [
          [
            [
              134.2348553625,
              34.7674313846
            ],
            [
              134.2345460988,
              34.76778638
            ],
            [
              134.2337818993,
              34.7690329179
            ],
            [
              134.233706539,
              34.7694423305
            ],
            [
              134.233273016,
              34.770122175
            ],
            [
              134.2317360486,
              34.7735873573
            ],
            [
              134.2306921521,
              34.7762468219
            ],
            [
              134.2306638143,
              34.7766225997
            ],
            [
              134.2307471781,
              34.7768371909
            ],
            [
              134.2309699344,
              34.7770366864
            ],
            [
              134.2324742471,
              34.7778584069
            ],
            [
              134.2339839253,
              34.7780934516
            ],
            [
              134.2343535868,
              34.7798034417
            ],
            [
              134.2346597855,
              34.7801870916
            ],
            [
              134.2373757907,
              34.7819257717
            ],
            [
              134.2378309237,
              34.782110097
            ],
            [
              134.2385741674,
              34.7822411263
            ],
            [
              134.238908419,
              34.782486764
            ],
            [
              134.2388427623,
              34.7830309761
            ],
            [
              134.2389168429,
              34.7832610518
            ],
            [
              134.2387958204,
              34.7834526586
            ],
            [
              134.2387676482,
              34.7837209658
            ],
            [
              134.2389081989,
              34.7843080214
            ],
            [
              134.2387693164,
              34.7849617601
            ],
            [
              134.239699495,
              34.7854425396
            ],
            [
              134.2392480491,
              34.7860061632
            ],
            [
              134.2388407173,
              34.7861257039
            ],
            [
              134.2355833795,
              34.785931052
            ],
            [
              134.2355341609,
              34.7906704226
            ],
            [
              134.2354088409,
              34.7909844419
            ],
            [
              134.2361757032,
              34.7910122595
            ],
            [
              134.2369423877,
              34.7911845965
            ],
            [
              134.2376431936,
              34.7914833683
            ],
            [
              134.2379605334,
              34.7918090144
            ],
            [
              134.2381846063,
              34.7922565701
            ],
            [
              134.2383707398,
              34.7923561668
            ],
            [
              134.2385241292,
              34.7923472743
            ],
            [
              134.2387982274,
              34.7921667677
            ],
            [
              134.2390283016,
              34.7921669508
            ],
            [
              134.2391486688,
              34.7922935401
            ],
            [
              134.2391592675,
              34.7926007664
            ],
            [
              134.2392687283,
              34.7926912864
            ],
            [
              134.2396411847,
              34.7927277818
            ],
            [
              134.2397284095,
              34.7931074711
            ],
            [
              134.240254258,
              34.7931349293
            ],
            [
              134.2408783882,
              34.7934427739
            ],
            [
              134.2416836691,
              34.7934207188
            ],
            [
              134.2419248513,
              34.7932853963
            ],
            [
              134.2421115976,
              34.7928336597
            ],
            [
              134.2423199879,
              34.7926259098
            ],
            [
              134.2425720204,
              34.7925718718
            ],
            [
              134.2427582041,
              34.7926352601
            ],
            [
              134.2428672003,
              34.7931506103
            ],
            [
              134.2433818948,
              34.7933589105
            ],
            [
              134.2437646514,
              34.794009832
            ],
            [
              134.2437305421,
              34.7951576752
            ],
            [
              134.2431433792,
              34.7960836738
            ],
            [
              134.2427699352,
              34.7969330635
            ],
            [
              134.2426484343,
              34.797827719
            ],
            [
              134.2428501596,
              34.7987090965
            ],
            [
              134.2423461338,
              34.7987359006
            ],
            [
              134.24196252,
              34.7988530869
            ],
            [
              134.2412442779,
              34.7993813283
            ],
            [
              134.2408496736,
              34.7995255483
            ],
            [
              134.2398965077,
              34.7994707187
            ],
            [
              134.239370361,
              34.7996690629
            ],
            [
              134.2390088242,
              34.7996415922
            ],
            [
              134.2383627963,
              34.799270618
            ],
            [
              134.2378259801,
              34.7992249754
            ],
            [
              134.2373766484,
              34.7993149086
            ],
            [
              134.2369709459,
              34.7995767261
            ],
            [
              134.2363783095,
              34.8004169096
            ],
            [
              134.2360822247,
              34.8006245817
            ],
            [
              134.2344435659,
              34.8011338732
            ],
            [
              134.2338298618,
              34.8012328258
            ],
            [
              134.2333587899,
              34.80117807
            ],
            [
              134.2328769106,
              34.8009879369
            ],
            [
              134.2319893856,
              34.8010053782
            ],
            [
              134.2314198922,
              34.8007878397
            ],
            [
              134.2306310947,
              34.8007059048
            ],
            [
              134.2303570522,
              34.8008141386
            ],
            [
              134.2302143701,
              34.8010038995
            ],
            [
              134.2301537586,
              34.8012793727
            ],
            [
              134.2299453435,
              34.8014690778
            ],
            [
              134.2295945486,
              34.8016044309
            ],
            [
              134.2293971147,
              34.8017759724
            ],
            [
              134.2293635976,
              34.8022910729
            ],
            [
              134.2292757148,
              34.8024718637
            ],
            [
              134.228705635,
              34.8027153491
            ],
            [
              134.228081011,
              34.8027690451
            ],
            [
              134.2277959746,
              34.8028862771
            ],
            [
              134.2275709461,
              34.803206964
            ],
            [
              134.2269680769,
              34.8033781531
            ],
            [
              134.2256970799,
              34.8033499964
            ],
            [
              134.2253579273,
              34.802951906
            ],
            [
              134.2244377935,
              34.802752337
            ],
            [
              134.2237804253,
              34.8027063932
            ],
            [
              134.2223830917,
              34.8029447386
            ],
            [
              134.2217915296,
              34.8028447536
            ],
            [
              134.2216273885,
              34.8026819105
            ],
            [
              134.2208296801,
              34.8010996042
            ],
            [
              134.2205342327,
              34.8008100065
            ],
            [
              134.2184969179,
              34.8003291896
            ],
            [
              134.2174999761,
              34.8002468334
            ],
            [
              134.216793126,
              34.800350118
            ],
            [
              134.2163326784,
              34.8005304025
            ],
            [
              134.2160365164,
              34.8007650736
            ],
            [
              134.2157180725,
              34.8012528476
            ],
            [
              134.2154220229,
              34.8014062413
            ],
            [
              134.2151370785,
              34.8014421674
            ],
            [
              134.2148742349,
              34.8013604959
            ],
            [
              134.2144474741,
              34.8009804656
            ],
            [
              134.2141189198,
              34.8008716836
            ],
            [
              134.2134067897,
              34.8008259131
            ],
            [
              134.2132426578,
              34.8006720739
            ],
            [
              134.2130243727,
              34.8000933488
            ],
            [
              134.2128384006,
              34.7998852568
            ],
            [
              134.2123457458,
              34.7996136151
            ],
            [
              134.2117926082,
              34.7995000983
            ],
            [
              134.2127783218,
              34.7978810429
            ],
            [
              134.2132665473,
              34.7974249947
            ],
            [
              134.2133536479,
              34.7970819451
            ],
            [
              134.2132042483,
              34.796672883
            ],
            [
              134.2122893696,
              34.7957745635
            ],
            [
              134.2117579109,
              34.7946649088
            ],
            [
              134.2094911015,
              34.7941506216
            ],
            [
              134.2091573131,
              34.7938943437
            ],
            [
              134.2090543072,
              34.7936119602
            ],
            [
              134.2090272842,
              34.7930507557
            ],
            [
              134.2079853793,
              34.7928068523
            ],
            [
              134.207850556,
              34.792524435
            ],
            [
              134.2074371172,
              34.7923401904
            ],
            [
              134.2072947029,
              34.791808447
            ],
            [
              134.2065628584,
              34.7917289498
            ],
            [
              134.2064595221,
              34.7916696822
            ],
            [
              134.2063088552,
              34.7913414682
            ],
            [
              134.2048068793,
              34.7908378795
            ],
            [
              134.2026245072,
              34.7896265802
            ],
            [
              134.200550781,
              34.7896699805
            ],
            [
              134.1999419054,
              34.7900456889
            ],
            [
              134.1997762238,
              34.789908594
            ],
            [
              134.1994800844,
              34.7892411669
            ],
            [
              134.1991914346,
              34.7882144185
            ],
            [
              134.1984327756,
              34.7871984193
            ],
            [
              134.1978400936,
              34.7861256957
            ],
            [
              134.1976472929,
              34.7856807942
            ],
            [
              134.1975104399,
              34.7848480348
            ],
            [
              134.1971872821,
              34.7838154728
            ],
            [
              134.1970493479,
              34.7836327688
            ],
            [
              134.1964138457,
              34.7834040144
            ],
            [
              134.1956261495,
              34.7832548121
            ],
            [
              134.1949627952,
              34.7831515233
            ],
            [
              134.1943683244,
              34.7831849398
            ],
            [
              134.1938707961,
              34.7831160609
            ],
            [
              134.1930283378,
              34.7826588662
            ],
            [
              134.1921034034,
              34.7819278871
            ],
            [
              134.1912813053,
              34.7817045272
            ],
            [
              134.1916457711,
              34.778751036
            ],
            [
              134.1931525324,
              34.7787071214
            ],
            [
              134.1941619445,
              34.7785030366
            ],
            [
              134.1948327203,
              34.7782813781
            ],
            [
              134.1951372103,
              34.7780536723
            ],
            [
              134.1958023377,
              34.7770620816
            ],
            [
              134.1961207435,
              34.7767773431
            ],
            [
              134.1972135357,
              34.7762766847
            ],
            [
              134.197421191,
              34.7760830968
            ],
            [
              134.1981803823,
              34.7745926921
            ],
            [
              134.198559423,
              34.7731246801
            ],
            [
              134.1988225361,
              34.7728170573
            ],
            [
              134.1995831587,
              34.7725442054
            ],
            [
              134.2000870245,
              34.7707741852
            ],
            [
              134.2005580494,
              34.7700902721
            ],
            [
              134.2004962903,
              34.7698165203
            ],
            [
              134.1999962494,
              34.7692029703
            ],
            [
              134.2000176677,
              34.7687753528
            ],
            [
              134.2004538689,
              34.768239726
            ],
            [
              134.2014367741,
              34.7673501495
            ],
            [
              134.2029120271,
              34.7683233543
            ],
            [
              134.2037175449,
              34.7685608465
            ],
            [
              134.2041546434,
              34.7685613072
            ],
            [
              134.2049678679,
              34.7682297388
            ],
            [
              134.2067725276,
              34.7671382849
            ],
            [
              134.2100661264,
              34.7659242146
            ],
            [
              134.2113629338,
              34.7664552742
            ],
            [
              134.211963689,
              34.766613772
            ],
            [
              134.2127047099,
              34.7665947845
            ],
            [
              134.2133286081,
              34.7677787316
            ],
            [
              134.2139678333,
              34.7684398315
            ],
            [
              134.2152192443,
              34.7676898584
            ],
            [
              134.2157096096,
              34.7675252468
            ],
            [
              134.216029705,
              34.7675172431
            ],
            [
              134.2166497309,
              34.7676168576
            ],
            [
              134.2172595798,
              34.7678402714
            ],
            [
              134.2180393887,
              34.7681382152
            ],
            [
              134.2183291354,
              34.7683779433
            ],
            [
              134.2186892275,
              34.7683864501
            ],
            [
              134.2197266166,
              34.7680514747
            ],
            [
              134.2203693005,
              34.7675979485
            ],
            [
              134.2212557456,
              34.7672602849
            ],
            [
              134.222286822,
              34.7670892387
            ],
            [
              134.2221299724,
              34.7665672241
            ],
            [
              134.2221143589,
              34.7661467541
            ],
            [
              134.2222258392,
              34.7658806365
            ],
            [
              134.2223852616,
              34.765758658
            ],
            [
              134.2235087374,
              34.7659154532
            ],
            [
              134.2236206274,
              34.7658144176
            ],
            [
              134.2237729528,
              34.7654821319
            ],
            [
              134.223454011,
              34.7649091258
            ],
            [
              134.2232752019,
              34.7638857848
            ],
            [
              134.2234684395,
              34.7633392932
            ],
            [
              134.2232676401,
              34.7629280946
            ],
            [
              134.2233774028,
              34.7624877339
            ],
            [
              134.2237456655,
              34.7622766356
            ],
            [
              134.2240741344,
              34.7623446783
            ],
            [
              134.224448771,
              34.7622826102
            ],
            [
              134.2248939973,
              34.7623253993
            ],
            [
              134.2293297404,
              34.7607521777
            ],
            [
              134.2298097877,
              34.7604595991
            ],
            [
              134.2300792395,
              34.7604272863
            ],
            [
              134.2302941142,
              34.7610579385
            ],
            [
              134.230358207,
              34.7619038367
            ],
            [
              134.2300684564,
              34.7633520322
            ],
            [
              134.2315176626,
              34.763141526
            ],
            [
              134.2327603323,
              34.7633321385
            ],
            [
              134.2339046599,
              34.7638653667
            ],
            [
              134.2344241455,
              34.764401044
            ],
            [
              134.2347684572,
              34.7645628828
            ],
            [
              134.2349024163,
              34.7671997119
            ],
            [
              134.2348553625,
              34.7674313846
            ]
          ]
        ]
      }
    },
    {
      "type": "Feature",
      "properties": {
        "key_code": "332110520",
        "pref": "岡山県",
        "city": "備前市",
        "ward": "",
        "district": "木谷",
        "name": "備前市  木谷"
      },
      "geometry": {
        "type": "Polygon",
        "coordinates": [
          [
            [
              134.2300792395,
              34.7604272863
            ],
            [
              134.2298097877,
              34.7604595991
            ],
            [
              134.2293297404,
              34.7607521777
            ],
            [
              134.2248939973,
              34.7623253993
            ],
            [
              134.224448771,
              34.7622826102
            ],
            [
              134.2240741344,
              34.7623446783
            ],
            [
              134.2237456655,
              34.7622766356
            ],
            [
              134.2233774028,
              34.7624877339
            ],
            [
              134.2232676401,
              34.7629280946
            ],
            [
              134.2234684395,
              34.7633392932
            ],
            [
              134.2232752019,
              34.7638857848
            ],
            [
              134.223454011,
              34.7649091258
            ],
            [
              134.2237729528,
              34.7654821319
            ],
            [
              134.2236206274,
              34.7658144176
            ],
            [
              134.2235087374,
              34.7659154532
            ],
            [
              134.2223852616,
              34.765758658
            ],
            [
              134.2222258392,
              34.7658806365
            ],
            [
              134.2221143589,
              34.7661467541
            ],
            [
              134.2221299724,
              34.7665672241
            ],
            [
              134.222286822,
              34.7670892387
            ],
            [
              134.2212557456,
              34.7672602849
            ],
            [
              134.2203693005,
              34.7675979485
            ],
            [
              134.2197266166,
              34.7680514747
            ],
            [
              134.2186892275,
              34.7683864501
            ],
            [
              134.2183291354,
              34.7683779433
            ],
            [
              134.2180393887,
              34.7681382152
            ],
            [
              134.2166497309,
              34.7676168576
            ],
            [
              134.2157096096,
              34.7675252468
            ],
            [
              134.2152192443,
              34.7676898584
            ],
            [
              134.2139678333,
              34.7684398315
            ],
            [
              134.2133286081,
              34.7677787316
            ],
            [
              134.2127047099,
              34.7665947845
            ],
            [
              134.2137364047,
              34.7662745025
            ],
            [
              134.2142891055,
              34.7666130964
            ],
            [
              134.2148696152,
              34.766602391
            ],
            [
              134.2151326862,
              34.7665040457
            ],
            [
              134.2164179899,
              34.7655191446
            ],
            [
              134.2172768329,
              34.7642433801
            ],
            [
              134.217434012,
              34.7641646494
            ],
            [
              134.2191620488,
              34.7639914704
            ],
            [
              134.2209090949,
              34.7636309449
            ],
            [
              134.2210080241,
              34.7636959711
            ],
            [
              134.2216628865,
              34.761817546
            ],
            [
              134.221594083,
              34.7607957078
            ],
            [
              134.2217813877,
              34.760093003
            ],
            [
              134.2222827151,
              34.7598632976
            ],
            [
              134.2232031217,
              34.7596839657
            ],
            [
              134.2234060466,
              34.7595425855
            ],
            [
              134.2235487201,
              34.7592739575
            ],
            [
              134.2239590876,
              34.7570363875
            ],
            [
              134.2233772855,
              34.7562136883
            ],
            [
              134.2235801402,
              34.7561269606
            ],
            [
              134.2265267585,
              34.755297789
            ],
            [
              134.2276829247,
              34.7551620144
            ],
            [
              134.2284632388,
              34.754705742
            ],
            [
              134.2289956641,
              34.7545178681
            ],
            [
              134.2300034261,
              34.7545622426
            ],
            [
              134.2307591733,
              34.7550615059
            ],
            [
              134.231267677,
              34.7552803955
            ],
            [
              134.2309453765,
              34.7560517402
            ],
            [
              134.2309116627,
              34.7567566983
            ],
            [
              134.2311076817,
              34.7576625678
            ],
            [
              134.231405708,
              34.7584409045
            ],
            [
              134.2313855238,
              34.758820495
            ],
            [
              134.2312142133,
              34.7592054552
            ],
            [
              134.2300792395,
              34.7604272863
            ]
          ]
        ]
      }
    },
    {
      "type": "Feature",
      "properties": {
        "key_code": "332110530",
        "pref": "岡山県",
        "city": "備前市",
        "ward": "",
        "district": "伊里中",
        "name": "備前市  伊里中"
      },
      "geometry": {
        "type": "Polygon",
        "coordinates": [
          [
            [
              134.2234763735,
              34.7594299626
            ],
            [
              134.2232031217,
              34.7596839657
            ],
            [
              134.2222827151,
              34.7598632976
            ],
            [
              134.2217813877,
              34.760093003
            ],
            [
              134.221594083,
              34.7607957078
            ],
            [
              134.2216628865,
              34.761817546
            ],
            [
              134.2210080241,
              34.7636959711
            ],
            [
              134.2209090949,
              34.7636309449
            ],
            [
              134.2191620488,
              34.7639914704
            ],
            [
              134.217434012,
              34.7641646494
            ],
            [
              134.2172768329,
              34.7642433801
            ],
            [
              134.2164179899,
              34.7655191446
            ],
            [
              134.2151326862,
              34.7665040457
            ],
            [
              134.2148696152,
              34.766602391
            ],
            [
              134.2142891055,
              34.7666130964
            ],
            [
              134.2137364047,
              34.7662745025
            ],
            [
              134.2127047099,
              34.7665947845
            ],
            [
              134.211963689,
              34.766613772
            ],
            [
              134.2113629338,
              34.7664552742
            ],
            [
              134.2100661264,
              34.7659242146
            ],
            [
              134.2067725276,
              34.7671382849
            ],
            [
              134.2045714811,
              34.76840962
            ],
            [
              134.2041546434,
              34.7685613072
            ],
            [
              134.2037175449,
              34.7685608465
            ],
            [
              134.2029120271,
              34.7683233543
            ],
            [
              134.2014367741,
              34.7673501495
            ],
            [
              134.2015992738,
              34.7671374895
            ],
            [
              134.2015856546,
              34.7670063371
            ],
            [
              134.2002981886,
              34.7659147174
            ],
            [
              134.2005264496,
              34.7651747635
            ],
            [
              134.2018485827,
              34.763763677
            ],
            [
              134.2035284077,
              34.762296613
            ],
            [
              134.2071156366,
              34.758899104
            ],
            [
              134.207570094,
              34.7586794117
            ],
            [
              134.2093732667,
              34.7581168366
            ],
            [
              134.2094585,
              34.7580559323
            ],
            [
              134.2094076513,
              34.7578965724
            ],
            [
              134.2095696369,
              34.7577539092
            ],
            [
              134.2104892919,
              34.7577220138
            ],
            [
              134.210830234,
              34.7574740261
            ],
            [
              134.2111423406,
              34.757549273
            ],
            [
              134.2113549987,
              34.7576923116
            ],
            [
              134.2117750735,
              34.7576882213
            ],
            [
              134.2127066849,
              34.7572251619
            ],
            [
              134.212956493,
              34.7571927286
            ],
            [
              134.2130473872,
              34.7571459119
            ],
            [
              134.2133149352,
              34.7566214832
            ],
            [
              134.2138895216,
              34.7562817347
            ],
            [
              134.2149039094,
              34.7554203954
            ],
            [
              134.2150180034,
              34.7550923082
            ],
            [
              134.2148978599,
              34.7546597641
            ],
            [
              134.213409701,
              34.7543187141
            ],
            [
              134.2127964901,
              34.7515766025
            ],
            [
              134.2123341352,
              34.7512573858
            ],
            [
              134.2120497321,
              34.7506184524
            ],
            [
              134.2118752987,
              34.7504020619
            ],
            [
              134.2118870087,
              34.7479960697
            ],
            [
              134.2120703351,
              34.7477281974
            ],
            [
              134.2123571228,
              34.7476445294
            ],
            [
              134.213638288,
              34.7480563908
            ],
            [
              134.2144098375,
              34.74896272
            ],
            [
              134.2148459807,
              34.7497847691
            ],
            [
              134.2175312648,
              34.7517445544
            ],
            [
              134.2183000444,
              34.7519817773
            ],
            [
              134.2189669257,
              34.7520391659
            ],
            [
              134.2190069698,
              34.7522154164
            ],
            [
              134.2205657775,
              34.7524995574
            ],
            [
              134.2219132948,
              34.7526122046
            ],
            [
              134.2219889222,
              34.7533040242
            ],
            [
              134.2230092806,
              34.7555793623
            ],
            [
              134.2232624734,
              34.7560651221
            ],
            [
              134.2239513784,
              34.7569687694
            ],
            [
              134.2237408016,
              34.7584857524
            ],
            [
              134.2234763735,
              34.7594299626
            ]
          ]
        ]
      }
    },
    {
      "type": "Feature",
      "properties": {
        "key_code": "332110540",
        "pref": "岡山県",
        "city": "備前市",
        "ward": "",
        "district": "蕃山",
        "name": "備前市  蕃山"
      },
      "geometry": {
        "type": "Polygon",
        "coordinates": [
          [
            [
              134.244036254,
              34.7553700734
            ],
            [
              134.2445740534,
              34.7539804707
            ],
            [
              134.2446801753,
              34.7535064154
            ],
            [
              134.245085478,
              34.7510601021
            ],
            [
              134.2451126985,
              34.7502973607
            ],
            [
              134.2449815809,
              34.7494473155
            ],
            [
              134.2454376573,
              34.7488863083
            ],
            [
              134.245503866,
              34.7487011239
            ],
            [
              134.2455839732,
              34.7478622134
            ],
            [
              134.2458223175,
              34.7471975177
            ],
            [
              134.2458633455,
              34.745846267
            ],
            [
              134.2459892999,
              34.7453395369
            ],
            [
              134.2463069225,
              34.7446096798
            ],
            [
              134.2469137998,
              34.7437045198
            ],
            [
              134.2474488846,
              34.7439346309
            ],
            [
              134.2483912306,
              34.7441664388
            ],
            [
              134.2494839742,
              34.744296925
            ],
            [
              134.2501431478,
              34.7442607525
            ],
            [
              134.2506899018,
              34.7439454582
            ],
            [
              134.250922166,
              34.7439173025
            ],
            [
              134.2521650257,
              34.7441945007
            ],
            [
              134.252626163,
              34.7441129669
            ],
            [
              134.2528176174,
              34.7439101144
            ],
            [
              134.2545518948,
              34.7410386798
            ],
            [
              134.2549553009,
              34.7406048047
            ],
            [
              134.2551671202,
              34.740509154
            ],
            [
              134.2554470563,
              34.7406163852
            ],
            [
              134.2559382779,
              34.7411974634
            ],
            [
              134.2560064227,
              34.7413665391
            ],
            [
              134.2559241445,
              34.7416935654
            ],
            [
              134.2560604615,
              34.7419981925
            ],
            [
              134.2577944133,
              34.7430140342
            ],
            [
              134.2584738597,
              34.7431977114
            ],
            [
              134.2598195641,
              34.7430632993
            ],
            [
              134.2600790754,
              34.7431140242
            ],
            [
              134.2602634329,
              34.743187523
            ],
            [
              134.2606318731,
              34.7436387812
            ],
            [
              134.2607957542,
              34.743695223
            ],
            [
              134.2612124524,
              34.7436560276
            ],
            [
              134.2613286845,
              34.7435263618
            ],
            [
              134.2616576855,
              34.7422354181
            ],
            [
              134.2618355274,
              34.7419367549
            ],
            [
              134.2626830615,
              34.7415831201
            ],
            [
              134.2632964908,
              34.7415190988
            ],
            [
              134.2634414131,
              34.7415743993
            ],
            [
              134.2635639104,
              34.7417863249
            ],
            [
              134.2634967043,
              34.7421267487
            ],
            [
              134.2636967593,
              34.7429370979
            ],
            [
              134.2640226981,
              34.7432525311
            ],
            [
              134.264451982,
              34.7433540518
            ],
            [
              134.2647698597,
              34.7433219729
            ],
            [
              134.2658128322,
              34.7430647757
            ],
            [
              134.2661807798,
              34.7431662565
            ],
            [
              134.2662587718,
              34.7432582824
            ],
            [
              134.2663976169,
              34.7439442123
            ],
            [
              134.2670355251,
              34.7446649235
            ],
            [
              134.2670298544,
              34.7447800049
            ],
            [
              134.2662067262,
              34.7455275353
            ],
            [
              134.2663848207,
              34.7459465578
            ],
            [
              134.2663898613,
              34.7466046695
            ],
            [
              134.2668690961,
              34.7470146987
            ],
            [
              134.2671620058,
              34.7479639873
            ],
            [
              134.267295304,
              34.7481057672
            ],
            [
              134.2675049384,
              34.7481451808
            ],
            [
              134.2680196451,
              34.748051078
            ],
            [
              134.2702158081,
              34.7487404831
            ],
            [
              134.2704445435,
              34.7487248241
            ],
            [
              134.2713597373,
              34.7483398907
            ],
            [
              134.2716837752,
              34.7483321658
            ],
            [
              134.2721029421,
              34.748544655
            ],
            [
              134.272779517,
              34.7486473981
            ],
            [
              134.273951954,
              34.748349061
            ],
            [
              134.2742187016,
              34.7484828681
            ],
            [
              134.2743230811,
              34.7490965156
            ],
            [
              134.2737890044,
              34.7496075882
            ],
            [
              134.2737411771,
              34.7498592865
            ],
            [
              134.2738646867,
              34.7503784245
            ],
            [
              134.2733153109,
              34.7522227511
            ],
            [
              134.2733339511,
              34.7528049445
            ],
            [
              134.273914918,
              34.7533479703
            ],
            [
              134.2746664968,
              34.7537379541
            ],
            [
              134.274835944,
              34.7540053901
            ],
            [
              134.2749049823,
              34.7545018179
            ],
            [
              134.2745499622,
              34.7549533892
            ],
            [
              134.2745650485,
              34.7554242956
            ],
            [
              134.274738355,
              34.7556821549
            ],
            [
              134.2752086077,
              34.7558415514
            ],
            [
              134.2754858878,
              34.7562870858
            ],
            [
              134.2758172071,
              34.7566372813
            ],
            [
              134.2756007512,
              34.7574072675
            ],
            [
              134.2757582623,
              34.7582250398
            ],
            [
              134.2757271912,
              34.7585368912
            ],
            [
              134.2760740851,
              34.7586897469
            ],
            [
              134.2763439989,
              34.7586580384
            ],
            [
              134.2772235928,
              34.7578948361
            ],
            [
              134.2780755875,
              34.7580191804
            ],
            [
              134.2783066876,
              34.7583629851
            ],
            [
              134.2783603575,
              34.7588277089
            ],
            [
              134.2791389909,
              34.7591142845
            ],
            [
              134.2791696041,
              34.7594579988
            ],
            [
              134.2790265926,
              34.7599957433
            ],
            [
              134.2791036079,
              34.760142132
            ],
            [
              134.2796739026,
              34.7606641313
            ],
            [
              134.2797662232,
              34.7609951943
            ],
            [
              134.2801899917,
              34.7615362842
            ],
            [
              134.2806717638,
              34.761845119
            ],
            [
              134.2807410875,
              34.7619660074
            ],
            [
              134.2807095791,
              34.7629969589
            ],
            [
              134.2807789146,
              34.7631179889
            ],
            [
              134.2823057686,
              34.7631568092
            ],
            [
              134.283585634,
              34.7635835844
            ],
            [
              134.2838208491,
              34.7635742421
            ],
            [
              134.2841217374,
              34.7633389837
            ],
            [
              134.2841836343,
              34.7630079822
            ],
            [
              134.2843456794,
              34.7628361953
            ],
            [
              134.2851938903,
              34.7629128751
            ],
            [
              134.285757168,
              34.7623213258
            ],
            [
              134.2861042573,
              34.7621877782
            ],
            [
              134.2872908205,
              34.7621158139
            ],
            [
              134.2874618031,
              34.7621915189
            ],
            [
              134.288585376,
              34.7621869915
            ],
            [
              134.2888636455,
              34.7624430364
            ],
            [
              134.2892928729,
              34.7630470638
            ],
            [
              134.2894718355,
              34.7630603675
            ],
            [
              134.2905639254,
              34.7624485531
            ],
            [
              134.2908582775,
              34.76237639
            ],
            [
              134.29226987,
              34.7630529949
            ],
            [
              134.2927075146,
              34.7627742282
            ],
            [
              134.2934396817,
              34.7620490185
            ],
            [
              134.2939314347,
              34.7614337458
            ],
            [
              134.2941057005,
              34.7613242107
            ],
            [
              134.2943380009,
              34.761310618
            ],
            [
              134.2947527261,
              34.761468227
            ],
            [
              134.2949019272,
              34.7617421076
            ],
            [
              134.295051204,
              34.7618517431
            ],
            [
              134.2964281703,
              34.7622902325
            ],
            [
              134.296884518,
              34.7621397821
            ],
            [
              134.2971914875,
              34.7621262051
            ],
            [
              134.298514617,
              34.7623489921
            ],
            [
              134.2989295164,
              34.7621369651
            ],
            [
              134.2991369226,
              34.762123356
            ],
            [
              134.3003480176,
              34.7624317373
            ],
            [
              134.3005678448,
              34.762496872
            ],
            [
              134.3008331447,
              34.7629281183
            ],
            [
              134.3012478175,
              34.7632569937
            ],
            [
              134.3014718227,
              34.7632638103
            ],
            [
              134.3026665789,
              34.7629696962
            ],
            [
              134.3033966469,
              34.7629631048
            ],
            [
              134.3041558696,
              34.7625968947
            ],
            [
              134.3047862904,
              34.7628366404
            ],
            [
              134.3051346503,
              34.7630695608
            ],
            [
              134.3055659474,
              34.7634050453
            ],
            [
              134.3060054672,
              34.7639187211
            ],
            [
              134.3060966362,
              34.7641925758
            ],
            [
              134.3057685073,
              34.7654694214
            ],
            [
              134.3061581377,
              34.7663801749
            ],
            [
              134.306365489,
              34.7665581263
            ],
            [
              134.3066309587,
              34.7666403029
            ],
            [
              134.3089788722,
              34.7666749839
            ],
            [
              134.3103065365,
              34.7670773806
            ],
            [
              134.3107834478,
              34.7673404528
            ],
            [
              134.3101508879,
              34.7683615911
            ],
            [
              134.30968803,
              34.7688297327
            ],
            [
              134.3096071411,
              34.7690663662
            ],
            [
              134.3096387659,
              34.769304287
            ],
            [
              134.3093247887,
              34.7700155837
            ],
            [
              134.3092582055,
              34.7700809322
            ],
            [
              134.3083224685,
              34.7701376693
            ],
            [
              134.3080818051,
              34.7703527218
            ],
            [
              134.307900962,
              34.7716514418
            ],
            [
              134.3074998473,
              34.7719988722
            ],
            [
              134.307031166,
              34.7720462496
            ],
            [
              134.3068257,
              34.771893232
            ],
            [
              134.3064247106,
              34.7718434253
            ],
            [
              134.3057028147,
              34.7721245776
            ],
            [
              134.3050310999,
              34.772227826
            ],
            [
              134.3047454143,
              34.7721367672
            ],
            [
              134.304635695,
              34.7719770051
            ],
            [
              134.3041770589,
              34.7719395751
            ],
            [
              134.3029367434,
              34.7720673342
            ],
            [
              134.3027558855,
              34.7720175678
            ],
            [
              134.3025535865,
              34.7717403043
            ],
            [
              134.3022047816,
              34.7716797918
            ],
            [
              134.3020540227,
              34.771779344
            ],
            [
              134.3019850534,
              34.7719462489
            ],
            [
              134.3014144834,
              34.7718413087
            ],
            [
              134.3012464954,
              34.7719407149
            ],
            [
              134.300975172,
              34.7719619176
            ],
            [
              134.3006822878,
              34.7720756599
            ],
            [
              134.3001674773,
              34.7725355807
            ],
            [
              134.2995774822,
              34.7725354273
            ],
            [
              134.299357792,
              34.7726846821
            ],
            [
              134.2993235597,
              34.7721232017
            ],
            [
              134.2988049201,
              34.771435522
            ],
            [
              134.2985552001,
              34.7712896639
            ],
            [
              134.2973925752,
              34.7710050884
            ],
            [
              134.2963353536,
              34.7709604138
            ],
            [
              134.2957925872,
              34.7713226873
            ],
            [
              134.2950347498,
              34.7710949701
            ],
            [
              134.2945222834,
              34.7710805869
            ],
            [
              134.294296114,
              34.7712388439
            ],
            [
              134.2940334087,
              34.771267075
            ],
            [
              134.2937748665,
              34.7715904088
            ],
            [
              134.2936929105,
              34.7718816816
            ],
            [
              134.2933870107,
              34.7721659814
            ],
            [
              134.2924353203,
              34.7720625656
            ],
            [
              134.2914257416,
              34.7714527324
            ],
            [
              134.2906978967,
              34.7715626402
            ],
            [
              134.2895116386,
              34.7712193794
            ],
            [
              134.2891801268,
              34.7710523451
            ],
            [
              134.2883055207,
              34.7717804182
            ],
            [
              134.28733871,
              34.7717783767
            ],
            [
              134.287106077,
              34.7719204176
            ],
            [
              134.2868948141,
              34.7723574253
            ],
            [
              134.2869075919,
              34.7726237939
            ],
            [
              134.2870323125,
              34.7729224614
            ],
            [
              134.2867758797,
              34.7732616961
            ],
            [
              134.2865861189,
              34.7737484338
            ],
            [
              134.2860690332,
              34.7742599787
            ],
            [
              134.2858553865,
              34.7750860343
            ],
            [
              134.2855535937,
              34.7756723138
            ],
            [
              134.2846321727,
              34.7752988179
            ],
            [
              134.2832045297,
              34.775236108
            ],
            [
              134.282843019,
              34.7748059144
            ],
            [
              134.2820120046,
              34.7745142646
            ],
            [
              134.2815514845,
              34.7740485281
            ],
            [
              134.2811001239,
              34.7738577501
            ],
            [
              134.2806227371,
              34.7741482731
            ],
            [
              134.2797856971,
              34.7742993238
            ],
            [
              134.2784528392,
              34.7748348288
            ],
            [
              134.2775569878,
              34.7750827489
            ],
            [
              134.2758969019,
              34.7763299726
            ],
            [
              134.274927692,
              34.7764506426
            ],
            [
              134.2745751195,
              34.7766927473
            ],
            [
              134.2738733921,
              34.7775131843
            ],
            [
              134.2736016937,
              34.7775796761
            ],
            [
              134.273344742,
              34.7775553201
            ],
            [
              134.2725447913,
              34.7771188186
            ],
            [
              134.2722366592,
              34.7767976446
            ],
            [
              134.2719999143,
              34.7763263512
            ],
            [
              134.2708378538,
              34.7760634707
            ],
            [
              134.2705148644,
              34.7758568035
            ],
            [
              134.2700045644,
              34.7752459126
            ],
            [
              134.2696294384,
              34.7750737258
            ],
            [
              134.2691500124,
              34.7749874054
            ],
            [
              134.268305716,
              34.7749611733
            ],
            [
              134.2680867639,
              34.775038527
            ],
            [
              134.2676903453,
              34.7754510253
            ],
            [
              134.2674557134,
              34.7755756976
            ],
            [
              134.2666529529,
              34.7757472416
            ],
            [
              134.2658219831,
              34.7769691433
            ],
            [
              134.2655247399,
              34.77717322
            ],
            [
              134.2643287322,
              34.7767639079
            ],
            [
              134.2642587178,
              34.7770696697
            ],
            [
              134.2641714447,
              34.7771487819
            ],
            [
              134.2634820556,
              34.7775030617
            ],
            [
              134.2618526175,
              34.7777509962
            ],
            [
              134.2614560875,
              34.7777437164
            ],
            [
              134.2601376071,
              34.7766885981
            ],
            [
              134.2597643268,
              34.7762318501
            ],
            [
              134.2591679385,
              34.7761899258
            ],
            [
              134.2577953117,
              34.7763432999
            ],
            [
              134.2576156058,
              34.7764202348
            ],
            [
              134.2574572823,
              34.7766750855
            ],
            [
              134.2572991178,
              34.7767699228
            ],
            [
              134.2564884284,
              34.7767989808
            ],
            [
              134.2563357416,
              34.7766825341
            ],
            [
              134.2561129197,
              34.7761489618
            ],
            [
              134.2556546664,
              34.7760323153
            ],
            [
              134.2554785173,
              34.7758769746
            ],
            [
              134.2552677523,
              34.775023522
            ],
            [
              134.2552270952,
              34.7745047167
            ],
            [
              134.2553457128,
              34.7733217317
            ],
            [
              134.2552284564,
              34.7730306434
            ],
            [
              134.2530873952,
              34.7719098239
            ],
            [
              134.2526317193,
              34.7720622055
            ],
            [
              134.251375578,
              34.771929223
            ],
            [
              134.2508095516,
              34.7721020874
            ],
            [
              134.2505531489,
              34.7722722061
            ],
            [
              134.2504575521,
              34.7724639879
            ],
            [
              134.2503511163,
              34.773132423
            ],
            [
              134.2502257495,
              34.773321648
            ],
            [
              134.2499230713,
              34.7734851133
            ],
            [
              134.2453059513,
              34.7743396212
            ],
            [
              134.2451079073,
              34.7737840764
            ],
            [
              134.2453235612,
              34.7733288444
            ],
            [
              134.244703783,
              34.7724429627
            ],
            [
              134.2447094345,
              34.7723154907
            ],
            [
              134.2450850384,
              34.7719105215
            ],
            [
              134.2451073969,
              34.7716327679
            ],
            [
              134.2451902542,
              34.771537328
            ],
            [
              134.2456816575,
              34.7711962488
            ],
            [
              134.245610297,
              34.7708364474
            ],
            [
              134.2458904671,
              34.7705174689
            ],
            [
              134.2459375282,
              34.7702548036
            ],
            [
              134.2450595521,
              34.7685938783
            ],
            [
              134.2448911787,
              34.7685086771
            ],
            [
              134.2441518187,
              34.7685391225
            ],
            [
              134.2440021728,
              34.7684540746
            ],
            [
              134.2436144552,
              34.767832041
            ],
            [
              134.2415998077,
              34.765911482
            ],
            [
              134.2397858411,
              34.7646888549
            ],
            [
              134.2406659683,
              34.763328846
            ],
            [
              134.2424899638,
              34.7609228281
            ],
            [
              134.2405718637,
              34.7591657237
            ],
            [
              134.2401677141,
              34.7586439605
            ],
            [
              134.2397511847,
              34.7579594958
            ],
            [
              134.2393798123,
              34.7571335059
            ],
            [
              134.2393631214,
              34.7565313271
            ],
            [
              134.2395080933,
              34.7563498745
            ],
            [
              134.2397107982,
              34.7563452394
            ],
            [
              134.24355472,
              34.7575573923
            ],
            [
              134.243624246,
              34.7574833515
            ],
            [
              134.244036254,
              34.7553700734
            ]
          ]
        ]
      }
    },
    {
      "type": "Feature",
      "properties": {
        "key_code": "332110550",
        "pref": "岡山県",
        "city": "備前市",
        "ward": "",
        "district": "麻宇那",
        "name": "備前市  麻宇那"
      },
      "geometry": {
        "type": "Polygon",
        "coordinates": [
          [
            [
              134.2469137998,
              34.7437045198
            ],
            [
              134.2463069225,
              34.7446096798
            ],
            [
              134.2459892999,
              34.7453395369
            ],
            [
              134.2458633455,
              34.745846267
            ],
            [
              134.2458223175,
              34.7471975177
            ],
            [
              134.2455839732,
              34.7478622134
            ],
            [
              134.245503866,
              34.7487011239
            ],
            [
              134.2454376573,
              34.7488863083
            ],
            [
              134.2449815809,
              34.7494473155
            ],
            [
              134.2451126985,
              34.7502973607
            ],
            [
              134.245085478,
              34.7510601021
            ],
            [
              134.2446801753,
              34.7535064154
            ],
            [
              134.2445740534,
              34.7539804707
            ],
            [
              134.2439401424,
              34.7556594669
            ],
            [
              134.243624246,
              34.7574833515
            ],
            [
              134.2434215328,
              34.7575525045
            ],
            [
              134.2397107982,
              34.7563452394
            ],
            [
              134.2395080933,
              34.7563498745
            ],
            [
              134.2393631214,
              34.7565313271
            ],
            [
              134.2393798123,
              34.7571335059
            ],
            [
              134.2397511847,
              34.7579594958
            ],
            [
              134.2401677141,
              34.7586439605
            ],
            [
              134.2405718637,
              34.7591657237
            ],
            [
              134.2424899638,
              34.7609228281
            ],
            [
              134.2406659683,
              34.763328846
            ],
            [
              134.2397858411,
              34.7646888549
            ],
            [
              134.2399429417,
              34.7663040514
            ],
            [
              134.2397643277,
              34.7670375009
            ],
            [
              134.2393618353,
              34.7670990255
            ],
            [
              134.2376035267,
              34.766163195
            ],
            [
              134.2369766437,
              34.7660622646
            ],
            [
              134.2362424178,
              34.7657179837
            ],
            [
              134.2358403768,
              34.7654088995
            ],
            [
              134.235476305,
              34.7646362817
            ],
            [
              134.234999195,
              34.7645044732
            ],
            [
              134.2347684572,
              34.7645628828
            ],
            [
              134.2344241455,
              34.764401044
            ],
            [
              134.2339046599,
              34.7638653667
            ],
            [
              134.2333680038,
              34.7635611025
            ],
            [
              134.2323078891,
              34.7632258444
            ],
            [
              134.2315176626,
              34.763141526
            ],
            [
              134.2300684564,
              34.7633520322
            ],
            [
              134.230358207,
              34.7619038367
            ],
            [
              134.2302941142,
              34.7610579385
            ],
            [
              134.2300792395,
              34.7604272863
            ],
            [
              134.2312142133,
              34.7592054552
            ],
            [
              134.2313855238,
              34.758820495
            ],
            [
              134.231405708,
              34.7584409045
            ],
            [
              134.2309637623,
              34.7571309968
            ],
            [
              134.2309453765,
              34.7560517402
            ],
            [
              134.231267677,
              34.7552803955
            ],
            [
              134.2318620338,
              34.7554775216
            ],
            [
              134.2318895399,
              34.7553038685
            ],
            [
              134.2318031733,
              34.7541727212
            ],
            [
              134.2316057466,
              34.7530141524
            ],
            [
              134.2316126178,
              34.7521759111
            ],
            [
              134.2317501923,
              34.7512652334
            ],
            [
              134.2317034946,
              34.7511881461
            ],
            [
              134.2311266107,
              34.7511039991
            ],
            [
              134.2306044174,
              34.7509297467
            ],
            [
              134.2302983258,
              34.7507144006
            ],
            [
              134.2297771489,
              34.750831581
            ],
            [
              134.229612616,
              34.7507198831
            ],
            [
              134.2291407807,
              34.7506830029
            ],
            [
              134.2286496501,
              34.7503579095
            ],
            [
              134.2283085319,
              34.7499620902
            ],
            [
              134.2273775053,
              34.7496225301
            ],
            [
              134.2269498039,
              34.7496748435
            ],
            [
              134.2264825224,
              34.7499341817
            ],
            [
              134.225978661,
              34.7499559993
            ],
            [
              134.2258413899,
              34.7496759959
            ],
            [
              134.2260278567,
              34.7480147394
            ],
            [
              134.2261313971,
              34.7477673422
            ],
            [
              134.2264070336,
              34.7474714972
            ],
            [
              134.2270807484,
              34.7472164208
            ],
            [
              134.2271031967,
              34.7469507823
            ],
            [
              134.226867277,
              34.7469424092
            ],
            [
              134.2270844307,
              34.7462528145
            ],
            [
              134.2254357799,
              34.7459531915
            ],
            [
              134.2252147618,
              34.7458312973
            ],
            [
              134.2247086369,
              34.745733521
            ],
            [
              134.2245319014,
              34.7455709568
            ],
            [
              134.2236845419,
              34.7451910197
            ],
            [
              134.2245571879,
              34.7448368276
            ],
            [
              134.2263771813,
              34.7437636566
            ],
            [
              134.2269250308,
              34.7436345377
            ],
            [
              134.2271734104,
              34.7432838708
            ],
            [
              134.228117729,
              34.7428184308
            ],
            [
              134.2286135802,
              34.7429154805
            ],
            [
              134.229788979,
              34.7428475864
            ],
            [
              134.2299373043,
              34.742261453
            ],
            [
              134.2302796444,
              34.7414430618
            ],
            [
              134.2303194492,
              34.7409614955
            ],
            [
              134.2308484234,
              34.7402632691
            ],
            [
              134.2308030731,
              34.739638801
            ],
            [
              134.2308864172,
              34.7393723631
            ],
            [
              134.2311173015,
              34.739159291
            ],
            [
              134.2317726241,
              34.7388323291
            ],
            [
              134.232133828,
              34.7376525003
            ],
            [
              134.2324108461,
              34.7374165025
            ],
            [
              134.2331304553,
              34.7373105934
            ],
            [
              134.2344386636,
              34.7375191262
            ],
            [
              134.2348854315,
              34.7370947871
            ],
            [
              134.2350167092,
              34.7370688323
            ],
            [
              134.2360404343,
              34.7371128828
            ],
            [
              134.237151144,
              34.7368516089
            ],
            [
              134.2382064398,
              34.7368263636
            ],
            [
              134.2386214352,
              34.7366100385
            ],
            [
              134.2388424837,
              34.7361334026
            ],
            [
              134.2405611239,
              34.736804341
            ],
            [
              134.2407682021,
              34.7370710017
            ],
            [
              134.240919759,
              34.7376908959
            ],
            [
              134.2411504441,
              34.737972786
            ],
            [
              134.241339369,
              34.7380509616
            ],
            [
              134.2417751481,
              34.7380383242
            ],
            [
              134.2422055357,
              34.738142595
            ],
            [
              134.2424628625,
              34.7380864396
            ],
            [
              134.2431977501,
              34.7382083946
            ],
            [
              134.2459395025,
              34.7395733006
            ],
            [
              134.2460127276,
              34.7398421106
            ],
            [
              134.2454420659,
              34.7407799703
            ],
            [
              134.2458810582,
              34.7426787739
            ],
            [
              134.247225899,
              34.7428195793
            ],
            [
              134.2468722921,
              34.7434016455
            ],
            [
              134.2469137998,
              34.7437045198
            ]
          ]
        ]
      }
    },
    {
      "type": "Feature",
      "properties": {
        "key_code": "332110560",
        "pref": "岡山県",
        "city": "備前市",
        "ward": "",
        "district": "友延",
        "name": "備前市  友延"
      },
      "geometry": {
        "type": "Polygon",
        "coordinates": [
          [
            [
              134.2230354448,
              34.7435654959
            ],
            [
              134.2232565741,
              34.7435980898
            ],
            [
              134.2231647913,
              34.7442491997
            ],
            [
              134.2232281217,
              34.7446753544
            ],
            [
              134.2236845419,
              34.7451910197
            ],
            [
              134.2245319014,
              34.7455709568
            ],
            [
              134.2247086369,
              34.745733521
            ],
            [
              134.2252147618,
              34.7458312973
            ],
            [
              134.2254357799,
              34.7459531915
            ],
            [
              134.2270844307,
              34.7462528145
            ],
            [
              134.226867277,
              34.7469424092
            ],
            [
              134.2271031967,
              34.7469507823
            ],
            [
              134.2270807484,
              34.7472164208
            ],
            [
              134.2264070336,
              34.7474714972
            ],
            [
              134.2261313971,
              34.7477673422
            ],
            [
              134.2260278567,
              34.7480147394
            ],
            [
              134.2259900632,
              34.7487389974
            ],
            [
              134.225856623,
              34.7492947068
            ],
            [
              134.2259099128,
              34.7499032591
            ],
            [
              134.226290762,
              34.7499745825
            ],
            [
              134.2269498039,
              34.7496748435
            ],
            [
              134.2273775053,
              34.7496225301
            ],
            [
              134.2283085319,
              34.7499620902
            ],
            [
              134.2286496501,
              34.7503579095
            ],
            [
              134.2291407807,
              34.7506830029
            ],
            [
              134.229612616,
              34.7507198831
            ],
            [
              134.2297771489,
              34.750831581
            ],
            [
              134.2302983258,
              34.7507144006
            ],
            [
              134.2306044174,
              34.7509297467
            ],
            [
              134.2311266107,
              34.7511039991
            ],
            [
              134.2317034946,
              34.7511881461
            ],
            [
              134.2317578134,
              34.7514004637
            ],
            [
              134.2316126178,
              34.7521759111
            ],
            [
              134.2316057466,
              34.7530141524
            ],
            [
              134.2318726364,
              34.7547616996
            ],
            [
              134.2318620338,
              34.7554775216
            ],
            [
              134.2308955545,
              34.7551324694
            ],
            [
              134.2300034261,
              34.7545622426
            ],
            [
              134.2289956641,
              34.7545178681
            ],
            [
              134.2284632388,
              34.754705742
            ],
            [
              134.2276829247,
              34.7551620144
            ],
            [
              134.2265267585,
              34.755297789
            ],
            [
              134.2249472216,
              34.7557050362
            ],
            [
              134.2233772855,
              34.7562136883
            ],
            [
              134.2230092806,
              34.7555793623
            ],
            [
              134.2219889222,
              34.7533040242
            ],
            [
              134.2219132948,
              34.7526122046
            ],
            [
              134.2205657775,
              34.7524995574
            ],
            [
              134.2190069698,
              34.7522154164
            ],
            [
              134.2189669257,
              34.7520391659
            ],
            [
              134.2183000444,
              34.7519817773
            ],
            [
              134.2175312648,
              34.7517445544
            ],
            [
              134.2148459807,
              34.7497847691
            ],
            [
              134.2144098375,
              34.74896272
            ],
            [
              134.213638288,
              34.7480563908
            ],
            [
              134.2123571228,
              34.7476445294
            ],
            [
              134.2125959433,
              34.7469338531
            ],
            [
              134.2125501987,
              34.7464796801
            ],
            [
              134.2123587157,
              34.7459650756
            ],
            [
              134.2121204461,
              34.7457076315
            ],
            [
              134.210775445,
              34.7452576562
            ],
            [
              134.2107425974,
              34.745055068
            ],
            [
              134.2107999622,
              34.744368583
            ],
            [
              134.2111121123,
              34.7439584346
            ],
            [
              134.2114974137,
              34.7440413624
            ],
            [
              134.2117909697,
              34.7438938946
            ],
            [
              134.2125662442,
              34.7441490522
            ],
            [
              134.2126656176,
              34.7442025358
            ],
            [
              134.2126876209,
              34.7444590601
            ],
            [
              134.2127571612,
              34.7445084295
            ],
            [
              134.213800726,
              34.7449034348
            ],
            [
              134.2141043419,
              34.7446862461
            ],
            [
              134.214541971,
              34.7446208911
            ],
            [
              134.2149220926,
              34.7447957836
            ],
            [
              134.2161357698,
              34.744456357
            ],
            [
              134.215817858,
              34.7442425104
            ],
            [
              134.2162215095,
              34.7435903005
            ],
            [
              134.2163388938,
              34.7432067142
            ],
            [
              134.2170748986,
              34.743100786
            ],
            [
              134.217476429,
              34.7421837548
            ],
            [
              134.2179783295,
              34.7423729794
            ],
            [
              134.2187578523,
              34.7429226377
            ],
            [
              134.2196130021,
              34.7429558323
            ],
            [
              134.2206061122,
              34.7427375747
            ],
            [
              134.2215603329,
              34.7422030451
            ],
            [
              134.2229529354,
              34.7409261465
            ],
            [
              134.2237852647,
              34.7396246406
            ],
            [
              134.2239530097,
              34.7391378385
            ],
            [
              134.2240522549,
              34.7384157404
            ],
            [
              134.2245487112,
              34.7383634952
            ],
            [
              134.2246223858,
              34.7384000424
            ],
            [
              134.2245135895,
              34.7389030965
            ],
            [
              134.2242052557,
              34.7397892528
            ],
            [
              134.2238230772,
              34.7407687326
            ],
            [
              134.2234241056,
              34.7414175993
            ],
            [
              134.2230354448,
              34.7435654959
            ]
          ]
        ]
      }
    },
    {
      "type": "Feature",
      "properties": {
        "key_code": "332110570",
        "pref": "岡山県",
        "city": "備前市",
        "ward": "",
        "district": "穂浪",
        "name": "備前市  穂浪"
      },
      "geometry": {
        "type": "Polygon",
        "coordinates": [
          [
            [
              134.2090130285,
              34.7212589837
            ],
            [
              134.2091371311,
              34.7200312116
            ],
            [
              134.2095702025,
              34.7195448297
            ],
            [
              134.2102982801,
              34.7196492411
            ],
            [
              134.2111306193,
              34.7201288698
            ],
            [
              134.2118884635,
              34.7215503652
            ],
            [
              134.2119086076,
              34.7219605762
            ],
            [
              134.2120427943,
              34.7220338174
            ],
            [
              134.2124096456,
              34.7220403796
            ],
            [
              134.2132795147,
              34.7207376999
            ],
            [
              134.2134749563,
              34.7207280323
            ],
            [
              134.2140048591,
              34.7204652803
            ],
            [
              134.2142890684,
              34.7202266561
            ],
            [
              134.2147347208,
              34.7200945397
            ],
            [
              134.215407126,
              34.7201952049
            ],
            [
              134.2156699551,
              34.7204028078
            ],
            [
              134.2163289719,
              34.7207172827
            ],
            [
              134.2164717696,
              34.7208787064
            ],
            [
              134.2165793605,
              34.7212394159
            ],
            [
              134.216858485,
              34.7215101376
            ],
            [
              134.2172886651,
              34.721511534
            ],
            [
              134.2185394266,
              34.7210556209
            ],
            [
              134.2192795333,
              34.7211599897
            ],
            [
              134.2193830593,
              34.7213043288
            ],
            [
              134.2193009592,
              34.7214610317
            ],
            [
              134.219370125,
              34.7219858057
            ],
            [
              134.2191507676,
              34.7227123059
            ],
            [
              134.2187724256,
              34.7231211542
            ],
            [
              134.2179901467,
              34.7235017305
            ],
            [
              134.2166850011,
              34.7237809459
            ],
            [
              134.2161151327,
              34.7245087971
            ],
            [
              134.2159074534,
              34.7246700259
            ],
            [
              134.2149264491,
              34.7250268686
            ],
            [
              134.2141424481,
              34.7250576596
            ],
            [
              134.2137273942,
              34.7251592383
            ],
            [
              134.2132449817,
              34.7257898273
            ],
            [
              134.2130056306,
              34.7259473576
            ],
            [
              134.2117467321,
              34.7259244191
            ],
            [
              134.2113461075,
              34.7258582372
            ],
            [
              134.211074562,
              34.725635263
            ],
            [
              134.2111017653,
              34.7249456286
            ],
            [
              134.2108666068,
              34.723727498
            ],
            [
              134.210576772,
              34.7233223681
            ],
            [
              134.2100529816,
              34.723121675
            ],
            [
              134.209724707,
              34.7228734253
            ],
            [
              134.2092401866,
              34.7219605688
            ],
            [
              134.2090130285,
              34.7212589837
            ]
          ]
        ]
      }
    },
    {
      "type": "Feature",
      "properties": {
        "key_code": "332110570",
        "pref": "岡山県",
        "city": "備前市",
        "ward": "",
        "district": "穂浪",
        "name": "備前市  穂浪"
      },
      "geometry": {
        "type": "Polygon",
        "coordinates": [
          [
            [
              134.2509984419,
              34.7293753707
            ],
            [
              134.2519859762,
              34.729946919
            ],
            [
              134.2519877418,
              34.7306961606
            ],
            [
              134.2525006188,
              34.7307339587
            ],
            [
              134.2524072414,
              34.7310888691
            ],
            [
              134.2524543482,
              34.7317199574
            ],
            [
              134.2520327108,
              34.7323625759
            ],
            [
              134.2514763272,
              34.7329074879
            ],
            [
              134.2508443549,
              34.7333669846
            ],
            [
              134.2507809483,
              34.7334804771
            ],
            [
              134.2508394545,
              34.7341336869
            ],
            [
              134.2507466297,
              34.7347753873
            ],
            [
              134.2502672601,
              34.7353224536
            ],
            [
              134.249800461,
              34.735693592
            ],
            [
              134.249568952,
              34.7360523492
            ],
            [
              134.2494791083,
              34.7364486696
            ],
            [
              134.249677686,
              34.7373563609
            ],
            [
              134.2497029138,
              34.7382525243
            ],
            [
              134.2496392985,
              34.7385592733
            ],
            [
              134.249736496,
              34.739051079
            ],
            [
              134.249422372,
              34.7394506242
            ],
            [
              134.2486254205,
              34.7397102472
            ],
            [
              134.2481875503,
              34.740021103
            ],
            [
              134.2479185777,
              34.7406604161
            ],
            [
              134.2478825177,
              34.7409306993
            ],
            [
              134.2475452686,
              34.7410587872
            ],
            [
              134.2472280859,
              34.7417355327
            ],
            [
              134.2471824372,
              34.7419660866
            ],
            [
              134.2473302872,
              34.7426794969
            ],
            [
              134.247225899,
              34.7428195793
            ],
            [
              134.2458810582,
              34.7426787739
            ],
            [
              134.2454420659,
              34.7407799703
            ],
            [
              134.2460127276,
              34.7398421106
            ],
            [
              134.2459395025,
              34.7395733006
            ],
            [
              134.2431977501,
              34.7382083946
            ],
            [
              134.2424628625,
              34.7380864396
            ],
            [
              134.2422055357,
              34.738142595
            ],
            [
              134.2417751481,
              34.7380383242
            ],
            [
              134.241339369,
              34.7380509616
            ],
            [
              134.2411504441,
              34.737972786
            ],
            [
              134.240919759,
              34.7376908959
            ],
            [
              134.2407682021,
              34.7370710017
            ],
            [
              134.2405611239,
              34.736804341
            ],
            [
              134.2388424837,
              34.7361334026
            ],
            [
              134.2386214352,
              34.7366100385
            ],
            [
              134.2382064398,
              34.7368263636
            ],
            [
              134.237151144,
              34.7368516089
            ],
            [
              134.2360404343,
              34.7371128828
            ],
            [
              134.2350167092,
              34.7370688323
            ],
            [
              134.2348854315,
              34.7370947871
            ],
            [
              134.2344386636,
              34.7375191262
            ],
            [
              134.2331304553,
              34.7373105934
            ],
            [
              134.2324108461,
              34.7374165025
            ],
            [
              134.232133828,
              34.7376525003
            ],
            [
              134.2317726241,
              34.7388323291
            ],
            [
              134.2311173015,
              34.739159291
            ],
            [
              134.2308864172,
              34.7393723631
            ],
            [
              134.2308030731,
              34.739638801
            ],
            [
              134.2308484234,
              34.7402632691
            ],
            [
              134.2303194492,
              34.7409614955
            ],
            [
              134.2302796444,
              34.7414430618
            ],
            [
              134.2299373043,
              34.742261453
            ],
            [
              134.229788979,
              34.7428475864
            ],
            [
              134.2286135802,
              34.7429154805
            ],
            [
              134.228117729,
              34.7428184308
            ],
            [
              134.2271734104,
              34.7432838708
            ],
            [
              134.2269250308,
              34.7436345377
            ],
            [
              134.2263771813,
              34.7437636566
            ],
            [
              134.2245571879,
              34.7448368276
            ],
            [
              134.2236845419,
              34.7451910197
            ],
            [
              134.2233016568,
              34.744813321
            ],
            [
              134.2231889604,
              34.7445536174
            ],
            [
              134.2232565741,
              34.7435980898
            ],
            [
              134.2230354448,
              34.7435654959
            ],
            [
              134.2230702325,
              34.7432774704
            ],
            [
              134.2234241056,
              34.7414175993
            ],
            [
              134.2238230772,
              34.7407687326
            ],
            [
              134.2242052557,
              34.7397892528
            ],
            [
              134.2245135895,
              34.7389030965
            ],
            [
              134.2246223858,
              34.7384000424
            ],
            [
              134.2245487112,
              34.7383634952
            ],
            [
              134.2240522549,
              34.7384157404
            ],
            [
              134.2239530097,
              34.7391378385
            ],
            [
              134.2237852647,
              34.7396246406
            ],
            [
              134.2229529354,
              34.7409261465
            ],
            [
              134.2215603329,
              34.7422030451
            ],
            [
              134.2206061122,
              34.7427375747
            ],
            [
              134.2196130021,
              34.7429558323
            ],
            [
              134.2187578523,
              34.7429226377
            ],
            [
              134.2179783295,
              34.7423729794
            ],
            [
              134.217476429,
              34.7421837548
            ],
            [
              134.2170748986,
              34.743100786
            ],
            [
              134.2163388938,
              34.7432067142
            ],
            [
              134.2162215095,
              34.7435903005
            ],
            [
              134.215817858,
              34.7442425104
            ],
            [
              134.2161357698,
              34.744456357
            ],
            [
              134.2149220926,
              34.7447957836
            ],
            [
              134.214541971,
              34.7446208911
            ],
            [
              134.2141043419,
              34.7446862461
            ],
            [
              134.213800726,
              34.7449034348
            ],
            [
              134.2127571612,
              34.7445084295
            ],
            [
              134.2126876209,
              34.7444590601
            ],
            [
              134.2126656176,
              34.7442025358
            ],
            [
              134.2125662442,
              34.7441490522
            ],
            [
              134.2117909697,
              34.7438938946
            ],
            [
              134.2114974137,
              34.7440413624
            ],
            [
              134.2111121123,
              34.7439584346
            ],
            [
              134.2106761762,
              34.7428094416
            ],
            [
              134.2108695807,
              34.7425070721
            ],
            [
              134.2107109319,
              34.742136456
            ],
            [
              134.2109717801,
              34.7418978216
            ],
            [
              134.2110299024,
              34.7417385698
            ],
            [
              134.210962701,
              34.7415155239
            ],
            [
              134.2112815637,
              34.7411813038
            ],
            [
              134.2110221574,
              34.7404483012
            ],
            [
              134.2110902569,
              34.7400581915
            ],
            [
              134.2113800536,
              34.7398035274
            ],
            [
              134.2113899498,
              34.7396363383
            ],
            [
              134.2110679865,
              34.7387957985
            ],
            [
              134.2107503516,
              34.738293744
            ],
            [
              134.2107220878,
              34.7378397295
            ],
            [
              134.2106161672,
              34.7377042591
            ],
            [
              134.2100086783,
              34.7374965889
            ],
            [
              134.2088992477,
              34.7374556061
            ],
            [
              134.2087350842,
              34.7375589707
            ],
            [
              134.2081372138,
              34.737367217
            ],
            [
              134.2070561658,
              34.7377086772
            ],
            [
              134.2065731756,
              34.7381063865
            ],
            [
              134.2062691611,
              34.738240029
            ],
            [
              134.206056139,
              34.7382031852
            ],
            [
              134.2054533101,
              34.7376161643
            ],
            [
              134.2046896551,
              34.7376959375
            ],
            [
              134.2043534183,
              34.7369553719
            ],
            [
              134.2038913825,
              34.737196881
            ],
            [
              134.202613201,
              34.7370121271
            ],
            [
              134.202284303,
              34.7372684216
            ],
            [
              134.2020800206,
              34.7373194759
            ],
            [
              134.2009302724,
              34.7373369745
            ],
            [
              134.2005705672,
              34.737246436
            ],
            [
              134.2000265386,
              34.7364806985
            ],
            [
              134.1996301135,
              34.7354674831
            ],
            [
              134.2000146229,
              34.7336764423
            ],
            [
              134.200070096,
              34.7330778474
            ],
            [
              134.199752537,
              34.732050349
            ],
            [
              134.201013072,
              34.7317857738
            ],
            [
              134.2010656836,
              34.7316586337
            ],
            [
              134.2011092358,
              34.7317389706
            ],
            [
              134.2023359441,
              34.7314626547
            ],
            [
              134.2038897181,
              34.7307962082
            ],
            [
              134.2039838639,
              34.7306448829
            ],
            [
              134.2039633407,
              34.7304961131
            ],
            [
              134.2079746519,
              34.7300829192
            ],
            [
              134.2080546387,
              34.7306374254
            ],
            [
              134.2088301177,
              34.7305020058
            ],
            [
              134.2088810461,
              34.730770818
            ],
            [
              134.2093286837,
              34.7308118398
            ],
            [
              134.2093211555,
              34.7307315417
            ],
            [
              134.2094172536,
              34.7307253006
            ],
            [
              134.2094630727,
              34.7314997933
            ],
            [
              134.2095165789,
              34.731502524
            ],
            [
              134.2094962595,
              34.7312068386
            ],
            [
              134.2105344176,
              34.7314043829
            ],
            [
              134.2106234286,
              34.7310123187
            ],
            [
              134.2105661857,
              34.7313296181
            ],
            [
              134.2106261105,
              34.7314206739
            ],
            [
              134.2109940457,
              34.7314562561
            ],
            [
              134.2110018492,
              34.7313470983
            ],
            [
              134.2110335172,
              34.7313489609
            ],
            [
              134.2110115271,
              34.7314535979
            ],
            [
              134.211660171,
              34.7314280431
            ],
            [
              134.2117124601,
              34.7315128929
            ],
            [
              134.2121506091,
              34.7313221797
            ],
            [
              134.2120394282,
              34.7311831826
            ],
            [
              134.2121856011,
              34.7312888308
            ],
            [
              134.2124981103,
              34.731135884
            ],
            [
              134.2123891229,
              34.7309915362
            ],
            [
              134.2125155886,
              34.7311277318
            ],
            [
              134.2131701132,
              34.7308120041
            ],
            [
              134.2130810151,
              34.7305008988
            ],
            [
              134.2133893382,
              34.7302217355
            ],
            [
              134.2131290489,
              34.7305117918
            ],
            [
              134.2132105387,
              34.7307966903
            ],
            [
              134.2133023876,
              34.7307031089
            ],
            [
              134.2133317928,
              34.730758918
            ],
            [
              134.2132301747,
              34.7308084011
            ],
            [
              134.2133171053,
              34.731106967
            ],
            [
              134.2138775589,
              34.7309010148
            ],
            [
              134.2136205158,
              34.7304428293
            ],
            [
              134.2137872789,
              34.7306548449
            ],
            [
              134.21432793,
              34.730552544
            ],
            [
              134.2144972604,
              34.7304950961
            ],
            [
              134.2145082774,
              34.7304256632
            ],
            [
              134.2150181067,
              34.7305001075
            ],
            [
              134.2148987377,
              34.7307452293
            ],
            [
              134.2150432114,
              34.7305054848
            ],
            [
              134.2153150356,
              34.7305563156
            ],
            [
              134.2151924215,
              34.7307815727
            ],
            [
              134.2155669108,
              34.7308116537
            ],
            [
              134.2155277178,
              34.7307313266
            ],
            [
              134.2155952942,
              34.7308135128
            ],
            [
              134.2161641505,
              34.730848286
            ],
            [
              134.2168785008,
              34.7306812038
            ],
            [
              134.2167566735,
              34.7303485182
            ],
            [
              134.2168960343,
              34.730640653
            ],
            [
              134.2174955502,
              34.7306034706
            ],
            [
              134.2175623122,
              34.7304961984
            ],
            [
              134.2179335597,
              34.7305028869
            ],
            [
              134.2179319389,
              34.7300908718
            ],
            [
              134.218639546,
              34.729263987
            ],
            [
              134.2192727103,
              34.7293727579
            ],
            [
              134.2186471449,
              34.7292982231
            ],
            [
              134.2181166701,
              34.7299513131
            ],
            [
              134.2192743546,
              34.7305725997
            ],
            [
              134.2194570735,
              34.7303041506
            ],
            [
              134.2195181707,
              34.7303384364
            ],
            [
              134.2194153465,
              34.7304780733
            ],
            [
              134.219447993,
              34.7305602249
            ],
            [
              134.2195025493,
              34.7305899962
            ],
            [
              134.2196676376,
              34.7304342188
            ],
            [
              134.2195265422,
              34.7306053728
            ],
            [
              134.2195788673,
              34.7306765551
            ],
            [
              134.2194576549,
              34.7306774288
            ],
            [
              134.2196060482,
              34.730763209
            ],
            [
              134.2194020355,
              34.7309990998
            ],
            [
              134.2199937566,
              34.7314209576
            ],
            [
              134.220513058,
              34.7316190621
            ],
            [
              134.2211466933,
              34.7316282355
            ],
            [
              134.2213903649,
              34.7298723669
            ],
            [
              134.2221186055,
              34.7299288099
            ],
            [
              134.2221296445,
              34.72983867
            ],
            [
              134.2222006146,
              34.7298423963
            ],
            [
              134.2221917448,
              34.7299370456
            ],
            [
              134.2231852983,
              34.7300163963
            ],
            [
              134.2233675823,
              34.7317347577
            ],
            [
              134.2240216602,
              34.7317408317
            ],
            [
              134.2241348926,
              34.7311558037
            ],
            [
              134.2285209729,
              34.7313777924
            ],
            [
              134.2289829758,
              34.731289866
            ],
            [
              134.229287863,
              34.7310971472
            ],
            [
              134.2294782131,
              34.7308178451
            ],
            [
              134.2296183686,
              34.730504272
            ],
            [
              134.2295452357,
              34.7304806879
            ],
            [
              134.229592361,
              34.7303491657
            ],
            [
              134.2295137651,
              34.7303283933
            ],
            [
              134.2300888894,
              34.728824232
            ],
            [
              134.2308260561,
              34.7287248382
            ],
            [
              134.2309847614,
              34.7284166327
            ],
            [
              134.2308886808,
              34.7284120453
            ],
            [
              134.2309358185,
              34.7282588313
            ],
            [
              134.231667538,
              34.7272470833
            ],
            [
              134.2324673735,
              34.7258873271
            ],
            [
              134.2326495949,
              34.7250842987
            ],
            [
              134.2323160776,
              34.7245980605
            ],
            [
              134.2322195072,
              34.7240968036
            ],
            [
              134.23241166,
              34.7232098327
            ],
            [
              134.2320475344,
              34.7227624433
            ],
            [
              134.2318685682,
              34.7226801741
            ],
            [
              134.230460775,
              34.7230071953
            ],
            [
              134.2291822695,
              34.7229737119
            ],
            [
              134.2289068308,
              34.7232060351
            ],
            [
              134.2287801832,
              34.7232040956
            ],
            [
              134.2286255309,
              34.7228920995
            ],
            [
              134.2284193431,
              34.7227530337
            ],
            [
              134.2284677201,
              34.7224898084
            ],
            [
              134.2285901997,
              34.7223376444
            ],
            [
              134.2283134078,
              34.7219100362
            ],
            [
              134.2278997633,
              34.7217888208
            ],
            [
              134.227232224,
              34.7221217972
            ],
            [
              134.2267822952,
              34.7221926788
            ],
            [
              134.2266144385,
              34.7219743392
            ],
            [
              134.226669667,
              34.7214767281
            ],
            [
              134.2264147951,
              34.7209933523
            ],
            [
              134.2260556926,
              34.7209155627
            ],
            [
              134.2256843171,
              34.7210369376
            ],
            [
              134.2254868171,
              34.7209392868
            ],
            [
              134.2254395195,
              34.7203704488
            ],
            [
              134.2251866868,
              34.7200077892
            ],
            [
              134.2253115938,
              34.7196626466
            ],
            [
              134.2258185349,
              34.7193998242
            ],
            [
              134.2262334977,
              34.7193389158
            ],
            [
              134.2270056593,
              34.7199895375
            ],
            [
              134.2273304423,
              34.7204405749
            ],
            [
              134.2275563192,
              34.7205435996
            ],
            [
              134.2277725545,
              34.7204978679
            ],
            [
              134.2282593587,
              34.7206181618
            ],
            [
              134.2286974918,
              34.7203642885
            ],
            [
              134.2292106594,
              34.7203520533
            ],
            [
              134.2295328878,
              34.7202369652
            ],
            [
              134.2297565911,
              34.7203318142
            ],
            [
              134.2301694044,
              34.7202430022
            ],
            [
              134.2304841667,
              34.7199908493
            ],
            [
              134.2322229736,
              34.7194522437
            ],
            [
              134.2324764664,
              34.7192938428
            ],
            [
              134.2335837416,
              34.7191396675
            ],
            [
              134.2338303038,
              34.7192894681
            ],
            [
              134.2338552658,
              34.7194121813
            ],
            [
              134.2341500078,
              34.7194493288
            ],
            [
              134.2341357238,
              34.7195267927
            ],
            [
              134.2338322504,
              34.7194887923
            ],
            [
              134.2337709883,
              34.7195932626
            ],
            [
              134.2339035981,
              34.7200783596
            ],
            [
              134.2337408288,
              34.720158515
            ],
            [
              134.2337156167,
              34.7202441365
            ],
            [
              134.2338390215,
              34.7202171929
            ],
            [
              134.233509667,
              34.7208100791
            ],
            [
              134.2335828632,
              34.720774925
            ],
            [
              134.2340738457,
              34.7210557768
            ],
            [
              134.2353661411,
              34.7204942135
            ],
            [
              134.2354588159,
              34.7206051403
            ],
            [
              134.2355549707,
              34.7205502783
            ],
            [
              134.2349313228,
              34.7198060643
            ],
            [
              134.2346148359,
              34.7196894593
            ],
            [
              134.2346487526,
              34.7196263799
            ],
            [
              134.2350110771,
              34.719761049
            ],
            [
              134.2356892395,
              34.720571087
            ],
            [
              134.236040818,
              34.7205660009
            ],
            [
              134.2365248819,
              34.7202373204
            ],
            [
              134.2369410382,
              34.7200879008
            ],
            [
              134.2377994647,
              34.7198766886
            ],
            [
              134.2384010583,
              34.7198744573
            ],
            [
              134.2387692298,
              34.7196773799
            ],
            [
              134.2391693039,
              34.7192611418
            ],
            [
              134.239625714,
              34.7192317541
            ],
            [
              134.240087889,
              34.7189390965
            ],
            [
              134.2405585839,
              34.7188239303
            ],
            [
              134.2409323011,
              34.718539376
            ],
            [
              134.241315606,
              34.7184621777
            ],
            [
              134.241912318,
              34.7179288779
            ],
            [
              134.242172316,
              34.7177946814
            ],
            [
              134.2423243786,
              34.7175163061
            ],
            [
              134.242648858,
              34.7173136956
            ],
            [
              134.2428241462,
              34.7167593885
            ],
            [
              134.2428299606,
              34.7164320303
            ],
            [
              134.243457648,
              34.7155012387
            ],
            [
              134.2437734151,
              34.7152697445
            ],
            [
              134.2440971172,
              34.7165194103
            ],
            [
              134.2444811297,
              34.7166512426
            ],
            [
              134.2450423679,
              34.7171807048
            ],
            [
              134.2459706248,
              34.718665448
            ],
            [
              134.2461122885,
              34.7189661399
            ],
            [
              134.2461803023,
              34.7194734243
            ],
            [
              134.2465836689,
              34.7195749746
            ],
            [
              134.2483602226,
              34.7203545704
            ],
            [
              134.2487973388,
              34.720661942
            ],
            [
              134.2492217252,
              34.7211335472
            ],
            [
              134.2500007576,
              34.7214329721
            ],
            [
              134.250075889,
              34.7217110812
            ],
            [
              134.2502382698,
              34.7218331744
            ],
            [
              134.2513475372,
              34.7221644998
            ],
            [
              134.2523502227,
              34.7225740661
            ],
            [
              134.2530641268,
              34.7226657991
            ],
            [
              134.2528476399,
              34.7229521732
            ],
            [
              134.2516778174,
              34.7237547529
            ],
            [
              134.2510103213,
              34.7250224922
            ],
            [
              134.2512804724,
              34.7264135294
            ],
            [
              134.2509656266,
              34.7269883192
            ],
            [
              134.2509902455,
              34.7275155781
            ],
            [
              134.2506451744,
              34.7281359866
            ],
            [
              134.2505340723,
              34.7286092066
            ],
            [
              134.2509984419,
              34.7293753707
            ]
          ]
        ]
      }
    },
    {
      "type": "Feature",
      "properties": {
        "key_code": "332110610",
        "pref": "岡山県",
        "city": "備前市",
        "ward": "",
        "district": "鶴海",
        "name": "備前市  鶴海"
      },
      "geometry": {
        "type": "Polygon",
        "coordinates": [
          [
            [
              134.2131687666,
              34.7127230695
            ],
            [
              134.2139231069,
              34.7119809
            ],
            [
              134.2148900038,
              34.7114581129
            ],
            [
              134.2153823243,
              34.7114774658
            ],
            [
              134.2153708806,
              34.7118489106
            ],
            [
              134.2152353256,
              34.7119840079
            ],
            [
              134.2152951699,
              34.712124788
            ],
            [
              134.2150981445,
              34.7124914042
            ],
            [
              134.2144287464,
              34.7126214744
            ],
            [
              134.2138381042,
              34.7126372375
            ],
            [
              134.2134165369,
              34.7127575432
            ],
            [
              134.2131687666,
              34.7127230695
            ]
          ]
        ]
      }
    },
    {
      "type": "Feature",
      "properties": {
        "key_code": "332110610",
        "pref": "岡山県",
        "city": "備前市",
        "ward": "",
        "district": "鶴海",
        "name": "備前市  鶴海"
      },
      "geometry": {
        "type": "Polygon",
        "coordinates": [
          [
            [
              134.1830773655,
              34.6966126962
            ],
            [
              134.1847121327,
              34.695988416
            ],
            [
              134.1868899691,
              34.6947772301
            ],
            [
              134.1878422109,
              34.6941477327
            ],
            [
              134.188772594,
              34.6940953066
            ],
            [
              134.1889318521,
              34.6937420757
            ],
            [
              134.1892492862,
              34.6936708924
            ],
            [
              134.1899558302,
              34.6937869449
            ],
            [
              134.1904368427,
              34.6936445337
            ],
            [
              134.1908306991,
              34.6938633255
            ],
            [
              134.1912489495,
              34.6938718398
            ],
            [
              134.1917557776,
              34.6941086479
            ],
            [
              134.1918133398,
              34.6941761864
            ],
            [
              134.1917838776,
              34.6945494304
            ],
            [
              134.1921152227,
              34.6947761742
            ],
            [
              134.193635984,
              34.695307977
            ],
            [
              134.1937221494,
              34.6955344403
            ],
            [
              134.1937143321,
              34.695885881
            ],
            [
              134.1941604037,
              34.6965058986
            ],
            [
              134.1941665008,
              34.6971551374
            ],
            [
              134.1946374663,
              34.6972827285
            ],
            [
              134.1948009435,
              34.6972750249
            ],
            [
              134.1950175763,
              34.697112433
            ],
            [
              134.1961137804,
              34.6971057755
            ],
            [
              134.1967043389,
              34.6975867726
            ],
            [
              134.1968311575,
              34.6979344198
            ],
            [
              134.1970278949,
              34.6981728359
            ],
            [
              134.1977293347,
              34.6984675931
            ],
            [
              134.1980482162,
              34.6989742039
            ],
            [
              134.1984803817,
              34.6993003536
            ],
            [
              134.1988697664,
              34.6993285322
            ],
            [
              134.1991873228,
              34.6991859067
            ],
            [
              134.19958398,
              34.6991802852
            ],
            [
              134.200751852,
              34.6994515887
            ],
            [
              134.201034455,
              34.7000952076
            ],
            [
              134.2018822963,
              34.7005627938
            ],
            [
              134.2019345233,
              34.700975854
            ],
            [
              134.2025704213,
              34.7016971786
            ],
            [
              134.2032145913,
              34.7017653368
            ],
            [
              134.2037095726,
              34.7019168639
            ],
            [
              134.2045368762,
              34.7017110936
            ],
            [
              134.2054959166,
              34.7018133766
            ],
            [
              134.2062606845,
              34.7016275315
            ],
            [
              134.2069817774,
              34.7016958899
            ],
            [
              134.2074206542,
              34.7023892319
            ],
            [
              134.2077426258,
              34.7024926715
            ],
            [
              134.2083724878,
              34.7024933147
            ],
            [
              134.2086270831,
              34.7026445754
            ],
            [
              134.2090023124,
              34.7025179012
            ],
            [
              134.2093292459,
              34.7025221762
            ],
            [
              134.209751947,
              34.7027965743
            ],
            [
              134.209969733,
              34.7032340204
            ],
            [
              134.2104559512,
              34.7034353759
            ],
            [
              134.2107174263,
              34.7037653976
            ],
            [
              134.2108483591,
              34.7037963761
            ],
            [
              134.2122237292,
              34.7037694206
            ],
            [
              134.2127599154,
              34.7039296856
            ],
            [
              134.2129970655,
              34.7038372284
            ],
            [
              134.2139588084,
              34.7030241174
            ],
            [
              134.2148155952,
              34.7036096618
            ],
            [
              134.2160186348,
              34.7041414471
            ],
            [
              134.2172107478,
              34.7035965839
            ],
            [
              134.2187364395,
              34.7031265395
            ],
            [
              134.219104504,
              34.7030805383
            ],
            [
              134.2192540706,
              34.7031733605
            ],
            [
              134.2197272288,
              34.7038023336
            ],
            [
              134.2199333712,
              34.7035861544
            ],
            [
              134.2209816428,
              34.703293549
            ],
            [
              134.2214654605,
              34.7029771961
            ],
            [
              134.222262123,
              34.7030898957
            ],
            [
              134.2224334998,
              34.7031956964
            ],
            [
              134.2225610577,
              34.7034352833
            ],
            [
              134.223468669,
              34.7033923077
            ],
            [
              134.2238813068,
              34.7038319026
            ],
            [
              134.2249738435,
              34.7042849282
            ],
            [
              134.2261043885,
              34.7042846742
            ],
            [
              134.2265620611,
              34.7048903762
            ],
            [
              134.2265847758,
              34.7054196241
            ],
            [
              134.2268476649,
              34.7059207707
            ],
            [
              134.2287692718,
              34.7056005785
            ],
            [
              134.2293403074,
              34.705374423
            ],
            [
              134.2312211763,
              34.7064411008
            ],
            [
              134.2316894148,
              34.7073673904
            ],
            [
              134.231378617,
              34.7077522495
            ],
            [
              134.2314155346,
              34.7081565579
            ],
            [
              134.2311555957,
              34.7087979718
            ],
            [
              134.2310037204,
              34.7095104718
            ],
            [
              134.2309956791,
              34.7099754549
            ],
            [
              134.230736024,
              34.7104078277
            ],
            [
              134.2308356917,
              34.7112053393
            ],
            [
              134.231160987,
              34.7119707837
            ],
            [
              134.230702586,
              34.7133173374
            ],
            [
              134.2303552746,
              34.7137696399
            ],
            [
              134.230172473,
              34.7138556937
            ],
            [
              134.2294137289,
              34.7138474409
            ],
            [
              134.2286711404,
              34.7143363055
            ],
            [
              134.2280257637,
              34.7145326752
            ],
            [
              134.2281132558,
              34.7144118905
            ],
            [
              134.2280995044,
              34.7140647909
            ],
            [
              134.2284035138,
              34.7136611974
            ],
            [
              134.2285510018,
              34.7135783561
            ],
            [
              134.2287260946,
              34.7132476183
            ],
            [
              134.2286828373,
              34.7129203548
            ],
            [
              134.2285790161,
              34.7130059106
            ],
            [
              134.2285344597,
              34.7128472594
            ],
            [
              134.2282072264,
              34.7126234274
            ],
            [
              134.2281779496,
              34.7124638031
            ],
            [
              134.2279478329,
              34.7122814678
            ],
            [
              134.2271741255,
              34.7120292142
            ],
            [
              134.2266118525,
              34.7120621073
            ],
            [
              134.2259831252,
              34.7119894328
            ],
            [
              134.2251171015,
              34.7113766138
            ],
            [
              134.2242384767,
              34.7112287672
            ],
            [
              134.2233987398,
              34.7113984584
            ],
            [
              134.2228312712,
              34.7112365139
            ],
            [
              134.2228532619,
              34.7111193339
            ],
            [
              134.2227603807,
              34.7111841883
            ],
            [
              134.2226494602,
              34.7108595339
            ],
            [
              134.221622952,
              34.7102861222
            ],
            [
              134.2208293675,
              34.7094406268
            ],
            [
              134.2205161347,
              34.7093845561
            ],
            [
              134.220636998,
              34.709617235
            ],
            [
              134.2204855138,
              34.7094259418
            ],
            [
              134.2201282725,
              34.7096194422
            ],
            [
              134.2203950895,
              34.7092933046
            ],
            [
              134.2202807629,
              34.7090759848
            ],
            [
              134.2200831193,
              34.7091182033
            ],
            [
              134.2203857106,
              34.7089642352
            ],
            [
              134.2203869679,
              34.7088480229
            ],
            [
              134.2202037863,
              34.7086917756
            ],
            [
              134.2200020128,
              34.7085591761
            ],
            [
              134.2189991445,
              34.7082976447
            ],
            [
              134.2179529945,
              34.7077665912
            ],
            [
              134.2178841705,
              34.7078044197
            ],
            [
              134.218037934,
              34.7079217637
            ],
            [
              134.2180670328,
              34.7081840805
            ],
            [
              134.2191028604,
              34.7090757378
            ],
            [
              134.218768476,
              34.7093215165
            ],
            [
              134.2182647273,
              34.7088911253
            ],
            [
              134.218051609,
              34.709066724
            ],
            [
              134.2185411531,
              34.7095079491
            ],
            [
              134.2185279492,
              34.7095810457
            ],
            [
              134.2175944252,
              34.7096883506
            ],
            [
              134.2170924948,
              34.7095210914
            ],
            [
              134.2163279124,
              34.709815051
            ],
            [
              134.213549184,
              34.7101126837
            ],
            [
              134.2104610075,
              34.7100004508
            ],
            [
              134.2070808034,
              34.7095353843
            ],
            [
              134.2067037642,
              34.7098019257
            ],
            [
              134.2066018881,
              34.7100226916
            ],
            [
              134.2064139411,
              34.710143215
            ],
            [
              134.2063842332,
              34.7102919345
            ],
            [
              134.2063131801,
              34.7103522899
            ],
            [
              134.2063582224,
              34.7101666801
            ],
            [
              134.2061765728,
              34.7104468063
            ],
            [
              134.2059143764,
              34.7105700673
            ],
            [
              134.205960151,
              34.7106205444
            ],
            [
              134.205832469,
              34.7105898427
            ],
            [
              134.2057395422,
              34.7106753892
            ],
            [
              134.2054469214,
              34.71070748
            ],
            [
              134.2046962003,
              34.7104714471
            ],
            [
              134.2046895074,
              34.7105651138
            ],
            [
              134.2045956834,
              34.7105289538
            ],
            [
              134.2046765592,
              34.7104669187
            ],
            [
              134.2043317346,
              34.7103754161
            ],
            [
              134.2044398103,
              34.7103720086
            ],
            [
              134.2040690021,
              34.7101407429
            ],
            [
              134.2031083818,
              34.7101028109
            ],
            [
              134.2025027285,
              34.7099587639
            ],
            [
              134.2022344354,
              34.7097990198
            ],
            [
              134.2011094889,
              34.7087672618
            ],
            [
              134.1988809646,
              34.7083691431
            ],
            [
              134.1983594932,
              34.7081638964
            ],
            [
              134.19783825,
              34.7078225764
            ],
            [
              134.1975545457,
              34.7077474646
            ],
            [
              134.1974038062,
              34.7078040627
            ],
            [
              134.19734792,
              34.7079275355
            ],
            [
              134.197605345,
              34.708054878
            ],
            [
              134.1973434747,
              34.7079788037
            ],
            [
              134.1974152059,
              34.7081673543
            ],
            [
              134.1989730387,
              34.7088054907
            ],
            [
              134.1991396559,
              34.7090590821
            ],
            [
              134.1993697124,
              34.7092306222
            ],
            [
              134.1998446982,
              34.7091635311
            ],
            [
              134.2003987152,
              34.7095012184
            ],
            [
              134.2008681032,
              34.7095207461
            ],
            [
              134.2011580708,
              34.7097833454
            ],
            [
              134.201353876,
              34.7102154379
            ],
            [
              134.2020780131,
              34.7106733178
            ],
            [
              134.2034811828,
              34.7111462896
            ],
            [
              134.2036825548,
              34.7108264674
            ],
            [
              134.2035193678,
              34.7111616851
            ],
            [
              134.2035530218,
              34.7112779316
            ],
            [
              134.2042044257,
              34.7114949904
            ],
            [
              134.2048206532,
              34.7118734396
            ],
            [
              134.206208633,
              34.7123156642
            ],
            [
              134.2063590703,
              34.7124583752
            ],
            [
              134.206333511,
              34.7127558516
            ],
            [
              134.2064456668,
              34.7129461337
            ],
            [
              134.2067142045,
              34.7129599369
            ],
            [
              134.2068766798,
              34.7130889963
            ],
            [
              134.2071539223,
              34.713120838
            ],
            [
              134.2073987641,
              34.7129272646
            ],
            [
              134.207427556,
              34.7126541608
            ],
            [
              134.2076863703,
              34.7126040006
            ],
            [
              134.2081415387,
              34.7126567304
            ],
            [
              134.2083289771,
              34.7128831499
            ],
            [
              134.2085482945,
              34.7129591593
            ],
            [
              134.2086921303,
              34.7131422881
            ],
            [
              134.2088906912,
              34.7132326439
            ],
            [
              134.2095019988,
              34.7140040695
            ],
            [
              134.2102956525,
              34.7140274118
            ],
            [
              134.2105116601,
              34.7141304597
            ],
            [
              134.2110096354,
              34.7147755477
            ],
            [
              134.2116266921,
              34.7146200892
            ],
            [
              134.212161576,
              34.7146648522
            ],
            [
              134.2128218339,
              34.7148314431
            ],
            [
              134.2136717663,
              34.7152035942
            ],
            [
              134.2141891357,
              34.7152798845
            ],
            [
              134.2143613365,
              34.715484726
            ],
            [
              134.2142920845,
              34.715817236
            ],
            [
              134.2123828246,
              34.7157598567
            ],
            [
              134.2118205962,
              34.7156349158
            ],
            [
              134.2107675531,
              34.7153002991
            ],
            [
              134.2102770097,
              34.7149138415
            ],
            [
              134.2097464372,
              34.7148086445
            ],
            [
              134.2090737533,
              34.714395935
            ],
            [
              134.2083374485,
              34.7141465576
            ],
            [
              134.2079413471,
              34.7141723506
            ],
            [
              134.2068319609,
              34.7144525045
            ],
            [
              134.2051017306,
              34.7140875461
            ],
            [
              134.2035110747,
              34.7131243231
            ],
            [
              134.2026480867,
              34.7128618137
            ],
            [
              134.2011513263,
              34.7126573493
            ],
            [
              134.1995607699,
              34.7116680075
            ],
            [
              134.1989038203,
              34.7113664003
            ],
            [
              134.1983138947,
              34.7112577049
            ],
            [
              134.1968723418,
              34.7112300411
            ],
            [
              134.1960958238,
              34.7113927177
            ],
            [
              134.1944047912,
              34.7123484145
            ],
            [
              134.1929932442,
              34.7130153553
            ],
            [
              134.1925620489,
              34.7131443174
            ],
            [
              134.1919253902,
              34.7131409112
            ],
            [
              134.1901434646,
              34.7127128794
            ],
            [
              134.1895230637,
              34.7127552612
            ],
            [
              134.1892355688,
              34.7128573323
            ],
            [
              134.1880164805,
              34.7135920528
            ],
            [
              134.1859032731,
              34.7121820323
            ],
            [
              134.1843000866,
              34.7122475695
            ],
            [
              134.1828183958,
              34.7124263341
            ],
            [
              134.1812315579,
              34.7121477087
            ],
            [
              134.17867089,
              34.7112895943
            ],
            [
              134.1765129427,
              34.7124365516
            ],
            [
              134.1758747924,
              34.7129800198
            ],
            [
              134.175462696,
              34.7130611863
            ],
            [
              134.1746215739,
              34.7134638039
            ],
            [
              134.1742780744,
              34.7135698472
            ],
            [
              134.1737177686,
              34.7136009481
            ],
            [
              134.1727736686,
              34.7132730489
            ],
            [
              134.1719314784,
              34.7125118463
            ],
            [
              134.1713651122,
              34.7117197338
            ],
            [
              134.1729466563,
              34.7099541643
            ],
            [
              134.1735307707,
              34.7090275048
            ],
            [
              134.1741141039,
              34.7084993355
            ],
            [
              134.1753115928,
              34.7065394066
            ],
            [
              134.1757285198,
              34.706017915
            ],
            [
              134.1767942591,
              34.7055176807
            ],
            [
              134.1773767272,
              34.7054360226
            ],
            [
              134.1776136809,
              34.7055084458
            ],
            [
              134.1778711321,
              34.7057423208
            ],
            [
              134.1782786818,
              34.7057772091
            ],
            [
              134.179627295,
              34.7052568837
            ],
            [
              134.1802519273,
              34.7048522697
            ],
            [
              134.1819476291,
              34.7032915291
            ],
            [
              134.1827601326,
              34.7024955374
            ],
            [
              134.1830478539,
              34.7020871113
            ],
            [
              134.1830233472,
              34.7018398687
            ],
            [
              134.1826279513,
              34.7008448986
            ],
            [
              134.181745163,
              34.7003876976
            ],
            [
              134.181733113,
              34.7001803344
            ],
            [
              134.1820327972,
              34.6994701991
            ],
            [
              134.1819138853,
              34.6992317141
            ],
            [
              134.181962443,
              34.6985109852
            ],
            [
              134.1822051756,
              34.6976672416
            ],
            [
              134.1827685641,
              34.696875165
            ],
            [
              134.1830773655,
              34.6966126962
            ]
          ]
        ]
      }
    },
    {
      "type": "Feature",
      "properties": {
        "key_code": "332110610",
        "pref": "岡山県",
        "city": "備前市",
        "ward": "",
        "district": "鶴海",
        "name": "備前市  鶴海"
      },
      "geometry": {
        "type": "Polygon",
        "coordinates": [
          [
            [
              134.2241098009,
              34.7127847715
            ],
            [
              134.2241722448,
              34.7126215676
            ],
            [
              134.2242705535,
              34.7125802415
            ],
            [
              134.2247790821,
              34.7127393084
            ],
            [
              134.2248345228,
              34.7129179724
            ],
            [
              134.2247128188,
              34.7133225638
            ],
            [
              134.2243088522,
              34.7133438952
            ],
            [
              134.2241098009,
              34.7127847715
            ]
          ]
        ]
      }
    },
    {
      "type": "Feature",
      "properties": {
        "key_code": "332110620",
        "pref": "岡山県",
        "city": "備前市",
        "ward": "",
        "district": "佐山",
        "name": "備前市  佐山"
      },
      "geometry": {
        "type": "Polygon",
        "coordinates": [
          [
            [
              134.1848927213,
              34.6900462809
            ],
            [
              134.1851517129,
              34.6903960699
            ],
            [
              134.1855741342,
              34.690753944
            ],
            [
              134.1860301212,
              34.6925353929
            ],
            [
              134.186678494,
              34.6929133947
            ],
            [
              134.1872182706,
              34.6935274866
            ],
            [
              134.1873955305,
              34.6938891457
            ],
            [
              134.1878422109,
              34.6941477327
            ],
            [
              134.1868899691,
              34.6947772301
            ],
            [
              134.1847121327,
              34.695988416
            ],
            [
              134.1830773655,
              34.6966126962
            ],
            [
              134.1827685641,
              34.696875165
            ],
            [
              134.1822051756,
              34.6976672416
            ],
            [
              134.181962443,
              34.6985109852
            ],
            [
              134.1819138853,
              34.6992317141
            ],
            [
              134.1820327972,
              34.6994701991
            ],
            [
              134.181733113,
              34.7001803344
            ],
            [
              134.181745163,
              34.7003876976
            ],
            [
              134.1826279513,
              34.7008448986
            ],
            [
              134.1830521973,
              34.7019841465
            ],
            [
              134.1827601326,
              34.7024955374
            ],
            [
              134.1802519273,
              34.7048522697
            ],
            [
              134.179627295,
              34.7052568837
            ],
            [
              134.1782786818,
              34.7057772091
            ],
            [
              134.1778711321,
              34.7057423208
            ],
            [
              134.1776136809,
              34.7055084458
            ],
            [
              134.1773767272,
              34.7054360226
            ],
            [
              134.1767942591,
              34.7055176807
            ],
            [
              134.1757285198,
              34.706017915
            ],
            [
              134.1753115928,
              34.7065394066
            ],
            [
              134.1741141039,
              34.7084993355
            ],
            [
              134.1735307707,
              34.7090275048
            ],
            [
              134.1729466563,
              34.7099541643
            ],
            [
              134.1713651122,
              34.7117197338
            ],
            [
              134.1707374572,
              34.7110638958
            ],
            [
              134.1699048394,
              34.7106378051
            ],
            [
              134.1694931981,
              34.7099430906
            ],
            [
              134.1691146133,
              34.7097419953
            ],
            [
              134.1689882439,
              34.7097659123
            ],
            [
              134.1688101769,
              34.7101327557
            ],
            [
              134.1679635962,
              34.7107133648
            ],
            [
              134.1667232997,
              34.7113617494
            ],
            [
              134.166418927,
              34.711716444
            ],
            [
              134.1661749747,
              34.7122175769
            ],
            [
              134.1656255874,
              34.7123813487
            ],
            [
              134.1653701103,
              34.7125715824
            ],
            [
              134.165330778,
              34.7128002873
            ],
            [
              134.1657431137,
              34.7131377955
            ],
            [
              134.1656164876,
              34.7132862305
            ],
            [
              134.1652080583,
              34.7134179371
            ],
            [
              134.1651198817,
              34.7137750401
            ],
            [
              134.1651435704,
              34.7140718682
            ],
            [
              134.1650609512,
              34.7140838678
            ],
            [
              134.1646930463,
              34.713401167
            ],
            [
              134.16475923,
              34.7131064357
            ],
            [
              134.1642790262,
              34.7126965684
            ],
            [
              134.1642516018,
              34.7118458676
            ],
            [
              134.163729782,
              34.7115903247
            ],
            [
              134.163035749,
              34.7107506691
            ],
            [
              134.1630600687,
              34.7100794994
            ],
            [
              134.1632741399,
              34.7098238537
            ],
            [
              134.1632790665,
              34.7096607428
            ],
            [
              134.1623476444,
              34.7092498146
            ],
            [
              134.1619487925,
              34.7089193573
            ],
            [
              134.1613934739,
              34.7087441878
            ],
            [
              134.1610636745,
              34.7083379002
            ],
            [
              134.1613222072,
              34.7076707231
            ],
            [
              134.1611965114,
              34.707384315
            ],
            [
              134.1612019762,
              34.7069558226
            ],
            [
              134.1611199023,
              34.7066751105
            ],
            [
              134.1612104835,
              34.7061688414
            ],
            [
              134.1607887457,
              34.7058155268
            ],
            [
              134.1611803901,
              34.7051789648
            ],
            [
              134.1610462428,
              34.7045360244
            ],
            [
              134.1605611903,
              34.7037084784
            ],
            [
              134.1598071929,
              34.7030343699
            ],
            [
              134.1595294691,
              34.7018772307
            ],
            [
              134.1592666136,
              34.7013062319
            ],
            [
              134.1587078617,
              34.7006036698
            ],
            [
              134.1587264706,
              34.7004824158
            ],
            [
              134.1592214522,
              34.6998327682
            ],
            [
              134.1591360855,
              34.6989300135
            ],
            [
              134.1593182321,
              34.6985567104
            ],
            [
              134.1600237465,
              34.698225845
            ],
            [
              134.1605000101,
              34.69773168
            ],
            [
              134.1605459973,
              34.6965845773
            ],
            [
              134.1604357258,
              34.6955016256
            ],
            [
              134.1600822854,
              34.6943312672
            ],
            [
              134.161319297,
              34.6923022029
            ],
            [
              134.1617056672,
              34.6919652416
            ],
            [
              134.1616239372,
              34.6915176054
            ],
            [
              134.1619076939,
              34.6919655266
            ],
            [
              134.1621082136,
              34.6927015355
            ],
            [
              134.1624028589,
              34.6923149999
            ],
            [
              134.1632163836,
              34.6919066536
            ],
            [
              134.16310882,
              34.6917415526
            ],
            [
              134.1628220712,
              34.6916349399
            ],
            [
              134.1628269629,
              34.6914888723
            ],
            [
              134.1626571396,
              34.6914565173
            ],
            [
              134.1623457451,
              34.6916387785
            ],
            [
              134.1621521358,
              34.6916041355
            ],
            [
              134.161774657,
              34.6912760976
            ],
            [
              134.1616508458,
              34.6909330632
            ],
            [
              134.1615173342,
              34.6908300443
            ],
            [
              134.1607615429,
              34.6905851396
            ],
            [
              134.1604877076,
              34.6903238724
            ],
            [
              134.1605253835,
              34.6899430327
            ],
            [
              134.160966271,
              34.6885837691
            ],
            [
              134.1609481717,
              34.6884085099
            ],
            [
              134.1606266412,
              34.6877986796
            ],
            [
              134.1608166733,
              34.6873304401
            ],
            [
              134.1612908947,
              34.6865711574
            ],
            [
              134.1612364215,
              34.6861559636
            ],
            [
              134.1610136181,
              34.6857499689
            ],
            [
              134.1615919218,
              34.6848366033
            ],
            [
              134.1619292176,
              34.6845094375
            ],
            [
              134.1626948432,
              34.6844229009
            ],
            [
              134.1630577283,
              34.6839835019
            ],
            [
              134.1632562006,
              34.6838885582
            ],
            [
              134.1635464019,
              34.6840337691
            ],
            [
              134.1642195391,
              34.6840842915
            ],
            [
              134.1647177662,
              34.6839706053
            ],
            [
              134.1651580028,
              34.6840302367
            ],
            [
              134.1656038018,
              34.6847660065
            ],
            [
              134.1659489859,
              34.6850903215
            ],
            [
              134.1665925792,
              34.6849292176
            ],
            [
              134.1677729963,
              34.6849498496
            ],
            [
              134.168457241,
              34.6852155996
            ],
            [
              134.1688860607,
              34.6852275909
            ],
            [
              134.1692184186,
              34.685049006
            ],
            [
              134.1698236059,
              34.6844746867
            ],
            [
              134.1710054144,
              34.6849657654
            ],
            [
              134.1716512124,
              34.6848484446
            ],
            [
              134.172889087,
              34.6849700974
            ],
            [
              134.1737701353,
              34.6848036291
            ],
            [
              134.1739087693,
              34.6846553423
            ],
            [
              134.1746371286,
              34.684762925
            ],
            [
              134.1749916051,
              34.6850756746
            ],
            [
              134.1752421706,
              34.6854664665
            ],
            [
              134.1757025639,
              34.6858517541
            ],
            [
              134.176329172,
              34.6861306213
            ],
            [
              134.1775369624,
              34.6863302207
            ],
            [
              134.1777603529,
              34.6864695348
            ],
            [
              134.178312376,
              34.6871901802
            ],
            [
              134.1784321581,
              34.6872511844
            ],
            [
              134.1792665936,
              34.6873666199
            ],
            [
              134.1806424069,
              34.6877397992
            ],
            [
              134.1813938962,
              34.6878320146
            ],
            [
              134.1825941873,
              34.6883687736
            ],
            [
              134.1830315935,
              34.6887502003
            ],
            [
              134.1842000723,
              34.6890353259
            ],
            [
              134.1846331904,
              34.6892339033
            ],
            [
              134.1848543288,
              34.6893561579
            ],
            [
              134.1850245648,
              34.6895734306
            ],
            [
              134.1848927213,
              34.6900462809
            ]
          ]
        ]
      }
    },
    {
      "type": "Feature",
      "properties": {
        "key_code": "332110710",
        "pref": "岡山県",
        "city": "備前市",
        "ward": "",
        "district": "三石",
        "name": "備前市  三石"
      },
      "geometry": {
        "type": "Polygon",
        "coordinates": [
          [
            [
              134.3158433003,
              34.7817824769
            ],
            [
              134.3161058062,
              34.7823652575
            ],
            [
              134.3164341307,
              34.7828607133
            ],
            [
              134.3166701509,
              34.7830638671
            ],
            [
              134.3176040848,
              34.7832841554
            ],
            [
              134.3179709556,
              34.783553106
            ],
            [
              134.3193765028,
              34.7871861041
            ],
            [
              134.3192275317,
              34.7880963421
            ],
            [
              134.3188374008,
              34.7887483489
            ],
            [
              134.3179493995,
              34.7896500396
            ],
            [
              134.3159987482,
              34.7919531447
            ],
            [
              134.3171585062,
              34.7926307201
            ],
            [
              134.3181797517,
              34.7931092299
            ],
            [
              134.3181591994,
              34.7932193821
            ],
            [
              134.3174200035,
              34.7940660027
            ],
            [
              134.3173686122,
              34.7944132215
            ],
            [
              134.3175737849,
              34.7950992434
            ],
            [
              134.3175209688,
              34.7956506953
            ],
            [
              134.3173224522,
              34.796168884
            ],
            [
              134.317013721,
              34.7966145145
            ],
            [
              134.3162860965,
              34.7970872675
            ],
            [
              134.3171733444,
              34.7977921109
            ],
            [
              134.3173825893,
              34.7988923816
            ],
            [
              134.3171619509,
              34.7997925744
            ],
            [
              134.3167650593,
              34.8000380338
            ],
            [
              134.3165003125,
              34.8009292048
            ],
            [
              134.3170182858,
              34.8017113222
            ],
            [
              134.3169851691,
              34.8019566917
            ],
            [
              134.3167867019,
              34.8021658377
            ],
            [
              134.3160259719,
              34.8025567503
            ],
            [
              134.3142620261,
              34.8029838434
            ],
            [
              134.3138651546,
              34.8029837789
            ],
            [
              134.3134242352,
              34.8028110128
            ],
            [
              134.3117596297,
              34.8026560596
            ],
            [
              134.3109052339,
              34.8027787303
            ],
            [
              134.3104201278,
              34.802960487
            ],
            [
              134.3100782871,
              34.8033151032
            ],
            [
              134.3102545321,
              34.8038334977
            ],
            [
              134.3102764894,
              34.8041517021
            ],
            [
              134.3100228088,
              34.8045881747
            ],
            [
              134.3097912258,
              34.8048608323
            ],
            [
              134.3093832375,
              34.8051335963
            ],
            [
              134.3087327621,
              34.8052698184
            ],
            [
              134.3084681262,
              34.8054152718
            ],
            [
              134.3084239731,
              34.8056244379
            ],
            [
              134.308500924,
              34.8063426927
            ],
            [
              134.3087102137,
              34.8069430756
            ],
            [
              134.308666076,
              34.8071066035
            ],
            [
              134.3084124699,
              34.8072248734
            ],
            [
              134.3075635342,
              34.8073155509
            ],
            [
              134.3071618344,
              34.8076143682
            ],
            [
              134.3062945318,
              34.808481869
            ],
            [
              134.3062457529,
              34.8086746936
            ],
            [
              134.3068250624,
              34.8097476007
            ],
            [
              134.3072046502,
              34.8108886378
            ],
            [
              134.3071168791,
              34.8111617442
            ],
            [
              134.3068634827,
              34.8114750998
            ],
            [
              134.305889022,
              34.8121698845
            ],
            [
              134.3049244771,
              34.8123103827
            ],
            [
              134.3044908817,
              34.8124788896
            ],
            [
              134.3040498375,
              34.8130513791
            ],
            [
              134.3038011695,
              34.8136780028
            ],
            [
              134.303674466,
              34.8138146053
            ],
            [
              134.3031799636,
              34.814009293
            ],
            [
              134.3027074385,
              34.8140373471
            ],
            [
              134.3021324206,
              34.8145673964
            ],
            [
              134.3017524287,
              34.8146357567
            ],
            [
              134.3014894063,
              34.8145632861
            ],
            [
              134.3012388487,
              34.8137537009
            ],
            [
              134.3010050956,
              34.8135929187
            ],
            [
              134.3002451621,
              34.8136169427
            ],
            [
              134.3000063645,
              34.8138659173
            ],
            [
              134.2998334186,
              34.8139240446
            ],
            [
              134.2984794053,
              34.8134375598
            ],
            [
              134.297909423,
              34.8135458569
            ],
            [
              134.2980408192,
              34.8138270504
            ],
            [
              134.2980163672,
              34.8140562219
            ],
            [
              134.2978749612,
              34.8143655082
            ],
            [
              134.2976386052,
              34.8145882784
            ],
            [
              134.2975459249,
              34.8148816617
            ],
            [
              134.2971220387,
              34.8150462014
            ],
            [
              134.2968978609,
              34.8152510858
            ],
            [
              134.2961329677,
              34.8154235505
            ],
            [
              134.2957650855,
              34.8156062735
            ],
            [
              134.2953315432,
              34.8155699394
            ],
            [
              134.2952584329,
              34.8156703492
            ],
            [
              134.2952534666,
              34.8158631839
            ],
            [
              134.2954043888,
              34.8160601524
            ],
            [
              134.2954480722,
              34.8164056936
            ],
            [
              134.2953359377,
              34.8165983545
            ],
            [
              134.2950192518,
              34.8166906597
            ],
            [
              134.294999729,
              34.816755026
            ],
            [
              134.2951377134,
              34.8172263848
            ],
            [
              134.2954770879,
              34.8175328593
            ],
            [
              134.2953919192,
              34.8181452891
            ],
            [
              134.2952803959,
              34.8184078162
            ],
            [
              134.2949460677,
              34.8186439326
            ],
            [
              134.2945693908,
              34.8186874798
            ],
            [
              134.2934528025,
              34.8184225879
            ],
            [
              134.2933254689,
              34.8184531126
            ],
            [
              134.2928185779,
              34.8189845488
            ],
            [
              134.292664578,
              34.8192862176
            ],
            [
              134.2915420893,
              34.8202111452
            ],
            [
              134.2905898084,
              34.8202349029
            ],
            [
              134.2899900467,
              34.8207598179
            ],
            [
              134.2894063882,
              34.8209258238
            ],
            [
              134.2891622272,
              34.8211488578
            ],
            [
              134.2884909593,
              34.8214527292
            ],
            [
              134.2881565971,
              34.8216931237
            ],
            [
              134.2879548396,
              34.8219861776
            ],
            [
              134.2878856824,
              34.8223274552
            ],
            [
              134.2879409997,
              34.8230164917
            ],
            [
              134.2877391111,
              34.8235370334
            ],
            [
              134.2878077625,
              34.8241145842
            ],
            [
              134.2881603882,
              34.8244362284
            ],
            [
              134.2882690216,
              34.8246747453
            ],
            [
              134.2880672419,
              34.824998365
            ],
            [
              134.2880405813,
              34.8252302808
            ],
            [
              134.2881117361,
              34.8260899738
            ],
            [
              134.2883977356,
              34.8269956691
            ],
            [
              134.2882407917,
              34.8277634358
            ],
            [
              134.2884288725,
              34.8282688418
            ],
            [
              134.2877655759,
              34.8284260757
            ],
            [
              134.2870489921,
              34.8289945335
            ],
            [
              134.2862824087,
              34.8288433707
            ],
            [
              134.2854493202,
              34.829009259
            ],
            [
              134.2847809406,
              34.8287990347
            ],
            [
              134.2844042293,
              34.8287944502
            ],
            [
              134.2837275539,
              34.8291245064
            ],
            [
              134.2834036214,
              34.8295663352
            ],
            [
              134.2824856848,
              34.8296403394
            ],
            [
              134.2819947547,
              34.8298784779
            ],
            [
              134.2818728228,
              34.8297165754
            ],
            [
              134.2818359055,
              34.8293709534
            ],
            [
              134.280246955,
              34.8291842766
            ],
            [
              134.2792549573,
              34.828921422
            ],
            [
              134.27887308,
              34.8287155959
            ],
            [
              134.2783478079,
              34.8287371988
            ],
            [
              134.2774329122,
              34.8282489837
            ],
            [
              134.2770296866,
              34.8282313349
            ],
            [
              134.2763609781,
              34.8285022608
            ],
            [
              134.2757297283,
              34.8283313159
            ],
            [
              134.2746762329,
              34.8287661578
            ],
            [
              134.2744909698,
              34.8281580387
            ],
            [
              134.2736506025,
              34.8273591688
            ],
            [
              134.2716774329,
              34.8266756557
            ],
            [
              134.272995035,
              34.8258604443
            ],
            [
              134.2732334286,
              34.8256159548
            ],
            [
              134.2734964239,
              34.8249827017
            ],
            [
              134.2738595652,
              34.8236538561
            ],
            [
              134.2742585233,
              34.8232210417
            ],
            [
              134.2751850943,
              34.8225581002
            ],
            [
              134.2753943272,
              34.8222895073
            ],
            [
              134.2752954194,
              34.8212291318
            ],
            [
              134.27498564,
              34.8205001707
            ],
            [
              134.2749098829,
              34.8200861455
            ],
            [
              134.2750549243,
              34.8181279754
            ],
            [
              134.2746494136,
              34.81798847
            ],
            [
              134.274291104,
              34.817999425
            ],
            [
              134.2739650309,
              34.817850095
            ],
            [
              134.2738705401,
              34.8176353777
            ],
            [
              134.2735327887,
              34.8172701019
            ],
            [
              134.2734806151,
              34.8169676487
            ],
            [
              134.2734471629,
              34.8164937777
            ],
            [
              134.2735777876,
              34.8158178526
            ],
            [
              134.2737673349,
              34.8154526951
            ],
            [
              134.2742324477,
              34.8149552635
            ],
            [
              134.2733674609,
              34.8145423984
            ],
            [
              134.2729213807,
              34.8144249803
            ],
            [
              134.2726898636,
              34.8144151453
            ],
            [
              134.2723652191,
              34.8146464153
            ],
            [
              134.2720678585,
              34.8145403363
            ],
            [
              134.2717535115,
              34.8145484856
            ],
            [
              134.2716084335,
              34.8141916106
            ],
            [
              134.271167565,
              34.813914027
            ],
            [
              134.2706774428,
              34.813955606
            ],
            [
              134.2703970315,
              34.8137909329
            ],
            [
              134.2702959589,
              34.8133602678
            ],
            [
              134.270213204,
              34.8132862713
            ],
            [
              134.2695787795,
              34.8130860525
            ],
            [
              134.2690447445,
              34.8130954847
            ],
            [
              134.2684121578,
              34.812722282
            ],
            [
              134.2683379957,
              34.8124755933
            ],
            [
              134.2679606661,
              34.8120020927
            ],
            [
              134.2680022887,
              34.8117296903
            ],
            [
              134.2681274866,
              34.8115484704
            ],
            [
              134.2678690042,
              34.811453671
            ],
            [
              134.267766868,
              34.8112161267
            ],
            [
              134.2667088625,
              34.8101741663
            ],
            [
              134.2662035103,
              34.8095302968
            ],
            [
              134.2653150427,
              34.8074240881
            ],
            [
              134.2652917561,
              34.8071201001
            ],
            [
              134.2659533421,
              34.8060999516
            ],
            [
              134.2660143216,
              34.8058524967
            ],
            [
              134.2658618378,
              34.8052864372
            ],
            [
              134.2655156456,
              34.8048981737
            ],
            [
              134.2653783522,
              34.8045860918
            ],
            [
              134.2655557116,
              34.80364483
            ],
            [
              134.2657586271,
              34.8032399747
            ],
            [
              134.2663265933,
              34.8014310838
            ],
            [
              134.2662584317,
              34.8009033822
            ],
            [
              134.2660117868,
              34.800189502
            ],
            [
              134.2654631763,
              34.7992319013
            ],
            [
              134.2647366555,
              34.7975434101
            ],
            [
              134.2633645251,
              34.7959960999
            ],
            [
              134.2629634315,
              34.7952678945
            ],
            [
              134.2626783329,
              34.79499023
            ],
            [
              134.2620360233,
              34.794570367
            ],
            [
              134.2618318687,
              34.7938069316
            ],
            [
              134.2616555365,
              34.7935506031
            ],
            [
              134.2614225392,
              34.7934863714
            ],
            [
              134.260960372,
              34.79310873
            ],
            [
              134.2597780194,
              34.7930081353
            ],
            [
              134.258092206,
              34.793213565
            ],
            [
              134.2573229955,
              34.792940225
            ],
            [
              134.2569104383,
              34.7925004775
            ],
            [
              134.2567732071,
              34.7922145857
            ],
            [
              134.2567845732,
              34.7918244146
            ],
            [
              134.2570986618,
              34.7911394817
            ],
            [
              134.2572638002,
              34.7909716851
            ],
            [
              134.2586622446,
              34.7902130735
            ],
            [
              134.2596598573,
              34.7897914101
            ],
            [
              134.2624055608,
              34.7883675904
            ],
            [
              134.2629602761,
              34.7879516821
            ],
            [
              134.2643174835,
              34.7872180408
            ],
            [
              134.2668032555,
              34.7866554612
            ],
            [
              134.2672620253,
              34.7863241344
            ],
            [
              134.2676702402,
              34.7856369669
            ],
            [
              134.26783579,
              34.7855056367
            ],
            [
              134.270645416,
              34.7852803709
            ],
            [
              134.2707813437,
              34.7852415654
            ],
            [
              134.2711657331,
              34.7847932701
            ],
            [
              134.2717360289,
              34.7846107312
            ],
            [
              134.2731206013,
              34.7818328365
            ],
            [
              134.2733279279,
              34.7810920174
            ],
            [
              134.2734496518,
              34.7802366352
            ],
            [
              134.2733643439,
              34.7797466822
            ],
            [
              134.2735126171,
              34.7789521654
            ],
            [
              134.2735487309,
              34.7780113814
            ],
            [
              134.2731640727,
              34.7774743762
            ],
            [
              134.2736016937,
              34.7775796761
            ],
            [
              134.2738733921,
              34.7775131843
            ],
            [
              134.2745751195,
              34.7766927473
            ],
            [
              134.274927692,
              34.7764506426
            ],
            [
              134.2758969019,
              34.7763299726
            ],
            [
              134.2775569878,
              34.7750827489
            ],
            [
              134.2784528392,
              34.7748348288
            ],
            [
              134.2797856971,
              34.7742993238
            ],
            [
              134.2806227371,
              34.7741482731
            ],
            [
              134.2811001239,
              34.7738577501
            ],
            [
              134.2815514845,
              34.7740485281
            ],
            [
              134.2820120046,
              34.7745142646
            ],
            [
              134.282843019,
              34.7748059144
            ],
            [
              134.2832045297,
              34.775236108
            ],
            [
              134.2846321727,
              34.7752988179
            ],
            [
              134.2855535937,
              34.7756723138
            ],
            [
              134.2858553865,
              34.7750860343
            ],
            [
              134.2860690332,
              34.7742599787
            ],
            [
              134.2865861189,
              34.7737484338
            ],
            [
              134.2867758797,
              34.7732616961
            ],
            [
              134.2870323125,
              34.7729224614
            ],
            [
              134.2869075919,
              34.7726237939
            ],
            [
              134.2868948141,
              34.7723574253
            ],
            [
              134.287106077,
              34.7719204176
            ],
            [
              134.28733871,
              34.7717783767
            ],
            [
              134.2883055207,
              34.7717804182
            ],
            [
              134.2891801268,
              34.7710523451
            ],
            [
              134.2895116386,
              34.7712193794
            ],
            [
              134.2906978967,
              34.7715626402
            ],
            [
              134.2914257416,
              34.7714527324
            ],
            [
              134.2924353203,
              34.7720625656
            ],
            [
              134.2933870107,
              34.7721659814
            ],
            [
              134.2936929105,
              34.7718816816
            ],
            [
              134.2937748665,
              34.7715904088
            ],
            [
              134.2940334087,
              34.771267075
            ],
            [
              134.294296114,
              34.7712388439
            ],
            [
              134.2945222834,
              34.7710805869
            ],
            [
              134.2950347498,
              34.7710949701
            ],
            [
              134.2957925872,
              34.7713226873
            ],
            [
              134.2963353536,
              34.7709604138
            ],
            [
              134.2973925752,
              34.7710050884
            ],
            [
              134.2985552001,
              34.7712896639
            ],
            [
              134.2988049201,
              34.771435522
            ],
            [
              134.2993235597,
              34.7721232017
            ],
            [
              134.299357792,
              34.7726846821
            ],
            [
              134.2995774822,
              34.7725354273
            ],
            [
              134.3001674773,
              34.7725355807
            ],
            [
              134.3006822878,
              34.7720756599
            ],
            [
              134.300975172,
              34.7719619176
            ],
            [
              134.3012464954,
              34.7719407149
            ],
            [
              134.3014144834,
              34.7718413087
            ],
            [
              134.3019850534,
              34.7719462489
            ],
            [
              134.3020540227,
              34.771779344
            ],
            [
              134.3022047816,
              34.7716797918
            ],
            [
              134.3025535865,
              34.7717403043
            ],
            [
              134.3027558855,
              34.7720175678
            ],
            [
              134.3029367434,
              34.7720673342
            ],
            [
              134.3041770589,
              34.7719395751
            ],
            [
              134.304635695,
              34.7719770051
            ],
            [
              134.3047454143,
              34.7721367672
            ],
            [
              134.3050310999,
              34.772227826
            ],
            [
              134.3057028147,
              34.7721245776
            ],
            [
              134.3064247106,
              34.7718434253
            ],
            [
              134.3068257,
              34.771893232
            ],
            [
              134.307031166,
              34.7720462496
            ],
            [
              134.3074998473,
              34.7719988722
            ],
            [
              134.307900962,
              34.7716514418
            ],
            [
              134.3080818051,
              34.7703527218
            ],
            [
              134.3083224685,
              34.7701376693
            ],
            [
              134.3092582055,
              34.7700809322
            ],
            [
              134.3093247887,
              34.7700155837
            ],
            [
              134.3096387659,
              34.769304287
            ],
            [
              134.3096071411,
              34.7690663662
            ],
            [
              134.30968803,
              34.7688297327
            ],
            [
              134.3101508879,
              34.7683615911
            ],
            [
              134.3107834478,
              34.7673404528
            ],
            [
              134.311582518,
              34.7675923083
            ],
            [
              134.3116261096,
              34.7677903672
            ],
            [
              134.3115495963,
              34.7682856256
            ],
            [
              134.3112329721,
              34.7689250859
            ],
            [
              134.3109709255,
              34.7694382013
            ],
            [
              134.3104251347,
              34.770041559
            ],
            [
              134.3103486617,
              34.770356656
            ],
            [
              134.3103812902,
              34.7707258649
            ],
            [
              134.3106266884,
              34.7712437216
            ],
            [
              134.310626427,
              34.7722073662
            ],
            [
              134.3104735714,
              34.7724954038
            ],
            [
              134.3104734065,
              34.7730988614
            ],
            [
              134.3106479272,
              34.7734140031
            ],
            [
              134.3111279614,
              34.7739542978
            ],
            [
              134.3107786849,
              34.7741704616
            ],
            [
              134.3105057503,
              34.7745576454
            ],
            [
              134.310571202,
              34.7746476688
            ],
            [
              134.3137746932,
              34.7752834924
            ],
            [
              134.3160313693,
              34.7760134882
            ],
            [
              134.3166046768,
              34.7763644548
            ],
            [
              134.316975645,
              34.7768389302
            ],
            [
              134.3178976367,
              34.7777454999
            ],
            [
              134.3177966574,
              34.7798547578
            ],
            [
              134.3170446619,
              34.7800469408
            ],
            [
              134.3157947822,
              34.7807848888
            ],
            [
              134.3158433003,
              34.7817824769
            ]
          ]
        ]
      }
    },
    {
      "type": "Feature",
      "properties": {
        "key_code": "332110720",
        "pref": "岡山県",
        "city": "備前市",
        "ward": "",
        "district": "野谷",
        "name": "備前市  野谷"
      },
      "geometry": {
        "type": "Polygon",
        "coordinates": [
          [
            [
              134.2614225392,
              34.7934863714
            ],
            [
              134.2616555365,
              34.7935506031
            ],
            [
              134.2618318687,
              34.7938069316
            ],
            [
              134.2620360233,
              34.794570367
            ],
            [
              134.2626783329,
              34.79499023
            ],
            [
              134.2629634315,
              34.7952678945
            ],
            [
              134.2633645251,
              34.7959960999
            ],
            [
              134.2647366555,
              34.7975434101
            ],
            [
              134.2654631763,
              34.7992319013
            ],
            [
              134.2660117868,
              34.800189502
            ],
            [
              134.2662584317,
              34.8009033822
            ],
            [
              134.2663265933,
              34.8014310838
            ],
            [
              134.2657586271,
              34.8032399747
            ],
            [
              134.2655557116,
              34.80364483
            ],
            [
              134.2653783522,
              34.8045860918
            ],
            [
              134.2655156456,
              34.8048981737
            ],
            [
              134.2658618378,
              34.8052864372
            ],
            [
              134.2660143216,
              34.8058524967
            ],
            [
              134.2659533421,
              34.8060999516
            ],
            [
              134.2652917561,
              34.8071201001
            ],
            [
              134.2653150427,
              34.8074240881
            ],
            [
              134.2662035103,
              34.8095302968
            ],
            [
              134.2667088625,
              34.8101741663
            ],
            [
              134.267766868,
              34.8112161267
            ],
            [
              134.2678690042,
              34.811453671
            ],
            [
              134.2681274866,
              34.8115484704
            ],
            [
              134.2680022887,
              34.8117296903
            ],
            [
              134.2679606661,
              34.8120020927
            ],
            [
              134.2683379957,
              34.8124755933
            ],
            [
              134.2684476141,
              34.8127682225
            ],
            [
              134.2690447445,
              34.8130954847
            ],
            [
              134.2695787795,
              34.8130860525
            ],
            [
              134.270213204,
              34.8132862713
            ],
            [
              134.2702959589,
              34.8133602678
            ],
            [
              134.2703970315,
              34.8137909329
            ],
            [
              134.2706774428,
              34.813955606
            ],
            [
              134.271167565,
              34.813914027
            ],
            [
              134.2716084335,
              34.8141916106
            ],
            [
              134.2717535115,
              34.8145484856
            ],
            [
              134.2720678585,
              34.8145403363
            ],
            [
              134.2723652191,
              34.8146464153
            ],
            [
              134.2726898636,
              34.8144151453
            ],
            [
              134.2729213807,
              34.8144249803
            ],
            [
              134.2733674609,
              34.8145423984
            ],
            [
              134.2742324477,
              34.8149552635
            ],
            [
              134.2737673349,
              34.8154526951
            ],
            [
              134.2735777876,
              34.8158178526
            ],
            [
              134.2734471629,
              34.8164937777
            ],
            [
              134.2734806151,
              34.8169676487
            ],
            [
              134.2735327887,
              34.8172701019
            ],
            [
              134.2738705401,
              34.8176353777
            ],
            [
              134.2739650309,
              34.817850095
            ],
            [
              134.274291104,
              34.817999425
            ],
            [
              134.2746494136,
              34.81798847
            ],
            [
              134.2750549243,
              34.8181279754
            ],
            [
              134.2749098829,
              34.8200861455
            ],
            [
              134.27498564,
              34.8205001707
            ],
            [
              134.2752954194,
              34.8212291318
            ],
            [
              134.2753943272,
              34.8222895073
            ],
            [
              134.2751850943,
              34.8225581002
            ],
            [
              134.2742585233,
              34.8232210417
            ],
            [
              134.2738595652,
              34.8236538561
            ],
            [
              134.2734964239,
              34.8249827017
            ],
            [
              134.2732918361,
              34.8255237903
            ],
            [
              134.2731361233,
              34.8257201444
            ],
            [
              134.2704008834,
              34.8274297349
            ],
            [
              134.2698915032,
              34.8274863783
            ],
            [
              134.2699925642,
              34.8271582952
            ],
            [
              134.2699159196,
              34.826784128
            ],
            [
              134.2692794624,
              34.8265212994
            ],
            [
              134.2687226756,
              34.8261579342
            ],
            [
              134.267841975,
              34.8261399255
            ],
            [
              134.2675927033,
              34.8260391459
            ],
            [
              134.267115184,
              34.8260695236
            ],
            [
              134.2665504723,
              34.8256776899
            ],
            [
              134.2661579629,
              34.8255636573
            ],
            [
              134.2652342314,
              34.8262675209
            ],
            [
              134.2649606007,
              34.8267464381
            ],
            [
              134.2648756882,
              34.8267725902
            ],
            [
              134.2639631848,
              34.8267196021
            ],
            [
              134.2636393723,
              34.826916341
            ],
            [
              134.2629874002,
              34.8262203205
            ],
            [
              134.2620141541,
              34.8258587944
            ],
            [
              134.2606448652,
              34.8264005125
            ],
            [
              134.2601457875,
              34.8268026554
            ],
            [
              134.2599677798,
              34.8271154033
            ],
            [
              134.2593945411,
              34.8273819805
            ],
            [
              134.2591345869,
              34.8273730839
            ],
            [
              134.2585136977,
              34.8275432748
            ],
            [
              134.2582697873,
              34.827385565
            ],
            [
              134.2578428076,
              34.8272650667
            ],
            [
              134.2568773802,
              34.8271025225
            ],
            [
              134.2564897893,
              34.8274129417
            ],
            [
              134.2563355803,
              34.8277847164
            ],
            [
              134.2560861367,
              34.827876395
            ],
            [
              134.2551104103,
              34.8273769588
            ],
            [
              134.2543974354,
              34.8267573964
            ],
            [
              134.2538247136,
              34.8264814147
            ],
            [
              134.2536869719,
              34.8262844677
            ],
            [
              134.2536182951,
              34.8259825541
            ],
            [
              134.2536110283,
              34.8252715489
            ],
            [
              134.2534895464,
              34.8247202746
            ],
            [
              134.2533463652,
              34.8246589025
            ],
            [
              134.2527925652,
              34.824043876
            ],
            [
              134.2524105656,
              34.8240741113
            ],
            [
              134.2518324255,
              34.8239425712
            ],
            [
              134.2514024238,
              34.8242221664
            ],
            [
              134.2504660902,
              34.8241887631
            ],
            [
              134.2495161893,
              34.8244418554
            ],
            [
              134.2490388047,
              34.8243584071
            ],
            [
              134.2480971436,
              34.8243468156
            ],
            [
              134.2474821325,
              34.8239657628
            ],
            [
              134.247599141,
              34.8236770807
            ],
            [
              134.2476288272,
              34.8232095819
            ],
            [
              134.247311329,
              34.8225730089
            ],
            [
              134.2472890106,
              34.8220607492
            ],
            [
              134.247775591,
              34.8213241833
            ],
            [
              134.2480767823,
              34.8211611416
            ],
            [
              134.24862437,
              34.8203711589
            ],
            [
              134.2485167068,
              34.8194677412
            ],
            [
              134.2483339991,
              34.8192884367
            ],
            [
              134.2483074595,
              34.8191596723
            ],
            [
              134.2483420393,
              34.8188737513
            ],
            [
              134.2489426795,
              34.8183508853
            ],
            [
              134.2491147619,
              34.8177320693
            ],
            [
              134.2493189792,
              34.8173597799
            ],
            [
              134.2493958062,
              34.8167408947
            ],
            [
              134.2496305266,
              34.8163497509
            ],
            [
              134.249543317,
              34.8159286591
            ],
            [
              134.2496427267,
              34.8155767192
            ],
            [
              134.2504875785,
              34.8146581947
            ],
            [
              134.2513950352,
              34.813970715
            ],
            [
              134.2517609579,
              34.8138044677
            ],
            [
              134.2518412204,
              34.8135530863
            ],
            [
              134.2521120459,
              34.8132264731
            ],
            [
              134.2521161189,
              34.8129530645
            ],
            [
              134.2519546362,
              34.8125145968
            ],
            [
              134.2515663195,
              34.812209511
            ],
            [
              134.2512996895,
              34.8121434068
            ],
            [
              134.2513532891,
              34.8118856689
            ],
            [
              134.2524264982,
              34.8111433516
            ],
            [
              134.2525297854,
              34.8107129483
            ],
            [
              134.2528673082,
              34.8103563732
            ],
            [
              134.2529552321,
              34.8100517487
            ],
            [
              134.2528642346,
              34.8095929023
            ],
            [
              134.2531029417,
              34.8089787665
            ],
            [
              134.2529203394,
              34.8087052311
            ],
            [
              134.2530215432,
              34.8084523122
            ],
            [
              134.2534944248,
              34.807965532
            ],
            [
              134.253440946,
              34.807543053
            ],
            [
              134.2531086915,
              34.8069833278
            ],
            [
              134.2522860994,
              34.8066842829
            ],
            [
              134.2519093329,
              34.8062817235
            ],
            [
              134.2524238197,
              34.8060936037
            ],
            [
              134.2522888655,
              34.8057996735
            ],
            [
              134.2522853054,
              34.8055389368
            ],
            [
              134.2521135066,
              34.8052358249
            ],
            [
              134.2515649071,
              34.8047601776
            ],
            [
              134.2507870246,
              34.80445974
            ],
            [
              134.2500410908,
              34.8040135262
            ],
            [
              134.2484928012,
              34.8028038244
            ],
            [
              134.2483439391,
              34.8025465066
            ],
            [
              134.2482069119,
              34.8019969111
            ],
            [
              134.2482755717,
              34.7998263052
            ],
            [
              134.2482216678,
              34.7995131337
            ],
            [
              134.2479177826,
              34.7988549549
            ],
            [
              134.2484918763,
              34.7986956352
            ],
            [
              134.2500093316,
              34.7985931875
            ],
            [
              134.2501457525,
              34.798486653
            ],
            [
              134.2510917582,
              34.7958804144
            ],
            [
              134.251659385,
              34.7949931075
            ],
            [
              134.2522803596,
              34.7945408147
            ],
            [
              134.253252916,
              34.7940296001
            ],
            [
              134.2554203243,
              34.7930426496
            ],
            [
              134.2569104383,
              34.7925004775
            ],
            [
              134.2573229955,
              34.792940225
            ],
            [
              134.258092206,
              34.793213565
            ],
            [
              134.2597780194,
              34.7930081353
            ],
            [
              134.2607239298,
              34.7930495666
            ],
            [
              134.260960372,
              34.79310873
            ],
            [
              134.2614225392,
              34.7934863714
            ]
          ]
        ]
      }
    },
    {
      "type": "Feature",
      "properties": {
        "key_code": "332110730",
        "pref": "岡山県",
        "city": "備前市",
        "ward": "",
        "district": "八木山",
        "name": "備前市  八木山"
      },
      "geometry": {
        "type": "Polygon",
        "coordinates": [
          [
            [
              134.2345460988,
              34.76778638
            ],
            [
              134.2348553625,
              34.7674313846
            ],
            [
              134.2349024163,
              34.7671997119
            ],
            [
              134.2347684572,
              34.7645628828
            ],
            [
              134.234999195,
              34.7645044732
            ],
            [
              134.235476305,
              34.7646362817
            ],
            [
              134.2358403768,
              34.7654088995
            ],
            [
              134.2362424178,
              34.7657179837
            ],
            [
              134.2369766437,
              34.7660622646
            ],
            [
              134.2376035267,
              34.766163195
            ],
            [
              134.2390344587,
              34.7669519971
            ],
            [
              134.2393618353,
              34.7670990255
            ],
            [
              134.2395957887,
              34.7671069545
            ],
            [
              134.2397643277,
              34.7670375009
            ],
            [
              134.2399429417,
              34.7663040514
            ],
            [
              134.2397858411,
              34.7646888549
            ],
            [
              134.2415998077,
              34.765911482
            ],
            [
              134.2436144552,
              34.767832041
            ],
            [
              134.2440021728,
              34.7684540746
            ],
            [
              134.2441518187,
              34.7685391225
            ],
            [
              134.2448911787,
              34.7685086771
            ],
            [
              134.2450595521,
              34.7685938783
            ],
            [
              134.2459375282,
              34.7702548036
            ],
            [
              134.2458904671,
              34.7705174689
            ],
            [
              134.245610297,
              34.7708364474
            ],
            [
              134.2456816575,
              34.7711962488
            ],
            [
              134.2451902542,
              34.771537328
            ],
            [
              134.2451073969,
              34.7716327679
            ],
            [
              134.2450850384,
              34.7719105215
            ],
            [
              134.2447094345,
              34.7723154907
            ],
            [
              134.244703783,
              34.7724429627
            ],
            [
              134.2453235612,
              34.7733288444
            ],
            [
              134.2451079073,
              34.7737840764
            ],
            [
              134.2453059513,
              34.7743396212
            ],
            [
              134.2499230713,
              34.7734851133
            ],
            [
              134.2502257495,
              34.773321648
            ],
            [
              134.2503511163,
              34.773132423
            ],
            [
              134.2504575521,
              34.7724639879
            ],
            [
              134.2505531489,
              34.7722722061
            ],
            [
              134.2508095516,
              34.7721020874
            ],
            [
              134.251375578,
              34.771929223
            ],
            [
              134.2526317193,
              34.7720622055
            ],
            [
              134.2530873952,
              34.7719098239
            ],
            [
              134.2552284564,
              34.7730306434
            ],
            [
              134.2553457128,
              34.7733217317
            ],
            [
              134.2552270952,
              34.7745047167
            ],
            [
              134.2552677523,
              34.775023522
            ],
            [
              134.2554785173,
              34.7758769746
            ],
            [
              134.2556546664,
              34.7760323153
            ],
            [
              134.2561129197,
              34.7761489618
            ],
            [
              134.2563357416,
              34.7766825341
            ],
            [
              134.2564884284,
              34.7767989808
            ],
            [
              134.2572991178,
              34.7767699228
            ],
            [
              134.2574572823,
              34.7766750855
            ],
            [
              134.2576156058,
              34.7764202348
            ],
            [
              134.2577953117,
              34.7763432999
            ],
            [
              134.2591679385,
              34.7761899258
            ],
            [
              134.2597643268,
              34.7762318501
            ],
            [
              134.2601376071,
              34.7766885981
            ],
            [
              134.2612865468,
              34.77765586
            ],
            [
              134.2614560875,
              34.7777437164
            ],
            [
              134.2618526175,
              34.7777509962
            ],
            [
              134.2634820556,
              34.7775030617
            ],
            [
              134.2641714447,
              34.7771487819
            ],
            [
              134.2642587178,
              34.7770696697
            ],
            [
              134.2643287322,
              34.7767639079
            ],
            [
              134.2655247399,
              34.77717322
            ],
            [
              134.2658219831,
              34.7769691433
            ],
            [
              134.2666529529,
              34.7757472416
            ],
            [
              134.2674557134,
              34.7755756976
            ],
            [
              134.2676903453,
              34.7754510253
            ],
            [
              134.2680867639,
              34.775038527
            ],
            [
              134.268305716,
              34.7749611733
            ],
            [
              134.2696294384,
              34.7750737258
            ],
            [
              134.2700045644,
              34.7752459126
            ],
            [
              134.2705148644,
              34.7758568035
            ],
            [
              134.2708378538,
              34.7760634707
            ],
            [
              134.2719999143,
              34.7763263512
            ],
            [
              134.2722366592,
              34.7767976446
            ],
            [
              134.2725447913,
              34.7771188186
            ],
            [
              134.2731640727,
              34.7774743762
            ],
            [
              134.2735487309,
              34.7780113814
            ],
            [
              134.2735126171,
              34.7789521654
            ],
            [
              134.2733643439,
              34.7797466822
            ],
            [
              134.2734496518,
              34.7802366352
            ],
            [
              134.2733279279,
              34.7810920174
            ],
            [
              134.2731206013,
              34.7818328365
            ],
            [
              134.2717360289,
              34.7846107312
            ],
            [
              134.2711657331,
              34.7847932701
            ],
            [
              134.2707813437,
              34.7852415654
            ],
            [
              134.26783579,
              34.7855056367
            ],
            [
              134.2676702402,
              34.7856369669
            ],
            [
              134.2672620253,
              34.7863241344
            ],
            [
              134.2668032555,
              34.7866554612
            ],
            [
              134.2643174835,
              34.7872180408
            ],
            [
              134.2629602761,
              34.7879516821
            ],
            [
              134.2624055608,
              34.7883675904
            ],
            [
              134.2572638002,
              34.7909716851
            ],
            [
              134.2570986618,
              34.7911394817
            ],
            [
              134.2567845732,
              34.7918244146
            ],
            [
              134.2567732071,
              34.7922145857
            ],
            [
              134.2569104383,
              34.7925004775
            ],
            [
              134.2541680013,
              34.7935715833
            ],
            [
              134.2522803596,
              34.7945408147
            ],
            [
              134.251659385,
              34.7949931075
            ],
            [
              134.2512211381,
              34.7956261112
            ],
            [
              134.2501457525,
              34.798486653
            ],
            [
              134.2500093316,
              34.7985931875
            ],
            [
              134.2484918763,
              34.7986956352
            ],
            [
              134.2479177826,
              34.7988549549
            ],
            [
              134.247603845,
              34.7987307696
            ],
            [
              134.2470844727,
              34.7987192655
            ],
            [
              134.2467794987,
              34.7988913168
            ],
            [
              134.2465067415,
              34.7989199963
            ],
            [
              134.2459791381,
              34.7987078991
            ],
            [
              134.2457875029,
              34.7987122666
            ],
            [
              134.2451130449,
              34.7989743354
            ],
            [
              134.2442602848,
              34.7988596066
            ],
            [
              134.2439377739,
              34.7990238915
            ],
            [
              134.2434729806,
              34.7990345313
            ],
            [
              134.2433030483,
              34.7988815701
            ],
            [
              134.2428501596,
              34.7987090965
            ],
            [
              134.2426484343,
              34.797827719
            ],
            [
              134.2426708756,
              34.7973488094
            ],
            [
              134.2427699352,
              34.7969330635
            ],
            [
              134.2431433792,
              34.7960836738
            ],
            [
              134.2437305421,
              34.7951576752
            ],
            [
              134.2437646514,
              34.794009832
            ],
            [
              134.2433818948,
              34.7933589105
            ],
            [
              134.2428672003,
              34.7931506103
            ],
            [
              134.2427582041,
              34.7926352601
            ],
            [
              134.2425720204,
              34.7925718718
            ],
            [
              134.2423199879,
              34.7926259098
            ],
            [
              134.2421115976,
              34.7928336597
            ],
            [
              134.2419248513,
              34.7932853963
            ],
            [
              134.2416836691,
              34.7934207188
            ],
            [
              134.2408783882,
              34.7934427739
            ],
            [
              134.240254258,
              34.7931349293
            ],
            [
              134.2397284095,
              34.7931074711
            ],
            [
              134.2396411847,
              34.7927277818
            ],
            [
              134.2392687283,
              34.7926912864
            ],
            [
              134.2391592675,
              34.7926007664
            ],
            [
              134.2391486688,
              34.7922935401
            ],
            [
              134.2390283016,
              34.7921669508
            ],
            [
              134.2387982274,
              34.7921667677
            ],
            [
              134.2385241292,
              34.7923472743
            ],
            [
              134.2381846063,
              34.7922565701
            ],
            [
              134.2379605334,
              34.7918090144
            ],
            [
              134.2376431936,
              34.7914833683
            ],
            [
              134.2369423877,
              34.7911845965
            ],
            [
              134.2361757032,
              34.7910122595
            ],
            [
              134.2354088409,
              34.7909844419
            ],
            [
              134.2355341609,
              34.7906704226
            ],
            [
              134.2355833795,
              34.785931052
            ],
            [
              134.2388407173,
              34.7861257039
            ],
            [
              134.2392480491,
              34.7860061632
            ],
            [
              134.239699495,
              34.7854425396
            ],
            [
              134.2387693164,
              34.7849617601
            ],
            [
              134.2389081989,
              34.7843080214
            ],
            [
              134.2387676482,
              34.7837209658
            ],
            [
              134.2387958204,
              34.7834526586
            ],
            [
              134.2389168429,
              34.7832610518
            ],
            [
              134.2388427623,
              34.7830309761
            ],
            [
              134.238908419,
              34.782486764
            ],
            [
              134.2385741674,
              34.7822411263
            ],
            [
              134.2378309237,
              34.782110097
            ],
            [
              134.2373757907,
              34.7819257717
            ],
            [
              134.2346597855,
              34.7801870916
            ],
            [
              134.2343535868,
              34.7798034417
            ],
            [
              134.2339839253,
              34.7780934516
            ],
            [
              134.2324742471,
              34.7778584069
            ],
            [
              134.2309699344,
              34.7770366864
            ],
            [
              134.2307471781,
              34.7768371909
            ],
            [
              134.2306638143,
              34.7766225997
            ],
            [
              134.2306921521,
              34.7762468219
            ],
            [
              134.2317360486,
              34.7735873573
            ],
            [
              134.233273016,
              34.770122175
            ],
            [
              134.233706539,
              34.7694423305
            ],
            [
              134.2337818993,
              34.7690329179
            ],
            [
              134.2345460988,
              34.76778638
            ]
          ]
        ]
      }
    },
    {
      "type": "Feature",
      "properties": {
        "key_code": "33211074001",
        "pref": "岡山県",
        "city": "備前市",
        "ward": "",
        "district": "日生町日生峠小路北部",
        "name": "備前市  日生町日生峠小路北部"
      },
      "geometry": {
        "type": "Polygon",
        "coordinates": [
          [
            [
              134.2712967063,
              34.7341198555
            ],
            [
              134.271299008,
              34.7342497324
            ],
            [
              134.2718729998,
              34.7347088108
            ],
            [
              134.2717395464,
              34.7348941187
            ],
            [
              134.2717157832,
              34.735098639
            ],
            [
              134.2714937359,
              34.735236995
            ],
            [
              134.2703720225,
              34.7353048818
            ],
            [
              134.2706329213,
              34.7349783555
            ],
            [
              134.2703555859,
              34.7348545363
            ],
            [
              134.2698566535,
              34.7348728723
            ],
            [
              134.2692020777,
              34.7350773446
            ],
            [
              134.268877749,
              34.7349571594
            ],
            [
              134.2688063577,
              34.7347042742
            ],
            [
              134.2685906708,
              34.7344384931
            ],
            [
              134.268237207,
              34.7343902717
            ],
            [
              134.2679283562,
              34.7345192777
            ],
            [
              134.2680255032,
              34.7343378986
            ],
            [
              134.2684960398,
              34.7340950207
            ],
            [
              134.2685830188,
              34.7334021637
            ],
            [
              134.2689330833,
              34.7331010433
            ],
            [
              134.2689937565,
              34.7328507628
            ],
            [
              134.2688396178,
              34.7328213822
            ],
            [
              134.2687517164,
              34.7326493428
            ],
            [
              134.2687847986,
              34.7325561089
            ],
            [
              134.2692952978,
              34.7325583498
            ],
            [
              134.269735447,
              34.7323779932
            ],
            [
              134.2699054949,
              34.7323799125
            ],
            [
              134.2701817016,
              34.7325571203
            ],
            [
              134.2708862933,
              34.7326415768
            ],
            [
              134.2703621094,
              34.7333422399
            ],
            [
              134.2704240286,
              34.7336878073
            ],
            [
              134.2706858256,
              34.7336879416
            ],
            [
              134.2712967063,
              34.7341198555
            ]
          ]
        ]
      }
    },
    {
      "type": "Feature",
      "properties": {
        "key_code": "33211074002",
        "pref": "岡山県",
        "city": "備前市",
        "ward": "",
        "district": "日生町日生東小路北部",
        "name": "備前市  日生町日生東小路北部"
      },
      "geometry": {
        "type": "Polygon",
        "coordinates": [
          [
            [
              134.2687494305,
              34.7325579212
            ],
            [
              134.2688680449,
              34.7328604159
            ],
            [
              134.2689937565,
              34.7328507628
            ],
            [
              134.2689330833,
              34.7331010433
            ],
            [
              134.2685830188,
              34.7334021637
            ],
            [
              134.2684790638,
              34.7338296267
            ],
            [
              134.2685132764,
              34.7340505172
            ],
            [
              134.2683879058,
              34.7341801849
            ],
            [
              134.2680255032,
              34.7343378986
            ],
            [
              134.2679283562,
              34.7345192777
            ],
            [
              134.2675938873,
              34.7345024771
            ],
            [
              134.2673485941,
              34.7348899987
            ],
            [
              134.2671493431,
              34.7350448398
            ],
            [
              134.2670689423,
              34.7348750563
            ],
            [
              134.2668899084,
              34.7349413057
            ],
            [
              134.2662535428,
              34.7347436102
            ],
            [
              134.2663113564,
              34.7343438735
            ],
            [
              134.2662628908,
              34.7341560774
            ],
            [
              134.2665718278,
              34.7340289067
            ],
            [
              134.2667957728,
              34.7336203866
            ],
            [
              134.2666852449,
              34.732877699
            ],
            [
              134.2676328921,
              34.7328821559
            ],
            [
              134.2687494305,
              34.7325579212
            ]
          ]
        ]
      }
    },
    {
      "type": "Feature",
      "properties": {
        "key_code": "33211074003",
        "pref": "岡山県",
        "city": "備前市",
        "ward": "",
        "district": "日生町日生四軒屋東部",
        "name": "備前市  日生町日生四軒屋東部"
      },
      "geometry": {
        "type": "Polygon",
        "coordinates": [
          [
            [
              134.2687847986,
              34.7325561089
            ],
            [
              134.2676328921,
              34.7328821559
            ],
            [
              134.2666852449,
              34.732877699
            ],
            [
              134.2665618496,
              34.7325501264
            ],
            [
              134.266599941,
              34.7323740685
            ],
            [
              134.266417856,
              34.7321540826
            ],
            [
              134.2676956319,
              34.7306628993
            ],
            [
              134.2677845173,
              34.7306932327
            ],
            [
              134.2680860627,
              34.7304923828
            ],
            [
              134.2687232892,
              34.731108432
            ],
            [
              134.2687809449,
              34.7313852572
            ],
            [
              134.2686736535,
              34.7314902844
            ],
            [
              134.2687770212,
              34.7319492688
            ],
            [
              134.2687156321,
              34.7320737589
            ],
            [
              134.2687847986,
              34.7325561089
            ]
          ]
        ]
      }
    },
    {
      "type": "Feature",
      "properties": {
        "key_code": "33211074004",
        "pref": "岡山県",
        "city": "備前市",
        "ward": "",
        "district": "日生町日生日陽奥中部",
        "name": "備前市  日生町日生日陽奥中部"
      },
      "geometry": {
        "type": "Polygon",
        "coordinates": [
          [
            [
              134.2733183933,
              34.7335048741
            ],
            [
              134.2732411467,
              34.7335792114
            ],
            [
              134.2723689743,
              34.7325933048
            ],
            [
              134.2721328434,
              34.732940976
            ],
            [
              134.2715994736,
              34.732873094
            ],
            [
              134.2714488162,
              34.7330378274
            ],
            [
              134.2708862933,
              34.7326415768
            ],
            [
              134.2701817016,
              34.7325571203
            ],
            [
              134.2699054949,
              34.7323799125
            ],
            [
              134.2692952978,
              34.7325583498
            ],
            [
              134.2687847986,
              34.7325561089
            ],
            [
              134.2687156321,
              34.7320737589
            ],
            [
              134.2687770212,
              34.7319492688
            ],
            [
              134.2686736535,
              34.7314902844
            ],
            [
              134.2687809449,
              34.7313852572
            ],
            [
              134.2691893238,
              34.7314206882
            ],
            [
              134.2692331758,
              34.7311988524
            ],
            [
              134.2692954085,
              34.7312079002
            ],
            [
              134.269240653,
              34.7314088827
            ],
            [
              134.2693039619,
              34.7314468076
            ],
            [
              134.2700399233,
              34.7314932531
            ],
            [
              134.2702561971,
              34.7314112418
            ],
            [
              134.2703589698,
              34.7312445135
            ],
            [
              134.2702674801,
              34.7309361184
            ],
            [
              134.2696310426,
              34.7306987165
            ],
            [
              134.2694826972,
              34.7304867818
            ],
            [
              134.2708532583,
              34.7288602455
            ],
            [
              134.2695989868,
              34.7283754531
            ],
            [
              134.2708729351,
              34.7288358865
            ],
            [
              134.2712512547,
              34.7281554316
            ],
            [
              134.2702655224,
              34.7277772757
            ],
            [
              134.2711030509,
              34.726287527
            ],
            [
              134.2762773957,
              34.7282634023
            ],
            [
              134.2762079543,
              34.7292054564
            ],
            [
              134.2761040245,
              34.7294875548
            ],
            [
              134.2761321809,
              34.7298311305
            ],
            [
              134.276419264,
              34.729989031
            ],
            [
              134.2760958773,
              34.7318171302
            ],
            [
              134.276500955,
              34.7318885967
            ],
            [
              134.27646263,
              34.7320426816
            ],
            [
              134.2764091287,
              34.732034487
            ],
            [
              134.2764365025,
              34.7319263177
            ],
            [
              134.2760892945,
              34.731860372
            ],
            [
              134.2755286806,
              34.7324596169
            ],
            [
              134.2746908364,
              34.7328550391
            ],
            [
              134.2744921054,
              34.7328305744
            ],
            [
              134.2733025027,
              34.7333880916
            ],
            [
              134.2733183933,
              34.7335048741
            ]
          ]
        ]
      }
    },
    {
      "type": "Feature",
      "properties": {
        "key_code": "33211074005",
        "pref": "岡山県",
        "city": "備前市",
        "ward": "",
        "district": "日生町日生栄町西部",
        "name": "備前市  日生町日生栄町西部"
      },
      "geometry": {
        "type": "Polygon",
        "coordinates": [
          [
            [
              134.2723689743,
              34.7325933048
            ],
            [
              134.2732411467,
              34.7335792114
            ],
            [
              134.2733183933,
              34.7335048741
            ],
            [
              134.2735371484,
              34.7335802016
            ],
            [
              134.2742100172,
              34.7333244423
            ],
            [
              134.2753329312,
              34.7344320179
            ],
            [
              134.2747703038,
              34.7348495464
            ],
            [
              134.2746773537,
              34.7350444551
            ],
            [
              134.2744705273,
              34.7352078965
            ],
            [
              134.2737806038,
              34.7354371683
            ],
            [
              134.2727173614,
              34.7356037081
            ],
            [
              134.2725423141,
              34.7355653066
            ],
            [
              134.2717395464,
              34.7348941187
            ],
            [
              134.2718729998,
              34.7347088108
            ],
            [
              134.271299008,
              34.7342497324
            ],
            [
              134.2712967063,
              34.7341198555
            ],
            [
              134.2706858256,
              34.7336879416
            ],
            [
              134.2704240286,
              34.7336878073
            ],
            [
              134.2703621094,
              34.7333422399
            ],
            [
              134.2708862933,
              34.7326415768
            ],
            [
              134.2714488162,
              34.7330378274
            ],
            [
              134.2715994736,
              34.732873094
            ],
            [
              134.2721328434,
              34.732940976
            ],
            [
              134.2723689743,
              34.7325933048
            ]
          ]
        ]
      }
    },
    {
      "type": "Feature",
      "properties": {
        "key_code": "33211074006",
        "pref": "岡山県",
        "city": "備前市",
        "ward": "",
        "district": "日生町日生宮奥北部",
        "name": "備前市  日生町日生宮奥北部"
      },
      "geometry": {
        "type": "Polygon",
        "coordinates": [
          [
            [
              134.266301965,
              34.7342344184
            ],
            [
              134.2662714284,
              34.7347619317
            ],
            [
              134.2668899084,
              34.7349413057
            ],
            [
              134.2670689423,
              34.7348750563
            ],
            [
              134.2671493431,
              34.7350448398
            ],
            [
              134.2674426853,
              34.734738622
            ],
            [
              134.2672834492,
              34.7352164824
            ],
            [
              134.2665599387,
              34.73626622
            ],
            [
              134.2665866447,
              34.7364341427
            ],
            [
              134.2669276842,
              34.7366373103
            ],
            [
              134.2667607846,
              34.7369048567
            ],
            [
              134.2665593722,
              34.7369619372
            ],
            [
              134.2663589829,
              34.737144525
            ],
            [
              134.2662589097,
              34.7377645424
            ],
            [
              134.2664701436,
              34.7380045454
            ],
            [
              134.2659979434,
              34.7381316254
            ],
            [
              134.2653577742,
              34.7387605005
            ],
            [
              134.2653471638,
              34.7384127077
            ],
            [
              134.2655397488,
              34.7381054541
            ],
            [
              134.2656028326,
              34.7375562695
            ],
            [
              134.2655296267,
              34.7374174805
            ],
            [
              134.2653341029,
              34.7374124417
            ],
            [
              134.2647194392,
              34.7381176751
            ],
            [
              134.2644260506,
              34.7382232967
            ],
            [
              134.2641630124,
              34.7385834727
            ],
            [
              134.2640530097,
              34.7385935526
            ],
            [
              134.2639707433,
              34.7383338979
            ],
            [
              134.2640060786,
              34.7380971297
            ],
            [
              134.2644649799,
              34.7373464553
            ],
            [
              134.2644822448,
              34.7368021757
            ],
            [
              134.2652082851,
              34.7362456136
            ],
            [
              134.2653067748,
              34.7353713344
            ],
            [
              134.2652551893,
              34.7349429429
            ],
            [
              134.2651317359,
              34.7346202984
            ],
            [
              134.2650279242,
              34.7345547396
            ],
            [
              134.2653683464,
              34.7336312935
            ],
            [
              134.2654469755,
              34.7335582293
            ],
            [
              134.2658755907,
              34.7335729755
            ],
            [
              134.2662504963,
              34.7333716072
            ],
            [
              134.2661647419,
              34.7338175306
            ],
            [
              134.266301965,
              34.7342344184
            ]
          ]
        ]
      }
    },
    {
      "type": "Feature",
      "properties": {
        "key_code": "33211074007",
        "pref": "岡山県",
        "city": "備前市",
        "ward": "",
        "district": "日生町日生中小路東部",
        "name": "備前市  日生町日生中小路東部"
      },
      "geometry": {
        "type": "Polygon",
        "coordinates": [
          [
            [
              134.2667957728,
              34.7336203866
            ],
            [
              134.2665718278,
              34.7340289067
            ],
            [
              134.2662628908,
              34.7341560774
            ],
            [
              134.2661814655,
              34.7336651269
            ],
            [
              134.2664180211,
              34.7329647472
            ],
            [
              134.2662842321,
              34.7327064721
            ],
            [
              134.2665618496,
              34.7325501264
            ],
            [
              134.2666612912,
              34.7327614745
            ],
            [
              134.2667957728,
              34.7336203866
            ]
          ]
        ]
      }
    },
    {
      "type": "Feature",
      "properties": {
        "key_code": "33211074008",
        "pref": "岡山県",
        "city": "備前市",
        "ward": "",
        "district": "日生町日生脇の上北部",
        "name": "備前市  日生町日生脇の上北部"
      },
      "geometry": {
        "type": "Polygon",
        "coordinates": [
          [
            [
              134.2662504963,
              34.7333716072
            ],
            [
              134.2658755907,
              34.7335729755
            ],
            [
              134.2654469755,
              34.7335582293
            ],
            [
              134.2653683464,
              34.7336312935
            ],
            [
              134.2650279242,
              34.7345547396
            ],
            [
              134.264040971,
              34.7347860438
            ],
            [
              134.2629940455,
              34.735460742
            ],
            [
              134.26290546,
              34.73545562
            ],
            [
              134.2628414463,
              34.7352892246
            ],
            [
              134.26263839,
              34.7351655703
            ],
            [
              134.2631532646,
              34.7338203471
            ],
            [
              134.26365985,
              34.7332885989
            ],
            [
              134.2637279815,
              34.7333093447
            ],
            [
              134.2637104559,
              34.7330953642
            ],
            [
              134.2638994424,
              34.7330747646
            ],
            [
              134.2638713671,
              34.732744426
            ],
            [
              134.2648145221,
              34.7329496314
            ],
            [
              134.2648246483,
              34.732763135
            ],
            [
              134.2649822475,
              34.7327632232
            ],
            [
              134.2650196959,
              34.7325888566
            ],
            [
              134.2655817284,
              34.732759472
            ],
            [
              134.266417856,
              34.7321540826
            ],
            [
              134.2666188474,
              34.7324484542
            ],
            [
              134.2662842321,
              34.7327064721
            ],
            [
              134.2664180211,
              34.7329647472
            ],
            [
              134.2662504963,
              34.7333716072
            ]
          ]
        ]
      }
    },
    {
      "type": "Feature",
      "properties": {
        "key_code": "33211074009",
        "pref": "岡山県",
        "city": "備前市",
        "ward": "",
        "district": "日生町日生三軒屋東南部",
        "name": "備前市  日生町日生三軒屋東南部"
      },
      "geometry": {
        "type": "Polygon",
        "coordinates": [
          [
            [
              134.2648145221,
              34.7329496314
            ],
            [
              134.2638713671,
              34.732744426
            ],
            [
              134.2638994424,
              34.7330747646
            ],
            [
              134.2637104559,
              34.7330953642
            ],
            [
              134.2637279815,
              34.7333093447
            ],
            [
              134.26365985,
              34.7332885989
            ],
            [
              134.2631532646,
              34.7338203471
            ],
            [
              134.2627581649,
              34.7337398285
            ],
            [
              134.2623863281,
              34.7335328269
            ],
            [
              134.2627099741,
              34.7331484588
            ],
            [
              134.2627710643,
              34.7326664626
            ],
            [
              134.2623863413,
              34.7325991893
            ],
            [
              134.2619695753,
              34.7326566999
            ],
            [
              134.2620603582,
              34.7315253438
            ],
            [
              134.2623399593,
              34.731439862
            ],
            [
              134.2624212034,
              34.7309623851
            ],
            [
              134.2625933953,
              34.7308037324
            ],
            [
              134.2626088848,
              34.7306566807
            ],
            [
              134.2629121245,
              34.7305469829
            ],
            [
              134.2630904734,
              34.7303714296
            ],
            [
              134.2631723882,
              34.7303883802
            ],
            [
              134.2633093983,
              34.7306587745
            ],
            [
              134.2633029471,
              34.7310136041
            ],
            [
              134.2634333694,
              34.7311403146
            ],
            [
              134.2639680965,
              34.7310549747
            ],
            [
              134.2641611067,
              34.731647552
            ],
            [
              134.264144574,
              34.7323814375
            ],
            [
              134.2645503991,
              34.7325345023
            ],
            [
              134.2650196959,
              34.7325888566
            ],
            [
              134.2649822475,
              34.7327632232
            ],
            [
              134.2648246483,
              34.732763135
            ],
            [
              134.2648145221,
              34.7329496314
            ]
          ]
        ]
      }
    },
    {
      "type": "Feature",
      "properties": {
        "key_code": "33211074010",
        "pref": "岡山県",
        "city": "備前市",
        "ward": "",
        "district": "日生町日生三軒屋北奥北部",
        "name": "備前市  日生町日生三軒屋北奥北部"
      },
      "geometry": {
        "type": "Polygon",
        "coordinates": [
          [
            [
              134.2623863281,
              34.7335328269
            ],
            [
              134.2627581649,
              34.7337398285
            ],
            [
              134.2631532646,
              34.7338203471
            ],
            [
              134.2629353684,
              34.7344250864
            ],
            [
              134.2625564016,
              34.734601087
            ],
            [
              134.2622169215,
              34.7350243227
            ],
            [
              134.2615795105,
              34.7355303517
            ],
            [
              134.2615778339,
              34.7357017803
            ],
            [
              134.261916871,
              34.7357852288
            ],
            [
              134.2620480914,
              34.7359515232
            ],
            [
              134.2616783135,
              34.7360848449
            ],
            [
              134.2614258359,
              34.7365734894
            ],
            [
              134.2611402964,
              34.7364448546
            ],
            [
              134.2608592243,
              34.7364573665
            ],
            [
              134.2604920457,
              34.7371021551
            ],
            [
              134.2598319669,
              34.7372933323
            ],
            [
              134.2600140489,
              34.7369634024
            ],
            [
              134.2601093754,
              34.7362704179
            ],
            [
              134.2602195274,
              34.7360839817
            ],
            [
              134.260115824,
              34.735889952
            ],
            [
              134.2603253206,
              34.7356506108
            ],
            [
              134.2600643843,
              34.7353506991
            ],
            [
              134.2604143731,
              34.7351290493
            ],
            [
              134.2605734698,
              34.7348671396
            ],
            [
              134.260512436,
              34.7347914602
            ],
            [
              134.2600069283,
              34.7346904412
            ],
            [
              134.2599153408,
              34.7346274204
            ],
            [
              134.2599093485,
              34.7344912024
            ],
            [
              134.2608231266,
              34.7341112778
            ],
            [
              134.2614131092,
              34.7336984763
            ],
            [
              134.2612878927,
              34.7336530444
            ],
            [
              134.2606639637,
              34.7337340942
            ],
            [
              134.2610510539,
              34.7329411257
            ],
            [
              134.2614023464,
              34.7325428326
            ],
            [
              134.2614477665,
              34.7316358442
            ],
            [
              134.2615960561,
              34.731487321
            ],
            [
              134.2616160759,
              34.7313020989
            ],
            [
              134.2620603582,
              34.7315253438
            ],
            [
              134.2619695753,
              34.7326566999
            ],
            [
              134.2625731345,
              34.7326097209
            ],
            [
              134.2628093395,
              34.7327139551
            ],
            [
              134.2627099741,
              34.7331484588
            ],
            [
              134.2623863281,
              34.7335328269
            ]
          ]
        ]
      }
    },
    {
      "type": "Feature",
      "properties": {
        "key_code": "33211074011",
        "pref": "岡山県",
        "city": "備前市",
        "ward": "",
        "district": "日生町日生三軒屋西南東部",
        "name": "備前市  日生町日生三軒屋西南東部"
      },
      "geometry": {
        "type": "Polygon",
        "coordinates": [
          [
            [
              134.2588848428,
              34.7306881547
            ],
            [
              134.2594868961,
              34.7304087533
            ],
            [
              134.2600581653,
              34.7303914827
            ],
            [
              134.2604187058,
              34.7302984477
            ],
            [
              134.2603543689,
              34.7305201268
            ],
            [
              134.2601526317,
              34.7306460785
            ],
            [
              134.2597557772,
              34.7311988679
            ],
            [
              134.2599525545,
              34.7312558937
            ],
            [
              134.2602141543,
              34.7310202468
            ],
            [
              134.260357731,
              34.7310165291
            ],
            [
              134.260464461,
              34.7312359158
            ],
            [
              134.2604513091,
              34.7314235372
            ],
            [
              134.2608375944,
              34.731591394
            ],
            [
              134.2614477665,
              34.7316358442
            ],
            [
              134.2614023464,
              34.7325428326
            ],
            [
              134.2610510539,
              34.7329411257
            ],
            [
              134.2606114794,
              34.7337751949
            ],
            [
              134.2605238793,
              34.7337549992
            ],
            [
              134.2606058512,
              34.7335334712
            ],
            [
              134.2605038244,
              34.7332978881
            ],
            [
              134.2599445407,
              34.7330678063
            ],
            [
              134.259378086,
              34.7329467535
            ],
            [
              134.2589151911,
              34.733164536
            ],
            [
              134.258845873,
              34.7341030619
            ],
            [
              134.2588858539,
              34.7342666267
            ],
            [
              134.2591688726,
              34.7345588021
            ],
            [
              134.2588713192,
              34.7346599061
            ],
            [
              134.2589892045,
              34.7348274614
            ],
            [
              134.2589345618,
              34.7352052225
            ],
            [
              134.2586936441,
              34.7353412924
            ],
            [
              134.2586416052,
              34.7354542335
            ],
            [
              134.2591844404,
              34.735602603
            ],
            [
              134.2593400648,
              34.7358090586
            ],
            [
              134.2592928012,
              34.7358712914
            ],
            [
              134.2589340271,
              34.7357893782
            ],
            [
              134.2587073418,
              34.7358477012
            ],
            [
              134.2585702807,
              34.7359994694
            ],
            [
              134.2583998419,
              34.7365018226
            ],
            [
              134.2582771774,
              34.7363925812
            ],
            [
              134.2581548426,
              34.7359330144
            ],
            [
              134.2580132502,
              34.7358705269
            ],
            [
              134.2577629174,
              34.7359717966
            ],
            [
              134.2574083545,
              34.7364467102
            ],
            [
              134.2570965533,
              34.7366411904
            ],
            [
              134.2571632599,
              34.7359986194
            ],
            [
              134.2573522916,
              34.7358118103
            ],
            [
              134.2575427795,
              34.735327078
            ],
            [
              134.2571061994,
              34.7351613004
            ],
            [
              134.2571738014,
              34.7348128483
            ],
            [
              134.2565647079,
              34.7348396626
            ],
            [
              134.2565269878,
              34.734783154
            ],
            [
              134.25731248,
              34.7342032812
            ],
            [
              134.2573551188,
              34.7340456821
            ],
            [
              134.2571959028,
              34.7339072594
            ],
            [
              134.257418055,
              34.7336445447
            ],
            [
              134.2571716114,
              34.7333756305
            ],
            [
              134.2572284407,
              34.7331888822
            ],
            [
              134.2570260597,
              34.7325071275
            ],
            [
              134.2566580991,
              34.732185598
            ],
            [
              134.2562723019,
              34.7320042137
            ],
            [
              134.2559276356,
              34.7320040026
            ],
            [
              134.2556076729,
              34.7321050856
            ],
            [
              134.2554921673,
              34.7319297822
            ],
            [
              134.2551098317,
              34.7318341823
            ],
            [
              134.2540521752,
              34.7319171928
            ],
            [
              134.2538913593,
              34.7322054351
            ],
            [
              134.253874581,
              34.7324720751
            ],
            [
              134.2536941087,
              34.7326997345
            ],
            [
              134.2535845189,
              34.7330109683
            ],
            [
              134.2536407542,
              34.7340563361
            ],
            [
              134.2538291048,
              34.7343590261
            ],
            [
              134.2534672647,
              34.7345005028
            ],
            [
              134.2534606295,
              34.7346399508
            ],
            [
              134.2535853391,
              34.7348289261
            ],
            [
              134.2533666322,
              34.7349619002
            ],
            [
              134.2532067274,
              34.7353607169
            ],
            [
              134.2503181332,
              34.7352606503
            ],
            [
              134.2507714422,
              34.7347208903
            ],
            [
              134.2508394545,
              34.7341336869
            ],
            [
              134.2507809483,
              34.7334804771
            ],
            [
              134.2508443549,
              34.7333669846
            ],
            [
              134.2514763272,
              34.7329074879
            ],
            [
              134.2520327108,
              34.7323625759
            ],
            [
              134.2524543482,
              34.7317199574
            ],
            [
              134.2524072414,
              34.7310888691
            ],
            [
              134.2525006188,
              34.7307339587
            ],
            [
              134.2519877418,
              34.7306961606
            ],
            [
              134.2519859762,
              34.729946919
            ],
            [
              134.2515451488,
              34.7297051984
            ],
            [
              134.2520041546,
              34.7292269892
            ],
            [
              134.2523125922,
              34.7291936624
            ],
            [
              134.2524044187,
              34.7297025118
            ],
            [
              134.2526148747,
              34.7297818098
            ],
            [
              134.2528106605,
              34.7297392533
            ],
            [
              134.2530436872,
              34.7293951362
            ],
            [
              134.2533798131,
              34.7293770372
            ],
            [
              134.2537900603,
              34.7291000799
            ],
            [
              134.2543418174,
              34.7295148392
            ],
            [
              134.2551101947,
              34.7293720595
            ],
            [
              134.255121475,
              34.729167958
            ],
            [
              134.254859369,
              34.7290336957
            ],
            [
              134.2546287799,
              34.7287715502
            ],
            [
              134.2547014368,
              34.7281165885
            ],
            [
              134.2549528281,
              34.7278578423
            ],
            [
              134.2551301696,
              34.7277878025
            ],
            [
              134.2552035967,
              34.7282600127
            ],
            [
              134.2553362967,
              34.7285374519
            ],
            [
              134.2561632411,
              34.7289309612
            ],
            [
              134.2565031197,
              34.7288458052
            ],
            [
              134.2568096277,
              34.7288917701
            ],
            [
              134.257053478,
              34.7288065537
            ],
            [
              134.2578567894,
              34.7288130904
            ],
            [
              134.2581966675,
              34.7287249706
            ],
            [
              134.2585843611,
              34.7288440869
            ],
            [
              134.2585805213,
              34.7290086121
            ],
            [
              134.2587688504,
              34.7290452063
            ],
            [
              134.2594615792,
              34.7288140321
            ],
            [
              134.2597092747,
              34.7285552702
            ],
            [
              134.2611240408,
              34.728330732
            ],
            [
              134.2605823795,
              34.7289854221
            ],
            [
              134.2605194435,
              34.7291407565
            ],
            [
              134.2605801073,
              34.7294515354
            ],
            [
              134.2604801273,
              34.7297409491
            ],
            [
              134.2602067653,
              34.7297926232
            ],
            [
              134.2599406229,
              34.7300330572
            ],
            [
              134.2593939529,
              34.7300783764
            ],
            [
              134.2588137003,
              34.7304832983
            ],
            [
              134.2588848428,
              34.7306881547
            ]
          ]
        ]
      }
    },
    {
      "type": "Feature",
      "properties": {
        "key_code": "33211074012",
        "pref": "岡山県",
        "city": "備前市",
        "ward": "",
        "district": "日生町日生後小路北部",
        "name": "備前市  日生町日生後小路北部"
      },
      "geometry": {
        "type": "Polygon",
        "coordinates": [
          [
            [
              134.2668656344,
              34.7316322896
            ],
            [
              134.266417856,
              34.7321540826
            ],
            [
              134.2655817284,
              34.732759472
            ],
            [
              134.264144574,
              34.7323814375
            ],
            [
              134.2641611067,
              34.731647552
            ],
            [
              134.2644325034,
              34.7315654415
            ],
            [
              134.2649691421,
              34.7315756037
            ],
            [
              134.2651248709,
              34.7314308839
            ],
            [
              134.2650652855,
              34.7311247554
            ],
            [
              134.2658037427,
              34.7307301868
            ],
            [
              134.2664317595,
              34.7309881706
            ],
            [
              134.2660604034,
              34.7313291356
            ],
            [
              134.2668656344,
              34.7316322896
            ]
          ]
        ]
      }
    },
    {
      "type": "Feature",
      "properties": {
        "key_code": "33211074013",
        "pref": "岡山県",
        "city": "備前市",
        "ward": "",
        "district": "日生町日生南の一",
        "name": "備前市  日生町日生南の一"
      },
      "geometry": {
        "type": "Polygon",
        "coordinates": [
          [
            [
              134.2676956319,
              34.7306628993
            ],
            [
              134.2668656344,
              34.7316322896
            ],
            [
              134.2660604034,
              34.7313291356
            ],
            [
              134.2664317595,
              34.7309881706
            ],
            [
              134.2658037427,
              34.7307301868
            ],
            [
              134.2659329878,
              34.7303995126
            ],
            [
              134.2666101665,
              34.7305994873
            ],
            [
              134.2667830798,
              34.730009226
            ],
            [
              134.2678874381,
              34.7303462023
            ],
            [
              134.2675434918,
              34.7303162954
            ],
            [
              134.2674777843,
              34.7305524864
            ],
            [
              134.2676956319,
              34.7306628993
            ]
          ]
        ]
      }
    },
    {
      "type": "Feature",
      "properties": {
        "key_code": "33211074014",
        "pref": "岡山県",
        "city": "備前市",
        "ward": "",
        "district": "日生町日生南の二西部",
        "name": "備前市  日生町日生南の二西部"
      },
      "geometry": {
        "type": "Polygon",
        "coordinates": [
          [
            [
              134.2679975298,
              34.7292203465
            ],
            [
              134.2689833264,
              34.7295273867
            ],
            [
              134.2689483316,
              34.7295913194
            ],
            [
              134.2680007517,
              34.7292924699
            ],
            [
              134.2676440055,
              34.730253243
            ],
            [
              134.2667830798,
              34.730009226
            ],
            [
              134.2667019915,
              34.7304113449
            ],
            [
              134.266546896,
              34.7306094533
            ],
            [
              134.2659329878,
              34.7303995126
            ],
            [
              134.265955935,
              34.7300390584
            ],
            [
              134.2658603475,
              34.7298350365
            ],
            [
              134.2655853075,
              34.7295155484
            ],
            [
              134.2653121461,
              34.7293377691
            ],
            [
              134.2648135278,
              34.7292090236
            ],
            [
              134.2643510756,
              34.728764482
            ],
            [
              134.2643273331,
              34.7285242978
            ],
            [
              134.2643633759,
              34.7283728905
            ],
            [
              134.2647142993,
              34.7285836782
            ],
            [
              134.2650155186,
              34.7286069485
            ],
            [
              134.2654348662,
              34.7280904995
            ],
            [
              134.2655900995,
              34.7285381047
            ],
            [
              134.265713717,
              34.728620437
            ],
            [
              134.266463724,
              34.7287195943
            ],
            [
              134.2669705654,
              34.7286483125
            ],
            [
              134.2670631908,
              34.7284615793
            ],
            [
              134.2668292281,
              34.7279353327
            ],
            [
              134.2668391431,
              34.7274961329
            ],
            [
              134.2670943634,
              34.72734893
            ],
            [
              134.2677272799,
              34.7274175886
            ],
            [
              134.2679124092,
              34.7271889286
            ],
            [
              134.2678154332,
              34.726825877
            ],
            [
              134.2674186328,
              34.7265730998
            ],
            [
              134.2675879754,
              34.7261313086
            ],
            [
              134.2678512686,
              34.7258552194
            ],
            [
              134.2691059571,
              34.7258802522
            ],
            [
              134.2690961627,
              34.7262205689
            ],
            [
              134.2691813095,
              34.7262539975
            ],
            [
              134.2690786722,
              34.7262521128
            ],
            [
              134.2690692876,
              34.7270941784
            ],
            [
              134.2688125205,
              34.7273085758
            ],
            [
              134.2686877227,
              34.7277223608
            ],
            [
              134.2681388274,
              34.7286695079
            ],
            [
              134.2679975298,
              34.7292203465
            ]
          ]
        ]
      }
    },
    {
      "type": "Feature",
      "properties": {
        "key_code": "33211074015",
        "pref": "岡山県",
        "city": "備前市",
        "ward": "",
        "district": "日生町日生湾戸北部",
        "name": "備前市  日生町日生湾戸北部"
      },
      "geometry": {
        "type": "Polygon",
        "coordinates": [
          [
            [
              134.2690588309,
              34.7236495417
            ],
            [
              134.2686227978,
              34.7241271162
            ],
            [
              134.2688050046,
              34.7243092052
            ],
            [
              134.2690215097,
              34.725324508
            ],
            [
              134.2691295992,
              34.7253344253
            ],
            [
              134.2691059571,
              34.7258802522
            ],
            [
              134.2678512686,
              34.7258552194
            ],
            [
              134.2676792809,
              34.7255921397
            ],
            [
              134.2671182477,
              34.7253735028
            ],
            [
              134.26735596,
              34.7251710724
            ],
            [
              134.2674088868,
              34.7247765472
            ],
            [
              134.2673038094,
              34.7245923855
            ],
            [
              134.266848046,
              34.7243106984
            ],
            [
              134.2669104895,
              34.7239791449
            ],
            [
              134.2667848072,
              34.723647771
            ],
            [
              134.2665521748,
              34.7234818505
            ],
            [
              134.2662732043,
              34.7234316939
            ],
            [
              134.2660085787,
              34.7234052083
            ],
            [
              134.2657310809,
              34.723507744
            ],
            [
              134.2655909376,
              34.7233183495
            ],
            [
              134.265397111,
              34.7224791327
            ],
            [
              134.2654929152,
              34.7223028271
            ],
            [
              134.2661067001,
              34.7223202069
            ],
            [
              134.2663244157,
              34.7222007341
            ],
            [
              134.2664153194,
              34.7219015938
            ],
            [
              134.2668021603,
              34.7219367363
            ],
            [
              134.267316095,
              34.7217748801
            ],
            [
              134.2675291716,
              34.7217749937
            ],
            [
              134.2678735484,
              34.7219870324
            ],
            [
              134.2686053079,
              34.7215437038
            ],
            [
              134.2686826357,
              34.7212145497
            ],
            [
              134.268613213,
              34.721089851
            ],
            [
              134.268395658,
              34.7210225463
            ],
            [
              134.2680450464,
              34.7210496887
            ],
            [
              134.2675784969,
              34.7205382553
            ],
            [
              134.2677952607,
              34.7196857336
            ],
            [
              134.2674298356,
              34.7193464839
            ],
            [
              134.2672454611,
              34.7193538514
            ],
            [
              134.2669988511,
              34.7197251747
            ],
            [
              134.266463606,
              34.720103946
            ],
            [
              134.2662442478,
              34.7204028765
            ],
            [
              134.2662364898,
              34.7206572684
            ],
            [
              134.2659733597,
              34.7208839119
            ],
            [
              134.2648867155,
              34.7210255861
            ],
            [
              134.2644738408,
              34.7214217398
            ],
            [
              134.2638298761,
              34.7216681679
            ],
            [
              134.2637271545,
              34.7216207808
            ],
            [
              134.2636959726,
              34.7209575895
            ],
            [
              134.2634726039,
              34.7206184109
            ],
            [
              134.263365862,
              34.7199525013
            ],
            [
              134.2635882952,
              34.7196085003
            ],
            [
              134.2635490575,
              34.7195387511
            ],
            [
              134.2629326113,
              34.7194261355
            ],
            [
              134.2628041002,
              34.7194933942
            ],
            [
              134.2626466887,
              34.719792496
            ],
            [
              134.2622368863,
              34.7201238495
            ],
            [
              134.2619023009,
              34.7208543021
            ],
            [
              134.2619455026,
              34.7215924376
            ],
            [
              134.2618699048,
              34.7216297218
            ],
            [
              134.2611568521,
              34.7213675875
            ],
            [
              134.2609665855,
              34.7212053463
            ],
            [
              134.2607116448,
              34.7206914779
            ],
            [
              134.2604383887,
              34.7203822685
            ],
            [
              134.2603932345,
              34.7201777123
            ],
            [
              134.2600638248,
              34.7201525857
            ],
            [
              134.2597795233,
              34.7203868093
            ],
            [
              134.259441002,
              34.7204115444
            ],
            [
              134.2589504425,
              34.7197728758
            ],
            [
              134.2586348269,
              34.7195459026
            ],
            [
              134.2579459372,
              34.7193309614
            ],
            [
              134.2577981779,
              34.7189619559
            ],
            [
              134.2574854723,
              34.7188544329
            ],
            [
              134.2569566066,
              34.7188342539
            ],
            [
              134.2555723379,
              34.7189082083
            ],
            [
              134.2555804079,
              34.7180722009
            ],
            [
              134.257218078,
              34.7181065783
            ],
            [
              134.2580881398,
              34.7182242942
            ],
            [
              134.2591349946,
              34.7184304284
            ],
            [
              134.2599186268,
              34.7187582493
            ],
            [
              134.2602319572,
              34.7187781552
            ],
            [
              134.2622171275,
              34.7184899787
            ],
            [
              134.2639007789,
              34.7183935967
            ],
            [
              134.2669444444,
              34.7187802403
            ],
            [
              134.2669707157,
              34.7186936237
            ],
            [
              134.2671005641,
              34.7187901836
            ],
            [
              134.2674193821,
              34.7187831691
            ],
            [
              134.2680687994,
              34.7190566448
            ],
            [
              134.2683744969,
              34.719072159
            ],
            [
              134.2686025765,
              34.7192138456
            ],
            [
              134.2686515747,
              34.7193868503
            ],
            [
              134.2686159224,
              34.7203073653
            ],
            [
              134.2692117389,
              34.7207349094
            ],
            [
              134.2694082366,
              34.7207792411
            ],
            [
              134.2696160841,
              34.721693542
            ],
            [
              134.2699300731,
              34.7223049024
            ],
            [
              134.2702521526,
              34.7223311273
            ],
            [
              134.2699344006,
              34.7223563199
            ],
            [
              134.2699341597,
              34.722674526
            ],
            [
              134.2696710223,
              34.7226770673
            ],
            [
              134.2693649466,
              34.7231393585
            ],
            [
              134.2690079472,
              34.7230805744
            ],
            [
              134.2689816776,
              34.7231662046
            ],
            [
              134.2692414955,
              34.7232259247
            ],
            [
              134.2692544119,
              34.7234720162
            ],
            [
              134.2691821903,
              34.7236766514
            ],
            [
              134.2690588309,
              34.7236495417
            ]
          ]
        ]
      }
    },
    {
      "type": "Feature",
      "properties": {
        "key_code": "33211074016",
        "pref": "岡山県",
        "city": "備前市",
        "ward": "",
        "district": "日生町日生頭島西の谷南部，大西東部",
        "name": "備前市  日生町日生頭島西の谷南部，大西東部"
      },
      "geometry": {
        "type": "Polygon",
        "coordinates": [
          [
            [
              134.2736302261,
              34.7037087744
            ],
            [
              134.2737052349,
              34.7038920734
            ],
            [
              134.2734427207,
              34.7043420045
            ],
            [
              134.2730802434,
              34.7045669278
            ],
            [
              134.2730552586,
              34.7042753285
            ],
            [
              134.2733802459,
              34.7039337532
            ],
            [
              134.2733802433,
              34.703842051
            ],
            [
              134.2736302261,
              34.7037087744
            ]
          ]
        ]
      }
    },
    {
      "type": "Feature",
      "properties": {
        "key_code": "33211074016",
        "pref": "岡山県",
        "city": "備前市",
        "ward": "",
        "district": "日生町日生頭島西の谷南部，大西東部",
        "name": "備前市  日生町日生頭島西の谷南部，大西東部"
      },
      "geometry": {
        "type": "Polygon",
        "coordinates": [
          [
            [
              134.2848974038,
              34.6992367448
            ],
            [
              134.2860452722,
              34.7005804799
            ],
            [
              134.2868422065,
              34.7008920976
            ],
            [
              134.2868563414,
              34.7009859194
            ],
            [
              134.2873106233,
              34.7011149829
            ],
            [
              134.2875329551,
              34.7013142502
            ],
            [
              134.2874902356,
              34.701540604
            ],
            [
              134.2884133357,
              34.7038376078
            ],
            [
              134.2879036332,
              34.7038154423
            ],
            [
              134.2876843196,
              34.7036268827
            ],
            [
              134.2873546619,
              34.7036042193
            ],
            [
              134.2867617994,
              34.7037941594
            ],
            [
              134.2860464828,
              34.7043122619
            ],
            [
              134.2855214994,
              34.7041497796
            ],
            [
              134.2853023099,
              34.7037575266
            ],
            [
              134.2849454214,
              34.7036375085
            ],
            [
              134.284233621,
              34.7037292114
            ],
            [
              134.2841332433,
              34.7036471891
            ],
            [
              134.2837752046,
              34.7036145066
            ],
            [
              134.2833111602,
              34.7037802577
            ],
            [
              134.2830666648,
              34.7037324066
            ],
            [
              134.2822980805,
              34.7038546436
            ],
            [
              134.2820634365,
              34.7037625628
            ],
            [
              134.2818933318,
              34.7034569586
            ],
            [
              134.2813509691,
              34.7031735953
            ],
            [
              134.2811162673,
              34.7031771596
            ],
            [
              134.280634748,
              34.7033589519
            ],
            [
              134.2795736476,
              34.7034135731
            ],
            [
              134.2794263638,
              34.7032818021
            ],
            [
              134.2794417938,
              34.7030564269
            ],
            [
              134.2799540759,
              34.702579824
            ],
            [
              134.2802906808,
              34.7019894672
            ],
            [
              134.2807012435,
              34.701809336
            ],
            [
              134.2814471417,
              34.7012867625
            ],
            [
              134.2818336084,
              34.7012219849
            ],
            [
              134.2819548361,
              34.7011282199
            ],
            [
              134.2820346362,
              34.7009444245
            ],
            [
              134.2813868958,
              34.699895706
            ],
            [
              134.2816687414,
              34.6995577492
            ],
            [
              134.2814491258,
              34.6998838993
            ],
            [
              134.2818940167,
              34.7006341844
            ],
            [
              134.2827511365,
              34.7002802614
            ],
            [
              134.2825373632,
              34.6999925304
            ],
            [
              134.2826214397,
              34.6999565034
            ],
            [
              134.282776253,
              34.7002694253
            ],
            [
              134.2829225642,
              34.7002055317
            ],
            [
              134.283126944,
              34.6997890787
            ],
            [
              134.283099509,
              34.7000252968
            ],
            [
              134.2834171529,
              34.7000389471
            ],
            [
              134.2834072884,
              34.700106558
            ],
            [
              134.2834815912,
              34.6999803733
            ],
            [
              134.2836988186,
              34.6999839821
            ],
            [
              134.2837686356,
              34.7000552867
            ],
            [
              134.2842303972,
              34.7000167311
            ],
            [
              134.284150061,
              34.6992873043
            ],
            [
              134.28361501,
              34.6995810769
            ],
            [
              134.2835189566,
              34.6995755447
            ],
            [
              134.283922998,
              34.6993160918
            ],
            [
              134.283903394,
              34.6992376229
            ],
            [
              134.2837942332,
              34.6992430736
            ],
            [
              134.2837966967,
              34.6987849838
            ],
            [
              134.2834571903,
              34.6988299257
            ],
            [
              134.283449583,
              34.6987713231
            ],
            [
              134.2838687572,
              34.6987589517
            ],
            [
              134.2838404973,
              34.6985579278
            ],
            [
              134.2827696638,
              34.6985682059
            ],
            [
              134.2819833373,
              34.6992026192
            ],
            [
              134.281553232,
              34.6992438563
            ],
            [
              134.2819789942,
              34.6991674019
            ],
            [
              134.2827598603,
              34.6985366484
            ],
            [
              134.2839125653,
              34.6985190777
            ],
            [
              134.284041335,
              34.6985732203
            ],
            [
              134.2843001662,
              34.6983606161
            ],
            [
              134.2853676813,
              34.6984106187
            ],
            [
              134.2844232423,
              34.6985332229
            ],
            [
              134.2843748124,
              34.6986429376
            ],
            [
              134.2844412068,
              34.6988125642
            ],
            [
              134.2847827064,
              34.698957365
            ],
            [
              134.2848974038,
              34.6992367448
            ]
          ]
        ]
      }
    },
    {
      "type": "Feature",
      "properties": {
        "key_code": "33211074017",
        "pref": "岡山県",
        "city": "備前市",
        "ward": "",
        "district": "日生町日生頭島，外輪，北浦",
        "name": "備前市  日生町日生頭島，外輪，北浦"
      },
      "geometry": {
        "type": "Polygon",
        "coordinates": [
          [
            [
              134.2880398385,
              34.6964165672
            ],
            [
              134.2885223043,
              34.6964005451
            ],
            [
              134.2885691734,
              34.69652396
            ],
            [
              134.288705589,
              34.6965719037
            ],
            [
              134.2887032629,
              34.6968323621
            ],
            [
              134.2888571364,
              34.6968955255
            ],
            [
              134.2888679576,
              34.6970678076
            ],
            [
              134.2890327523,
              34.6971174517
            ],
            [
              134.2892792133,
              34.6975394307
            ],
            [
              134.2896764165,
              34.697761295
            ],
            [
              134.2899743777,
              34.6978218317
            ],
            [
              134.2904808786,
              34.6977805959
            ],
            [
              134.2909983627,
              34.697614836
            ],
            [
              134.2911894584,
              34.6974715013
            ],
            [
              134.2913468002,
              34.6971623554
            ],
            [
              134.291373171,
              34.6968287952
            ],
            [
              134.2915773533,
              34.6967036355
            ],
            [
              134.2917661911,
              34.6967000366
            ],
            [
              134.2918645167,
              34.696529623
            ],
            [
              134.2921635257,
              34.6966686164
            ],
            [
              134.2921054852,
              34.6970400591
            ],
            [
              134.291883826,
              34.6971869074
            ],
            [
              134.2918881367,
              34.6972996012
            ],
            [
              134.2917429499,
              34.6973194139
            ],
            [
              134.2918498182,
              34.697523142
            ],
            [
              134.2920103087,
              34.697456567
            ],
            [
              134.2921478191,
              34.6975070427
            ],
            [
              134.2923015737,
              34.6978082651
            ],
            [
              134.2921508926,
              34.6978983685
            ],
            [
              134.291883191,
              34.6984283543
            ],
            [
              134.2917096563,
              34.6983850504
            ],
            [
              134.2914682731,
              34.698670643
            ],
            [
              134.2912684917,
              34.6987238211
            ],
            [
              134.2911703021,
              34.6986254637
            ],
            [
              134.2910359981,
              34.6987057101
            ],
            [
              134.2909693311,
              34.6988597942
            ],
            [
              134.2907596739,
              34.6990057984
            ],
            [
              134.2907245194,
              34.6994350028
            ],
            [
              134.290454718,
              34.6997810139
            ],
            [
              134.2903149876,
              34.6997971644
            ],
            [
              134.2901674812,
              34.7000667277
            ],
            [
              134.2902459017,
              34.7003913089
            ],
            [
              134.2906169006,
              34.7006573932
            ],
            [
              134.2909626054,
              34.7012867596
            ],
            [
              134.2910946253,
              34.7014103442
            ],
            [
              134.2912190786,
              34.7013870043
            ],
            [
              134.291366351,
              34.701567363
            ],
            [
              134.2914872661,
              34.702058743
            ],
            [
              134.2905663324,
              34.7034034008
            ],
            [
              134.2899635889,
              34.7037205528
            ],
            [
              134.2895050683,
              34.7037889883
            ],
            [
              134.2890237241,
              34.7036679506
            ],
            [
              134.2884133357,
              34.7038376078
            ],
            [
              134.2874902356,
              34.701540604
            ],
            [
              134.2875329551,
              34.7013142502
            ],
            [
              134.2873106233,
              34.7011149829
            ],
            [
              134.2868563414,
              34.7009859194
            ],
            [
              134.2868422065,
              34.7008920976
            ],
            [
              134.2860452722,
              34.7005804799
            ],
            [
              134.2848974038,
              34.6992367448
            ],
            [
              134.2847827064,
              34.698957365
            ],
            [
              134.2843989186,
              34.6987776133
            ],
            [
              134.2844232423,
              34.6985332229
            ],
            [
              134.2853676813,
              34.6984106187
            ],
            [
              134.2856429575,
              34.698067299
            ],
            [
              134.2854867062,
              34.698332204
            ],
            [
              134.2858292642,
              34.6986587206
            ],
            [
              134.2861447149,
              34.6986813812
            ],
            [
              134.2866021781,
              34.6985120965
            ],
            [
              134.2867299728,
              34.6983687454
            ],
            [
              134.2867618183,
              34.6980343442
            ],
            [
              134.2862478864,
              34.6977069196
            ],
            [
              134.2858701186,
              34.6978617249
            ],
            [
              134.2876171268,
              34.6969293005
            ],
            [
              134.2876095691,
              34.6967833617
            ],
            [
              134.2877417163,
              34.6966526882
            ],
            [
              134.2880398385,
              34.6964165672
            ]
          ]
        ]
      }
    },
    {
      "type": "Feature",
      "properties": {
        "key_code": "33211074018",
        "pref": "岡山県",
        "city": "備前市",
        "ward": "",
        "district": "日生町日生鹿久居島",
        "name": "備前市  日生町日生鹿久居島"
      },
      "geometry": {
        "type": "Polygon",
        "coordinates": [
          [
            [
              134.3102417159,
              34.7037533474
            ],
            [
              134.3104622014,
              34.7038408695
            ],
            [
              134.3106607942,
              34.7041474321
            ],
            [
              134.3106258168,
              34.7043033628
            ],
            [
              134.3104271222,
              34.7043584007
            ],
            [
              134.3103703239,
              34.7044737567
            ],
            [
              134.3100429296,
              34.7041301201
            ],
            [
              134.3100430233,
              34.7038055674
            ],
            [
              134.3102417159,
              34.7037533474
            ]
          ]
        ]
      }
    },
    {
      "type": "Feature",
      "properties": {
        "key_code": "33211074018",
        "pref": "岡山県",
        "city": "備前市",
        "ward": "",
        "district": "日生町日生鹿久居島",
        "name": "備前市  日生町日生鹿久居島"
      },
      "geometry": {
        "type": "Polygon",
        "coordinates": [
          [
            [
              134.2862678746,
              34.7219318495
            ],
            [
              134.286243242,
              34.7210727209
            ],
            [
              134.2866649959,
              34.7205364813
            ],
            [
              134.2872121054,
              34.7203654032
            ],
            [
              134.2871084978,
              34.7201516759
            ],
            [
              134.287154481,
              34.7199226521
            ],
            [
              134.2867771607,
              34.7191094438
            ],
            [
              134.2867992194,
              34.7187136258
            ],
            [
              134.2866104804,
              34.7184521103
            ],
            [
              134.2862262396,
              34.7183140553
            ],
            [
              134.2856879343,
              34.7183804729
            ],
            [
              134.2852557554,
              34.7180657527
            ],
            [
              134.2850045569,
              34.7182053888
            ],
            [
              134.2846767828,
              34.7185974211
            ],
            [
              134.2833858961,
              34.7191982433
            ],
            [
              134.2829172834,
              34.719562181
            ],
            [
              134.2826506622,
              34.719907326
            ],
            [
              134.2821011927,
              34.7203641934
            ],
            [
              134.2811023757,
              34.7217711236
            ],
            [
              134.280325721,
              34.722311698
            ],
            [
              134.2782971356,
              34.7221583814
            ],
            [
              134.2777601956,
              34.7217668217
            ],
            [
              134.2766411236,
              34.7216429088
            ],
            [
              134.2765702505,
              34.7214986327
            ],
            [
              134.276762717,
              34.7210559921
            ],
            [
              134.2768839303,
              34.7194099291
            ],
            [
              134.2770131506,
              34.7188365368
            ],
            [
              134.2769896497,
              34.7180720625
            ],
            [
              134.2765305595,
              34.7172434342
            ],
            [
              134.2763868054,
              34.7167069609
            ],
            [
              134.2760575555,
              34.7160233395
            ],
            [
              134.275317803,
              34.7153298023
            ],
            [
              134.2750419139,
              34.714859048
            ],
            [
              134.2746790942,
              34.7137995849
            ],
            [
              134.2748016307,
              34.7134318504
            ],
            [
              134.2752962862,
              34.7132968581
            ],
            [
              134.2755169997,
              34.7130400288
            ],
            [
              134.2761656693,
              34.7127879076
            ],
            [
              134.2763721684,
              34.7125526226
            ],
            [
              134.2768767457,
              34.7122707078
            ],
            [
              134.2771476831,
              34.7119905146
            ],
            [
              134.2771502297,
              34.7114549545
            ],
            [
              134.2774988701,
              34.7108916606
            ],
            [
              134.2776292186,
              34.7102462834
            ],
            [
              134.2778028325,
              34.7102057936
            ],
            [
              134.2778738603,
              34.7101066579
            ],
            [
              134.2782831815,
              34.7102123498
            ],
            [
              134.2785943351,
              34.7101889647
            ],
            [
              134.2791643627,
              34.7099494678
            ],
            [
              134.2793545685,
              34.7095682346
            ],
            [
              134.2798131908,
              34.7094043287
            ],
            [
              134.2801962706,
              34.7095731096
            ],
            [
              134.2804319507,
              34.7097742233
            ],
            [
              134.2812888351,
              34.7099413725
            ],
            [
              134.2816760276,
              34.710521191
            ],
            [
              134.2817335017,
              34.7111342544
            ],
            [
              134.2820194043,
              34.7113444027
            ],
            [
              134.2822224754,
              34.7113301191
            ],
            [
              134.2827161051,
              34.711049865
            ],
            [
              134.2830796376,
              34.7110735383
            ],
            [
              134.2831288583,
              34.7109211442
            ],
            [
              134.2831101992,
              34.7110807351
            ],
            [
              134.2836843215,
              34.7112874763
            ],
            [
              134.2838938431,
              34.7114398348
            ],
            [
              134.2843152368,
              34.7114545136
            ],
            [
              134.2847245176,
              34.7116530131
            ],
            [
              134.2849483813,
              34.7115529484
            ],
            [
              134.284727785,
              34.7116718896
            ],
            [
              134.2846840546,
              34.7117763934
            ],
            [
              134.2847526639,
              34.7120632189
            ],
            [
              134.2849915328,
              34.7124428005
            ],
            [
              134.2849717566,
              34.7126609899
            ],
            [
              134.2846995411,
              34.7132964572
            ],
            [
              134.2847289635,
              34.7133847905
            ],
            [
              134.2856897333,
              34.7133419282
            ],
            [
              134.285972654,
              34.7130724273
            ],
            [
              134.2859236338,
              34.7128822419
            ],
            [
              134.2859749496,
              34.7128740924
            ],
            [
              134.2860185147,
              34.7130580768
            ],
            [
              134.2864813917,
              34.7131078415
            ],
            [
              134.2868109487,
              34.7133774417
            ],
            [
              134.2869616247,
              34.7133549616
            ],
            [
              134.2871407941,
              34.7131351418
            ],
            [
              134.2872972078,
              34.7126078086
            ],
            [
              134.2866828883,
              34.7120143968
            ],
            [
              134.2865435191,
              34.7113534102
            ],
            [
              134.2866278051,
              34.7109667703
            ],
            [
              134.2859841533,
              34.7101604953
            ],
            [
              134.2854734247,
              34.7098232062
            ],
            [
              134.2841504269,
              34.709572926
            ],
            [
              134.2837968563,
              34.709340218
            ],
            [
              134.2832427156,
              34.7086079225
            ],
            [
              134.282857449,
              34.7084473215
            ],
            [
              134.2823050436,
              34.7084614612
            ],
            [
              134.2820419878,
              34.7083928923
            ],
            [
              134.2813077262,
              34.7076910821
            ],
            [
              134.2815461316,
              34.707022361
            ],
            [
              134.2818530107,
              34.7068340133
            ],
            [
              134.2825233417,
              34.7067594924
            ],
            [
              134.2835538029,
              34.7068816192
            ],
            [
              134.2838126249,
              34.7067266323
            ],
            [
              134.2840803017,
              34.7063642963
            ],
            [
              134.2846589843,
              34.7061959117
            ],
            [
              134.2846557645,
              34.7061067427
            ],
            [
              134.2847124816,
              34.7061842408
            ],
            [
              134.2855934572,
              34.7061800839
            ],
            [
              134.2862090753,
              34.7063155554
            ],
            [
              134.2868335972,
              34.7061561986
            ],
            [
              134.2874231123,
              34.7061240251
            ],
            [
              134.2879001014,
              34.7062422503
            ],
            [
              134.2886424227,
              34.7062588677
            ],
            [
              134.2890167967,
              34.7063833883
            ],
            [
              134.2896052019,
              34.7063889563
            ],
            [
              134.2899906301,
              34.7062511891
            ],
            [
              134.2903956213,
              34.7062828875
            ],
            [
              134.2909292921,
              34.7065752292
            ],
            [
              134.2909258965,
              34.7068123019
            ],
            [
              134.2913483649,
              34.7068278046
            ],
            [
              134.2915305453,
              34.7070774794
            ],
            [
              134.2917085698,
              34.7069189274
            ],
            [
              134.2920590345,
              34.7068387557
            ],
            [
              134.2925469774,
              34.7069110443
            ],
            [
              134.2927215808,
              34.707040135
            ],
            [
              134.2927958494,
              34.7069652202
            ],
            [
              134.2928601609,
              34.707166396
            ],
            [
              134.2929671393,
              34.7071781229
            ],
            [
              134.2933555351,
              34.7076686016
            ],
            [
              134.2935214429,
              34.7077237337
            ],
            [
              134.2934994892,
              34.7079706622
            ],
            [
              134.2938236884,
              34.7080402148
            ],
            [
              134.29387274,
              34.7081944775
            ],
            [
              134.2944827859,
              34.7086309322
            ],
            [
              134.295047095,
              34.7088384652
            ],
            [
              134.2953855678,
              34.7087375729
            ],
            [
              134.2956268249,
              34.7087566647
            ],
            [
              134.2957874332,
              34.7084727326
            ],
            [
              134.2957972235,
              34.70854669
            ],
            [
              134.2958845742,
              34.7085133317
            ],
            [
              134.2959576848,
              34.7085899846
            ],
            [
              134.2965407262,
              34.7084161976
            ],
            [
              134.2966928136,
              34.7076481104
            ],
            [
              134.296823829,
              34.7076174422
            ],
            [
              134.296968039,
              34.70737858
            ],
            [
              134.2970826822,
              34.7073398767
            ],
            [
              134.297392667,
              34.7074553389
            ],
            [
              134.2974570158,
              34.7075905886
            ],
            [
              134.2976043984,
              34.7075780976
            ],
            [
              134.2977211745,
              34.7076609618
            ],
            [
              134.2978772974,
              34.7076277659
            ],
            [
              134.2978762575,
              34.7075132422
            ],
            [
              134.2980607652,
              34.7074790693
            ],
            [
              134.2984067719,
              34.7076080648
            ],
            [
              134.2986710078,
              34.7074981296
            ],
            [
              134.2988337636,
              34.7072691334
            ],
            [
              134.2988839364,
              34.7073773322
            ],
            [
              134.2987800944,
              34.707691147
            ],
            [
              134.2989798934,
              34.7076361285
            ],
            [
              134.2990834814,
              34.7079273262
            ],
            [
              134.2988998547,
              34.7084636829
            ],
            [
              134.2991323022,
              34.7086575815
            ],
            [
              134.2994085109,
              34.708636956
            ],
            [
              134.299544923,
              34.7087578573
            ],
            [
              134.2996639269,
              34.7087388762
            ],
            [
              134.2998572517,
              34.7085081963
            ],
            [
              134.3000865085,
              34.7085055861
            ],
            [
              134.3003605934,
              34.7083271905
            ],
            [
              134.3004217231,
              34.7083424214
            ],
            [
              134.3003485245,
              34.7084821379
            ],
            [
              134.3005527095,
              34.7083840132
            ],
            [
              134.3006858729,
              34.7084416653
            ],
            [
              134.3009861296,
              34.7083380741
            ],
            [
              134.3010854408,
              34.7084237476
            ],
            [
              134.3011826316,
              34.7083444679
            ],
            [
              134.3013288685,
              34.7084743854
            ],
            [
              134.3013385973,
              34.7087178019
            ],
            [
              134.3015886,
              34.7087043483
            ],
            [
              134.3017457765,
              34.7087818677
            ],
            [
              134.3017916786,
              34.7086476367
            ],
            [
              134.3022021862,
              34.7085719634
            ],
            [
              134.3026411764,
              34.7082294995
            ],
            [
              134.3027612566,
              34.7082448856
            ],
            [
              134.3029347781,
              34.7083955167
            ],
            [
              134.3031081193,
              34.7090401587
            ],
            [
              134.3029136472,
              34.7094403029
            ],
            [
              134.3030642052,
              34.7097027737
            ],
            [
              134.3029517437,
              34.7097441575
            ],
            [
              134.3029582071,
              34.7099713734
            ],
            [
              134.3030848382,
              34.709994791
            ],
            [
              134.3029635958,
              34.7101588657
            ],
            [
              134.3029853878,
              34.7102724087
            ],
            [
              134.3027855211,
              34.710498724
            ],
            [
              134.3027384519,
              34.7108322784
            ],
            [
              134.3024043071,
              34.7110332022
            ],
            [
              134.3024304222,
              34.7112639456
            ],
            [
              134.3022229345,
              34.7114189808
            ],
            [
              134.3016877215,
              34.7121013159
            ],
            [
              134.3016515961,
              34.7123537322
            ],
            [
              134.3018828825,
              34.7127748347
            ],
            [
              134.3023806111,
              34.7130661336
            ],
            [
              134.3025290858,
              34.7130733578
            ],
            [
              134.302716916,
              34.7129408565
            ],
            [
              134.3028195058,
              34.7130400512
            ],
            [
              134.3029516048,
              34.7130429035
            ],
            [
              134.3031165173,
              34.7128896885
            ],
            [
              134.3032343957,
              34.7129762087
            ],
            [
              134.3032169811,
              34.7128282988
            ],
            [
              134.3034494721,
              34.7129699265
            ],
            [
              134.3035148529,
              34.7133106903
            ],
            [
              134.3038543416,
              34.7134460062
            ],
            [
              134.3040563537,
              34.7133433685
            ],
            [
              134.3042375712,
              34.7133803211
            ],
            [
              134.304397995,
              34.7135598201
            ],
            [
              134.3043008137,
              34.7136038861
            ],
            [
              134.304430728,
              34.7136157514
            ],
            [
              134.3046522854,
              34.7138186489
            ],
            [
              134.3047167161,
              34.7137744338
            ],
            [
              134.3047996273,
              34.7139510963
            ],
            [
              134.304953531,
              34.7140557946
            ],
            [
              134.30490655,
              34.7141531191
            ],
            [
              134.3049960607,
              34.7141945552
            ],
            [
              134.3049414575,
              34.714236941
            ],
            [
              134.3051531229,
              34.7146400001
            ],
            [
              134.3051443268,
              34.7148194569
            ],
            [
              134.3054171017,
              34.7153153586
            ],
            [
              134.3059466339,
              34.7152649161
            ],
            [
              134.3060776873,
              34.7151469042
            ],
            [
              134.3063091082,
              34.715255141
            ],
            [
              134.3063363623,
              34.7153776979
            ],
            [
              134.306337501,
              34.7152389492
            ],
            [
              134.3060853996,
              34.714934064
            ],
            [
              134.306169481,
              34.714890839
            ],
            [
              134.3065001436,
              34.7153363223
            ],
            [
              134.3063419447,
              34.7150035694
            ],
            [
              134.3063387387,
              34.714793543
            ],
            [
              134.306349749,
              34.7145132304
            ],
            [
              134.306490707,
              34.7141535012
            ],
            [
              134.3063095692,
              34.7138604653
            ],
            [
              134.3066089016,
              34.7132790569
            ],
            [
              134.30650964,
              34.7130167487
            ],
            [
              134.306648356,
              34.7128192922
            ],
            [
              134.306692105,
              34.7125767383
            ],
            [
              134.3065906424,
              34.7123631675
            ],
            [
              134.3066922117,
              34.7122495154
            ],
            [
              134.3067239629,
              34.7119673758
            ],
            [
              134.3069423657,
              34.7117969843
            ],
            [
              134.306943638,
              34.7112435309
            ],
            [
              134.3072100189,
              34.7112435928
            ],
            [
              134.307209914,
              34.7115689905
            ],
            [
              134.3074031844,
              34.7114708527
            ],
            [
              134.3074348868,
              34.71133563
            ],
            [
              134.3076434059,
              34.7113437067
            ],
            [
              134.3079076508,
              34.7111968446
            ],
            [
              134.3083650638,
              34.7112627311
            ],
            [
              134.3083649631,
              34.7115891139
            ],
            [
              134.3082404437,
              34.7117937583
            ],
            [
              134.3083288483,
              34.71187576
            ],
            [
              134.3085723017,
              34.7118893366
            ],
            [
              134.3089664767,
              34.7116992588
            ],
            [
              134.3090451546,
              34.7114513567
            ],
            [
              134.3094382625,
              34.7111664725
            ],
            [
              134.3100256639,
              34.7109981229
            ],
            [
              134.3101938304,
              34.7108574343
            ],
            [
              134.3102528905,
              34.7104851409
            ],
            [
              134.3104025282,
              34.7102390812
            ],
            [
              134.3103905763,
              34.7100344023
            ],
            [
              134.3102868896,
              34.7099405651
            ],
            [
              134.3099920864,
              34.7100740429
            ],
            [
              134.3097333566,
              34.710046942
            ],
            [
              134.3096077695,
              34.7101829904
            ],
            [
              134.3094953242,
              34.7101784589
            ],
            [
              134.3093229052,
              34.7099358535
            ],
            [
              134.3089681599,
              34.7097329319
            ],
            [
              134.3085751584,
              34.7096869238
            ],
            [
              134.3083525057,
              34.7095057231
            ],
            [
              134.3083754891,
              34.7093190817
            ],
            [
              134.3085392647,
              34.7092541795
            ],
            [
              134.3087282106,
              34.7089874235
            ],
            [
              134.3094816141,
              34.7085466785
            ],
            [
              134.3096116373,
              34.7081707381
            ],
            [
              134.3095571272,
              34.7079182968
            ],
            [
              134.3094501734,
              34.707808259
            ],
            [
              134.3091728757,
              34.707840739
            ],
            [
              134.3091336304,
              34.7076559159
            ],
            [
              134.3089535019,
              34.7076585538
            ],
            [
              134.3086042738,
              34.7072970192
            ],
            [
              134.3084197769,
              34.7073076844
            ],
            [
              134.3082462444,
              34.7071643859
            ],
            [
              134.308200515,
              34.7067748849
            ],
            [
              134.3084942481,
              34.7065360431
            ],
            [
              134.3084616073,
              34.7061807753
            ],
            [
              134.3086723867,
              34.7058914847
            ],
            [
              134.3090152152,
              34.7057346359
            ],
            [
              134.3092062535,
              34.7057410156
            ],
            [
              134.3093983517,
              34.7058547346
            ],
            [
              134.3094813706,
              34.7056797975
            ],
            [
              134.3099234858,
              34.7057024288
            ],
            [
              134.310074106,
              34.7057997982
            ],
            [
              134.3106592222,
              34.705854011
            ],
            [
              134.311206183,
              34.705722553
            ],
            [
              134.3116779398,
              34.7051258012
            ],
            [
              134.311687896,
              34.7046353115
            ],
            [
              134.3118539207,
              34.7042802222
            ],
            [
              134.3117513158,
              34.7042449865
            ],
            [
              134.3119642028,
              34.7041810744
            ],
            [
              134.3122306605,
              34.7038078333
            ],
            [
              134.3125843567,
              34.7037835304
            ],
            [
              134.3127186861,
              34.7035591566
            ],
            [
              134.3130952828,
              34.7036250102
            ],
            [
              134.3132208027,
              34.703697156
            ],
            [
              134.3132742537,
              34.7038504271
            ],
            [
              134.3134401771,
              34.7038721507
            ],
            [
              134.313381181,
              34.7040659706
            ],
            [
              134.3135972647,
              34.7043201303
            ],
            [
              134.3135502686,
              34.7045428296
            ],
            [
              134.313889711,
              34.7047908128
            ],
            [
              134.3141013853,
              34.7052362655
            ],
            [
              134.3142596596,
              34.705302923
            ],
            [
              134.3148491684,
              34.7052399166
            ],
            [
              134.3152771372,
              34.705060666
            ],
            [
              134.3153623176,
              34.7049182658
            ],
            [
              134.3154749536,
              34.7040319595
            ],
            [
              134.3155830708,
              34.7038211009
            ],
            [
              134.3155317975,
              34.703667831
            ],
            [
              134.3157545459,
              34.7034127605
            ],
            [
              134.3159412157,
              34.7034082826
            ],
            [
              134.3160307713,
              34.7032116485
            ],
            [
              134.3164259826,
              34.7030143555
            ],
            [
              134.3163790518,
              34.7029719476
            ],
            [
              134.3167720383,
              34.7029638382
            ],
            [
              134.3171594996,
              34.7032839453
            ],
            [
              134.3174989712,
              34.703412042
            ],
            [
              134.3175295151,
              34.7035238932
            ],
            [
              134.3180731178,
              34.703689771
            ],
            [
              134.3183034562,
              34.7036645882
            ],
            [
              134.318409367,
              34.7035420494
            ],
            [
              134.3184890435,
              34.7036115079
            ],
            [
              134.3189660961,
              34.7035601563
            ],
            [
              134.3191298758,
              34.7033591636
            ],
            [
              134.3192062717,
              34.7034645412
            ],
            [
              134.319710588,
              34.7035682841
            ],
            [
              134.3201494427,
              34.7034529704
            ],
            [
              134.3205697194,
              34.7034602064
            ],
            [
              134.3207138426,
              34.7032782251
            ],
            [
              134.3207029624,
              34.7030528371
            ],
            [
              134.3210467912,
              34.7032655862
            ],
            [
              134.3212389295,
              34.7031881324
            ],
            [
              134.3215161595,
              34.7034873636
            ],
            [
              134.3215379688,
              34.703650629
            ],
            [
              134.3216711395,
              34.7037110762
            ],
            [
              134.3217300613,
              34.7038994203
            ],
            [
              134.3219931195,
              34.7040914499
            ],
            [
              134.3221164387,
              34.7043574182
            ],
            [
              134.3227691961,
              34.7047018941
            ],
            [
              134.3229100228,
              34.7046658438
            ],
            [
              134.3232320368,
              34.7048381483
            ],
            [
              134.3237233298,
              34.7043909365
            ],
            [
              134.3239045208,
              34.7045775965
            ],
            [
              134.3238161256,
              34.7043360052
            ],
            [
              134.3239176714,
              34.7041321806
            ],
            [
              134.3241752944,
              34.7041629073
            ],
            [
              134.3241862192,
              34.7040871228
            ],
            [
              134.3242811934,
              34.7040709297
            ],
            [
              134.3245246144,
              34.704200824
            ],
            [
              134.3244798671,
              34.7041096816
            ],
            [
              134.3245748312,
              34.7041881499
            ],
            [
              134.3246698119,
              34.7041096943
            ],
            [
              134.3248728215,
              34.7044496159
            ],
            [
              134.3245343643,
              34.7049013497
            ],
            [
              134.3246599058,
              34.7048823409
            ],
            [
              134.3246227824,
              34.704951785
            ],
            [
              134.3244382842,
              34.7050419267
            ],
            [
              134.3246325903,
              34.7051122317
            ],
            [
              134.324469933,
              34.705125744
            ],
            [
              134.3245900051,
              34.7052150603
            ],
            [
              134.3244742803,
              34.7053052066
            ],
            [
              134.3245277582,
              34.7054277636
            ],
            [
              134.3244175019,
              34.7054205719
            ],
            [
              134.3245506671,
              34.7055765191
            ],
            [
              134.3244895202,
              34.7057082245
            ],
            [
              134.3246008574,
              34.705819938
            ],
            [
              134.3245309743,
              34.7059786891
            ],
            [
              134.3243421057,
              34.7060805217
            ],
            [
              134.3244763739,
              34.7061391307
            ],
            [
              134.324492721,
              34.7063987471
            ],
            [
              134.3246881388,
              34.7063086058
            ],
            [
              134.3248398777,
              34.7063338305
            ],
            [
              134.3249282528,
              34.7068216532
            ],
            [
              134.3247197469,
              34.7067882545
            ],
            [
              134.3246531422,
              34.7069089727
            ],
            [
              134.324342015,
              34.70691177
            ],
            [
              134.3244839156,
              34.7070695486
            ],
            [
              134.3242764866,
              34.7071668725
            ],
            [
              134.324070161,
              34.7071551675
            ],
            [
              134.3239074917,
              34.7072389708
            ],
            [
              134.3235723516,
              34.7071973926
            ],
            [
              134.3232393534,
              34.7074976939
            ],
            [
              134.3230417142,
              34.7078582954
            ],
            [
              134.3227906027,
              34.7080447826
            ],
            [
              134.3227381687,
              34.7083027031
            ],
            [
              134.3228931303,
              34.708766023
            ],
            [
              134.3233832314,
              34.7093557221
            ],
            [
              134.3233122527,
              34.7095026402
            ],
            [
              134.3233154815,
              34.7098849493
            ],
            [
              134.323502136,
              34.7101220393
            ],
            [
              134.3234748315,
              34.7102193758
            ],
            [
              134.3236134755,
              34.7102527702
            ],
            [
              134.3235435868,
              34.7104113806
            ],
            [
              134.3235926701,
              34.7107846772
            ],
            [
              134.3238131604,
              34.7111129089
            ],
            [
              134.3241057099,
              34.7114121259
            ],
            [
              134.3247301439,
              34.7117448798
            ],
            [
              134.326403719,
              34.712358832
            ],
            [
              134.3269998124,
              34.7123643492
            ],
            [
              134.3273600967,
              34.712258014
            ],
            [
              134.3274769255,
              34.7120867322
            ],
            [
              134.3274299908,
              34.7119568572
            ],
            [
              134.3277411475,
              34.7118072747
            ],
            [
              134.3277629921,
              34.7116747254
            ],
            [
              134.3279562311,
              34.7116485319
            ],
            [
              134.3282117156,
              34.7113772361
            ],
            [
              134.3282139045,
              34.7112744053
            ],
            [
              134.3283874948,
              34.7111887644
            ],
            [
              134.3284781169,
              34.7110445213
            ],
            [
              134.3284246316,
              34.710910276
            ],
            [
              134.328578563,
              34.7109228169
            ],
            [
              134.3285578241,
              34.7108561875
            ],
            [
              134.3286517152,
              34.710808296
            ],
            [
              134.3286080598,
              34.710577558
            ],
            [
              134.3287576345,
              34.710437824
            ],
            [
              134.3293875646,
              34.7102493619
            ],
            [
              134.3293777583,
              34.7098617023
            ],
            [
              134.329843926,
              34.7097057738
            ],
            [
              134.3299902122,
              34.7097725456
            ],
            [
              134.3301506962,
              34.7097094407
            ],
            [
              134.3305262546,
              34.7094218009
            ],
            [
              134.3306146953,
              34.7090603434
            ],
            [
              134.3310011606,
              34.7089962547
            ],
            [
              134.3316725666,
              34.7085329554
            ],
            [
              134.3320448324,
              34.7086401544
            ],
            [
              134.3321660092,
              34.7087303075
            ],
            [
              134.332163824,
              34.7088384912
            ],
            [
              134.3324520302,
              34.7090025971
            ],
            [
              134.3331365253,
              34.7092144522
            ],
            [
              134.3331801928,
              34.7093488356
            ],
            [
              134.3333221147,
              34.7092748808
            ],
            [
              134.3333537743,
              34.7091703598
            ],
            [
              134.3334662195,
              34.7093703853
            ],
            [
              134.3337151281,
              34.7092812145
            ],
            [
              134.3338472245,
              34.7093443196
            ],
            [
              134.3338854357,
              34.7097301454
            ],
            [
              134.3340579256,
              34.7096904193
            ],
            [
              134.3341114216,
              34.7100313088
            ],
            [
              134.3340546543,
              34.7103323356
            ],
            [
              134.3339094561,
              34.7103874161
            ],
            [
              134.3339640431,
              34.7106027957
            ],
            [
              134.3338461381,
              34.7108498725
            ],
            [
              134.3339367517,
              34.7109543923
            ],
            [
              134.3338657907,
              34.7112789438
            ],
            [
              134.3341114316,
              34.7115278457
            ],
            [
              134.3346573009,
              34.7116963036
            ],
            [
              134.3350787099,
              34.7116999558
            ],
            [
              134.3362086484,
              34.7115962515
            ],
            [
              134.3367697907,
              34.7114132507
            ],
            [
              134.3370896545,
              34.7111130589
            ],
            [
              134.3370274072,
              34.7106432811
            ],
            [
              134.3369586265,
              34.7105828535
            ],
            [
              134.3369968272,
              34.710348455
            ],
            [
              134.3371824061,
              34.7100527748
            ],
            [
              134.3374968069,
              34.7097958268
            ],
            [
              134.3374400337,
              34.7096984922
            ],
            [
              134.3375197193,
              34.7095046605
            ],
            [
              134.3378264806,
              34.7093567409
            ],
            [
              134.3379465503,
              34.7090141552
            ],
            [
              134.3377511108,
              34.7084931093
            ],
            [
              134.3371375733,
              34.7083218445
            ],
            [
              134.3370873418,
              34.7079864504
            ],
            [
              134.3372500017,
              34.7079622155
            ],
            [
              134.3370251005,
              34.7076114732
            ],
            [
              134.337136449,
              34.7075430097
            ],
            [
              134.3371157001,
              34.7073752417
            ],
            [
              134.337415901,
              34.7071480169
            ],
            [
              134.3376211476,
              34.7073987457
            ],
            [
              134.3376003921,
              34.7071102578
            ],
            [
              134.3378372704,
              34.7068144339
            ],
            [
              134.338057805,
              34.7071444668
            ],
            [
              134.3382477387,
              34.7068225848
            ],
            [
              134.3384518845,
              34.7068848371
            ],
            [
              134.3387269954,
              34.7070497738
            ],
            [
              134.3387652136,
              34.7072083847
            ],
            [
              134.3390064906,
              34.7074743224
            ],
            [
              134.3393798435,
              34.7074589477
            ],
            [
              134.3401145164,
              34.7071163235
            ],
            [
              134.3402738802,
              34.706854025
            ],
            [
              134.3401232195,
              34.7067196512
            ],
            [
              134.3402268858,
              34.706177883
            ],
            [
              134.3401799274,
              34.7059578576
            ],
            [
              134.3404637259,
              34.7055504619
            ],
            [
              134.3404768121,
              34.7053818467
            ],
            [
              134.3407005912,
              34.70526731
            ],
            [
              134.3407289588,
              34.7050843261
            ],
            [
              134.3406328866,
              34.7049977021
            ],
            [
              134.341056411,
              34.7046028324
            ],
            [
              134.34109569,
              34.7043739266
            ],
            [
              134.3409854303,
              34.7043260407
            ],
            [
              134.340912251,
              34.7038645767
            ],
            [
              134.3411087356,
              34.7037599012
            ],
            [
              134.3412004391,
              34.7038320169
            ],
            [
              134.3413281293,
              34.7034930896
            ],
            [
              134.3415125988,
              34.7033253084
            ],
            [
              134.3419557999,
              34.7033371076
            ],
            [
              134.3421206586,
              34.7035696598
            ],
            [
              134.3426893903,
              34.7035055217
            ],
            [
              134.3423957728,
              34.7038013591
            ],
            [
              134.3426195545,
              34.7037751398
            ],
            [
              134.3424929399,
              34.7039148868
            ],
            [
              134.3425082531,
              34.7042060507
            ],
            [
              134.3422244501,
              34.7044296241
            ],
            [
              134.3422386526,
              34.7045406235
            ],
            [
              134.3421207654,
              34.7046406454
            ],
            [
              134.3420793197,
              34.7050102745
            ],
            [
              134.3421535796,
              34.7052888971
            ],
            [
              134.342540063,
              34.7056638441
            ],
            [
              134.3426317842,
              34.7058738641
            ],
            [
              134.3425837569,
              34.7059271141
            ],
            [
              134.3428283436,
              34.7064382877
            ],
            [
              134.3427573965,
              34.7065428139
            ],
            [
              134.3429462543,
              34.7065382902
            ],
            [
              134.3431198491,
              34.7067167493
            ],
            [
              134.3434309779,
              34.7067455985
            ],
            [
              134.3439026074,
              34.7069826284
            ],
            [
              134.3440368784,
              34.7069447237
            ],
            [
              134.3443742639,
              34.7074134844
            ],
            [
              134.3447672923,
              34.70760192
            ],
            [
              134.3452629214,
              34.7076506079
            ],
            [
              134.3456232082,
              34.7078804583
            ],
            [
              134.345961643,
              34.7079705737
            ],
            [
              134.346128658,
              34.7078839239
            ],
            [
              134.3462563985,
              34.7079758929
            ],
            [
              134.346435419,
              34.7078703661
            ],
            [
              134.3465009418,
              34.7080155888
            ],
            [
              134.3467662309,
              34.7080786646
            ],
            [
              134.34693765,
              34.7082354248
            ],
            [
              134.346872169,
              34.7083661537
            ],
            [
              134.3469573424,
              34.7085050342
            ],
            [
              134.3468711238,
              34.7086663336
            ],
            [
              134.3469595691,
              34.7087826756
            ],
            [
              134.346873376,
              34.7091108976
            ],
            [
              134.3470076794,
              34.7092668164
            ],
            [
              134.3468744958,
              34.7092920471
            ],
            [
              134.3465743321,
              34.7096490303
            ],
            [
              134.3465798377,
              34.7099600556
            ],
            [
              134.3467250644,
              34.7101511897
            ],
            [
              134.3466213977,
              34.7104532126
            ],
            [
              134.3459598606,
              34.7107489605
            ],
            [
              134.3449216691,
              34.7110043166
            ],
            [
              134.3445876332,
              34.7112477624
            ],
            [
              134.3439992652,
              34.7118229611
            ],
            [
              134.3438530099,
              34.7121104739
            ],
            [
              134.3433039125,
              34.7124901452
            ],
            [
              134.3431468036,
              34.7133384266
            ],
            [
              134.3428804713,
              34.7138127298
            ],
            [
              134.3429307059,
              34.7139289358
            ],
            [
              134.3426883487,
              34.7140488295
            ],
            [
              134.3426446923,
              34.7141723682
            ],
            [
              134.3424405298,
              34.7141498471
            ],
            [
              134.3420944602,
              34.7143311633
            ],
            [
              134.3414787546,
              34.7148369009
            ],
            [
              134.3412189674,
              34.7154021947
            ],
            [
              134.3403663724,
              34.7163894051
            ],
            [
              134.3394918754,
              34.7167771056
            ],
            [
              134.3390693761,
              34.7171530862
            ],
            [
              134.3388455849,
              34.7175704671
            ],
            [
              134.3388619961,
              34.7180689727
            ],
            [
              134.3389624628,
              34.7183502664
            ],
            [
              134.3388707597,
              34.7184918366
            ],
            [
              134.3388631534,
              34.7190245717
            ],
            [
              134.3389417709,
              34.7191093665
            ],
            [
              134.3386623193,
              34.7199783493
            ],
            [
              134.3381862909,
              34.7202605152
            ],
            [
              134.3379166241,
              34.7206653607
            ],
            [
              134.3374962687,
              34.7208384946
            ],
            [
              134.3370649996,
              34.7212054533
            ],
            [
              134.3349511703,
              34.7224801551
            ],
            [
              134.3334509133,
              34.7230346027
            ],
            [
              134.3328623806,
              34.723144617
            ],
            [
              134.3319528314,
              34.7231589831
            ],
            [
              134.3315117106,
              34.7230093857
            ],
            [
              134.3313555815,
              34.7226713195
            ],
            [
              134.3315204717,
              34.7222187372
            ],
            [
              134.3314757071,
              34.7221394323
            ],
            [
              134.3312027451,
              34.7219023618
            ],
            [
              134.3306928413,
              34.7218103742
            ],
            [
              134.3300071802,
              34.7210223925
            ],
            [
              134.32897105,
              34.720174957
            ],
            [
              134.3283924126,
              34.7194682466
            ],
            [
              134.3274895104,
              34.718745183
            ],
            [
              134.3272831847,
              34.7183647129
            ],
            [
              134.3270168539,
              34.7174416478
            ],
            [
              134.3267941473,
              34.7171611864
            ],
            [
              134.3266806413,
              34.7166770463
            ],
            [
              134.3264895997,
              34.7164039105
            ],
            [
              134.3252264932,
              34.7153779657
            ],
            [
              134.3245376563,
              34.7146774307
            ],
            [
              134.3233607768,
              34.7142401261
            ],
            [
              134.3227559457,
              34.7141634552
            ],
            [
              134.3208997813,
              34.7150792724
            ],
            [
              134.3198057554,
              34.7154000156
            ],
            [
              134.3194421572,
              34.7155794247
            ],
            [
              134.3185762728,
              34.7160733046
            ],
            [
              134.3181995214,
              34.7164932981
            ],
            [
              134.3177092411,
              34.7167979096
            ],
            [
              134.3172724008,
              34.7173757957
            ],
            [
              134.3166858453,
              34.7185728818
            ],
            [
              134.3161550482,
              34.7193517602
            ],
            [
              134.3157989033,
              34.7202927909
            ],
            [
              134.3146696221,
              34.7216097878
            ],
            [
              134.3144839374,
              34.7218954206
            ],
            [
              134.3144926423,
              34.7220234632
            ],
            [
              134.3141977493,
              34.7223885226
            ],
            [
              134.3141441852,
              34.7226526257
            ],
            [
              134.3142151421,
              34.7227175735
            ],
            [
              134.314029509,
              34.7227716328
            ],
            [
              134.3137083859,
              34.723214301
            ],
            [
              134.3133008452,
              34.72428068
            ],
            [
              134.3122804969,
              34.7262295807
            ],
            [
              134.3120161725,
              34.7265215361
            ],
            [
              134.3112003376,
              34.7271091967
            ],
            [
              134.3102098242,
              34.727531873
            ],
            [
              134.3086275327,
              34.7277649603
            ],
            [
              134.3081939877,
              34.7279100965
            ],
            [
              134.3080312354,
              34.7280840238
            ],
            [
              134.3076075212,
              34.7282109893
            ],
            [
              134.3067950731,
              34.7283325134
            ],
            [
              134.3065068177,
              34.7282783587
            ],
            [
              134.3061180641,
              34.7283386989
            ],
            [
              134.3054463577,
              34.7288145089
            ],
            [
              134.3045334456,
              34.7289351498
            ],
            [
              134.3041239121,
              34.7290792913
            ],
            [
              134.3026388326,
              34.7291303351
            ],
            [
              134.3023199016,
              34.7293437975
            ],
            [
              134.3017182184,
              34.7293761789
            ],
            [
              134.2986843893,
              34.7302498106
            ],
            [
              134.2973269974,
              34.7304116869
            ],
            [
              134.2967548208,
              34.7303754569
            ],
            [
              134.2963945316,
              34.7302364598
            ],
            [
              134.2954325756,
              34.7300802322
            ],
            [
              134.2941046539,
              34.7302736402
            ],
            [
              134.2929670374,
              34.7298225136
            ],
            [
              134.2922793289,
              34.7293526529
            ],
            [
              134.2917981094,
              34.728672692
            ],
            [
              134.29098046,
              34.7282333467
            ],
            [
              134.2905548141,
              34.7278149809
            ],
            [
              134.2890233944,
              34.7267289548
            ],
            [
              134.2885497409,
              34.7262698546
            ],
            [
              134.2882824461,
              34.7258488609
            ],
            [
              134.2874224694,
              34.7250253425
            ],
            [
              134.2868025256,
              34.7245599801
            ],
            [
              134.28641935,
              34.7244137591
            ],
            [
              134.2859214034,
              34.724490195
            ],
            [
              134.2855043773,
              34.7243484654
            ],
            [
              134.2854050852,
              34.7242231991
            ],
            [
              134.2854182729,
              34.724077976
            ],
            [
              134.2858586981,
              34.7233786266
            ],
            [
              134.2859890238,
              34.7226871851
            ],
            [
              134.2862678746,
              34.7219318495
            ]
          ]
        ]
      }
    },
    {
      "type": "Feature",
      "properties": {
        "key_code": "33211074018",
        "pref": "岡山県",
        "city": "備前市",
        "ward": "",
        "district": "日生町日生鹿久居島",
        "name": "備前市  日生町日生鹿久居島"
      },
      "geometry": {
        "type": "Polygon",
        "coordinates": [
          [
            [
              134.3320259748,
              34.707051628
            ],
            [
              134.3321634573,
              34.7072350339
            ],
            [
              134.3321634547,
              34.7073933653
            ],
            [
              134.3321134531,
              34.7075516966
            ],
            [
              134.3319134758,
              34.7077100276
            ],
            [
              134.3317759791,
              34.7076683314
            ],
            [
              134.3316635116,
              34.7072850394
            ],
            [
              134.3317759916,
              34.7070767015
            ],
            [
              134.3320259748,
              34.707051628
            ]
          ]
        ]
      }
    },
    {
      "type": "Feature",
      "properties": {
        "key_code": "33211074019",
        "pref": "岡山県",
        "city": "備前市",
        "ward": "",
        "district": "日生町日生鴻島",
        "name": "備前市  日生町日生鴻島"
      },
      "geometry": {
        "type": "Polygon",
        "coordinates": [
          [
            [
              134.2637460126,
              34.6957688374
            ],
            [
              134.2640047049,
              34.6957726437
            ],
            [
              134.2641027407,
              34.6960161099
            ],
            [
              134.264019777,
              34.696023248
            ],
            [
              134.2639903715,
              34.6959412488
            ],
            [
              134.2637031806,
              34.6960843472
            ],
            [
              134.2636604107,
              34.6963250583
            ],
            [
              134.2634016368,
              34.6964168968
            ],
            [
              134.2633885988,
              34.6963420909
            ],
            [
              134.2635971705,
              34.6962385325
            ],
            [
              134.26366825,
              34.696083482
            ],
            [
              134.2635657786,
              34.6959256578
            ],
            [
              134.2637895882,
              34.6958716915
            ],
            [
              134.2637460126,
              34.6957688374
            ]
          ]
        ]
      }
    },
    {
      "type": "Feature",
      "properties": {
        "key_code": "33211074019",
        "pref": "岡山県",
        "city": "備前市",
        "ward": "",
        "district": "日生町日生鴻島",
        "name": "備前市  日生町日生鴻島"
      },
      "geometry": {
        "type": "Polygon",
        "coordinates": [
          [
            [
              134.2494637221,
              34.6958921071
            ],
            [
              134.2496036386,
              34.6956875261
            ],
            [
              134.250066503,
              34.6956138686
            ],
            [
              134.2508244802,
              34.6951211923
            ],
            [
              134.2510788661,
              34.695044723
            ],
            [
              134.2518384854,
              34.695085763
            ],
            [
              134.2521889904,
              34.6949400468
            ],
            [
              134.2522784106,
              34.6950175751
            ],
            [
              134.252456325,
              34.6950150077
            ],
            [
              134.2525306632,
              34.6948923639
            ],
            [
              134.2525185697,
              34.6949798309
            ],
            [
              134.2526494576,
              34.6950692168
            ],
            [
              134.2529854594,
              34.6952460627
            ],
            [
              134.2530913494,
              34.6952245755
            ],
            [
              134.2531468679,
              34.6953760349
            ],
            [
              134.2530747606,
              34.6954471268
            ],
            [
              134.2534805468,
              34.6956981071
            ],
            [
              134.2539621227,
              34.6954540023
            ],
            [
              134.2539012455,
              34.69519802
            ],
            [
              134.2539701694,
              34.6950276181
            ],
            [
              134.2540958768,
              34.69483387
            ],
            [
              134.2543667351,
              34.6946619054
            ],
            [
              134.2550813715,
              34.6949336211
            ],
            [
              134.2553404049,
              34.6945695173
            ],
            [
              134.2554838894,
              34.6940630804
            ],
            [
              134.2546587243,
              34.694089637
            ],
            [
              134.2546556878,
              34.6938542631
            ],
            [
              134.2547013252,
              34.6940598007
            ],
            [
              134.2554828255,
              34.6940342035
            ],
            [
              134.2554339617,
              34.6937807739
            ],
            [
              134.2553401804,
              34.693701416
            ],
            [
              134.2550389203,
              34.6937210988
            ],
            [
              134.2545042795,
              34.693553162
            ],
            [
              134.254135811,
              34.6931129049
            ],
            [
              134.25383345,
              34.6931479372
            ],
            [
              134.253498054,
              34.6934650854
            ],
            [
              134.2532851456,
              34.6935405974
            ],
            [
              134.2524668247,
              34.6932841611
            ],
            [
              134.2518315728,
              34.6933188442
            ],
            [
              134.2509272349,
              34.6928658497
            ],
            [
              134.2507746466,
              34.692661934
            ],
            [
              134.2507704702,
              34.6924816346
            ],
            [
              134.2509866972,
              34.6923664078
            ],
            [
              134.2516372533,
              34.6923010322
            ],
            [
              134.2518951034,
              34.6920379303
            ],
            [
              134.252220475,
              34.6919182612
            ],
            [
              134.2533794634,
              34.692018977
            ],
            [
              134.2535586242,
              34.6918532969
            ],
            [
              134.2536614734,
              34.6916054508
            ],
            [
              134.2539199413,
              34.6917994255
            ],
            [
              134.2545659028,
              34.6919629237
            ],
            [
              134.2547526819,
              34.6918187973
            ],
            [
              134.2544257144,
              34.6913606765
            ],
            [
              134.2545984444,
              34.69107315
            ],
            [
              134.2552997388,
              34.6904660495
            ],
            [
              134.2556009701,
              34.6904589022
            ],
            [
              134.2557961821,
              34.6906150861
            ],
            [
              134.2558243995,
              34.6907718762
            ],
            [
              134.2562357271,
              34.6909110007
            ],
            [
              134.2569520416,
              34.6905561745
            ],
            [
              134.2571454082,
              34.6903606356
            ],
            [
              134.2574369137,
              34.6902599491
            ],
            [
              134.2580053803,
              34.6904225401
            ],
            [
              134.2580761751,
              34.6905748464
            ],
            [
              134.2585356627,
              34.6905715847
            ],
            [
              134.2585704974,
              34.6906625974
            ],
            [
              134.2586644313,
              34.690587855
            ],
            [
              134.2586872812,
              34.6906618184
            ],
            [
              134.2585955625,
              34.6907050093
            ],
            [
              134.2588934173,
              34.6908078618
            ],
            [
              134.2588691837,
              34.6910387121
            ],
            [
              134.259152726,
              34.6912759331
            ],
            [
              134.2592870257,
              34.6912210742
            ],
            [
              134.2593468243,
              34.6914626765
            ],
            [
              134.2596001627,
              34.691323087
            ],
            [
              134.2596350433,
              34.691372688
            ],
            [
              134.2593588165,
              34.6914780372
            ],
            [
              134.2596412237,
              34.6917630062
            ],
            [
              134.2604487294,
              34.6919519372
            ],
            [
              134.2609784157,
              34.6916060139
            ],
            [
              134.2612261586,
              34.6916250307
            ],
            [
              134.2612655483,
              34.691521382
            ],
            [
              134.2616669687,
              34.6917867036
            ],
            [
              134.2614694021,
              34.691796452
            ],
            [
              134.2614473917,
              34.6919930767
            ],
            [
              134.2610269598,
              34.6922235606
            ],
            [
              134.260982041,
              34.6924038323
            ],
            [
              134.2608520719,
              34.6924939063
            ],
            [
              134.2604797553,
              34.6926217304
            ],
            [
              134.2599155357,
              34.6925357614
            ],
            [
              134.2594417131,
              34.6926797331
            ],
            [
              134.2593837401,
              34.6928157691
            ],
            [
              134.2592309134,
              34.6928427286
            ],
            [
              134.2591087888,
              34.6927182836
            ],
            [
              134.2589887327,
              34.6927163856
            ],
            [
              134.2586675534,
              34.6930282039
            ],
            [
              134.2587160596,
              34.6936646222
            ],
            [
              134.258874006,
              34.6939929078
            ],
            [
              134.259825821,
              34.6939221639
            ],
            [
              134.2600669913,
              34.6939737181
            ],
            [
              134.2602338387,
              34.6941405905
            ],
            [
              134.2605667308,
              34.6941606465
            ],
            [
              134.2606942404,
              34.6943689073
            ],
            [
              134.2608415863,
              34.6943780079
            ],
            [
              134.2608414792,
              34.6944933702
            ],
            [
              134.2612365376,
              34.6945720566
            ],
            [
              134.2613544359,
              34.694554095
            ],
            [
              134.2617815426,
              34.6942019154
            ],
            [
              134.2620238612,
              34.6942010678
            ],
            [
              134.2621514523,
              34.6943246727
            ],
            [
              134.2620858335,
              34.6944652118
            ],
            [
              134.2622045368,
              34.6947691097
            ],
            [
              134.2621279184,
              34.6950089512
            ],
            [
              134.2619258665,
              34.6951494166
            ],
            [
              134.2619945359,
              34.6952603156
            ],
            [
              134.2619475378,
              34.6953360727
            ],
            [
              134.2616199252,
              34.6955161894
            ],
            [
              134.2613306265,
              34.6955664519
            ],
            [
              134.2614155237,
              34.6958459738
            ],
            [
              134.2612867164,
              34.6958559009
            ],
            [
              134.2612454785,
              34.6955727412
            ],
            [
              134.2611800138,
              34.6955411499
            ],
            [
              134.2607201867,
              34.6958781098
            ],
            [
              134.2607352735,
              34.6961080075
            ],
            [
              134.2610101117,
              34.6963696099
            ],
            [
              134.2606191639,
              34.6965757467
            ],
            [
              134.2602805254,
              34.6968748828
            ],
            [
              134.2601576295,
              34.6976095537
            ],
            [
              134.2603329425,
              34.6968460368
            ],
            [
              134.2606562736,
              34.6965775994
            ],
            [
              134.26134643,
              34.6962290821
            ],
            [
              134.2619539418,
              34.6967820389
            ],
            [
              134.2627330318,
              34.6971035096
            ],
            [
              134.2628343369,
              34.6973550086
            ],
            [
              134.2627425996,
              34.6974118654
            ],
            [
              134.2628014586,
              34.6975110664
            ],
            [
              134.2627358855,
              34.6976056894
            ],
            [
              134.2627991843,
              34.6976164309
            ],
            [
              134.2626495159,
              34.6977687596
            ],
            [
              134.2625289774,
              34.6983204523
            ],
            [
              134.2628027503,
              34.6985630338
            ],
            [
              134.2633942398,
              34.6987311345
            ],
            [
              134.2633810611,
              34.6988239561
            ],
            [
              134.2635385588,
              34.6984562504
            ],
            [
              134.2636160027,
              34.6985194004
            ],
            [
              134.2638989758,
              34.6982148719
            ],
            [
              134.2637549591,
              34.6981291468
            ],
            [
              134.2639852516,
              34.6981625188
            ],
            [
              134.2639949778,
              34.6982788768
            ],
            [
              134.2642329643,
              34.6982447789
            ],
            [
              134.2643838581,
              34.6979365131
            ],
            [
              134.2645814668,
              34.697893377
            ],
            [
              134.2649092095,
              34.6975581623
            ],
            [
              134.2651329624,
              34.6975771609
            ],
            [
              134.2654005181,
              34.6974240479
            ],
            [
              134.265819475,
              34.6976676869
            ],
            [
              134.2659232809,
              34.6975343454
            ],
            [
              134.2659821988,
              34.6975650849
            ],
            [
              134.2658630918,
              34.6977236329
            ],
            [
              134.2662592212,
              34.6978510462
            ],
            [
              134.2663684053,
              34.6978158886
            ],
            [
              134.2662953929,
              34.6976689289
            ],
            [
              134.2663554445,
              34.6976490997
            ],
            [
              134.2664251887,
              34.6977907044
            ],
            [
              134.2666555841,
              34.6976961677
            ],
            [
              134.2672422468,
              34.6970680896
            ],
            [
              134.2674507427,
              34.697056508
            ],
            [
              134.2678097022,
              34.6972568641
            ],
            [
              134.268068465,
              34.6971767073
            ],
            [
              134.2681952966,
              34.696908993
            ],
            [
              134.2678649179,
              34.6964500292
            ],
            [
              134.2680090369,
              34.6964077042
            ],
            [
              134.2680126936,
              34.6959208832
            ],
            [
              134.2681395507,
              34.695618939
            ],
            [
              134.2681408821,
              34.6953159437
            ],
            [
              134.2684095228,
              34.6951583172
            ],
            [
              134.2688231753,
              34.6952027623
            ],
            [
              134.2688829426,
              34.6955445276
            ],
            [
              134.2693029746,
              34.6958115381
            ],
            [
              134.2701338142,
              34.6955748888
            ],
            [
              134.2702003255,
              34.6956632438
            ],
            [
              134.2704710375,
              34.6956516885
            ],
            [
              134.2706826301,
              34.6958663296
            ],
            [
              134.2707427824,
              34.6957112697
            ],
            [
              134.2709947763,
              34.6959107172
            ],
            [
              134.2713932054,
              34.6958855601
            ],
            [
              134.2714453849,
              34.6961668892
            ],
            [
              134.2715751493,
              34.6963364119
            ],
            [
              134.2715367941,
              34.6965375453
            ],
            [
              134.2710767864,
              34.6971620438
            ],
            [
              134.2711405285,
              34.6980320454
            ],
            [
              134.2713106454,
              34.6982538487
            ],
            [
              134.2708579876,
              34.6992372698
            ],
            [
              134.2703762122,
              34.6997554039
            ],
            [
              134.2691354855,
              34.7006454491
            ],
            [
              134.268703916,
              34.7011464177
            ],
            [
              134.267610047,
              34.7012585379
            ],
            [
              134.2674474563,
              34.7011881614
            ],
            [
              134.2671464307,
              34.7008679615
            ],
            [
              134.266823344,
              34.7008362366
            ],
            [
              134.26591263,
              34.7012405893
            ],
            [
              134.2663748682,
              34.7019809319
            ],
            [
              134.2662722673,
              34.7019700307
            ],
            [
              134.2658645731,
              34.7012747924
            ],
            [
              134.2656155161,
              34.7014900379
            ],
            [
              134.2654875637,
              34.7017757795
            ],
            [
              134.2654980589,
              34.7022914846
            ],
            [
              134.2653689647,
              34.7026421639
            ],
            [
              134.2648655032,
              34.7029185441
            ],
            [
              134.2643076192,
              34.7030003596
            ],
            [
              134.2641961743,
              34.7031183417
            ],
            [
              134.2642102631,
              34.703245549
            ],
            [
              134.2643270474,
              34.7032644888
            ],
            [
              134.2641698123,
              34.7033166621
            ],
            [
              134.2641351155,
              34.7030371707
            ],
            [
              134.2636297422,
              34.7029792769
            ],
            [
              134.2630685659,
              34.7030826377
            ],
            [
              134.261991167,
              34.7030486414
            ],
            [
              134.2618622692,
              34.7031530886
            ],
            [
              134.2618217634,
              34.7032864629
            ],
            [
              134.2621289957,
              34.7040016576
            ],
            [
              134.2625469872,
              34.7041199379
            ],
            [
              134.2626519691,
              34.7039009556
            ],
            [
              134.2629204869,
              34.7039289987
            ],
            [
              134.2626912263,
              34.7039514072
            ],
            [
              134.2626081135,
              34.7041271568
            ],
            [
              134.2632291491,
              34.7042473815
            ],
            [
              134.2634200942,
              34.7043556712
            ],
            [
              134.2641321493,
              34.7053054829
            ],
            [
              134.264081558,
              34.7057588913
            ],
            [
              134.2638727405,
              34.7061347385
            ],
            [
              134.2634041644,
              34.7064436696
            ],
            [
              134.2632022115,
              34.7064390486
            ],
            [
              134.2630265593,
              34.7063127367
            ],
            [
              134.262782028,
              34.7063144305
            ],
            [
              134.2615918375,
              34.7066481587
            ],
            [
              134.2609370652,
              34.70638817
            ],
            [
              134.26002344,
              34.706280299
            ],
            [
              134.2594839733,
              34.7065018459
            ],
            [
              134.2588436886,
              34.7071567705
            ],
            [
              134.2585608547,
              34.7072657746
            ],
            [
              134.2579180903,
              34.7070228357
            ],
            [
              134.2576537257,
              34.7072255227
            ],
            [
              134.2573243305,
              34.7069161356
            ],
            [
              134.2567479363,
              34.70691664
            ],
            [
              134.2567459386,
              34.7067174589
            ],
            [
              134.2570868989,
              34.7063111326
            ],
            [
              134.2569244556,
              34.706081149
            ],
            [
              134.2566352622,
              34.7059826549
            ],
            [
              134.2560457346,
              34.7060310415
            ],
            [
              134.2558731483,
              34.7061498257
            ],
            [
              134.2559122319,
              34.7063833985
            ],
            [
              134.2557463841,
              34.7062931468
            ],
            [
              134.2551009068,
              34.7066316715
            ],
            [
              134.2548443408,
              34.7066630684
            ],
            [
              134.2537290102,
              34.7063207914
            ],
            [
              134.2531307574,
              34.7063528184
            ],
            [
              134.2523614245,
              34.7060720198
            ],
            [
              134.2518036234,
              34.7060454672
            ],
            [
              134.2514261123,
              34.705852387
            ],
            [
              134.2505942818,
              34.7058563613
            ],
            [
              134.2503138087,
              34.7057777194
            ],
            [
              134.2504965349,
              34.7053559561
            ],
            [
              134.251108087,
              34.7051119531
            ],
            [
              134.2515757125,
              34.7046922001
            ],
            [
              134.2521414569,
              34.7044013971
            ],
            [
              134.2520503404,
              34.7038108452
            ],
            [
              134.2518007591,
              34.7034031723
            ],
            [
              134.2517758282,
              34.7032263751
            ],
            [
              134.2521417419,
              34.7029940444
            ],
            [
              134.2527880015,
              34.7029575439
            ],
            [
              134.2530675645,
              34.7028341831
            ],
            [
              134.2532740715,
              34.7026359784
            ],
            [
              134.2533802387,
              34.7023403756
            ],
            [
              134.2529261836,
              34.7022958637
            ],
            [
              134.252933877,
              34.7022444543
            ],
            [
              134.2533846538,
              34.7022889641
            ],
            [
              134.2533869563,
              34.7021681068
            ],
            [
              134.2531156716,
              34.701637031
            ],
            [
              134.252744917,
              34.7012499957
            ],
            [
              134.2525714649,
              34.7011426923
            ],
            [
              134.2522723019,
              34.7012146265
            ],
            [
              134.2519362023,
              34.7011142631
            ],
            [
              134.2516570613,
              34.7008130673
            ],
            [
              134.2514764952,
              34.7001782328
            ],
            [
              134.2508687645,
              34.6999227486
            ],
            [
              134.2502677792,
              34.6994742874
            ],
            [
              134.2500576928,
              34.698907048
            ],
            [
              134.2500960713,
              34.6987349402
            ],
            [
              134.250281675,
              34.6986908289
            ],
            [
              134.2510259145,
              34.6988654054
            ],
            [
              134.2514582689,
              34.6987556646
            ],
            [
              134.2514125731,
              34.6986050556
            ],
            [
              134.2511572678,
              34.6984958689
            ],
            [
              134.2508912259,
              34.6982098934
            ],
            [
              134.2504526352,
              34.698012129
            ],
            [
              134.2504342955,
              34.6978020935
            ],
            [
              134.250711072,
              34.6971802268
            ],
            [
              134.2506348637,
              34.6969855093
            ],
            [
              134.2504406521,
              34.6969141104
            ],
            [
              134.2501871689,
              34.6971645414
            ],
            [
              134.2498683105,
              34.6973059031
            ],
            [
              134.2494637221,
              34.6958921071
            ]
          ]
        ]
      }
    },
    {
      "type": "Feature",
      "properties": {
        "key_code": "33211074019",
        "pref": "岡山県",
        "city": "備前市",
        "ward": "",
        "district": "日生町日生鴻島",
        "name": "備前市  日生町日生鴻島"
      },
      "geometry": {
        "type": "Polygon",
        "coordinates": [
          [
            [
              134.2496617473,
              34.711536156
            ],
            [
              134.2494468636,
              34.71135205
            ],
            [
              134.2493174944,
              34.7108165483
            ],
            [
              134.2491582897,
              34.7106343095
            ],
            [
              134.2477719334,
              34.7105315459
            ],
            [
              134.2474621493,
              34.7102834213
            ],
            [
              134.2474603351,
              34.7099263361
            ],
            [
              134.2483184941,
              34.7098412655
            ],
            [
              134.2484867087,
              34.709748549
            ],
            [
              134.2494931133,
              34.7098826089
            ],
            [
              134.2503152602,
              34.7097777799
            ],
            [
              134.2512282877,
              34.709400576
            ],
            [
              134.2531479777,
              34.7088770794
            ],
            [
              134.2540561936,
              34.7089362421
            ],
            [
              134.254551378,
              34.709398152
            ],
            [
              134.2548460818,
              34.7094524235
            ],
            [
              134.2563554146,
              34.7087780428
            ],
            [
              134.2571403781,
              34.7087235732
            ],
            [
              134.2575321022,
              34.7089293229
            ],
            [
              134.2579567123,
              34.7089926785
            ],
            [
              134.2583390715,
              34.7086890616
            ],
            [
              134.2585151336,
              34.7083448961
            ],
            [
              134.2591911158,
              34.7080793383
            ],
            [
              134.2596845894,
              34.708029051
            ],
            [
              134.2606255127,
              34.7081486302
            ],
            [
              134.2614651465,
              34.7079921971
            ],
            [
              134.2621046986,
              34.708194561
            ],
            [
              134.2625825979,
              34.7084959981
            ],
            [
              134.2626606197,
              34.7091865504
            ],
            [
              134.2632181403,
              34.7095871975
            ],
            [
              134.263390642,
              34.7095682778
            ],
            [
              134.2636921885,
              34.7092826368
            ],
            [
              134.2643900815,
              34.7089152323
            ],
            [
              134.2647393765,
              34.7089705026
            ],
            [
              134.2648440625,
              34.7091138173
            ],
            [
              134.2650339699,
              34.7091698437
            ],
            [
              134.2654237906,
              34.7090655371
            ],
            [
              134.2659919177,
              34.7085085923
            ],
            [
              134.2662812685,
              34.7084402885
            ],
            [
              134.2666316387,
              34.7085099214
            ],
            [
              134.2668148102,
              34.7088048457
            ],
            [
              134.266850633,
              34.7090572908
            ],
            [
              134.2671234747,
              34.7091592791
            ],
            [
              134.267861485,
              34.7091262844
            ],
            [
              134.267885592,
              34.7090144524
            ],
            [
              134.2681400977,
              34.7088297737
            ],
            [
              134.2685430619,
              34.7086586943
            ],
            [
              134.2687308178,
              34.7086796393
            ],
            [
              134.2688801554,
              34.7089645407
            ],
            [
              134.2690634443,
              34.709117894
            ],
            [
              134.2692201944,
              34.7097066406
            ],
            [
              134.2691182961,
              34.7101907334
            ],
            [
              134.2684541483,
              34.7106907343
            ],
            [
              134.2679867421,
              34.710890656
            ],
            [
              134.2677549997,
              34.7112691733
            ],
            [
              134.2673071409,
              34.7115916535
            ],
            [
              134.2667955751,
              34.712399088
            ],
            [
              134.2664733485,
              34.7126062651
            ],
            [
              134.2661689285,
              34.7137448342
            ],
            [
              134.2658784229,
              34.7138744111
            ],
            [
              134.2646238381,
              34.7140667055
            ],
            [
              134.2644349833,
              34.7140467396
            ],
            [
              134.2632837066,
              34.7134222166
            ],
            [
              134.2621930814,
              34.713390044
            ],
            [
              134.261564374,
              34.7132283953
            ],
            [
              134.2609473873,
              34.7134038336
            ],
            [
              134.2606406563,
              34.7133459005
            ],
            [
              134.2601853511,
              34.7134042319
            ],
            [
              134.2596941237,
              34.7133390065
            ],
            [
              134.2588982077,
              34.7133764387
            ],
            [
              134.2584264381,
              34.7135339294
            ],
            [
              134.2581546571,
              34.7134653117
            ],
            [
              134.2578415543,
              34.7132117166
            ],
            [
              134.2573414768,
              34.7132817113
            ],
            [
              134.2568374,
              34.7129443281
            ],
            [
              134.2566125275,
              34.7129161628
            ],
            [
              134.2562426371,
              34.712692393
            ],
            [
              134.2554859087,
              34.7128650541
            ],
            [
              134.2552215505,
              34.7130325188
            ],
            [
              134.2549944776,
              34.713026182
            ],
            [
              134.2548178091,
              34.7128187256
            ],
            [
              134.2541760119,
              34.7126712709
            ],
            [
              134.253676313,
              34.7123383865
            ],
            [
              134.2531609784,
              34.7123831403
            ],
            [
              134.2525930324,
              34.7126397139
            ],
            [
              134.2520547222,
              34.7127258619
            ],
            [
              134.2516477025,
              34.71252727
            ],
            [
              134.2510003442,
              34.7124862866
            ],
            [
              134.2505563488,
              34.7121479337
            ],
            [
              134.2503918515,
              34.7117908853
            ],
            [
              134.2500274205,
              34.7115878089
            ],
            [
              134.2496617473,
              34.711536156
            ]
          ]
        ]
      }
    },
    {
      "type": "Feature",
      "properties": {
        "key_code": "33211074019",
        "pref": "岡山県",
        "city": "備前市",
        "ward": "",
        "district": "日生町日生鴻島",
        "name": "備前市  日生町日生鴻島"
      },
      "geometry": {
        "type": "Polygon",
        "coordinates": [
          [
            [
              134.2534726224,
              34.6905596148
            ],
            [
              134.253671178,
              34.6906417129
            ],
            [
              134.2537256235,
              34.6907652771
            ],
            [
              134.2537100685,
              34.6910383896
            ],
            [
              134.253536204,
              34.69136465
            ],
            [
              134.2528695737,
              34.691141551
            ],
            [
              134.2525434594,
              34.6909286583
            ],
            [
              134.2527205242,
              34.6906753646
            ],
            [
              134.2534726224,
              34.6905596148
            ]
          ]
        ]
      }
    },
    {
      "type": "Feature",
      "properties": {
        "key_code": "33211074022",
        "pref": "岡山県",
        "city": "備前市",
        "ward": "",
        "district": "日生町日生中日生西部",
        "name": "備前市  日生町日生中日生西部"
      },
      "geometry": {
        "type": "Polygon",
        "coordinates": [
          [
            [
              134.2722576881,
              34.736800527
            ],
            [
              134.2722037372,
              34.7382336239
            ],
            [
              134.2725855209,
              34.7385587813
            ],
            [
              134.2727816082,
              34.7391699355
            ],
            [
              134.2726985045,
              34.7394917625
            ],
            [
              134.272573235,
              34.7395677656
            ],
            [
              134.2726946492,
              34.7397317884
            ],
            [
              134.2726098302,
              34.7398835945
            ],
            [
              134.2726391049,
              34.7401463161
            ],
            [
              134.2723475696,
              34.7409359805
            ],
            [
              134.271613885,
              34.7407564377
            ],
            [
              134.2718123609,
              34.7400609644
            ],
            [
              134.2715991367,
              34.7395489664
            ],
            [
              134.2714734949,
              34.7388898131
            ],
            [
              134.2706273228,
              34.7389561509
            ],
            [
              134.2696274627,
              34.7395506338
            ],
            [
              134.2694576193,
              34.7395246269
            ],
            [
              134.2693697252,
              34.7394128781
            ],
            [
              134.2695220439,
              34.7389858656
            ],
            [
              134.269343328,
              34.7386670026
            ],
            [
              134.2691164367,
              34.738516726
            ],
            [
              134.269571688,
              34.7382572152
            ],
            [
              134.2697088925,
              34.7380362743
            ],
            [
              134.270414932,
              34.7374496699
            ],
            [
              134.2704028208,
              34.7372352721
            ],
            [
              134.2700940463,
              34.7371845435
            ],
            [
              134.2692972713,
              34.7374119031
            ],
            [
              134.2690844381,
              34.7375787123
            ],
            [
              134.2685966484,
              34.7375954994
            ],
            [
              134.2682631984,
              34.737703223
            ],
            [
              134.2681119612,
              34.7375681967
            ],
            [
              134.2680775032,
              34.7371717945
            ],
            [
              134.2683702357,
              34.7368261348
            ],
            [
              134.2683367801,
              34.7364617074
            ],
            [
              134.2696208464,
              34.7360206378
            ],
            [
              134.2700743133,
              34.7354855957
            ],
            [
              134.2703720225,
              34.7353048818
            ],
            [
              134.2714937359,
              34.735236995
            ],
            [
              134.2717157832,
              34.735098639
            ],
            [
              134.2717008544,
              34.7353178134
            ],
            [
              134.2719374903,
              34.736213958
            ],
            [
              134.272103789,
              34.7366752245
            ],
            [
              134.2722576881,
              34.736800527
            ]
          ]
        ]
      }
    },
    {
      "type": "Feature",
      "properties": {
        "key_code": "33211074033",
        "pref": "岡山県",
        "city": "備前市",
        "ward": "",
        "district": "日生町日生",
        "name": "備前市  日生町日生"
      },
      "geometry": {
        "type": "Polygon",
        "coordinates": [
          [
            [
              134.2682945824,
              34.7481317975
            ],
            [
              134.2680196451,
              34.748051078
            ],
            [
              134.2675049384,
              34.7481451808
            ],
            [
              134.267295304,
              34.7481057672
            ],
            [
              134.2671620058,
              34.7479639873
            ],
            [
              134.2668690961,
              34.7470146987
            ],
            [
              134.2663898613,
              34.7466046695
            ],
            [
              134.2663848207,
              34.7459465578
            ],
            [
              134.2662067262,
              34.7455275353
            ],
            [
              134.2670298544,
              34.7447800049
            ],
            [
              134.2670355251,
              34.7446649235
            ],
            [
              134.2663976169,
              34.7439442123
            ],
            [
              134.2662587718,
              34.7432582824
            ],
            [
              134.2661807798,
              34.7431662565
            ],
            [
              134.2658128322,
              34.7430647757
            ],
            [
              134.2647698597,
              34.7433219729
            ],
            [
              134.264451982,
              34.7433540518
            ],
            [
              134.2640226981,
              34.7432525311
            ],
            [
              134.2636967593,
              34.7429370979
            ],
            [
              134.2634967043,
              34.7421267487
            ],
            [
              134.2635639104,
              34.7417863249
            ],
            [
              134.2634414131,
              34.7415743993
            ],
            [
              134.2632964908,
              34.7415190988
            ],
            [
              134.2626830615,
              34.7415831201
            ],
            [
              134.2618355274,
              34.7419367549
            ],
            [
              134.2616576855,
              34.7422354181
            ],
            [
              134.2613286845,
              34.7435263618
            ],
            [
              134.2612124524,
              34.7436560276
            ],
            [
              134.2607957542,
              34.743695223
            ],
            [
              134.2606318731,
              34.7436387812
            ],
            [
              134.2602634329,
              34.743187523
            ],
            [
              134.2600790754,
              34.7431140242
            ],
            [
              134.2598195641,
              34.7430632993
            ],
            [
              134.2584738597,
              34.7431977114
            ],
            [
              134.2577944133,
              34.7430140342
            ],
            [
              134.2560604615,
              34.7419981925
            ],
            [
              134.2559241445,
              34.7416935654
            ],
            [
              134.2560064227,
              34.7413665391
            ],
            [
              134.2559382779,
              34.7411974634
            ],
            [
              134.2554470563,
              34.7406163852
            ],
            [
              134.2551671202,
              34.740509154
            ],
            [
              134.2549553009,
              34.7406048047
            ],
            [
              134.2545518948,
              34.7410386798
            ],
            [
              134.2528176174,
              34.7439101144
            ],
            [
              134.252626163,
              34.7441129669
            ],
            [
              134.2521650257,
              34.7441945007
            ],
            [
              134.250922166,
              34.7439173025
            ],
            [
              134.2506899018,
              34.7439454582
            ],
            [
              134.2501431478,
              34.7442607525
            ],
            [
              134.2494839742,
              34.744296925
            ],
            [
              134.2483912306,
              34.7441664388
            ],
            [
              134.2474488846,
              34.7439346309
            ],
            [
              134.2469137998,
              34.7437045198
            ],
            [
              134.2468722921,
              34.7434016455
            ],
            [
              134.2473302872,
              34.7426794969
            ],
            [
              134.2471907881,
              34.7418752388
            ],
            [
              134.2475452686,
              34.7410587872
            ],
            [
              134.2478825177,
              34.7409306993
            ],
            [
              134.2480703854,
              34.7402244223
            ],
            [
              134.2483060009,
              34.7399030039
            ],
            [
              134.2486254205,
              34.7397102472
            ],
            [
              134.249422372,
              34.7394506242
            ],
            [
              134.249736496,
              34.739051079
            ],
            [
              134.2496392985,
              34.7385592733
            ],
            [
              134.2497029138,
              34.7382525243
            ],
            [
              134.249677686,
              34.7373563609
            ],
            [
              134.2494791083,
              34.7364486696
            ],
            [
              134.2496599484,
              34.7358639385
            ],
            [
              134.2503181332,
              34.7352606503
            ],
            [
              134.2532067274,
              34.7353607169
            ],
            [
              134.2533666322,
              34.7349619002
            ],
            [
              134.2535853391,
              34.7348289261
            ],
            [
              134.2534606295,
              34.7346399508
            ],
            [
              134.2534672647,
              34.7345005028
            ],
            [
              134.2538291048,
              34.7343590261
            ],
            [
              134.2536407542,
              34.7340563361
            ],
            [
              134.2535845189,
              34.7330109683
            ],
            [
              134.2536941087,
              34.7326997345
            ],
            [
              134.253874581,
              34.7324720751
            ],
            [
              134.2539529122,
              34.7320301016
            ],
            [
              134.2541489923,
              34.7318802078
            ],
            [
              134.2546258853,
              34.7318376846
            ],
            [
              134.2553458544,
              34.7318771505
            ],
            [
              134.2554921673,
              34.7319297822
            ],
            [
              134.2556076729,
              34.7321050856
            ],
            [
              134.2559276356,
              34.7320040026
            ],
            [
              134.2562723019,
              34.7320042137
            ],
            [
              134.2566580991,
              34.732185598
            ],
            [
              134.2570260597,
              34.7325071275
            ],
            [
              134.2572284407,
              34.7331888822
            ],
            [
              134.2571716114,
              34.7333756305
            ],
            [
              134.257418055,
              34.7336445447
            ],
            [
              134.2571959028,
              34.7339072594
            ],
            [
              134.2573138856,
              34.7339657889
            ],
            [
              134.2573527077,
              34.7341041386
            ],
            [
              134.2572155997,
              34.7342947833
            ],
            [
              134.2568943903,
              34.7344601002
            ],
            [
              134.2565269547,
              34.7348182284
            ],
            [
              134.2571738014,
              34.7348128483
            ],
            [
              134.2571061994,
              34.7351613004
            ],
            [
              134.2575427795,
              34.735327078
            ],
            [
              134.2573522916,
              34.7358118103
            ],
            [
              134.2571632599,
              34.7359986194
            ],
            [
              134.2571248735,
              34.7366528994
            ],
            [
              134.2574083545,
              34.7364467102
            ],
            [
              134.2577629174,
              34.7359717966
            ],
            [
              134.2579093627,
              34.7358861002
            ],
            [
              134.2581548426,
              34.7359330144
            ],
            [
              134.2582771774,
              34.7363925812
            ],
            [
              134.2583998419,
              34.7365018226
            ],
            [
              134.2585702807,
              34.7359994694
            ],
            [
              134.2587073418,
              34.7358477012
            ],
            [
              134.2589340271,
              34.7357893782
            ],
            [
              134.2592928012,
              34.7358712914
            ],
            [
              134.2593400648,
              34.7358090586
            ],
            [
              134.2591844404,
              34.735602603
            ],
            [
              134.2586369293,
              34.735407605
            ],
            [
              134.2589345618,
              34.7352052225
            ],
            [
              134.2589892045,
              34.7348274614
            ],
            [
              134.2588713192,
              34.7346599061
            ],
            [
              134.2591688726,
              34.7345588021
            ],
            [
              134.2588858539,
              34.7342666267
            ],
            [
              134.258845873,
              34.7341030619
            ],
            [
              134.2588655294,
              34.7332578987
            ],
            [
              134.2589151911,
              34.733164536
            ],
            [
              134.259378086,
              34.7329467535
            ],
            [
              134.2599445407,
              34.7330678063
            ],
            [
              134.2605038244,
              34.7332978881
            ],
            [
              134.2606058512,
              34.7335334712
            ],
            [
              134.2605647465,
              34.7337775615
            ],
            [
              134.2612878927,
              34.7336530444
            ],
            [
              134.2614131092,
              34.7336984763
            ],
            [
              134.2608231266,
              34.7341112778
            ],
            [
              134.2599093485,
              34.7344912024
            ],
            [
              134.2599153408,
              34.7346274204
            ],
            [
              134.2600069283,
              34.7346904412
            ],
            [
              134.260512436,
              34.7347914602
            ],
            [
              134.2605734698,
              34.7348671396
            ],
            [
              134.2604143731,
              34.7351290493
            ],
            [
              134.2600643843,
              34.7353506991
            ],
            [
              134.2603253206,
              34.7356506108
            ],
            [
              134.260115824,
              34.735889952
            ],
            [
              134.2602195274,
              34.7360839817
            ],
            [
              134.2601093754,
              34.7362704179
            ],
            [
              134.2600140489,
              34.7369634024
            ],
            [
              134.2598319669,
              34.7372933323
            ],
            [
              134.2604920457,
              34.7371021551
            ],
            [
              134.2608592243,
              34.7364573665
            ],
            [
              134.2614869678,
              34.7365357742
            ],
            [
              134.2616783135,
              34.7360848449
            ],
            [
              134.2620480914,
              34.7359515232
            ],
            [
              134.261916871,
              34.7357852288
            ],
            [
              134.2615778339,
              34.7357017803
            ],
            [
              134.2615795105,
              34.7355303517
            ],
            [
              134.2622169215,
              34.7350243227
            ],
            [
              134.2625564016,
              34.734601087
            ],
            [
              134.2628987134,
              34.7344199942
            ],
            [
              134.2629414098,
              34.7345107344
            ],
            [
              134.2626813682,
              34.7349313413
            ],
            [
              134.26263839,
              34.7351655703
            ],
            [
              134.2628414463,
              34.7352892246
            ],
            [
              134.2629298859,
              34.7354757776
            ],
            [
              134.264040971,
              34.7347860438
            ],
            [
              134.2650798496,
              34.7345673051
            ],
            [
              134.2652551893,
              34.7349429429
            ],
            [
              134.2653067748,
              34.7353713344
            ],
            [
              134.2652082851,
              34.7362456136
            ],
            [
              134.2644822448,
              34.7368021757
            ],
            [
              134.2644649799,
              34.7373464553
            ],
            [
              134.2640060786,
              34.7380971297
            ],
            [
              134.2639707433,
              34.7383338979
            ],
            [
              134.2640927108,
              34.7386111825
            ],
            [
              134.2642976587,
              34.7383215462
            ],
            [
              134.2647194392,
              34.7381176751
            ],
            [
              134.265093982,
              34.737762631
            ],
            [
              134.2653341029,
              34.7374124417
            ],
            [
              134.2655296267,
              34.7374174805
            ],
            [
              134.2656028326,
              34.7375562695
            ],
            [
              134.2655397488,
              34.7381054541
            ],
            [
              134.2653471638,
              34.7384127077
            ],
            [
              134.2653577742,
              34.7387605005
            ],
            [
              134.2659979434,
              34.7381316254
            ],
            [
              134.2664701436,
              34.7380045454
            ],
            [
              134.2662589097,
              34.7377645424
            ],
            [
              134.2663589829,
              34.737144525
            ],
            [
              134.2665593722,
              34.7369619372
            ],
            [
              134.2667607846,
              34.7369048567
            ],
            [
              134.2669276842,
              34.7366373103
            ],
            [
              134.2665866447,
              34.7364341427
            ],
            [
              134.2665599387,
              34.73626622
            ],
            [
              134.2672834492,
              34.7352164824
            ],
            [
              134.2675938873,
              34.7345024771
            ],
            [
              134.267986518,
              34.7345286061
            ],
            [
              134.268237207,
              34.7343902717
            ],
            [
              134.2685906708,
              34.7344384931
            ],
            [
              134.2688063577,
              34.7347042742
            ],
            [
              134.268877749,
              34.7349571594
            ],
            [
              134.2692020777,
              34.7350773446
            ],
            [
              134.2698566535,
              34.7348728723
            ],
            [
              134.2705636112,
              34.7349174673
            ],
            [
              134.2706328834,
              34.7350282212
            ],
            [
              134.2702623105,
              34.7354192056
            ],
            [
              134.2700743133,
              34.7354855957
            ],
            [
              134.2696208464,
              34.7360206378
            ],
            [
              134.2683367801,
              34.7364617074
            ],
            [
              134.2683702357,
              34.7368261348
            ],
            [
              134.2680775032,
              34.7371717945
            ],
            [
              134.2681119612,
              34.7375681967
            ],
            [
              134.2682631984,
              34.737703223
            ],
            [
              134.2685966484,
              34.7375954994
            ],
            [
              134.2690844381,
              34.7375787123
            ],
            [
              134.2692972713,
              34.7374119031
            ],
            [
              134.2700940463,
              34.7371845435
            ],
            [
              134.2704028208,
              34.7372352721
            ],
            [
              134.270414932,
              34.7374496699
            ],
            [
              134.2697088925,
              34.7380362743
            ],
            [
              134.269571688,
              34.7382572152
            ],
            [
              134.2691164367,
              34.738516726
            ],
            [
              134.269343328,
              34.7386670026
            ],
            [
              134.2695220439,
              34.7389858656
            ],
            [
              134.2693697252,
              34.7394128781
            ],
            [
              134.2694576193,
              34.7395246269
            ],
            [
              134.2696274627,
              34.7395506338
            ],
            [
              134.2706273228,
              34.7389561509
            ],
            [
              134.2714734949,
              34.7388898131
            ],
            [
              134.2715991367,
              34.7395489664
            ],
            [
              134.2718123609,
              34.7400609644
            ],
            [
              134.271613885,
              34.7407564377
            ],
            [
              134.2723475696,
              34.7409359805
            ],
            [
              134.2722212438,
              34.741189468
            ],
            [
              134.2721891488,
              34.7415828785
            ],
            [
              134.2715415976,
              34.7428850981
            ],
            [
              134.2711421037,
              34.7431822547
            ],
            [
              134.2709385101,
              34.7437502449
            ],
            [
              134.270353125,
              34.7445455305
            ],
            [
              134.2701177085,
              34.745128296
            ],
            [
              134.2701437443,
              34.7457285244
            ],
            [
              134.2699996583,
              34.7461989308
            ],
            [
              134.2694529438,
              34.7466151773
            ],
            [
              134.2689368977,
              34.7473744376
            ],
            [
              134.2685380992,
              34.7475896067
            ],
            [
              134.2682945824,
              34.7481317975
            ]
          ]
        ]
      }
    },
    {
      "type": "Feature",
      "properties": {
        "key_code": "33211074034",
        "pref": "岡山県",
        "city": "備前市",
        "ward": "",
        "district": "日生町日生",
        "name": "備前市  日生町日生"
      },
      "geometry": {
        "type": "Polygon",
        "coordinates": [
          [
            [
              134.2649691421,
              34.7315756037
            ],
            [
              134.2644325034,
              34.7315654415
            ],
            [
              134.264129203,
              34.7316310533
            ],
            [
              134.2639680965,
              34.7310549747
            ],
            [
              134.2634333694,
              34.7311403146
            ],
            [
              134.2633029471,
              34.7310136041
            ],
            [
              134.2633093983,
              34.7306587745
            ],
            [
              134.2631478349,
              34.7303697722
            ],
            [
              134.2626088848,
              34.7306566807
            ],
            [
              134.2625933953,
              34.7308037324
            ],
            [
              134.2624212034,
              34.7309623851
            ],
            [
              134.262292568,
              34.7314902638
            ],
            [
              134.2619152838,
              34.7314962419
            ],
            [
              134.2616160759,
              34.7313020989
            ],
            [
              134.2615960561,
              34.731487321
            ],
            [
              134.261388193,
              34.7316408802
            ],
            [
              134.2608375944,
              34.731591394
            ],
            [
              134.2604513091,
              34.7314235372
            ],
            [
              134.260464461,
              34.7312359158
            ],
            [
              134.260357731,
              34.7310165291
            ],
            [
              134.2602141543,
              34.7310202468
            ],
            [
              134.2599525545,
              34.7312558937
            ],
            [
              134.2597557772,
              34.7311988679
            ],
            [
              134.2601526317,
              34.7306460785
            ],
            [
              134.2603543689,
              34.7305201268
            ],
            [
              134.2604187058,
              34.7302984477
            ],
            [
              134.2600581653,
              34.7303914827
            ],
            [
              134.2594868961,
              34.7304087533
            ],
            [
              134.2588848428,
              34.7306881547
            ],
            [
              134.2588137003,
              34.7304832983
            ],
            [
              134.2593939529,
              34.7300783764
            ],
            [
              134.2599406229,
              34.7300330572
            ],
            [
              134.2602067653,
              34.7297926232
            ],
            [
              134.2604801273,
              34.7297409491
            ],
            [
              134.2605801073,
              34.7294515354
            ],
            [
              134.2605194435,
              34.7291407565
            ],
            [
              134.2605823795,
              34.7289854221
            ],
            [
              134.2611240408,
              34.728330732
            ],
            [
              134.2597092747,
              34.7285552702
            ],
            [
              134.2594615792,
              34.7288140321
            ],
            [
              134.2587688504,
              34.7290452063
            ],
            [
              134.2585805213,
              34.7290086121
            ],
            [
              134.2585843611,
              34.7288440869
            ],
            [
              134.2581966675,
              34.7287249706
            ],
            [
              134.2578567894,
              34.7288130904
            ],
            [
              134.257053478,
              34.7288065537
            ],
            [
              134.2568096277,
              34.7288917701
            ],
            [
              134.2565031197,
              34.7288458052
            ],
            [
              134.2561632411,
              34.7289309612
            ],
            [
              134.2553362967,
              34.7285374519
            ],
            [
              134.2552035967,
              34.7282600127
            ],
            [
              134.2551301696,
              34.7277878025
            ],
            [
              134.2549528281,
              34.7278578423
            ],
            [
              134.2547014368,
              34.7281165885
            ],
            [
              134.2546287799,
              34.7287715502
            ],
            [
              134.254859369,
              34.7290336957
            ],
            [
              134.255121475,
              34.729167958
            ],
            [
              134.2551101947,
              34.7293720595
            ],
            [
              134.2543418174,
              34.7295148392
            ],
            [
              134.2537900603,
              34.7291000799
            ],
            [
              134.2533798131,
              34.7293770372
            ],
            [
              134.2530436872,
              34.7293951362
            ],
            [
              134.252736758,
              34.7297849869
            ],
            [
              134.2524044187,
              34.7297025118
            ],
            [
              134.2523125922,
              34.7291936624
            ],
            [
              134.2522258254,
              34.7291569829
            ],
            [
              134.2520041546,
              34.7292269892
            ],
            [
              134.2517121356,
              34.7294613349
            ],
            [
              134.2515451488,
              34.7297051984
            ],
            [
              134.2510938858,
              34.7294667106
            ],
            [
              134.2505340723,
              34.7286092066
            ],
            [
              134.2506451744,
              34.7281359866
            ],
            [
              134.2509902455,
              34.7275155781
            ],
            [
              134.2509656266,
              34.7269883192
            ],
            [
              134.2512804724,
              34.7264135294
            ],
            [
              134.2510103213,
              34.7250224922
            ],
            [
              134.2516778174,
              34.7237547529
            ],
            [
              134.2528476399,
              34.7229521732
            ],
            [
              134.2530641268,
              34.7226657991
            ],
            [
              134.2523502227,
              34.7225740661
            ],
            [
              134.2513475372,
              34.7221644998
            ],
            [
              134.2502382698,
              34.7218331744
            ],
            [
              134.250075889,
              34.7217110812
            ],
            [
              134.2500007576,
              34.7214329721
            ],
            [
              134.2492217252,
              34.7211335472
            ],
            [
              134.2487973388,
              34.720661942
            ],
            [
              134.2483602226,
              34.7203545704
            ],
            [
              134.2465836689,
              34.7195749746
            ],
            [
              134.2461803023,
              34.7194734243
            ],
            [
              134.2461122885,
              34.7189661399
            ],
            [
              134.2459706248,
              34.718665448
            ],
            [
              134.2450423679,
              34.7171807048
            ],
            [
              134.2444811297,
              34.7166512426
            ],
            [
              134.2440971172,
              34.7165194103
            ],
            [
              134.2437963441,
              34.715268915
            ],
            [
              134.2453712644,
              34.7157316135
            ],
            [
              134.2459279679,
              34.7158248235
            ],
            [
              134.2464910633,
              34.7160731222
            ],
            [
              134.2479525219,
              34.7164888033
            ],
            [
              134.2482483669,
              34.7165168932
            ],
            [
              134.2491530312,
              34.716935008
            ],
            [
              134.2496322147,
              34.7170443512
            ],
            [
              134.2503980746,
              34.7176263278
            ],
            [
              134.2506705322,
              34.7181231814
            ],
            [
              134.2508755875,
              34.7183271401
            ],
            [
              134.2517238164,
              34.7184348862
            ],
            [
              134.2527514265,
              34.7182066451
            ],
            [
              134.2535832336,
              34.7183567669
            ],
            [
              134.2546369424,
              34.7182322006
            ],
            [
              134.2552616273,
              34.7180486215
            ],
            [
              134.2555804079,
              34.7180722009
            ],
            [
              134.2555723379,
              34.7189082083
            ],
            [
              134.2569566066,
              34.7188342539
            ],
            [
              134.2574854723,
              34.7188544329
            ],
            [
              134.2577981779,
              34.7189619559
            ],
            [
              134.2579459372,
              34.7193309614
            ],
            [
              134.2586348269,
              34.7195459026
            ],
            [
              134.2589504425,
              34.7197728758
            ],
            [
              134.259441002,
              34.7204115444
            ],
            [
              134.2597795233,
              34.7203868093
            ],
            [
              134.2600638248,
              34.7201525857
            ],
            [
              134.2603932345,
              34.7201777123
            ],
            [
              134.2604383887,
              34.7203822685
            ],
            [
              134.2607116448,
              34.7206914779
            ],
            [
              134.2609665855,
              34.7212053463
            ],
            [
              134.2611568521,
              34.7213675875
            ],
            [
              134.261700677,
              34.7216046916
            ],
            [
              134.2619455026,
              34.7215924376
            ],
            [
              134.2619023009,
              34.7208543021
            ],
            [
              134.2622368863,
              34.7201238495
            ],
            [
              134.2626466887,
              34.719792496
            ],
            [
              134.2628041002,
              34.7194933942
            ],
            [
              134.2629326113,
              34.7194261355
            ],
            [
              134.2635490575,
              34.7195387511
            ],
            [
              134.2635882952,
              34.7196085003
            ],
            [
              134.263365862,
              34.7199525013
            ],
            [
              134.2634726039,
              34.7206184109
            ],
            [
              134.2636959726,
              34.7209575895
            ],
            [
              134.2637271545,
              34.7216207808
            ],
            [
              134.2638298761,
              34.7216681679
            ],
            [
              134.2644738408,
              34.7214217398
            ],
            [
              134.2648867155,
              34.7210255861
            ],
            [
              134.2659733597,
              34.7208839119
            ],
            [
              134.2662364898,
              34.7206572684
            ],
            [
              134.2662442478,
              34.7204028765
            ],
            [
              134.266463606,
              34.720103946
            ],
            [
              134.2669988511,
              34.7197251747
            ],
            [
              134.2671698509,
              34.7194260742
            ],
            [
              134.2673240593,
              34.7193262841
            ],
            [
              134.2675204522,
              34.7194038633
            ],
            [
              134.2678042595,
              34.7197680021
            ],
            [
              134.2675543931,
              34.7204385125
            ],
            [
              134.2675784969,
              34.7205382553
            ],
            [
              134.2680450464,
              34.7210496887
            ],
            [
              134.268395658,
              34.7210225463
            ],
            [
              134.268613213,
              34.721089851
            ],
            [
              134.2686826357,
              34.7212145497
            ],
            [
              134.2685780731,
              34.7215884831
            ],
            [
              134.2678735484,
              34.7219870324
            ],
            [
              134.2675291716,
              34.7217749937
            ],
            [
              134.2670440398,
              34.721827135
            ],
            [
              134.2668021603,
              34.7219367363
            ],
            [
              134.2664153194,
              34.7219015938
            ],
            [
              134.2662427452,
              34.7222804169
            ],
            [
              134.2659978912,
              34.722327613
            ],
            [
              134.2655726529,
              34.7222607532
            ],
            [
              134.265409945,
              34.7223791278
            ],
            [
              134.265397111,
              34.7224791327
            ],
            [
              134.265680083,
              34.7234788397
            ],
            [
              134.2660085787,
              34.7234052083
            ],
            [
              134.2666892125,
              34.7235634837
            ],
            [
              134.2668866722,
              34.7238608084
            ],
            [
              134.266848046,
              34.7243106984
            ],
            [
              134.2673834475,
              34.7246924394
            ],
            [
              134.26735596,
              34.7251710724
            ],
            [
              134.2671182477,
              34.7253735028
            ],
            [
              134.2676792809,
              34.7255921397
            ],
            [
              134.2678449597,
              34.7257684453
            ],
            [
              134.2674122828,
              34.7265390074
            ],
            [
              134.2678154332,
              34.726825877
            ],
            [
              134.2679124092,
              34.7271889286
            ],
            [
              134.2677272799,
              34.7274175886
            ],
            [
              134.2670943634,
              34.72734893
            ],
            [
              134.2668391431,
              34.7274961329
            ],
            [
              134.2668292281,
              34.7279353327
            ],
            [
              134.2670631908,
              34.7284615793
            ],
            [
              134.2669705654,
              34.7286483125
            ],
            [
              134.266463724,
              34.7287195943
            ],
            [
              134.265713717,
              34.728620437
            ],
            [
              134.2655900995,
              34.7285381047
            ],
            [
              134.2654348662,
              34.7280904995
            ],
            [
              134.2650155186,
              34.7286069485
            ],
            [
              134.2647142993,
              34.7285836782
            ],
            [
              134.2643633759,
              34.7283728905
            ],
            [
              134.2643112753,
              34.7286493749
            ],
            [
              134.2644786255,
              34.7289127415
            ],
            [
              134.2648135278,
              34.7292090236
            ],
            [
              134.2651366602,
              34.7292618866
            ],
            [
              134.2655853075,
              34.7295155484
            ],
            [
              134.265955935,
              34.7300390584
            ],
            [
              134.2659016338,
              34.7305657133
            ],
            [
              134.2658037427,
              34.7307301868
            ],
            [
              134.2650652855,
              34.7311247554
            ],
            [
              134.2651248709,
              34.7314308839
            ],
            [
              134.2649691421,
              34.7315756037
            ]
          ]
        ]
      }
    },
    {
      "type": "Feature",
      "properties": {
        "key_code": "33211075022",
        "pref": "岡山県",
        "city": "備前市",
        "ward": "",
        "district": "日生町寒河中日生東部",
        "name": "備前市  日生町寒河中日生東部"
      },
      "geometry": {
        "type": "Polygon",
        "coordinates": [
          [
            [
              134.2750243849,
              34.737054863
            ],
            [
              134.2747573453,
              34.7375454965
            ],
            [
              134.2748620525,
              34.738167308
            ],
            [
              134.2744617477,
              34.7385394131
            ],
            [
              134.274315255,
              34.7389792528
            ],
            [
              134.2743200383,
              34.7394742413
            ],
            [
              134.2739475611,
              34.7403581071
            ],
            [
              134.273877979,
              34.7408361572
            ],
            [
              134.2744828409,
              34.7413355205
            ],
            [
              134.2736850925,
              34.7416058703
            ],
            [
              134.2733360986,
              34.7419061572
            ],
            [
              134.2729141321,
              34.7426326539
            ],
            [
              134.2724015044,
              34.7428532711
            ],
            [
              134.2720555011,
              34.7431363712
            ],
            [
              134.2717961766,
              34.7435465702
            ],
            [
              134.2714638241,
              34.7438806667
            ],
            [
              134.2711684978,
              34.7444028312
            ],
            [
              134.2705997741,
              34.7442128023
            ],
            [
              134.2710163494,
              34.7436075921
            ],
            [
              134.2711421037,
              34.7431822547
            ],
            [
              134.2714814529,
              34.7429870514
            ],
            [
              134.2721891488,
              34.7415828785
            ],
            [
              134.2722212438,
              34.741189468
            ],
            [
              134.2726391049,
              34.7401463161
            ],
            [
              134.2726098302,
              34.7398835945
            ],
            [
              134.2726946492,
              34.7397317884
            ],
            [
              134.272573235,
              34.7395677656
            ],
            [
              134.2726985045,
              34.7394917625
            ],
            [
              134.2727816082,
              34.7391699355
            ],
            [
              134.2725855209,
              34.7385587813
            ],
            [
              134.2722037372,
              34.7382336239
            ],
            [
              134.2721696579,
              34.7374615456
            ],
            [
              134.2722576881,
              34.736800527
            ],
            [
              134.2720827288,
              34.7366352093
            ],
            [
              134.2717954708,
              34.735724953
            ],
            [
              134.2717008544,
              34.7353178134
            ],
            [
              134.2717791927,
              34.7349280862
            ],
            [
              134.2725423141,
              34.7355653066
            ],
            [
              134.2727173614,
              34.7356037081
            ],
            [
              134.2737806038,
              34.7354371683
            ],
            [
              134.2744705273,
              34.7352078965
            ],
            [
              134.2746773537,
              34.7350444551
            ],
            [
              134.2747703038,
              34.7348495464
            ],
            [
              134.2753329312,
              34.7344320179
            ],
            [
              134.2754737078,
              34.7345682978
            ],
            [
              134.2763703734,
              34.7344181379
            ],
            [
              134.2762733531,
              34.7341701752
            ],
            [
              134.2764065924,
              34.7341485451
            ],
            [
              134.2764249818,
              34.7344083034
            ],
            [
              134.279017774,
              34.7339388637
            ],
            [
              134.2793033908,
              34.7330131053
            ],
            [
              134.2795372095,
              34.7328121985
            ],
            [
              134.2800110919,
              34.7328898812
            ],
            [
              134.2801128579,
              34.7325653799
            ],
            [
              134.2796761139,
              34.7324732058
            ],
            [
              134.2801216073,
              34.7325410148
            ],
            [
              134.2802025806,
              34.7322787649
            ],
            [
              134.2797516655,
              34.7321532007
            ],
            [
              134.2802408149,
              34.7322562437
            ],
            [
              134.2800427606,
              34.7328962336
            ],
            [
              134.2801497613,
              34.7329188182
            ],
            [
              134.2799691667,
              34.7335678308
            ],
            [
              134.2799454443,
              34.7340543578
            ],
            [
              134.280246317,
              34.7345449694
            ],
            [
              134.2807253758,
              34.734642653
            ],
            [
              134.2804282124,
              34.7358347789
            ],
            [
              134.2799131055,
              34.7353353408
            ],
            [
              134.2791897736,
              34.7356566106
            ],
            [
              134.2787846711,
              34.7355633211
            ],
            [
              134.2787075991,
              34.7357917643
            ],
            [
              134.278753537,
              34.7361174575
            ],
            [
              134.2785431208,
              34.7363500674
            ],
            [
              134.2778996203,
              34.7361255254
            ],
            [
              134.2774995811,
              34.7361297105
            ],
            [
              134.2771251193,
              34.7362564556
            ],
            [
              134.2767761996,
              34.7365057618
            ],
            [
              134.2763248812,
              34.7365055524
            ],
            [
              134.2761247786,
              34.7366239236
            ],
            [
              134.2760528206,
              34.7368523674
            ],
            [
              134.2755579436,
              34.7367928316
            ],
            [
              134.275301469,
              34.7368603238
            ],
            [
              134.2750243849,
              34.737054863
            ]
          ]
        ]
      }
    },
    {
      "type": "Feature",
      "properties": {
        "key_code": "33211075023",
        "pref": "岡山県",
        "city": "備前市",
        "ward": "",
        "district": "日生町寒河梅灘南部",
        "name": "備前市  日生町寒河梅灘南部"
      },
      "geometry": {
        "type": "Polygon",
        "coordinates": [
          [
            [
              134.2823778774,
              34.7330873957
            ],
            [
              134.2832935991,
              34.7340297158
            ],
            [
              134.2831344614,
              34.7342792573
            ],
            [
              134.2830187284,
              34.7348671664
            ],
            [
              134.2828237268,
              34.7350575309
            ],
            [
              134.2819618338,
              34.7355393415
            ],
            [
              134.2818052122,
              34.7358818513
            ],
            [
              134.2816559806,
              34.7366856848
            ],
            [
              134.2810405464,
              34.7366854236
            ],
            [
              134.2806021672,
              34.7364905657
            ],
            [
              134.2805767662,
              34.7361140315
            ],
            [
              134.2804282124,
              34.7358347789
            ],
            [
              134.2807253758,
              34.734642653
            ],
            [
              134.280246317,
              34.7345449694
            ],
            [
              134.2799454443,
              34.7340543578
            ],
            [
              134.2800139355,
              34.7335760208
            ],
            [
              134.2805348698,
              34.7317758915
            ],
            [
              134.2805102005,
              34.7310600212
            ],
            [
              134.2808642726,
              34.7306274468
            ],
            [
              134.281494632,
              34.730164423
            ],
            [
              134.2819009882,
              34.7299347092
            ],
            [
              134.2821740144,
              34.7298789018
            ],
            [
              134.282333438,
              34.7298779835
            ],
            [
              134.2823778774,
              34.7330873957
            ]
          ]
        ]
      }
    },
    {
      "type": "Feature",
      "properties": {
        "key_code": "33211075024",
        "pref": "岡山県",
        "city": "備前市",
        "ward": "",
        "district": "日生町寒河梶谷東部",
        "name": "備前市  日生町寒河梶谷東部"
      },
      "geometry": {
        "type": "Polygon",
        "coordinates": [
          [
            [
              134.2869389914,
              34.7345361425
            ],
            [
              134.288980866,
              34.7349308887
            ],
            [
              134.2889797141,
              34.7350427319
            ],
            [
              134.290398204,
              34.7351532511
            ],
            [
              134.2913077533,
              34.7353726057
            ],
            [
              134.2914039009,
              34.7352769943
            ],
            [
              134.2920907069,
              34.7354458386
            ],
            [
              134.2922000505,
              34.735159222
            ],
            [
              134.2926291759,
              34.7352423326
            ],
            [
              134.2924771383,
              34.7357489615
            ],
            [
              134.2925622653,
              34.7358580162
            ],
            [
              134.2920930023,
              34.7359957627
            ],
            [
              134.29091329,
              34.7366507875
            ],
            [
              134.2902129527,
              34.7368623977
            ],
            [
              134.2898948745,
              34.737069492
            ],
            [
              134.2894098273,
              34.7378308129
            ],
            [
              134.286766453,
              34.7370387603
            ],
            [
              134.2865768437,
              34.736772179
            ],
            [
              134.2864588752,
              34.7368018557
            ],
            [
              134.2863202975,
              34.7369963314
            ],
            [
              134.286253423,
              34.7373684608
            ],
            [
              134.2854656389,
              34.7383412227
            ],
            [
              134.2850707839,
              34.7382352808
            ],
            [
              134.2845937329,
              34.738383137
            ],
            [
              134.2844247615,
              34.7378965355
            ],
            [
              134.2845301074,
              34.7375455519
            ],
            [
              134.2842432464,
              34.7369362137
            ],
            [
              134.2839946258,
              34.7367331334
            ],
            [
              134.2832716285,
              34.7364832341
            ],
            [
              134.2834461608,
              34.7362041173
            ],
            [
              134.2837795912,
              34.7360857883
            ],
            [
              134.2839848376,
              34.7359124705
            ],
            [
              134.2842184391,
              34.7354811064
            ],
            [
              134.2842367954,
              34.7347872296
            ],
            [
              134.2841652248,
              34.7343854638
            ],
            [
              134.2839499779,
              34.7341315449
            ],
            [
              134.2837500629,
              34.7339791919
            ],
            [
              134.2834474928,
              34.7339452618
            ],
            [
              134.2832935991,
              34.7340297158
            ],
            [
              134.2823778774,
              34.7330873957
            ],
            [
              134.282333438,
              34.7298779835
            ],
            [
              134.2828313579,
              34.7299097446
            ],
            [
              134.283479819,
              34.7301939897
            ],
            [
              134.2836129667,
              34.7303220873
            ],
            [
              134.2837732291,
              34.7307665715
            ],
            [
              134.2842578073,
              34.7312166796
            ],
            [
              134.2845501504,
              34.731751367
            ],
            [
              134.2849932052,
              34.7322699137
            ],
            [
              134.2856134448,
              34.7322900184
            ],
            [
              134.2856177507,
              34.7324080624
            ],
            [
              134.2855708352,
              34.7323305699
            ],
            [
              134.2852978017,
              34.732391738
            ],
            [
              134.2852956516,
              34.7323376463
            ],
            [
              134.2851460138,
              34.7323943549
            ],
            [
              134.2850652374,
              34.7323412177
            ],
            [
              134.2851394295,
              34.7324494285
            ],
            [
              134.2850586166,
              34.7324602437
            ],
            [
              134.2850508746,
              34.732628711
            ],
            [
              134.2851863298,
              34.7325531211
            ],
            [
              134.2851895622,
              34.7326260891
            ],
            [
              134.2853064098,
              34.7326234584
            ],
            [
              134.285332659,
              34.732548671
            ],
            [
              134.2853358909,
              34.7326226252
            ],
            [
              134.2854461855,
              34.7326198512
            ],
            [
              134.2854462277,
              34.7325450535
            ],
            [
              134.2854756717,
              34.7326198627
            ],
            [
              134.2855805007,
              34.732617227
            ],
            [
              134.2856209732,
              34.7324992004
            ],
            [
              134.2856273976,
              34.7327281036
            ],
            [
              134.2850791626,
              34.7328135325
            ],
            [
              134.2850746967,
              34.7329876355
            ],
            [
              134.2851029813,
              34.7331786549
            ],
            [
              134.2852296576,
              34.7331741972
            ],
            [
              134.2852504694,
              34.7330598258
            ],
            [
              134.2852569572,
              34.7331751932
            ],
            [
              134.285343226,
              34.7331725514
            ],
            [
              134.2853378303,
              34.7330588738
            ],
            [
              134.285378168,
              34.7331707332
            ],
            [
              134.2854819106,
              34.7331671119
            ],
            [
              134.2855016355,
              34.7330509091
            ],
            [
              134.2855081216,
              34.7331697987
            ],
            [
              134.2856031247,
              34.7331663136
            ],
            [
              134.2856327328,
              34.7329499619
            ],
            [
              134.2856456956,
              34.7331952075
            ],
            [
              134.28506474,
              34.7332156857
            ],
            [
              134.2850398258,
              34.7328550704
            ],
            [
              134.2848705815,
              34.7328269728
            ],
            [
              134.2849074414,
              34.7333047896
            ],
            [
              134.2856059641,
              34.7339479558
            ],
            [
              134.2869389914,
              34.7345361425
            ]
          ]
        ]
      }
    },
    {
      "type": "Feature",
      "properties": {
        "key_code": "33211075025",
        "pref": "岡山県",
        "city": "備前市",
        "ward": "",
        "district": "日生町寒河西浜山東部",
        "name": "備前市  日生町寒河西浜山東部"
      },
      "geometry": {
        "type": "Polygon",
        "coordinates": [
          [
            [
              134.2911105048,
              34.7403978978
            ],
            [
              134.291685108,
              34.7408244809
            ],
            [
              134.2933753156,
              34.7408212407
            ],
            [
              134.294017274,
              34.7410979587
            ],
            [
              134.2949734416,
              34.7408568268
            ],
            [
              134.2955115834,
              34.741024337
            ],
            [
              134.2965289897,
              34.741086907
            ],
            [
              134.2990828538,
              34.7419209669
            ],
            [
              134.3001781465,
              34.7420731081
            ],
            [
              134.2996551471,
              34.7433505768
            ],
            [
              134.2984435119,
              34.7443885327
            ],
            [
              134.2954624772,
              34.7450551964
            ],
            [
              134.2950031958,
              34.7454449576
            ],
            [
              134.2946683978,
              34.7450773447
            ],
            [
              134.2941886721,
              34.7455511916
            ],
            [
              134.2935955392,
              34.7449424794
            ],
            [
              134.2932316015,
              34.74505181
            ],
            [
              134.2933216055,
              34.7452984882
            ],
            [
              134.2928761709,
              34.7451693128
            ],
            [
              134.2925529731,
              34.745424447
            ],
            [
              134.2924884082,
              34.7453320202
            ],
            [
              134.2922537258,
              34.7453934982
            ],
            [
              134.2919849727,
              34.7455814585
            ],
            [
              134.2918864469,
              34.7453933746
            ],
            [
              134.2910653402,
              34.7450705201
            ],
            [
              134.2910431718,
              34.7448789403
            ],
            [
              134.290772579,
              34.7445996609
            ],
            [
              134.290772677,
              34.7444042867
            ],
            [
              134.2909352431,
              34.7441419192
            ],
            [
              134.2908338506,
              34.7438796016
            ],
            [
              134.2900171348,
              34.7435284307
            ],
            [
              134.2903232921,
              34.7430308775
            ],
            [
              134.2903607931,
              34.7424726589
            ],
            [
              134.2902052028,
              34.7423386453
            ],
            [
              134.2899209774,
              34.742277271
            ],
            [
              134.2894404472,
              34.7422770996
            ],
            [
              134.2888380057,
              34.7424666209
            ],
            [
              134.2889163452,
              34.7414786516
            ],
            [
              134.2887946377,
              34.7412553431
            ],
            [
              134.2889977539,
              34.7411158235
            ],
            [
              134.2890181799,
              34.7408758039
            ],
            [
              134.2885819731,
              34.7402561385
            ],
            [
              134.2886024215,
              34.7399937227
            ],
            [
              134.2894098273,
              34.7378308129
            ],
            [
              134.2898948745,
              34.737069492
            ],
            [
              134.2902129527,
              34.7368623977
            ],
            [
              134.291239725,
              34.7364975026
            ],
            [
              134.2920930023,
              34.7359957627
            ],
            [
              134.2926354299,
              34.7358598715
            ],
            [
              134.2916066723,
              34.7381862699
            ],
            [
              134.2918217717,
              34.738267479
            ],
            [
              134.2915351488,
              34.7388366003
            ],
            [
              134.2911105048,
              34.7403978978
            ]
          ]
        ]
      }
    },
    {
      "type": "Feature",
      "properties": {
        "key_code": "33211075026",
        "pref": "岡山県",
        "city": "備前市",
        "ward": "",
        "district": "日生町寒河西，西中，川内",
        "name": "備前市  日生町寒河西，西中，川内"
      },
      "geometry": {
        "type": "Polygon",
        "coordinates": [
          [
            [
              134.2878560419,
              34.7493080609
            ],
            [
              134.2872938764,
              34.7489982384
            ],
            [
              134.2865885533,
              34.7489916349
            ],
            [
              134.2864600576,
              34.7491148413
            ],
            [
              134.2863419829,
              34.7494577973
            ],
            [
              134.2857725814,
              34.74970578
            ],
            [
              134.2856894521,
              34.7492931614
            ],
            [
              134.285506573,
              34.7490244656
            ],
            [
              134.2856178596,
              34.7488174407
            ],
            [
              134.2855251357,
              34.7484363714
            ],
            [
              134.2856144523,
              34.7481107312
            ],
            [
              134.2857907984,
              34.7480919231
            ],
            [
              134.28589509,
              34.7483684769
            ],
            [
              134.2861719452,
              34.748545647
            ],
            [
              134.2867028893,
              34.7484858412
            ],
            [
              134.2871676279,
              34.7485665888
            ],
            [
              134.2875778574,
              34.7484530649
            ],
            [
              134.2876729657,
              34.7480546005
            ],
            [
              134.2881591205,
              34.7475411946
            ],
            [
              134.2884346057,
              34.7467588048
            ],
            [
              134.2889226993,
              34.7461898984
            ],
            [
              134.2892035901,
              34.7459781428
            ],
            [
              134.289334063,
              34.7457126646
            ],
            [
              134.289502634,
              34.7458803514
            ],
            [
              134.2897825116,
              34.7464361517
            ],
            [
              134.2898812453,
              34.74623419
            ],
            [
              134.2903286697,
              34.7458333138
            ],
            [
              134.290585665,
              34.7453846169
            ],
            [
              134.2910653402,
              34.7450705201
            ],
            [
              134.2918864469,
              34.7453933746
            ],
            [
              134.2919849727,
              34.7455814585
            ],
            [
              134.2922537258,
              34.7453934982
            ],
            [
              134.2924884082,
              34.7453320202
            ],
            [
              134.2925529731,
              34.745424447
            ],
            [
              134.2928761709,
              34.7451693128
            ],
            [
              134.2933216055,
              34.7452984882
            ],
            [
              134.2932316015,
              34.74505181
            ],
            [
              134.2935955392,
              34.7449424794
            ],
            [
              134.2941886721,
              34.7455511916
            ],
            [
              134.2946683978,
              34.7450773447
            ],
            [
              134.2950031958,
              34.7454449576
            ],
            [
              134.294713214,
              34.7460981808
            ],
            [
              134.2948201145,
              34.7468170294
            ],
            [
              134.2947822247,
              34.7473251043
            ],
            [
              134.2948939422,
              34.7475133297
            ],
            [
              134.2948393831,
              34.7488072632
            ],
            [
              134.2942861416,
              34.7487313077
            ],
            [
              134.2934116701,
              34.7484459262
            ],
            [
              134.2931954907,
              34.7486881382
            ],
            [
              134.2923241101,
              34.7491583311
            ],
            [
              134.2922825632,
              34.7492638225
            ],
            [
              134.2925676255,
              34.7495518373
            ],
            [
              134.2926331896,
              34.7497713206
            ],
            [
              134.2922943385,
              34.7498995346
            ],
            [
              134.2919914512,
              34.7506748775
            ],
            [
              134.2916594386,
              34.7509398693
            ],
            [
              134.2916247956,
              34.7510795926
            ],
            [
              134.2915141732,
              34.7510825135
            ],
            [
              134.2913483594,
              34.7508315835
            ],
            [
              134.2911184285,
              34.7507776964
            ],
            [
              134.2914243716,
              34.7500322185
            ],
            [
              134.2914345579,
              34.74980797
            ],
            [
              134.2912466784,
              34.7496750738
            ],
            [
              134.2911598032,
              34.7489276322
            ],
            [
              134.2907976127,
              34.7483795555
            ],
            [
              134.2904755798,
              34.7480499691
            ],
            [
              134.2892013906,
              34.7482148927
            ],
            [
              134.2890786746,
              34.7483096489
            ],
            [
              134.2888589546,
              34.7487823037
            ],
            [
              134.2881159647,
              34.7492940696
            ],
            [
              134.2878560419,
              34.7493080609
            ]
          ]
        ]
      }
    },
    {
      "type": "Feature",
      "properties": {
        "key_code": "33211075027",
        "pref": "岡山県",
        "city": "備前市",
        "ward": "",
        "district": "日生町寒河大西西部",
        "name": "備前市  日生町寒河大西西部"
      },
      "geometry": {
        "type": "Polygon",
        "coordinates": [
          [
            [
              134.2878560419,
              34.7493080609
            ],
            [
              134.2881159647,
              34.7492940696
            ],
            [
              134.2888589546,
              34.7487823037
            ],
            [
              134.2890786746,
              34.7483096489
            ],
            [
              134.2892013906,
              34.7482148927
            ],
            [
              134.2904755798,
              34.7480499691
            ],
            [
              134.2907976127,
              34.7483795555
            ],
            [
              134.2911598032,
              34.7489276322
            ],
            [
              134.2912466784,
              34.7496750738
            ],
            [
              134.2914345579,
              34.74980797
            ],
            [
              134.2914243716,
              34.7500322185
            ],
            [
              134.2911184285,
              34.7507776964
            ],
            [
              134.2902750456,
              34.7506430267
            ],
            [
              134.2887657782,
              34.7511242453
            ],
            [
              134.2876629802,
              34.7511210297
            ],
            [
              134.2869938531,
              34.7514373012
            ],
            [
              134.2862677857,
              34.7515766238
            ],
            [
              134.2861224627,
              34.7517791298
            ],
            [
              134.2860963542,
              34.7520783121
            ],
            [
              134.2862631883,
              34.7534982664
            ],
            [
              134.2860746472,
              34.753712022
            ],
            [
              134.2860364156,
              34.7540740207
            ],
            [
              134.2858635039,
              34.7541566411
            ],
            [
              134.2852430054,
              34.7540338555
            ],
            [
              134.2853883078,
              34.753871358
            ],
            [
              134.2854091872,
              34.7536376774
            ],
            [
              134.2846697576,
              34.7529502678
            ],
            [
              134.2841672832,
              34.7520662949
            ],
            [
              134.284067053,
              34.7520234324
            ],
            [
              134.2838423502,
              34.752003339
            ],
            [
              134.2834999478,
              34.7522198479
            ],
            [
              134.2831231512,
              34.7521740547
            ],
            [
              134.2827965691,
              34.7519688245
            ],
            [
              134.2818459355,
              34.7518372858
            ],
            [
              134.2811460206,
              34.7515859732
            ],
            [
              134.2804891759,
              34.7515600546
            ],
            [
              134.2800085677,
              34.7516595774
            ],
            [
              134.2800157225,
              34.7512975639
            ],
            [
              134.2803773539,
              34.7507532856
            ],
            [
              134.2800870128,
              34.7506589231
            ],
            [
              134.2806559396,
              34.7503171539
            ],
            [
              134.2812316227,
              34.7502147108
            ],
            [
              134.2819575434,
              34.7503261572
            ],
            [
              134.2827803984,
              34.7502267678
            ],
            [
              134.2827321012,
              34.7500585582
            ],
            [
              134.2825403331,
              34.7499016981
            ],
            [
              134.2822520657,
              34.7492771341
            ],
            [
              134.2822694248,
              34.7491716353
            ],
            [
              134.2825114955,
              34.7490520018
            ],
            [
              134.2825807747,
              34.7488325667
            ],
            [
              134.282765819,
              34.7486843146
            ],
            [
              134.2828349688,
              34.7486873009
            ],
            [
              134.2829730342,
              34.7490209207
            ],
            [
              134.2833911848,
              34.7492663333
            ],
            [
              134.2839892296,
              34.749303622
            ],
            [
              134.2844041406,
              34.749215326
            ],
            [
              134.2845079089,
              34.7491184536
            ],
            [
              134.284539153,
              34.7489160463
            ],
            [
              134.2844028513,
              34.7485139691
            ],
            [
              134.2848819108,
              34.748072272
            ],
            [
              134.2851761328,
              34.7474479423
            ],
            [
              134.2851867152,
              34.7470945209
            ],
            [
              134.2849521293,
              34.7466293001
            ],
            [
              134.2850792866,
              34.7464003066
            ],
            [
              134.2850557866,
              34.7460567334
            ],
            [
              134.2852115457,
              34.7461153935
            ],
            [
              134.2853942751,
              34.7463864851
            ],
            [
              134.2858507598,
              34.7476604834
            ],
            [
              134.2857907984,
              34.7480919231
            ],
            [
              134.2856144523,
              34.7481107312
            ],
            [
              134.2855251357,
              34.7484363714
            ],
            [
              134.2856217353,
              34.7487494053
            ],
            [
              134.285506573,
              34.7490244656
            ],
            [
              134.2856894521,
              34.7492931614
            ],
            [
              134.2857725814,
              34.74970578
            ],
            [
              134.2863419829,
              34.7494577973
            ],
            [
              134.2864600576,
              34.7491148413
            ],
            [
              134.2865885533,
              34.7489916349
            ],
            [
              134.2872938764,
              34.7489982384
            ],
            [
              134.2878560419,
              34.7493080609
            ]
          ]
        ]
      }
    },
    {
      "type": "Feature",
      "properties": {
        "key_code": "33211075028",
        "pref": "岡山県",
        "city": "備前市",
        "ward": "",
        "district": "日生町寒河中，北，宮の下の一部",
        "name": "備前市  日生町寒河中，北，宮の下の一部"
      },
      "geometry": {
        "type": "Polygon",
        "coordinates": [
          [
            [
              134.2990758349,
              34.7486112889
            ],
            [
              134.2982349068,
              34.7484524496
            ],
            [
              134.2981798277,
              34.7486314676
            ],
            [
              134.2983679485,
              34.7488083002
            ],
            [
              134.2977160651,
              34.7497656901
            ],
            [
              134.2977000065,
              34.7500736067
            ],
            [
              134.2975405987,
              34.7504413493
            ],
            [
              134.2978343472,
              34.7507566778
            ],
            [
              134.2977241648,
              34.7511290826
            ],
            [
              134.2975967975,
              34.7512582166
            ],
            [
              134.2969867587,
              34.750941528
            ],
            [
              134.2966065149,
              34.7508759173
            ],
            [
              134.2963490819,
              34.7506193333
            ],
            [
              134.2959965453,
              34.7504452662
            ],
            [
              134.2955110653,
              34.7499433729
            ],
            [
              134.2949943546,
              34.7497122031
            ],
            [
              134.2948077945,
              34.7494556377
            ],
            [
              134.2950759672,
              34.7489197439
            ],
            [
              134.2948393831,
              34.7488072632
            ],
            [
              134.2948939422,
              34.7475133297
            ],
            [
              134.2947822247,
              34.7473251043
            ],
            [
              134.2948201145,
              34.7468170294
            ],
            [
              134.294713214,
              34.7460981808
            ],
            [
              134.2950576475,
              34.7453635563
            ],
            [
              134.2954624772,
              34.7450551964
            ],
            [
              134.2984435119,
              34.7443885327
            ],
            [
              134.2996551471,
              34.7433505768
            ],
            [
              134.3024861546,
              34.7446851099
            ],
            [
              134.300939496,
              34.7465732433
            ],
            [
              134.3008981961,
              34.7469689102
            ],
            [
              134.3007335548,
              34.7472290379
            ],
            [
              134.3008156125,
              34.747771795
            ],
            [
              134.3007470024,
              34.7479074264
            ],
            [
              134.3005705278,
              34.7480107731
            ],
            [
              134.3003550812,
              34.7479815588
            ],
            [
              134.2991685954,
              34.7475965533
            ],
            [
              134.2989946573,
              34.7482570019
            ],
            [
              134.2988821197,
              34.7482303489
            ],
            [
              134.2990758349,
              34.7486112889
            ]
          ]
        ]
      }
    },
    {
      "type": "Feature",
      "properties": {
        "key_code": "33211075029",
        "pref": "岡山県",
        "city": "備前市",
        "ward": "",
        "district": "日生町寒河東，名切，宮の下の一部",
        "name": "備前市  日生町寒河東，名切，宮の下の一部"
      },
      "geometry": {
        "type": "Polygon",
        "coordinates": [
          [
            [
              134.3070988943,
              34.7486529193
            ],
            [
              134.3059625714,
              34.7507250204
            ],
            [
              134.3043997501,
              34.7527226413
            ],
            [
              134.3038627952,
              34.7527618182
            ],
            [
              134.3031603684,
              34.7523724575
            ],
            [
              134.3029296536,
              34.7524243801
            ],
            [
              134.3028352419,
              34.7525367638
            ],
            [
              134.3028782771,
              34.7530886659
            ],
            [
              134.3023957726,
              34.753548036
            ],
            [
              134.3026178392,
              34.7545767923
            ],
            [
              134.3027591234,
              34.7548409392
            ],
            [
              134.3029461852,
              34.7549987472
            ],
            [
              134.3037548485,
              34.7552698105
            ],
            [
              134.3036882369,
              34.7554926354
            ],
            [
              134.3029855001,
              34.7554924713
            ],
            [
              134.3025530151,
              34.7555850548
            ],
            [
              134.302340874,
              34.7557769955
            ],
            [
              134.3018219685,
              34.7557787009
            ],
            [
              134.3017663465,
              34.7548459099
            ],
            [
              134.3016419819,
              34.7545835977
            ],
            [
              134.3014139098,
              34.7543439369
            ],
            [
              134.3011788325,
              34.7543040151
            ],
            [
              134.3006187147,
              34.7544406475
            ],
            [
              134.3006948572,
              34.7542183898
            ],
            [
              134.3012240714,
              34.7535570438
            ],
            [
              134.3011153351,
              34.7531180953
            ],
            [
              134.3007802784,
              34.7524222996
            ],
            [
              134.3004364015,
              34.7521627464
            ],
            [
              134.299717264,
              34.752325111
            ],
            [
              134.29996125,
              34.7516865137
            ],
            [
              134.2997919081,
              34.7515553277
            ],
            [
              134.2990659108,
              34.7515693605
            ],
            [
              134.2985923444,
              34.7514496412
            ],
            [
              134.2981186936,
              34.7515262794
            ],
            [
              134.2975967975,
              34.7512582166
            ],
            [
              134.2977241648,
              34.7511290826
            ],
            [
              134.2978343472,
              34.7507566778
            ],
            [
              134.2975405987,
              34.7504413493
            ],
            [
              134.2977000065,
              34.7500736067
            ],
            [
              134.2977160651,
              34.7497656901
            ],
            [
              134.2983679485,
              34.7488083002
            ],
            [
              134.2981798277,
              34.7486314676
            ],
            [
              134.2982349068,
              34.7484524496
            ],
            [
              134.2990758349,
              34.7486112889
            ],
            [
              134.2988821197,
              34.7482303489
            ],
            [
              134.2989946573,
              34.7482570019
            ],
            [
              134.2991685954,
              34.7475965533
            ],
            [
              134.3003550812,
              34.7479815588
            ],
            [
              134.3006766714,
              34.7479736133
            ],
            [
              134.3008156125,
              34.747771795
            ],
            [
              134.3007335548,
              34.7472290379
            ],
            [
              134.3008981961,
              34.7469689102
            ],
            [
              134.300939496,
              34.7465732433
            ],
            [
              134.3024861546,
              34.7446851099
            ],
            [
              134.3073046338,
              34.7470571524
            ],
            [
              134.3070783272,
              34.7477788753
            ],
            [
              134.3070301462,
              34.748366958
            ],
            [
              134.3070988943,
              34.7486529193
            ]
          ]
        ]
      }
    },
    {
      "type": "Feature",
      "properties": {
        "key_code": "33211075030",
        "pref": "岡山県",
        "city": "備前市",
        "ward": "",
        "district": "日生町寒河東奥福浦峠",
        "name": "備前市  日生町寒河東奥福浦峠"
      },
      "geometry": {
        "type": "Polygon",
        "coordinates": [
          [
            [
              134.3067068725,
              34.749367846
            ],
            [
              134.3070988943,
              34.7486529193
            ],
            [
              134.3070301462,
              34.748366958
            ],
            [
              134.3070783272,
              34.7477788753
            ],
            [
              134.3073046338,
              34.7470571524
            ],
            [
              134.3080621172,
              34.7470232164
            ],
            [
              134.3095059989,
              34.7471601268
            ],
            [
              134.3100859789,
              34.7470283881
            ],
            [
              134.311372109,
              34.746012028
            ],
            [
              134.3117525883,
              34.7454978124
            ],
            [
              134.3129474282,
              34.7461699126
            ],
            [
              134.3129621697,
              34.746389516
            ],
            [
              134.313447404,
              34.7464383294
            ],
            [
              134.3138912833,
              34.7462480956
            ],
            [
              134.3141161396,
              34.7463019385
            ],
            [
              134.3145600005,
              34.7461701594
            ],
            [
              134.3149862221,
              34.7455260694
            ],
            [
              134.3155067913,
              34.7463655255
            ],
            [
              134.3156741146,
              34.7464059755
            ],
            [
              134.3160157477,
              34.7462191009
            ],
            [
              134.3168381747,
              34.7468292716
            ],
            [
              134.316773292,
              34.7469064544
            ],
            [
              134.3169015815,
              34.7475754124
            ],
            [
              134.3169350384,
              34.7483907115
            ],
            [
              134.316627045,
              34.748548154
            ],
            [
              134.3159607811,
              34.7487117457
            ],
            [
              134.3155334485,
              34.7487283101
            ],
            [
              134.3149732313,
              34.7486283632
            ],
            [
              134.314616553,
              34.7487004326
            ],
            [
              134.314562676,
              34.7488253668
            ],
            [
              134.314795047,
              34.7494688474
            ],
            [
              134.3146802705,
              34.7495801107
            ],
            [
              134.3125382832,
              34.7493800466
            ],
            [
              134.3118336745,
              34.7490349655
            ],
            [
              134.3115149492,
              34.7490135013
            ],
            [
              134.3104304721,
              34.7491372702
            ],
            [
              134.3100948138,
              34.7494278051
            ],
            [
              134.3095234898,
              34.749269655
            ],
            [
              134.3093628005,
              34.7493892164
            ],
            [
              134.3092590768,
              34.7496307719
            ],
            [
              134.3091813402,
              34.7496392089
            ],
            [
              134.3083703919,
              34.7492522521
            ],
            [
              134.3078650522,
              34.7494103393
            ],
            [
              134.3074787068,
              34.7494344901
            ],
            [
              134.3070276373,
              34.7493228369
            ],
            [
              134.3067068725,
              34.749367846
            ]
          ]
        ]
      }
    },
    {
      "type": "Feature",
      "properties": {
        "key_code": "33211075031",
        "pref": "岡山県",
        "city": "備前市",
        "ward": "",
        "district": "日生町寒河深谷西北部",
        "name": "備前市  日生町寒河深谷西北部"
      },
      "geometry": {
        "type": "Polygon",
        "coordinates": [
          [
            [
              134.2999151778,
              34.7367403261
            ],
            [
              134.2993015515,
              34.7369556794
            ],
            [
              134.2991433767,
              34.7371200206
            ],
            [
              134.299126119,
              34.7372845415
            ],
            [
              134.2994284762,
              34.7375850805
            ],
            [
              134.299505569,
              34.7381691102
            ],
            [
              134.299369014,
              34.7384123405
            ],
            [
              134.2993798755,
              34.7387446346
            ],
            [
              134.2993248354,
              34.7388523781
            ],
            [
              134.2989930663,
              34.7390507609
            ],
            [
              134.2988261413,
              34.7395723234
            ],
            [
              134.2986129192,
              34.7398160953
            ],
            [
              134.2978018577,
              34.7395011851
            ],
            [
              134.2974615381,
              34.739557715
            ],
            [
              134.2970150808,
              34.7400372159
            ],
            [
              134.2965289897,
              34.741086907
            ],
            [
              134.2955115834,
              34.741024337
            ],
            [
              134.2949734416,
              34.7408568268
            ],
            [
              134.294017274,
              34.7410979587
            ],
            [
              134.2933753156,
              34.7408212407
            ],
            [
              134.291685108,
              34.7408244809
            ],
            [
              134.2911105048,
              34.7403978978
            ],
            [
              134.2915351488,
              34.7388366003
            ],
            [
              134.2918217717,
              34.738267479
            ],
            [
              134.2924420213,
              34.7383551621
            ],
            [
              134.293587593,
              34.7360593629
            ],
            [
              134.2980210798,
              34.7365411949
            ],
            [
              134.3004184487,
              34.7357575324
            ],
            [
              134.3011208208,
              34.735271886
            ],
            [
              134.3009450613,
              34.7351185841
            ],
            [
              134.301117589,
              34.7351573656
            ],
            [
              134.3019618605,
              34.7348186708
            ],
            [
              134.3033084429,
              34.7345241814
            ],
            [
              134.305369229,
              34.7341351842
            ],
            [
              134.3070050992,
              34.7340751127
            ],
            [
              134.3076199601,
              34.7339049428
            ],
            [
              134.3112096003,
              34.7332988144
            ],
            [
              134.311414751,
              34.7338596078
            ],
            [
              134.3119673199,
              34.7338471675
            ],
            [
              134.312750437,
              34.733308094
            ],
            [
              134.31277231,
              34.7331765356
            ],
            [
              134.3129350523,
              34.73305303
            ],
            [
              134.3128520764,
              34.7329782204
            ],
            [
              134.3129481918,
              34.7329052721
            ],
            [
              134.3128193626,
              34.7327897471
            ],
            [
              134.312978774,
              34.732886261
            ],
            [
              134.3130574125,
              34.7328268313
            ],
            [
              134.3129384205,
              34.7326744037
            ],
            [
              134.3130847179,
              34.7328061303
            ],
            [
              134.313171003,
              34.7327402227
            ],
            [
              134.3132965572,
              34.7328529296
            ],
            [
              134.3134439794,
              34.7328521077
            ],
            [
              134.3134537852,
              34.7329494424
            ],
            [
              134.3135367494,
              34.733065804
            ],
            [
              134.3136459227,
              34.7331848471
            ],
            [
              134.3137791283,
              34.7332722001
            ],
            [
              134.3135138341,
              34.7329990341
            ],
            [
              134.3134690961,
              34.7328502807
            ],
            [
              134.3145284708,
              34.7323203967
            ],
            [
              134.3151493372,
              34.7333387509
            ],
            [
              134.3157943646,
              34.7338838227
            ],
            [
              134.314013379,
              34.7345722152
            ],
            [
              134.3132724757,
              34.7352955462
            ],
            [
              134.3127130903,
              34.7351492446
            ],
            [
              134.3124067276,
              34.7349800234
            ],
            [
              134.3119443151,
              34.734894163
            ],
            [
              134.3116631752,
              34.7349937018
            ],
            [
              134.3110305471,
              34.7354781437
            ],
            [
              134.3104472551,
              34.7353830998
            ],
            [
              134.3100030612,
              34.7355151437
            ],
            [
              134.3095533407,
              34.7353063067
            ],
            [
              134.3090065533,
              34.7353943804
            ],
            [
              134.3086073896,
              34.7353293662
            ],
            [
              134.3080339996,
              34.7350557046
            ],
            [
              134.307868102,
              34.7352201944
            ],
            [
              134.3078257849,
              34.7356862881
            ],
            [
              134.3073885511,
              34.7360386289
            ],
            [
              134.3073013195,
              34.7363145534
            ],
            [
              134.3071466751,
              34.7364188988
            ],
            [
              134.3059197853,
              34.7358552016
            ],
            [
              134.3054180079,
              34.7358388924
            ],
            [
              134.3046574727,
              34.7361910115
            ],
            [
              134.3034853569,
              34.7358198553
            ],
            [
              134.3030622429,
              34.7359101858
            ],
            [
              134.3028485478,
              34.7360422615
            ],
            [
              134.3027501143,
              34.736151263
            ],
            [
              134.3026599764,
              34.7366521405
            ],
            [
              134.3003895295,
              34.7367008695
            ],
            [
              134.2999151778,
              34.7367403261
            ]
          ]
        ]
      }
    },
    {
      "type": "Feature",
      "properties": {
        "key_code": "33211075035",
        "pref": "岡山県",
        "city": "備前市",
        "ward": "",
        "district": "日生町寒河北部",
        "name": "備前市  日生町寒河北部"
      },
      "geometry": {
        "type": "Polygon",
        "coordinates": [
          [
            [
              134.322635849,
              34.7620486579
            ],
            [
              134.3222470127,
              34.7629191652
            ],
            [
              134.3215353563,
              34.7640534918
            ],
            [
              134.3196015238,
              34.7653319447
            ],
            [
              134.3192185276,
              34.765620396
            ],
            [
              134.3189773458,
              34.7659712632
            ],
            [
              134.3184903593,
              34.7661116531
            ],
            [
              134.3181641561,
              34.7660101961
            ],
            [
              134.3173801473,
              34.7660346186
            ],
            [
              134.3168763904,
              34.7659472241
            ],
            [
              134.3156252884,
              34.7662437248
            ],
            [
              134.315159649,
              34.7660526531
            ],
            [
              134.3149090699,
              34.7660409284
            ],
            [
              134.3136276469,
              34.7668788791
            ],
            [
              134.3134952069,
              34.7671166353
            ],
            [
              134.3128916897,
              34.7673234704
            ],
            [
              134.3125432478,
              34.7673074989
            ],
            [
              134.3117109166,
              34.7670360651
            ],
            [
              134.3114383501,
              34.7672544966
            ],
            [
              134.3105102682,
              34.7671898244
            ],
            [
              134.3095264057,
              34.7667914341
            ],
            [
              134.3089788722,
              34.7666749839
            ],
            [
              134.3066309587,
              34.7666403029
            ],
            [
              134.306365489,
              34.7665581263
            ],
            [
              134.3061581377,
              34.7663801749
            ],
            [
              134.3057685073,
              34.7654694214
            ],
            [
              134.3060966362,
              34.7641925758
            ],
            [
              134.3060054672,
              34.7639187211
            ],
            [
              134.3055659474,
              34.7634050453
            ],
            [
              134.3051346503,
              34.7630695608
            ],
            [
              134.3047862904,
              34.7628366404
            ],
            [
              134.3041558696,
              34.7625968947
            ],
            [
              134.3033966469,
              34.7629631048
            ],
            [
              134.3026665789,
              34.7629696962
            ],
            [
              134.3014718227,
              34.7632638103
            ],
            [
              134.3012478175,
              34.7632569937
            ],
            [
              134.3008331447,
              34.7629281183
            ],
            [
              134.3005678448,
              34.762496872
            ],
            [
              134.3003480176,
              34.7624317373
            ],
            [
              134.2991369226,
              34.762123356
            ],
            [
              134.2989295164,
              34.7621369651
            ],
            [
              134.298514617,
              34.7623489921
            ],
            [
              134.2971914875,
              34.7621262051
            ],
            [
              134.296884518,
              34.7621397821
            ],
            [
              134.2964281703,
              34.7622902325
            ],
            [
              134.295051204,
              34.7618517431
            ],
            [
              134.2949019272,
              34.7617421076
            ],
            [
              134.2947527261,
              34.761468227
            ],
            [
              134.2943380009,
              34.761310618
            ],
            [
              134.2941057005,
              34.7613242107
            ],
            [
              134.2939314347,
              34.7614337458
            ],
            [
              134.2934396817,
              34.7620490185
            ],
            [
              134.2927075146,
              34.7627742282
            ],
            [
              134.29226987,
              34.7630529949
            ],
            [
              134.2908582775,
              34.76237639
            ],
            [
              134.2905639254,
              34.7624485531
            ],
            [
              134.2894718355,
              34.7630603675
            ],
            [
              134.2892928729,
              34.7630470638
            ],
            [
              134.2888636455,
              34.7624430364
            ],
            [
              134.288585376,
              34.7621869915
            ],
            [
              134.2874618031,
              34.7621915189
            ],
            [
              134.2872908205,
              34.7621158139
            ],
            [
              134.2861042573,
              34.7621877782
            ],
            [
              134.285757168,
              34.7623213258
            ],
            [
              134.2851938903,
              34.7629128751
            ],
            [
              134.2843456794,
              34.7628361953
            ],
            [
              134.2841836343,
              34.7630079822
            ],
            [
              134.2841217374,
              34.7633389837
            ],
            [
              134.2838208491,
              34.7635742421
            ],
            [
              134.283585634,
              34.7635835844
            ],
            [
              134.2823057686,
              34.7631568092
            ],
            [
              134.2808945603,
              34.7631562122
            ],
            [
              134.2807095791,
              34.7629969589
            ],
            [
              134.2807410875,
              34.7619660074
            ],
            [
              134.2806717638,
              34.761845119
            ],
            [
              134.2801899917,
              34.7615362842
            ],
            [
              134.2797662232,
              34.7609951943
            ],
            [
              134.2796739026,
              34.7606641313
            ],
            [
              134.2791036079,
              34.760142132
            ],
            [
              134.2790265926,
              34.7599957433
            ],
            [
              134.2791696041,
              34.7594579988
            ],
            [
              134.2791389909,
              34.7591142845
            ],
            [
              134.2783603575,
              34.7588277089
            ],
            [
              134.2783066876,
              34.7583629851
            ],
            [
              134.2780755875,
              34.7580191804
            ],
            [
              134.2772235928,
              34.7578948361
            ],
            [
              134.2763439989,
              34.7586580384
            ],
            [
              134.2760740851,
              34.7586897469
            ],
            [
              134.2757271912,
              34.7585368912
            ],
            [
              134.2757582623,
              34.7582250398
            ],
            [
              134.2756007512,
              34.7574072675
            ],
            [
              134.2758172071,
              34.7566372813
            ],
            [
              134.2754858878,
              34.7562870858
            ],
            [
              134.2752086077,
              34.7558415514
            ],
            [
              134.274738355,
              34.7556821549
            ],
            [
              134.2745650485,
              34.7554242956
            ],
            [
              134.2745499622,
              34.7549533892
            ],
            [
              134.2749049823,
              34.7545018179
            ],
            [
              134.274835944,
              34.7540053901
            ],
            [
              134.2746664968,
              34.7537379541
            ],
            [
              134.273914918,
              34.7533479703
            ],
            [
              134.2733339511,
              34.7528049445
            ],
            [
              134.2733153109,
              34.7522227511
            ],
            [
              134.2738646867,
              34.7503784245
            ],
            [
              134.2737411771,
              34.7498592865
            ],
            [
              134.2737890044,
              34.7496075882
            ],
            [
              134.2743230811,
              34.7490965156
            ],
            [
              134.2742187016,
              34.7484828681
            ],
            [
              134.273951954,
              34.748349061
            ],
            [
              134.272779517,
              34.7486473981
            ],
            [
              134.2721029421,
              34.748544655
            ],
            [
              134.2716837752,
              34.7483321658
            ],
            [
              134.2713597373,
              34.7483398907
            ],
            [
              134.2704445435,
              34.7487248241
            ],
            [
              134.2702158081,
              34.7487404831
            ],
            [
              134.2699489787,
              34.7487089328
            ],
            [
              134.2696298577,
              34.7485317035
            ],
            [
              134.2682945824,
              34.7481317975
            ],
            [
              134.2685380992,
              34.7475896067
            ],
            [
              134.2689368977,
              34.7473744376
            ],
            [
              134.2694529438,
              34.7466151773
            ],
            [
              134.2699996583,
              34.7461989308
            ],
            [
              134.2701437443,
              34.7457285244
            ],
            [
              134.2701177085,
              34.745128296
            ],
            [
              134.2704592926,
              34.7443358427
            ],
            [
              134.2705997741,
              34.7442128023
            ],
            [
              134.2711684978,
              34.7444028312
            ],
            [
              134.2714638241,
              34.7438806667
            ],
            [
              134.2717961766,
              34.7435465702
            ],
            [
              134.2720555011,
              34.7431363712
            ],
            [
              134.2724015044,
              34.7428532711
            ],
            [
              134.2729141321,
              34.7426326539
            ],
            [
              134.2733360986,
              34.7419061572
            ],
            [
              134.2736850925,
              34.7416058703
            ],
            [
              134.2744828409,
              34.7413355205
            ],
            [
              134.273877979,
              34.7408361572
            ],
            [
              134.2739475611,
              34.7403581071
            ],
            [
              134.2743200383,
              34.7394742413
            ],
            [
              134.274315255,
              34.7389792528
            ],
            [
              134.2744617477,
              34.7385394131
            ],
            [
              134.2748620525,
              34.738167308
            ],
            [
              134.2747573453,
              34.7375454965
            ],
            [
              134.2750243849,
              34.737054863
            ],
            [
              134.275301469,
              34.7368603238
            ],
            [
              134.2755579436,
              34.7367928316
            ],
            [
              134.2760528206,
              34.7368523674
            ],
            [
              134.2761247786,
              34.7366239236
            ],
            [
              134.2763248812,
              34.7365055524
            ],
            [
              134.2767761996,
              34.7365057618
            ],
            [
              134.2771251193,
              34.7362564556
            ],
            [
              134.2774995811,
              34.7361297105
            ],
            [
              134.2778996203,
              34.7361255254
            ],
            [
              134.2785431208,
              34.7363500674
            ],
            [
              134.278753537,
              34.7361174575
            ],
            [
              134.2787075991,
              34.7357917643
            ],
            [
              134.2787846711,
              34.7355633211
            ],
            [
              134.2791897736,
              34.7356566106
            ],
            [
              134.2799131055,
              34.7353353408
            ],
            [
              134.2805204584,
              34.7359406062
            ],
            [
              134.2806021672,
              34.7364905657
            ],
            [
              134.2810405464,
              34.7366854236
            ],
            [
              134.2816559806,
              34.7366856848
            ],
            [
              134.2818052122,
              34.7358818513
            ],
            [
              134.2819618338,
              34.7355393415
            ],
            [
              134.2828237268,
              34.7350575309
            ],
            [
              134.2830187284,
              34.7348671664
            ],
            [
              134.2831344614,
              34.7342792573
            ],
            [
              134.2832935991,
              34.7340297158
            ],
            [
              134.2834474928,
              34.7339452618
            ],
            [
              134.2837500629,
              34.7339791919
            ],
            [
              134.2841652248,
              34.7343854638
            ],
            [
              134.2842367954,
              34.7347872296
            ],
            [
              134.2842184391,
              34.7354811064
            ],
            [
              134.2839848376,
              34.7359124705
            ],
            [
              134.2837795912,
              34.7360857883
            ],
            [
              134.2834461608,
              34.7362041173
            ],
            [
              134.2832716285,
              34.7364832341
            ],
            [
              134.2839946258,
              34.7367331334
            ],
            [
              134.2842432464,
              34.7369362137
            ],
            [
              134.2845301074,
              34.7375455519
            ],
            [
              134.2844247615,
              34.7378965355
            ],
            [
              134.2845937329,
              34.738383137
            ],
            [
              134.2850707839,
              34.7382352808
            ],
            [
              134.2854656389,
              34.7383412227
            ],
            [
              134.286253423,
              34.7373684608
            ],
            [
              134.2863818996,
              34.7368778912
            ],
            [
              134.2865768437,
              34.736772179
            ],
            [
              134.286766453,
              34.7370387603
            ],
            [
              134.2894098273,
              34.7378308129
            ],
            [
              134.2886024215,
              34.7399937227
            ],
            [
              134.2885819731,
              34.7402561385
            ],
            [
              134.2886698593,
              34.7404515449
            ],
            [
              134.2889742502,
              34.7407585917
            ],
            [
              134.28903165,
              34.7409930051
            ],
            [
              134.2889977539,
              34.7411158235
            ],
            [
              134.2887946377,
              34.7412553431
            ],
            [
              134.2889163452,
              34.7414786516
            ],
            [
              134.2888380057,
              34.7424666209
            ],
            [
              134.2894404472,
              34.7422770996
            ],
            [
              134.2899209774,
              34.742277271
            ],
            [
              134.2902052028,
              34.7423386453
            ],
            [
              134.2903607931,
              34.7424726589
            ],
            [
              134.2903232921,
              34.7430308775
            ],
            [
              134.2900049532,
              34.743494197
            ],
            [
              134.2908338506,
              34.7438796016
            ],
            [
              134.2909352431,
              34.7441419192
            ],
            [
              134.290772677,
              34.7444042867
            ],
            [
              134.290772579,
              34.7445996609
            ],
            [
              134.2910431718,
              34.7448789403
            ],
            [
              134.2910653402,
              34.7450705201
            ],
            [
              134.290585665,
              34.7453846169
            ],
            [
              134.2903286697,
              34.7458333138
            ],
            [
              134.2898812453,
              34.74623419
            ],
            [
              134.2897825116,
              34.7464361517
            ],
            [
              134.289502634,
              34.7458803514
            ],
            [
              134.289334063,
              34.7457126646
            ],
            [
              134.2892035901,
              34.7459781428
            ],
            [
              134.2889226993,
              34.7461898984
            ],
            [
              134.2884346057,
              34.7467588048
            ],
            [
              134.2881591205,
              34.7475411946
            ],
            [
              134.2876729657,
              34.7480546005
            ],
            [
              134.2875778574,
              34.7484530649
            ],
            [
              134.2873133056,
              34.7485460766
            ],
            [
              134.2870219693,
              34.7485713232
            ],
            [
              134.2867028893,
              34.7484858412
            ],
            [
              134.2862639338,
              34.7485599089
            ],
            [
              134.28589509,
              34.7483684769
            ],
            [
              134.2857907984,
              34.7480919231
            ],
            [
              134.2858507598,
              34.7476604834
            ],
            [
              134.2857494052,
              34.7472385611
            ],
            [
              134.2852927828,
              34.7462075492
            ],
            [
              134.2850557866,
              34.7460567334
            ],
            [
              134.2850792866,
              34.7464003066
            ],
            [
              134.2849521293,
              34.7466293001
            ],
            [
              134.2851867152,
              34.7470945209
            ],
            [
              134.2851761328,
              34.7474479423
            ],
            [
              134.2848819108,
              34.748072272
            ],
            [
              134.2844028513,
              34.7485139691
            ],
            [
              134.284539153,
              34.7489160463
            ],
            [
              134.2845079089,
              34.7491184536
            ],
            [
              134.2844041406,
              34.749215326
            ],
            [
              134.2839892296,
              34.749303622
            ],
            [
              134.2833911848,
              34.7492663333
            ],
            [
              134.2829730342,
              34.7490209207
            ],
            [
              134.2828349688,
              34.7486873009
            ],
            [
              134.282765819,
              34.7486843146
            ],
            [
              134.2825807747,
              34.7488325667
            ],
            [
              134.2825114955,
              34.7490520018
            ],
            [
              134.2822694248,
              34.7491716353
            ],
            [
              134.2822520657,
              34.7492771341
            ],
            [
              134.2825403331,
              34.7499016981
            ],
            [
              134.2827321012,
              34.7500585582
            ],
            [
              134.2827803984,
              34.7502267678
            ],
            [
              134.2819575434,
              34.7503261572
            ],
            [
              134.2812316227,
              34.7502147108
            ],
            [
              134.2806559396,
              34.7503171539
            ],
            [
              134.2800870128,
              34.7506589231
            ],
            [
              134.2803773539,
              34.7507532856
            ],
            [
              134.2800157225,
              34.7512975639
            ],
            [
              134.2800085677,
              34.7516595774
            ],
            [
              134.2804891759,
              34.7515600546
            ],
            [
              134.2811460206,
              34.7515859732
            ],
            [
              134.2818459355,
              34.7518372858
            ],
            [
              134.2827965691,
              34.7519688245
            ],
            [
              134.2831231512,
              34.7521740547
            ],
            [
              134.2834999478,
              34.7522198479
            ],
            [
              134.2838423502,
              34.752003339
            ],
            [
              134.284067053,
              34.7520234324
            ],
            [
              134.2841672832,
              34.7520662949
            ],
            [
              134.2846697576,
              34.7529502678
            ],
            [
              134.2854091872,
              34.7536376774
            ],
            [
              134.2853883078,
              34.753871358
            ],
            [
              134.2852430054,
              34.7540338555
            ],
            [
              134.2858635039,
              34.7541566411
            ],
            [
              134.2860364156,
              34.7540740207
            ],
            [
              134.2860746472,
              34.753712022
            ],
            [
              134.2862631883,
              34.7534982664
            ],
            [
              134.2860963542,
              34.7520783121
            ],
            [
              134.2861224627,
              34.7517791298
            ],
            [
              134.2862677857,
              34.7515766238
            ],
            [
              134.2869938531,
              34.7514373012
            ],
            [
              134.2876629802,
              34.7511210297
            ],
            [
              134.2887657782,
              34.7511242453
            ],
            [
              134.290392602,
              34.7506258816
            ],
            [
              134.2912412118,
              34.7507887255
            ],
            [
              134.2915003919,
              34.7509912305
            ],
            [
              134.2915141732,
              34.7510825135
            ],
            [
              134.2916247956,
              34.7510795926
            ],
            [
              134.2916594386,
              34.7509398693
            ],
            [
              134.2919914512,
              34.7506748775
            ],
            [
              134.2922943385,
              34.7498995346
            ],
            [
              134.2926331896,
              34.7497713206
            ],
            [
              134.2925676255,
              34.7495518373
            ],
            [
              134.2922825632,
              34.7492638225
            ],
            [
              134.2923241101,
              34.7491583311
            ],
            [
              134.2935153859,
              34.7484403251
            ],
            [
              134.2942861416,
              34.7487313077
            ],
            [
              134.295051789,
              34.7488712802
            ],
            [
              134.2950344283,
              34.7490450971
            ],
            [
              134.2948077945,
              34.7494556377
            ],
            [
              134.294894148,
              34.7496152598
            ],
            [
              134.2955110653,
              34.7499433729
            ],
            [
              134.2959965453,
              34.7504452662
            ],
            [
              134.2963490819,
              34.7506193333
            ],
            [
              134.2966065149,
              34.7508759173
            ],
            [
              134.2974672135,
              34.7511384479
            ],
            [
              134.2981186936,
              34.7515262794
            ],
            [
              134.2985923444,
              34.7514496412
            ],
            [
              134.2990659108,
              34.7515693605
            ],
            [
              134.2999163393,
              34.7516009993
            ],
            [
              134.2999438956,
              34.7518434275
            ],
            [
              134.299717264,
              34.752325111
            ],
            [
              134.3003154046,
              34.7521569391
            ],
            [
              134.3005297393,
              34.75217418
            ],
            [
              134.3009426596,
              34.7526789894
            ],
            [
              134.3012241126,
              34.7534516803
            ],
            [
              134.3012240714,
              34.7535570438
            ],
            [
              134.3006948572,
              34.7542183898
            ],
            [
              134.3006187147,
              34.7544406475
            ],
            [
              134.3008331016,
              34.7543437904
            ],
            [
              134.3014139098,
              34.7543439369
            ],
            [
              134.3017663465,
              34.7548459099
            ],
            [
              134.3018219685,
              34.7557787009
            ],
            [
              134.302340874,
              34.7557769955
            ],
            [
              134.3025530151,
              34.7555850548
            ],
            [
              134.3029855001,
              34.7554924713
            ],
            [
              134.3036882369,
              34.7554926354
            ],
            [
              134.3037548485,
              34.7552698105
            ],
            [
              134.3029461852,
              34.7549987472
            ],
            [
              134.3027591234,
              34.7548409392
            ],
            [
              134.3026178392,
              34.7545767923
            ],
            [
              134.3023957726,
              34.753548036
            ],
            [
              134.3028782771,
              34.7530886659
            ],
            [
              134.3028352419,
              34.7525367638
            ],
            [
              134.3029296536,
              34.7524243801
            ],
            [
              134.3031603684,
              34.7523724575
            ],
            [
              134.3038627952,
              34.7527618182
            ],
            [
              134.3043997501,
              34.7527226413
            ],
            [
              134.3059625714,
              34.7507250204
            ],
            [
              134.3067068725,
              34.749367846
            ],
            [
              134.3070276373,
              34.7493228369
            ],
            [
              134.3074787068,
              34.7494344901
            ],
            [
              134.3078650522,
              34.7494103393
            ],
            [
              134.3083703919,
              34.7492522521
            ],
            [
              134.3091813402,
              34.7496392089
            ],
            [
              134.3092590768,
              34.7496307719
            ],
            [
              134.3093628005,
              34.7493892164
            ],
            [
              134.3095234898,
              34.749269655
            ],
            [
              134.3100948138,
              34.7494278051
            ],
            [
              134.3104304721,
              34.7491372702
            ],
            [
              134.3115149492,
              34.7490135013
            ],
            [
              134.3118336745,
              34.7490349655
            ],
            [
              134.3125382832,
              34.7493800466
            ],
            [
              134.3145941335,
              34.7495972828
            ],
            [
              134.3147512704,
              34.7495575832
            ],
            [
              134.314795047,
              34.7494688474
            ],
            [
              134.314562676,
              34.7488253668
            ],
            [
              134.314616553,
              34.7487004326
            ],
            [
              134.3149732313,
              34.7486283632
            ],
            [
              134.3155334485,
              34.7487283101
            ],
            [
              134.3159607811,
              34.7487117457
            ],
            [
              134.316627045,
              34.748548154
            ],
            [
              134.3169350384,
              34.7483907115
            ],
            [
              134.3170916999,
              34.7496225478
            ],
            [
              134.3172236713,
              34.7499492162
            ],
            [
              134.317726019,
              34.7505482102
            ],
            [
              134.3179533277,
              34.7509777173
            ],
            [
              134.3183088706,
              34.7521209713
            ],
            [
              134.3182537095,
              34.7528530105
            ],
            [
              134.3178098085,
              34.7533670961
            ],
            [
              134.317670374,
              34.753663447
            ],
            [
              134.3179709372,
              34.7546556897
            ],
            [
              134.3182496308,
              34.7549581441
            ],
            [
              134.3182003165,
              34.7562360083
            ],
            [
              134.3183084245,
              34.7565129483
            ],
            [
              134.3185417749,
              34.7567993382
            ],
            [
              134.3197139139,
              34.7574807867
            ],
            [
              134.3201058642,
              34.7578405755
            ],
            [
              134.3201943594,
              34.7579969358
            ],
            [
              134.320168363,
              34.7586222037
            ],
            [
              134.3202497447,
              34.7591147921
            ],
            [
              134.3206332058,
              34.7599937806
            ],
            [
              134.3215597116,
              34.7617069775
            ],
            [
              134.3217226514,
              34.7618526429
            ],
            [
              134.322635849,
              34.7620486579
            ]
          ]
        ]
      }
    },
    {
      "type": "Feature",
      "properties": {
        "key_code": "33211075036",
        "pref": "岡山県",
        "city": "備前市",
        "ward": "",
        "district": "日生町寒河",
        "name": "備前市  日生町寒河"
      },
      "geometry": {
        "type": "Polygon",
        "coordinates": [
          [
            [
              134.3168381747,
              34.7468292716
            ],
            [
              134.3160157477,
              34.7462191009
            ],
            [
              134.3156741146,
              34.7464059755
            ],
            [
              134.3155067913,
              34.7463655255
            ],
            [
              134.3149862221,
              34.7455260694
            ],
            [
              134.3145600005,
              34.7461701594
            ],
            [
              134.3141161396,
              34.7463019385
            ],
            [
              134.3138912833,
              34.7462480956
            ],
            [
              134.313447404,
              34.7464383294
            ],
            [
              134.3129621697,
              34.746389516
            ],
            [
              134.3129474282,
              34.7461699126
            ],
            [
              134.3117525883,
              34.7454978124
            ],
            [
              134.311372109,
              34.746012028
            ],
            [
              134.3100859789,
              34.7470283881
            ],
            [
              134.3095059989,
              34.7471601268
            ],
            [
              134.3080621172,
              34.7470232164
            ],
            [
              134.3073046338,
              34.7470571524
            ],
            [
              134.2996551471,
              34.7433505768
            ],
            [
              134.3001781465,
              34.7420731081
            ],
            [
              134.2990828538,
              34.7419209669
            ],
            [
              134.2965289897,
              34.741086907
            ],
            [
              134.2970150808,
              34.7400372159
            ],
            [
              134.2974615381,
              34.739557715
            ],
            [
              134.2978018577,
              34.7395011851
            ],
            [
              134.2986129192,
              34.7398160953
            ],
            [
              134.2988261413,
              34.7395723234
            ],
            [
              134.2989930663,
              34.7390507609
            ],
            [
              134.2993248354,
              34.7388523781
            ],
            [
              134.299369014,
              34.7384123405
            ],
            [
              134.299505569,
              34.7381691102
            ],
            [
              134.2994284762,
              34.7375850805
            ],
            [
              134.299126119,
              34.7372845415
            ],
            [
              134.2991433767,
              34.7371200206
            ],
            [
              134.2993015515,
              34.7369556794
            ],
            [
              134.2999151778,
              34.7367403261
            ],
            [
              134.3026599764,
              34.7366521405
            ],
            [
              134.3027501143,
              34.736151263
            ],
            [
              134.3028485478,
              34.7360422615
            ],
            [
              134.3030622429,
              34.7359101858
            ],
            [
              134.3034853569,
              34.7358198553
            ],
            [
              134.3046574727,
              34.7361910115
            ],
            [
              134.3054180079,
              34.7358388924
            ],
            [
              134.3059197853,
              34.7358552016
            ],
            [
              134.3071466751,
              34.7364188988
            ],
            [
              134.3073013195,
              34.7363145534
            ],
            [
              134.3073885511,
              34.7360386289
            ],
            [
              134.3078257849,
              34.7356862881
            ],
            [
              134.307868102,
              34.7352201944
            ],
            [
              134.3080339996,
              34.7350557046
            ],
            [
              134.3086073896,
              34.7353293662
            ],
            [
              134.3090065533,
              34.7353943804
            ],
            [
              134.3095533407,
              34.7353063067
            ],
            [
              134.3100030612,
              34.7355151437
            ],
            [
              134.3104472551,
              34.7353830998
            ],
            [
              134.3110305471,
              34.7354781437
            ],
            [
              134.3116631752,
              34.7349937018
            ],
            [
              134.3119443151,
              34.734894163
            ],
            [
              134.3124067276,
              34.7349800234
            ],
            [
              134.3127130903,
              34.7351492446
            ],
            [
              134.3132724757,
              34.7352955462
            ],
            [
              134.314013379,
              34.7345722152
            ],
            [
              134.3157803036,
              34.7339093157
            ],
            [
              134.3154613261,
              34.7335405044
            ],
            [
              134.3151493372,
              34.7333387509
            ],
            [
              134.3145284708,
              34.7323203967
            ],
            [
              134.3150067989,
              34.7321915831
            ],
            [
              134.3163796354,
              34.7312974727
            ],
            [
              134.3168078305,
              34.7306385988
            ],
            [
              134.3179447191,
              34.7299472758
            ],
            [
              134.3184613784,
              34.7291134631
            ],
            [
              134.3189397423,
              34.728644747
            ],
            [
              134.3192738948,
              34.7285744991
            ],
            [
              134.3194562822,
              34.7283995747
            ],
            [
              134.3195928323,
              34.7280768846
            ],
            [
              134.3199591803,
              34.7248469016
            ],
            [
              134.3201864769,
              34.7237651347
            ],
            [
              134.320347002,
              34.7236659887
            ],
            [
              134.3205414651,
              34.7230096105
            ],
            [
              134.3207096635,
              34.72270946
            ],
            [
              134.3213365134,
              34.7219893205
            ],
            [
              134.3213682085,
              34.7217855018
            ],
            [
              134.3214708536,
              34.7217242392
            ],
            [
              134.321636793,
              34.7218918787
            ],
            [
              134.3221259396,
              34.7219775711
            ],
            [
              134.3223868567,
              34.7222750882
            ],
            [
              134.3217595352,
              34.7226801341
            ],
            [
              134.3216097415,
              34.7230376162
            ],
            [
              134.3215905765,
              34.7233477844
            ],
            [
              134.3219154131,
              34.7244148175
            ],
            [
              134.3218355187,
              34.7260653854
            ],
            [
              134.3211438635,
              34.7275267195
            ],
            [
              134.3210673297,
              34.7279525254
            ],
            [
              134.321123301,
              34.7285297664
            ],
            [
              134.3209885705,
              34.7290547278
            ],
            [
              134.3210864575,
              34.7293274373
            ],
            [
              134.3236507157,
              34.7310037337
            ],
            [
              134.3238465327,
              34.7312763092
            ],
            [
              134.3239443793,
              34.7319932813
            ],
            [
              134.3238097005,
              34.7321749752
            ],
            [
              134.3228915578,
              34.7325080199
            ],
            [
              134.3221570263,
              34.7328816448
            ],
            [
              134.3218877014,
              34.7330430424
            ],
            [
              134.3214714271,
              34.7334671248
            ],
            [
              134.3211833187,
              34.7346195897
            ],
            [
              134.3207507376,
              34.7352763648
            ],
            [
              134.3200321152,
              34.7354167268
            ],
            [
              134.318836017,
              34.7354322323
            ],
            [
              134.3177108541,
              34.7352839173
            ],
            [
              134.3169828015,
              34.7352759377
            ],
            [
              134.3166329206,
              34.7354397098
            ],
            [
              134.3160843975,
              34.7359543301
            ],
            [
              134.3153184323,
              34.7363441182
            ],
            [
              134.3149731316,
              34.7371162637
            ],
            [
              134.3147461478,
              34.7373423121
            ],
            [
              134.3142638275,
              34.7376853777
            ],
            [
              134.3133843445,
              34.7381297993
            ],
            [
              134.3132329895,
              34.7384027641
            ],
            [
              134.3138332407,
              34.739120402
            ],
            [
              134.3135683381,
              34.7397131031
            ],
            [
              134.3136249689,
              34.7401263978
            ],
            [
              134.3146035521,
              34.7405320831
            ],
            [
              134.3147169929,
              34.7406569028
            ],
            [
              134.3147735648,
              34.7413510727
            ],
            [
              134.3149814878,
              34.7418034068
            ],
            [
              134.3164656076,
              34.7440418873
            ],
            [
              134.3165223014,
              34.7442447341
            ],
            [
              134.3164843783,
              34.7446659029
            ],
            [
              134.3168381747,
              34.7468292716
            ]
          ]
        ]
      }
    },
    {
      "type": "Feature",
      "properties": {
        "key_code": "332110760",
        "pref": "岡山県",
        "city": "備前市",
        "ward": "",
        "district": "日生町大多府",
        "name": "備前市  日生町大多府"
      },
      "geometry": {
        "type": "Polygon",
        "coordinates": [
          [
            [
              134.3204362819,
              34.6917392479
            ],
            [
              134.3207069485,
              34.6918591571
            ],
            [
              134.3206840095,
              34.6919718468
            ],
            [
              134.3208335343,
              34.6920206035
            ],
            [
              134.3208891702,
              34.6922081022
            ],
            [
              134.3212177262,
              34.6920765723
            ],
            [
              134.3211020117,
              34.6921909418
            ],
            [
              134.3211336497,
              34.6922874381
            ],
            [
              134.3210092081,
              34.6923685622
            ],
            [
              134.3210080749,
              34.6926363472
            ],
            [
              134.3206609976,
              34.6925398139
            ],
            [
              134.3205595204,
              34.6923478019
            ],
            [
              134.320315046,
              34.6922395877
            ],
            [
              134.3203587344,
              34.6920619617
            ],
            [
              134.3202474202,
              34.6919609478
            ],
            [
              134.3204362819,
              34.6917392479
            ]
          ]
        ]
      }
    },
    {
      "type": "Feature",
      "properties": {
        "key_code": "332110760",
        "pref": "岡山県",
        "city": "備前市",
        "ward": "",
        "district": "日生町大多府",
        "name": "備前市  日生町大多府"
      },
      "geometry": {
        "type": "Polygon",
        "coordinates": [
          [
            [
              134.3178186599,
              34.6986664285
            ],
            [
              134.3184822995,
              34.6988423229
            ],
            [
              134.3184571496,
              34.6990739046
            ],
            [
              134.3179570866,
              34.6997032281
            ],
            [
              134.3178064498,
              34.6997022204
            ],
            [
              134.3176514137,
              34.6998554613
            ],
            [
              134.3172693544,
              34.6998816065
            ],
            [
              134.31730105,
              34.6996859474
            ],
            [
              134.317241021,
              34.6996472
            ],
            [
              134.3175281526,
              34.6994227007
            ],
            [
              134.3177378349,
              34.6989143426
            ],
            [
              134.3177345976,
              34.6987250171
            ],
            [
              134.3178186599,
              34.6986664285
            ]
          ]
        ]
      }
    },
    {
      "type": "Feature",
      "properties": {
        "key_code": "332110760",
        "pref": "岡山県",
        "city": "備前市",
        "ward": "",
        "district": "日生町大多府",
        "name": "備前市  日生町大多府"
      },
      "geometry": {
        "type": "Polygon",
        "coordinates": [
          [
            [
              134.3214612546,
              34.6984341796
            ],
            [
              134.3214067219,
              34.6981376477
            ],
            [
              134.3204603114,
              34.6983070007
            ],
            [
              134.3197638984,
              34.6982852218
            ],
            [
              134.3195947928,
              34.6977911798
            ],
            [
              134.3196079218,
              34.6976180562
            ],
            [
              134.3193088746,
              34.6974034772
            ],
            [
              134.3193340535,
              34.6969924303
            ],
            [
              134.3192707546,
              34.696932836
            ],
            [
              134.3193395691,
              34.6966678735
            ],
            [
              134.3197762419,
              34.6963406957
            ],
            [
              134.3199040206,
              34.6959385362
            ],
            [
              134.319720675,
              34.6957563724
            ],
            [
              134.3194467172,
              34.6956671682
            ],
            [
              134.3195984557,
              34.6955743569
            ],
            [
              134.3196923202,
              34.6956131065
            ],
            [
              134.3199597944,
              34.695319151
            ],
            [
              134.3200569368,
              34.695337194
            ],
            [
              134.320365874,
              34.6951191693
            ],
            [
              134.320595139,
              34.6948368998
            ],
            [
              134.3206901373,
              34.6946088496
            ],
            [
              134.3205974185,
              34.6942373766
            ],
            [
              134.320768806,
              34.6941066736
            ],
            [
              134.3208703524,
              34.6938759474
            ],
            [
              134.3207917999,
              34.6936505535
            ],
            [
              134.3210002995,
              34.6935026694
            ],
            [
              134.3212503302,
              34.6929951595
            ],
            [
              134.3214325831,
              34.6931691492
            ],
            [
              134.3215504714,
              34.693122395
            ],
            [
              134.3217360164,
              34.6931827059
            ],
            [
              134.3218211157,
              34.6934379633
            ],
            [
              134.3218953556,
              34.6933134463
            ],
            [
              134.3220274215,
              34.6933486764
            ],
            [
              134.3220983439,
              34.6935236393
            ],
            [
              134.3220470046,
              34.6937949401
            ],
            [
              134.3222707569,
              34.693835533
            ],
            [
              134.3223340504,
              34.6939328776
            ],
            [
              134.3226069275,
              34.693916704
            ],
            [
              134.322573055,
              34.6941799779
            ],
            [
              134.3229605067,
              34.6944215982
            ],
            [
              134.3227825677,
              34.6945973818
            ],
            [
              134.3230947229,
              34.6947217947
            ],
            [
              134.3231438066,
              34.6949842323
            ],
            [
              134.3233304599,
              34.6949498774
            ],
            [
              134.3233959432,
              34.6950076381
            ],
            [
              134.3233565988,
              34.6953944558
            ],
            [
              134.323770268,
              34.6955278915
            ],
            [
              134.3238936355,
              34.6953187147
            ],
            [
              134.3240497184,
              34.6953539447
            ],
            [
              134.3239416471,
              34.6954440906
            ],
            [
              134.3240398688,
              34.6955684835
            ],
            [
              134.3239263311,
              34.695728077
            ],
            [
              134.3240846032,
              34.6957190744
            ],
            [
              134.3241468115,
              34.695790217
            ],
            [
              134.323929543,
              34.6962419595
            ],
            [
              134.3241019991,
              34.6962905723
            ],
            [
              134.3240222838,
              34.6965673689
            ],
            [
              134.3241598239,
              34.696511456
            ],
            [
              134.3241085099,
              34.6966106222
            ],
            [
              134.3238530795,
              34.6967007563
            ],
            [
              134.3237351565,
              34.6969982574
            ],
            [
              134.3238333535,
              34.6973363459
            ],
            [
              134.3240331059,
              34.697340024
            ],
            [
              134.3239468541,
              34.6975022957
            ],
            [
              134.3241160581,
              34.6973841226
            ],
            [
              134.3242317356,
              34.697607828
            ],
            [
              134.3238845938,
              34.6978457244
            ],
            [
              134.3236673858,
              34.6977582287
            ],
            [
              134.3230768125,
              34.6980900614
            ],
            [
              134.3229731173,
              34.6980710351
            ],
            [
              134.3227853337,
              34.6983351443
            ],
            [
              134.3225386345,
              34.6983847074
            ],
            [
              134.3220802233,
              34.6980764451
            ],
            [
              134.3214405616,
              34.698128636
            ],
            [
              134.3214612546,
              34.6984341796
            ]
          ]
        ]
      }
    },
    {
      "type": "Feature",
      "properties": {
        "key_code": "332110760",
        "pref": "岡山県",
        "city": "備前市",
        "ward": "",
        "district": "日生町大多府",
        "name": "備前市  日生町大多府"
      },
      "geometry": {
        "type": "Polygon",
        "coordinates": [
          [
            [
              134.301246419,
              34.6825306159
            ],
            [
              134.3014582178,
              34.6823323361
            ],
            [
              134.3016731647,
              34.6824522753
            ],
            [
              134.3016021505,
              34.6826460878
            ],
            [
              134.3017178863,
              34.6825145507
            ],
            [
              134.3019590586,
              34.6825470186
            ],
            [
              134.3023639916,
              34.6824362698
            ],
            [
              134.3025113063,
              34.682479557
            ],
            [
              134.3024490196,
              34.682689572
            ],
            [
              134.3026541147,
              34.682893462
            ],
            [
              134.3024542887,
              34.6831755628
            ],
            [
              134.3025983161,
              34.683254065
            ],
            [
              134.3024695234,
              34.6832874155
            ],
            [
              134.3024345342,
              34.6834577133
            ],
            [
              134.3022860896,
              34.6835064116
            ],
            [
              134.3023438775,
              34.683648844
            ],
            [
              134.3024290033,
              34.6836497131
            ],
            [
              134.3021636045,
              34.6841581677
            ],
            [
              134.3020870612,
              34.6845359512
            ],
            [
              134.3021579192,
              34.6847441712
            ],
            [
              134.3019974673,
              34.6847945575
            ],
            [
              134.3019482722,
              34.6850064073
            ],
            [
              134.3018030509,
              34.6851786462
            ],
            [
              134.3017844601,
              34.6852733034
            ],
            [
              134.3019219647,
              34.685300388
            ],
            [
              134.3012636703,
              34.685775348
            ],
            [
              134.3012078957,
              34.6860556568
            ],
            [
              134.3013006081,
              34.6861954227
            ],
            [
              134.3007592118,
              34.686355717
            ],
            [
              134.3002813192,
              34.6860184852
            ],
            [
              134.3001110211,
              34.6861139432
            ],
            [
              134.3002540482,
              34.6859850911
            ],
            [
              134.2998471693,
              34.6854801047
            ],
            [
              134.2989708246,
              34.6853923653
            ],
            [
              134.2986466362,
              34.685501299
            ],
            [
              134.2989664748,
              34.685358133
            ],
            [
              134.2998482928,
              34.68540615
            ],
            [
              134.3000469863,
              34.6852582983
            ],
            [
              134.3002809612,
              34.6842424334
            ],
            [
              134.2992518521,
              34.6841194323
            ],
            [
              134.2992309991,
              34.68439623
            ],
            [
              134.2991677035,
              34.6843871954
            ],
            [
              134.2992289371,
              34.6841159039
            ],
            [
              134.2990401412,
              34.6840888003
            ],
            [
              134.298792562,
              34.6837190889
            ],
            [
              134.2978987824,
              34.6836123164
            ],
            [
              134.2977458277,
              34.6839810595
            ],
            [
              134.2979411295,
              34.6841046613
            ],
            [
              134.2977130707,
              34.6840171114
            ],
            [
              134.2973484027,
              34.6843569099
            ],
            [
              134.2973069115,
              34.6843992987
            ],
            [
              134.2973996537,
              34.6844534212
            ],
            [
              134.2972271297,
              34.6846435408
            ],
            [
              134.2973089822,
              34.6846453946
            ],
            [
              134.2972707148,
              34.6847986479
            ],
            [
              134.2969344305,
              34.685108605
            ],
            [
              134.297117501,
              34.6857262199
            ],
            [
              134.2972200472,
              34.6858299271
            ],
            [
              134.2971534494,
              34.6858778036
            ],
            [
              134.2970367254,
              34.6857560613
            ],
            [
              134.2968449438,
              34.6850888586
            ],
            [
              134.2970196645,
              34.6848707027
            ],
            [
              134.2969411876,
              34.6846479693
            ],
            [
              134.2965429723,
              34.6843485146
            ],
            [
              134.2960431608,
              34.6842645568
            ],
            [
              134.2958498958,
              34.6844628428
            ],
            [
              134.2950946274,
              34.6845384108
            ],
            [
              134.2945051285,
              34.6848582862
            ],
            [
              134.294278101,
              34.6848996326
            ],
            [
              134.2941919103,
              34.6848436827
            ],
            [
              134.2939706267,
              34.684299166
            ],
            [
              134.2936389718,
              34.6840538158
            ],
            [
              134.2933268577,
              34.6840158275
            ],
            [
              134.2926970793,
              34.6841319889
            ],
            [
              134.2923247811,
              34.6844040259
            ],
            [
              134.2922568985,
              34.6848277302
            ],
            [
              134.2916868266,
              34.6855434293
            ],
            [
              134.2919257757,
              34.6856678913
            ],
            [
              134.2917020815,
              34.6855885113
            ],
            [
              134.2912870662,
              34.6861346552
            ],
            [
              134.2912858553,
              34.6863645481
            ],
            [
              134.2911186721,
              34.6867422951
            ],
            [
              134.2911579109,
              34.68683697
            ],
            [
              134.2907626926,
              34.6870820862
            ],
            [
              134.290210772,
              34.6864625142
            ],
            [
              134.2901223751,
              34.6864481166
            ],
            [
              134.2901673845,
              34.6859639759
            ],
            [
              134.2903673321,
              34.6855456723
            ],
            [
              134.2903052439,
              34.6853220974
            ],
            [
              134.2903817029,
              34.6852067537
            ],
            [
              134.2903655695,
              34.684764008
            ],
            [
              134.2899160166,
              34.6845872118
            ],
            [
              134.2898626596,
              34.6843671623
            ],
            [
              134.2900220196,
              34.6843294637
            ],
            [
              134.289971858,
              34.6842545064
            ],
            [
              134.2900679633,
              34.6841311402
            ],
            [
              134.2901159493,
              34.6841987717
            ],
            [
              134.2903659378,
              34.6840771468
            ],
            [
              134.2904171409,
              34.6842456392
            ],
            [
              134.2904946279,
              34.6842484821
            ],
            [
              134.2912325261,
              34.6840034753
            ],
            [
              134.2921714804,
              34.6832716938
            ],
            [
              134.2920723262,
              34.6829597851
            ],
            [
              134.2928199346,
              34.6829014177
            ],
            [
              134.2930852215,
              34.6827292192
            ],
            [
              134.2931126267,
              34.6824876412
            ],
            [
              134.293267512,
              34.6826581374
            ],
            [
              134.2934006623,
              34.6826473305
            ],
            [
              134.2939933997,
              34.682376059
            ],
            [
              134.2941987104,
              34.6820976255
            ],
            [
              134.2939728589,
              34.6819821892
            ],
            [
              134.2940100291,
              34.6818486585
            ],
            [
              134.2941454474,
              34.6816585278
            ],
            [
              134.2943211606,
              34.6816450563
            ],
            [
              134.2945187648,
              34.6814990353
            ],
            [
              134.2948081742,
              34.6810727144
            ],
            [
              134.2946936965,
              34.6808409552
            ],
            [
              134.2946589587,
              34.6804542653
            ],
            [
              134.2947496292,
              34.6802684875
            ],
            [
              134.2948631241,
              34.6802757045
            ],
            [
              134.2949351929,
              34.6801865555
            ],
            [
              134.2949405799,
              34.6803316507
            ],
            [
              134.2952254869,
              34.6801821303
            ],
            [
              134.2955779318,
              34.6802904157
            ],
            [
              134.2956542668,
              34.6804121465
            ],
            [
              134.2958343083,
              34.6804689666
            ],
            [
              134.2958671185,
              34.6803183887
            ],
            [
              134.2960701922,
              34.6801272881
            ],
            [
              134.2964335498,
              34.6802383915
            ],
            [
              134.2966409055,
              34.6802276006
            ],
            [
              134.2968101086,
              34.680121292
            ],
            [
              134.2969879367,
              34.6802484021
            ],
            [
              134.2969507393,
              34.6804467339
            ],
            [
              134.2970183526,
              34.6805586016
            ],
            [
              134.2971558837,
              34.6805027133
            ],
            [
              134.297159078,
              34.6806785172
            ],
            [
              134.2974187754,
              34.6807642406
            ],
            [
              134.2974589394,
              34.681240246
            ],
            [
              134.2978899427,
              34.6813999864
            ],
            [
              134.2979018781,
              34.6815586076
            ],
            [
              134.2980710519,
              34.6815190775
            ],
            [
              134.2981779177,
              34.6817066053
            ],
            [
              134.298434396,
              34.6816724554
            ],
            [
              134.298595024,
              34.6812127139
            ],
            [
              134.2988362656,
              34.6810747386
            ],
            [
              134.2991690163,
              34.6813165697
            ],
            [
              134.2992672958,
              34.6811758731
            ],
            [
              134.2994342236,
              34.6812822791
            ],
            [
              134.299533553,
              34.6812408939
            ],
            [
              134.2995629876,
              34.6813148579
            ],
            [
              134.2994155746,
              34.6815121689
            ],
            [
              134.2998443674,
              34.6817512094
            ],
            [
              134.2999775734,
              34.6815998169
            ],
            [
              134.3001030544,
              34.6816531018
            ],
            [
              134.3001958416,
              34.6815953743
            ],
            [
              134.3002416291,
              34.6817099127
            ],
            [
              134.3001248054,
              34.6818352502
            ],
            [
              134.3006191053,
              34.682018382
            ],
            [
              134.3006659378,
              34.6822456149
            ],
            [
              134.3008230341,
              34.6823907534
            ],
            [
              134.3011373662,
              34.6823277361
            ],
            [
              134.3009954144,
              34.6825188513
            ],
            [
              134.3012115448,
              34.6824035444
            ],
            [
              134.301246419,
              34.6825306159
            ]
          ]
        ]
      }
    },
    {
      "type": "Feature",
      "properties": {
        "key_code": "332110770",
        "pref": "岡山県",
        "city": "備前市",
        "ward": "",
        "district": "日生町寺山",
        "name": "備前市  日生町寺山"
      },
      "geometry": {
        "type": "Polygon",
        "coordinates": [
          [
            [
              134.322635849,
              34.7620486579
            ],
            [
              134.3238835885,
              34.7629405748
            ],
            [
              134.3244358351,
              34.7635692915
            ],
            [
              134.3247547744,
              34.7636012907
            ],
            [
              134.3253693373,
              34.7633960944
            ],
            [
              134.3260927894,
              34.7634345953
            ],
            [
              134.326489514,
              34.7635501262
            ],
            [
              134.327154599,
              34.7640120519
            ],
            [
              134.3278391367,
              34.7643135307
            ],
            [
              134.3279636012,
              34.7644160842
            ],
            [
              134.3279635927,
              34.7645379303
            ],
            [
              134.3277262886,
              34.7650639025
            ],
            [
              134.3274500113,
              34.7664943527
            ],
            [
              134.3282512713,
              34.7667124397
            ],
            [
              134.3288813986,
              34.7667830334
            ],
            [
              134.3298149311,
              34.7667444614
            ],
            [
              134.3300949691,
              34.7670588719
            ],
            [
              134.3301883037,
              34.7674244112
            ],
            [
              134.3307251077,
              34.7669691539
            ],
            [
              134.3310382479,
              34.7664623364
            ],
            [
              134.3313474736,
              34.7662923205
            ],
            [
              134.3321759841,
              34.7661704809
            ],
            [
              134.332424924,
              34.7660582153
            ],
            [
              134.3330997829,
              34.7655161805
            ],
            [
              134.3332787043,
              34.7654681465
            ],
            [
              134.333403177,
              34.7655226596
            ],
            [
              134.3336482222,
              34.7657502901
            ],
            [
              134.3339204891,
              34.7669531008
            ],
            [
              134.3349532198,
              34.7688099132
            ],
            [
              134.335003792,
              34.7689799313
            ],
            [
              134.3349473888,
              34.7691658688
            ],
            [
              134.3347140029,
              34.7694898541
            ],
            [
              134.3339613265,
              34.7702243281
            ],
            [
              134.3334595412,
              34.7700126149
            ],
            [
              134.3333078363,
              34.7700350145
            ],
            [
              134.3319716604,
              34.7706252481
            ],
            [
              134.3310964353,
              34.7708016081
            ],
            [
              134.3308941631,
              34.7709395126
            ],
            [
              134.3308046914,
              34.7711062958
            ],
            [
              134.3311780721,
              34.7723795771
            ],
            [
              134.3312091863,
              34.7727611801
            ],
            [
              134.3299818708,
              34.7736431188
            ],
            [
              134.3297698447,
              34.7740311962
            ],
            [
              134.3296570156,
              34.7745218256
            ],
            [
              134.3282429982,
              34.7743807805
            ],
            [
              134.3275155416,
              34.7747302379
            ],
            [
              134.3259731134,
              34.7751247263
            ],
            [
              134.3257047089,
              34.7750828753
            ],
            [
              134.3251406768,
              34.7748232301
            ],
            [
              134.3245591094,
              34.7748167146
            ],
            [
              134.3237344509,
              34.7745890226
            ],
            [
              134.3233591156,
              34.7742007746
            ],
            [
              134.3231140337,
              34.7742104757
            ],
            [
              134.322561615,
              34.7745952721
            ],
            [
              134.3224078958,
              34.7750956073
            ],
            [
              134.3219255244,
              34.7751724788
            ],
            [
              134.3207059012,
              34.7758844327
            ],
            [
              134.3201107012,
              34.7759869227
            ],
            [
              134.3201126135,
              34.776198641
            ],
            [
              134.3207155218,
              34.7765931183
            ],
            [
              134.3208535843,
              34.7767855516
            ],
            [
              134.3203594712,
              34.7772697918
            ],
            [
              134.3201415736,
              34.777654609
            ],
            [
              134.3197797238,
              34.778045891
            ],
            [
              134.319193216,
              34.7779469417
            ],
            [
              134.3183249648,
              34.7779534646
            ],
            [
              134.3178976367,
              34.7777454999
            ],
            [
              134.316975645,
              34.7768389302
            ],
            [
              134.3166046768,
              34.7763644548
            ],
            [
              134.31553896,
              34.7758125504
            ],
            [
              134.3146767845,
              34.775625925
            ],
            [
              134.3137746932,
              34.7752834924
            ],
            [
              134.310571202,
              34.7746476688
            ],
            [
              134.3105057503,
              34.7745576454
            ],
            [
              134.3107786849,
              34.7741704616
            ],
            [
              134.3111279614,
              34.7739542978
            ],
            [
              134.3106479272,
              34.7734140031
            ],
            [
              134.3104734065,
              34.7730988614
            ],
            [
              134.3104735714,
              34.7724954038
            ],
            [
              134.310626427,
              34.7722073662
            ],
            [
              134.3106266884,
              34.7712437216
            ],
            [
              134.3103812902,
              34.7707258649
            ],
            [
              134.3103486617,
              34.770356656
            ],
            [
              134.3104251347,
              34.770041559
            ],
            [
              134.3109709255,
              34.7694382013
            ],
            [
              134.3112329721,
              34.7689250859
            ],
            [
              134.3115495963,
              34.7682856256
            ],
            [
              134.3116261096,
              34.7677903672
            ],
            [
              134.311582518,
              34.7675923083
            ],
            [
              134.3105102682,
              34.7671898244
            ],
            [
              134.3114383501,
              34.7672544966
            ],
            [
              134.3117109166,
              34.7670360651
            ],
            [
              134.3125432478,
              34.7673074989
            ],
            [
              134.3128916897,
              34.7673234704
            ],
            [
              134.3134952069,
              34.7671166353
            ],
            [
              134.3136276469,
              34.7668788791
            ],
            [
              134.3138782437,
              34.7667736912
            ],
            [
              134.3147861364,
              34.7660955663
            ],
            [
              134.3150272741,
              34.7660215049
            ],
            [
              134.3156252884,
              34.7662437248
            ],
            [
              134.3168763904,
              34.7659472241
            ],
            [
              134.3173801473,
              34.7660346186
            ],
            [
              134.3181641561,
              34.7660101961
            ],
            [
              134.3184903593,
              34.7661116531
            ],
            [
              134.3189773458,
              34.7659712632
            ],
            [
              134.3192185276,
              34.765620396
            ],
            [
              134.3196015238,
              34.7653319447
            ],
            [
              134.3215353563,
              34.7640534918
            ],
            [
              134.3222470127,
              34.7629191652
            ],
            [
              134.322635849,
              34.7620486579
            ]
          ]
        ]
      }
    },
    {
      "type": "Feature",
      "properties": {
        "key_code": "33211078001",
        "pref": "岡山県",
        "city": "備前市",
        "ward": "",
        "district": "吉永町金谷",
        "name": "備前市  吉永町金谷"
      },
      "geometry": {
        "type": "Polygon",
        "coordinates": [
          [
            [
              134.243880037,
              34.8125798496
            ],
            [
              134.234875738,
              34.8127869116
            ],
            [
              134.2356022325,
              34.8123190031
            ],
            [
              134.235681172,
              34.8120703073
            ],
            [
              134.2357760769,
              34.8094216108
            ],
            [
              134.2359211672,
              34.8086434623
            ],
            [
              134.2361707234,
              34.8082112162
            ],
            [
              134.2369646243,
              34.8074279534
            ],
            [
              134.2373453517,
              34.8068984732
            ],
            [
              134.2382507163,
              34.8060451408
            ],
            [
              134.2383953259,
              34.8056668978
            ],
            [
              134.2383897155,
              34.8048505927
            ],
            [
              134.2389803214,
              34.8041482924
            ],
            [
              134.2400311131,
              34.802138308
            ],
            [
              134.2409957624,
              34.7994721338
            ],
            [
              134.2412442779,
              34.7993813283
            ],
            [
              134.24196252,
              34.7988530869
            ],
            [
              134.2423461338,
              34.7987359006
            ],
            [
              134.2428501596,
              34.7987090965
            ],
            [
              134.2433030483,
              34.7988815701
            ],
            [
              134.2434729806,
              34.7990345313
            ],
            [
              134.2436933618,
              34.799074278
            ],
            [
              134.2442602848,
              34.7988596066
            ],
            [
              134.2451130449,
              34.7989743354
            ],
            [
              134.2457875029,
              34.7987122666
            ],
            [
              134.2459791381,
              34.7987078991
            ],
            [
              134.2465067415,
              34.7989199963
            ],
            [
              134.2467794987,
              34.7988913168
            ],
            [
              134.2470844727,
              34.7987192655
            ],
            [
              134.247603845,
              34.7987307696
            ],
            [
              134.2479177826,
              34.7988549549
            ],
            [
              134.2482216678,
              34.7995131337
            ],
            [
              134.248288699,
              34.800240021
            ],
            [
              134.2482069119,
              34.8019969111
            ],
            [
              134.2483439391,
              34.8025465066
            ],
            [
              134.2486613367,
              34.8029865009
            ],
            [
              134.2492581677,
              34.8034531815
            ],
            [
              134.2485042316,
              34.8034213676
            ],
            [
              134.2468418524,
              34.8038768429
            ],
            [
              134.2462374121,
              34.8036789158
            ],
            [
              134.2458660673,
              34.8036786463
            ],
            [
              134.2454946617,
              34.8037702184
            ],
            [
              134.2446616072,
              34.8042765739
            ],
            [
              134.2443934989,
              34.8049122318
            ],
            [
              134.2443055865,
              34.8062033187
            ],
            [
              134.2436737908,
              34.8085514587
            ],
            [
              134.2443759135,
              34.8102681159
            ],
            [
              134.2445883779,
              34.8101903762
            ],
            [
              134.2450430006,
              34.8109779951
            ],
            [
              134.2450857581,
              34.8112025618
            ],
            [
              134.2437230249,
              34.8121356013
            ],
            [
              134.2437371251,
              34.8123483108
            ],
            [
              134.243880037,
              34.8125798496
            ]
          ]
        ]
      }
    },
    {
      "type": "Feature",
      "properties": {
        "key_code": "33211078002",
        "pref": "岡山県",
        "city": "備前市",
        "ward": "",
        "district": "吉永町金谷",
        "name": "備前市  吉永町金谷"
      },
      "geometry": {
        "type": "Polygon",
        "coordinates": [
          [
            [
              134.2516653105,
              34.8122818404
            ],
            [
              134.243880037,
              34.8125798496
            ],
            [
              134.2437371251,
              34.8123483108
            ],
            [
              134.2437230249,
              34.8121356013
            ],
            [
              134.2450857581,
              34.8112025618
            ],
            [
              134.2450430006,
              34.8109779951
            ],
            [
              134.2445883779,
              34.8101903762
            ],
            [
              134.2443759135,
              34.8102681159
            ],
            [
              134.2436737908,
              34.8085514587
            ],
            [
              134.2443055865,
              34.8062033187
            ],
            [
              134.2443934989,
              34.8049122318
            ],
            [
              134.2446616072,
              34.8042765739
            ],
            [
              134.2456159542,
              34.8037238225
            ],
            [
              134.2462374121,
              34.8036789158
            ],
            [
              134.2468418524,
              34.8038768429
            ],
            [
              134.2485042316,
              34.8034213676
            ],
            [
              134.2491270198,
              34.8034298446
            ],
            [
              134.2507870246,
              34.80445974
            ],
            [
              134.2515649071,
              34.8047601776
            ],
            [
              134.2521135066,
              34.8052358249
            ],
            [
              134.2522853054,
              34.8055389368
            ],
            [
              134.2522888655,
              34.8057996735
            ],
            [
              134.2524238197,
              34.8060936037
            ],
            [
              134.2519093329,
              34.8062817235
            ],
            [
              134.2522860994,
              34.8066842829
            ],
            [
              134.2531086915,
              34.8069833278
            ],
            [
              134.253440946,
              34.807543053
            ],
            [
              134.2534944248,
              34.807965532
            ],
            [
              134.2530215432,
              34.8084523122
            ],
            [
              134.2529203394,
              34.8087052311
            ],
            [
              134.2531029417,
              34.8089787665
            ],
            [
              134.2528642346,
              34.8095929023
            ],
            [
              134.2529552321,
              34.8100517487
            ],
            [
              134.2528673082,
              34.8103563732
            ],
            [
              134.2525297854,
              34.8107129483
            ],
            [
              134.2524264982,
              34.8111433516
            ],
            [
              134.2513532891,
              34.8118856689
            ],
            [
              134.2512996895,
              34.8121434068
            ],
            [
              134.2516653105,
              34.8122818404
            ]
          ]
        ]
      }
    },
    {
      "type": "Feature",
      "properties": {
        "key_code": "33211078003",
        "pref": "岡山県",
        "city": "備前市",
        "ward": "",
        "district": "吉永町金谷",
        "name": "備前市  吉永町金谷"
      },
      "geometry": {
        "type": "Polygon",
        "coordinates": [
          [
            [
              134.2376734885,
              34.8223049081
            ],
            [
              134.2361292644,
              34.8224024808
            ],
            [
              134.2335751636,
              34.8223593372
            ],
            [
              134.2336740784,
              34.8221133378
            ],
            [
              134.2334207435,
              34.8210491518
            ],
            [
              134.2337529863,
              34.8200205906
            ],
            [
              134.2338562853,
              34.8188167435
            ],
            [
              134.2333830685,
              34.8171084236
            ],
            [
              134.2328917529,
              34.8163521636
            ],
            [
              134.2324339699,
              34.8159317397
            ],
            [
              134.2306189697,
              34.8149782915
            ],
            [
              134.2303477501,
              34.8146840872
            ],
            [
              134.2300110456,
              34.8139289318
            ],
            [
              134.234875738,
              34.8127869116
            ],
            [
              134.2440328328,
              34.8125763015
            ],
            [
              134.2516653105,
              34.8122818404
            ],
            [
              134.2519546362,
              34.8125145968
            ],
            [
              134.2521161189,
              34.8129530645
            ],
            [
              134.2521120459,
              34.8132264731
            ],
            [
              134.2518412204,
              34.8135530863
            ],
            [
              134.2517952865,
              34.8137667404
            ],
            [
              134.2513950352,
              34.813970715
            ],
            [
              134.2504875785,
              34.8146581947
            ],
            [
              134.2496427267,
              34.8155767192
            ],
            [
              134.249543317,
              34.8159286591
            ],
            [
              134.2496305266,
              34.8163497509
            ],
            [
              134.2493958062,
              34.8167408947
            ],
            [
              134.2493189792,
              34.8173597799
            ],
            [
              134.2491147619,
              34.8177320693
            ],
            [
              134.2489426795,
              34.8183508853
            ],
            [
              134.2483420393,
              34.8188737513
            ],
            [
              134.2483074595,
              34.8191596723
            ],
            [
              134.2483339991,
              34.8192884367
            ],
            [
              134.2485167068,
              34.8194677412
            ],
            [
              134.24862437,
              34.8203711589
            ],
            [
              134.2480767823,
              34.8211611416
            ],
            [
              134.247775591,
              34.8213241833
            ],
            [
              134.2472660692,
              34.8221330649
            ],
            [
              134.247311329,
              34.8225730089
            ],
            [
              134.2476288272,
              34.8232095819
            ],
            [
              134.247599141,
              34.8236770807
            ],
            [
              134.2472321239,
              34.8243381606
            ],
            [
              134.24642576,
              34.8251745049
            ],
            [
              134.2461523579,
              34.8247359445
            ],
            [
              134.2457338997,
              34.8243769351
            ],
            [
              134.2457180322,
              34.8241510522
            ],
            [
              134.2459761023,
              34.823845712
            ],
            [
              134.2460247331,
              34.8235667715
            ],
            [
              134.2459282716,
              34.8233806937
            ],
            [
              134.2455906647,
              34.8227426967
            ],
            [
              134.2453170332,
              34.8225299365
            ],
            [
              134.2450598516,
              34.8220116602
            ],
            [
              134.2447701946,
              34.8217191595
            ],
            [
              134.2445772989,
              34.8213338319
            ],
            [
              134.2443760374,
              34.8212473355
            ],
            [
              134.243506198,
              34.8212068249
            ],
            [
              134.2396407086,
              34.8206325474
            ],
            [
              134.2390281358,
              34.8210174625
            ],
            [
              134.2384798901,
              34.82148201
            ],
            [
              134.238012098,
              34.8220395162
            ],
            [
              134.2376734885,
              34.8223049081
            ]
          ]
        ]
      }
    },
    {
      "type": "Feature",
      "properties": {
        "key_code": "33211079001",
        "pref": "岡山県",
        "city": "備前市",
        "ward": "",
        "district": "吉永町福満",
        "name": "備前市  吉永町福満"
      },
      "geometry": {
        "type": "Polygon",
        "coordinates": [
          [
            [
              134.2253275467,
              34.8149179423
            ],
            [
              134.212857102,
              34.817550211
            ],
            [
              134.2139978575,
              34.8148723488
            ],
            [
              134.2154575425,
              34.8118826377
            ],
            [
              134.2153648429,
              34.8107496077
            ],
            [
              134.215153891,
              34.8098743756
            ],
            [
              134.216263565,
              34.8097492423
            ],
            [
              134.2165372534,
              34.8096521724
            ],
            [
              134.2168893055,
              34.8108508153
            ],
            [
              134.221555356,
              34.8098553826
            ],
            [
              134.2239026492,
              34.8092487067
            ],
            [
              134.2248622781,
              34.8093035127
            ],
            [
              134.2253275467,
              34.8149179423
            ]
          ]
        ]
      }
    },
    {
      "type": "Feature",
      "properties": {
        "key_code": "33211079002",
        "pref": "岡山県",
        "city": "備前市",
        "ward": "",
        "district": "吉永町福満",
        "name": "備前市  吉永町福満"
      },
      "geometry": {
        "type": "Polygon",
        "coordinates": [
          [
            [
              134.2248622781,
              34.8093035127
            ],
            [
              134.2239026492,
              34.8092487067
            ],
            [
              134.221555356,
              34.8098553826
            ],
            [
              134.2168893055,
              34.8108508153
            ],
            [
              134.2165372534,
              34.8096521724
            ],
            [
              134.216263565,
              34.8097492423
            ],
            [
              134.215153891,
              34.8098743756
            ],
            [
              134.2151574445,
              34.80944898
            ],
            [
              134.2163070694,
              34.809304164
            ],
            [
              134.2168261089,
              34.8090712576
            ],
            [
              134.2173040703,
              34.8087120978
            ],
            [
              134.2176584452,
              34.8081970249
            ],
            [
              134.2175978966,
              34.8072367164
            ],
            [
              134.2180467638,
              34.8066001674
            ],
            [
              134.2194835507,
              34.8054905441
            ],
            [
              134.2205452559,
              34.8049421689
            ],
            [
              134.2213056666,
              34.8048845517
            ],
            [
              134.2214708854,
              34.80475835
            ],
            [
              134.2215212916,
              34.804532171
            ],
            [
              134.2213864051,
              34.8040312832
            ],
            [
              134.2214164984,
              34.8035792833
            ],
            [
              134.2216998714,
              34.8032342894
            ],
            [
              134.2221072866,
              34.8029368815
            ],
            [
              134.2229593607,
              34.802844685
            ],
            [
              134.2233126898,
              34.8034795818
            ],
            [
              134.2234711851,
              34.80410783
            ],
            [
              134.2236654375,
              34.8044876286
            ],
            [
              134.2241781555,
              34.8050430851
            ],
            [
              134.2243017319,
              34.8053206938
            ],
            [
              134.224796683,
              34.8059199403
            ],
            [
              134.2247606628,
              34.8063872902
            ],
            [
              134.2245301574,
              34.8066352845
            ],
            [
              134.2244942598,
              34.8070003678
            ],
            [
              134.2246177459,
              34.8073509433
            ],
            [
              134.2246431913,
              34.8081907877
            ],
            [
              134.224784606,
              34.8083661462
            ],
            [
              134.2248622781,
              34.8093035127
            ]
          ]
        ]
      }
    },
    {
      "type": "Feature",
      "properties": {
        "key_code": "33211079003",
        "pref": "岡山県",
        "city": "備前市",
        "ward": "",
        "district": "吉永町福満",
        "name": "備前市  吉永町福満"
      },
      "geometry": {
        "type": "Polygon",
        "coordinates": [
          [
            [
              134.2300110456,
              34.8139289318
            ],
            [
              134.2253275467,
              34.8149179423
            ],
            [
              134.224784606,
              34.8083661462
            ],
            [
              134.2246431913,
              34.8081907877
            ],
            [
              134.2246177459,
              34.8073509433
            ],
            [
              134.2244942598,
              34.8070003678
            ],
            [
              134.2245301574,
              34.8066352845
            ],
            [
              134.2247606628,
              34.8063872902
            ],
            [
              134.224796683,
              34.8059199403
            ],
            [
              134.2243017319,
              34.8053206938
            ],
            [
              134.2241781555,
              34.8050430851
            ],
            [
              134.2236654375,
              34.8044876286
            ],
            [
              134.2234711851,
              34.80410783
            ],
            [
              134.2233126898,
              34.8034795818
            ],
            [
              134.2229593607,
              34.802844685
            ],
            [
              134.2237804253,
              34.8027063932
            ],
            [
              134.2244377935,
              34.802752337
            ],
            [
              134.2253579273,
              34.802951906
            ],
            [
              134.2256970799,
              34.8033499964
            ],
            [
              134.2273407009,
              34.8033242435
            ],
            [
              134.2275709461,
              34.803206964
            ],
            [
              134.2277959746,
              34.8028862771
            ],
            [
              134.228081011,
              34.8027690451
            ],
            [
              134.228705635,
              34.8027153491
            ],
            [
              134.2292757148,
              34.8024718637
            ],
            [
              134.2293635976,
              34.8022910729
            ],
            [
              134.2293971147,
              34.8017759724
            ],
            [
              134.2295945486,
              34.8016044309
            ],
            [
              134.2299453435,
              34.8014690778
            ],
            [
              134.2301537586,
              34.8012793727
            ],
            [
              134.2302143701,
              34.8010038995
            ],
            [
              134.2303570522,
              34.8008141386
            ],
            [
              134.2306310947,
              34.8007059048
            ],
            [
              134.2314198922,
              34.8007878397
            ],
            [
              134.2319893856,
              34.8010053782
            ],
            [
              134.2328769106,
              34.8009879369
            ],
            [
              134.2333587899,
              34.80117807
            ],
            [
              134.2338298618,
              34.8012328258
            ],
            [
              134.2344435659,
              34.8011338732
            ],
            [
              134.2360822247,
              34.8006245817
            ],
            [
              134.2363783095,
              34.8004169096
            ],
            [
              134.2369709459,
              34.7995767261
            ],
            [
              134.2373766484,
              34.7993149086
            ],
            [
              134.2378259801,
              34.7992249754
            ],
            [
              134.2383627963,
              34.799270618
            ],
            [
              134.2390088242,
              34.7996415922
            ],
            [
              134.239370361,
              34.7996690629
            ],
            [
              134.2398965077,
              34.7994707187
            ],
            [
              134.2405100067,
              34.799534301
            ],
            [
              134.2409957624,
              34.7994721338
            ],
            [
              134.2400311131,
              34.802138308
            ],
            [
              134.2389803214,
              34.8041482924
            ],
            [
              134.2383897155,
              34.8048505927
            ],
            [
              134.2383953259,
              34.8056668978
            ],
            [
              134.2382507163,
              34.8060451408
            ],
            [
              134.2373453517,
              34.8068984732
            ],
            [
              134.2369646243,
              34.8074279534
            ],
            [
              134.2361707234,
              34.8082112162
            ],
            [
              134.2359211672,
              34.8086434623
            ],
            [
              134.2357760769,
              34.8094216108
            ],
            [
              134.235734562,
              34.8112595531
            ],
            [
              134.2356022325,
              34.8123190031
            ],
            [
              134.234875738,
              34.8127869116
            ],
            [
              134.2300110456,
              34.8139289318
            ]
          ]
        ]
      }
    },
    {
      "type": "Feature",
      "properties": {
        "key_code": "33211079004",
        "pref": "岡山県",
        "city": "備前市",
        "ward": "",
        "district": "吉永町福満",
        "name": "備前市  吉永町福満"
      },
      "geometry": {
        "type": "Polygon",
        "coordinates": [
          [
            [
              134.2335751636,
              34.8223593372
            ],
            [
              134.2332505268,
              34.8229344778
            ],
            [
              134.2328391191,
              34.8231396504
            ],
            [
              134.2327327252,
              34.823545446
            ],
            [
              134.2325329852,
              34.823863761
            ],
            [
              134.2324575842,
              34.8243877625
            ],
            [
              134.2322954906,
              34.824490384
            ],
            [
              134.2320079738,
              34.8252607091
            ],
            [
              134.2319824768,
              34.8257230559
            ],
            [
              134.2313332762,
              34.826780777
            ],
            [
              134.2313825644,
              34.827222691
            ],
            [
              134.2312202478,
              34.8274999742
            ],
            [
              134.2303658836,
              34.8281825486
            ],
            [
              134.228620245,
              34.8291468217
            ],
            [
              134.2285133304,
              34.8287466964
            ],
            [
              134.2282295476,
              34.8282304214
            ],
            [
              134.2278130345,
              34.8277140248
            ],
            [
              134.2273962266,
              34.8274322248
            ],
            [
              134.226239899,
              34.8271654044
            ],
            [
              134.2249317332,
              34.8270078821
            ],
            [
              134.2238797413,
              34.8267020465
            ],
            [
              134.2231027313,
              34.826388496
            ],
            [
              134.2227238441,
              34.8261224229
            ],
            [
              134.2225539793,
              34.8255281347
            ],
            [
              134.2224613222,
              34.8239329903
            ],
            [
              134.2226138253,
              34.8233232908
            ],
            [
              134.223941738,
              34.8228398085
            ],
            [
              134.2243404405,
              34.8224492892
            ],
            [
              134.2243870779,
              34.8219250619
            ],
            [
              134.2250853056,
              34.8215351599
            ],
            [
              134.2254842157,
              34.8213609923
            ],
            [
              134.2257085012,
              34.8213509087
            ],
            [
              134.2264939483,
              34.8209405791
            ],
            [
              134.2270295374,
              34.8210540166
            ],
            [
              134.2285191427,
              34.8204645512
            ],
            [
              134.2291040303,
              34.8209993274
            ],
            [
              134.2296643057,
              34.8213080037
            ],
            [
              134.2303118683,
              34.8215449148
            ],
            [
              134.2312959644,
              34.8216895613
            ],
            [
              134.2318192845,
              34.8216592227
            ],
            [
              134.2330519146,
              34.8223281279
            ],
            [
              134.2335751636,
              34.8223593372
            ]
          ]
        ]
      }
    },
    {
      "type": "Feature",
      "properties": {
        "key_code": "33211079005",
        "pref": "岡山県",
        "city": "備前市",
        "ward": "",
        "district": "吉永町福満",
        "name": "備前市  吉永町福満"
      },
      "geometry": {
        "type": "Polygon",
        "coordinates": [
          [
            [
              134.2335751636,
              34.8223593372
            ],
            [
              134.2330519146,
              34.8223281279
            ],
            [
              134.2318192845,
              34.8216592227
            ],
            [
              134.2312959644,
              34.8216895613
            ],
            [
              134.2303118683,
              34.8215449148
            ],
            [
              134.2296643057,
              34.8213080037
            ],
            [
              134.2291040303,
              34.8209993274
            ],
            [
              134.2285191427,
              34.8204645512
            ],
            [
              134.2270295374,
              34.8210540166
            ],
            [
              134.2264939483,
              34.8209405791
            ],
            [
              134.2257085012,
              34.8213509087
            ],
            [
              134.2254842157,
              34.8213609923
            ],
            [
              134.2243870779,
              34.8219250619
            ],
            [
              134.2243404405,
              34.8224492892
            ],
            [
              134.223941738,
              34.8228398085
            ],
            [
              134.2226138253,
              34.8233232908
            ],
            [
              134.2221209472,
              34.8232447334
            ],
            [
              134.2215717967,
              34.8227125599
            ],
            [
              134.2209654901,
              34.8223835864
            ],
            [
              134.2199988172,
              34.8221482216
            ],
            [
              134.2185779186,
              34.8213179998
            ],
            [
              134.2179714025,
              34.8211612083
            ],
            [
              134.2165469075,
              34.8212263148
            ],
            [
              134.2149943086,
              34.81844524
            ],
            [
              134.212857102,
              34.817550211
            ],
            [
              134.2300110456,
              34.8139289318
            ],
            [
              134.2303477501,
              34.8146840872
            ],
            [
              134.2306189697,
              34.8149782915
            ],
            [
              134.2324339699,
              34.8159317397
            ],
            [
              134.2328917529,
              34.8163521636
            ],
            [
              134.2333830685,
              34.8171084236
            ],
            [
              134.2338562853,
              34.8188167435
            ],
            [
              134.2337529863,
              34.8200205906
            ],
            [
              134.2334207435,
              34.8210491518
            ],
            [
              134.2336740784,
              34.8221133378
            ],
            [
              134.2335751636,
              34.8223593372
            ]
          ]
        ]
      }
    },
    {
      "type": "Feature",
      "properties": {
        "key_code": "33211080001",
        "pref": "岡山県",
        "city": "備前市",
        "ward": "",
        "district": "吉永町南方",
        "name": "備前市  吉永町南方"
      },
      "geometry": {
        "type": "Polygon",
        "coordinates": [
          [
            [
              134.1999563707,
              34.7974315953
            ],
            [
              134.2043421371,
              34.805794613
            ],
            [
              134.2060281599,
              34.807128786
            ],
            [
              134.2058333504,
              34.8074491765
            ],
            [
              134.2056990856,
              34.8078897831
            ],
            [
              134.2056494842,
              34.8085507827
            ],
            [
              134.2064268822,
              34.8084614514
            ],
            [
              134.2064505019,
              34.8089022254
            ],
            [
              134.2075066201,
              34.8092139239
            ],
            [
              134.2069654101,
              34.8104467227
            ],
            [
              134.2058470008,
              34.8104386457
            ],
            [
              134.2055551551,
              34.8103179026
            ],
            [
              134.2044016592,
              34.8094463087
            ],
            [
              134.2040534556,
              34.8092953586
            ],
            [
              134.2036287945,
              34.8092291223
            ],
            [
              134.2029714687,
              34.8094036438
            ],
            [
              134.2018486266,
              34.8101633481
            ],
            [
              134.201290486,
              34.8104140318
            ],
            [
              134.2004550531,
              34.8104829821
            ],
            [
              134.1993753076,
              34.8103940347
            ],
            [
              134.197272287,
              34.8097585258
            ],
            [
              134.196420151,
              34.8096657291
            ],
            [
              134.1933963757,
              34.8090240538
            ],
            [
              134.1923029705,
              34.8088757332
            ],
            [
              134.1927735703,
              34.8084418696
            ],
            [
              134.1930335751,
              34.8079879004
            ],
            [
              134.1936723263,
              34.8063081902
            ],
            [
              134.1936001469,
              34.8058738389
            ],
            [
              134.1934634315,
              34.8052789746
            ],
            [
              134.1932372234,
              34.8049178336
            ],
            [
              134.1931047752,
              34.8041994406
            ],
            [
              134.1927983563,
              34.8033705539
            ],
            [
              134.1924428299,
              34.8028355865
            ],
            [
              134.1914277688,
              34.8019357361
            ],
            [
              134.1908304357,
              34.8007122577
            ],
            [
              134.1905231584,
              34.8003977858
            ],
            [
              134.1907832467,
              34.7998903015
            ],
            [
              134.191080471,
              34.7989785995
            ],
            [
              134.1913319816,
              34.7987383089
            ],
            [
              134.1921343566,
              34.7984654148
            ],
            [
              134.1921672124,
              34.7981981062
            ],
            [
              134.1920625927,
              34.7977971048
            ],
            [
              134.1918203382,
              34.7973624203
            ],
            [
              134.1921016378,
              34.7962770183
            ],
            [
              134.1920210815,
              34.7960163396
            ],
            [
              134.1922731594,
              34.7954420736
            ],
            [
              134.1922406282,
              34.7950236893
            ],
            [
              134.1925546634,
              34.7940370637
            ],
            [
              134.1929328863,
              34.7934250499
            ],
            [
              134.1936614355,
              34.7930052825
            ],
            [
              134.194103529,
              34.7929474716
            ],
            [
              134.1953998571,
              34.7930850074
            ],
            [
              134.1957418484,
              34.7929832707
            ],
            [
              134.1967829238,
              34.7924374856
            ],
            [
              134.1979078685,
              34.7920910998
            ],
            [
              134.1999563707,
              34.7974315953
            ]
          ]
        ]
      }
    },
    {
      "type": "Feature",
      "properties": {
        "key_code": "33211080002",
        "pref": "岡山県",
        "city": "備前市",
        "ward": "",
        "district": "吉永町南方",
        "name": "備前市  吉永町南方"
      },
      "geometry": {
        "type": "Polygon",
        "coordinates": [
          [
            [
              134.2064268822,
              34.8084614514
            ],
            [
              134.2056494842,
              34.8085507827
            ],
            [
              134.2056990856,
              34.8078897831
            ],
            [
              134.2058333504,
              34.8074491765
            ],
            [
              134.2060281599,
              34.807128786
            ],
            [
              134.2043421371,
              34.805794613
            ],
            [
              134.1999563707,
              34.7974315953
            ],
            [
              134.1979078685,
              34.7920910998
            ],
            [
              134.1995814966,
              34.7910769374
            ],
            [
              134.1996235033,
              34.7906053914
            ],
            [
              134.1997655156,
              34.7902553738
            ],
            [
              134.1999419054,
              34.7900456889
            ],
            [
              134.200550781,
              34.7896699805
            ],
            [
              134.2026245072,
              34.7896265802
            ],
            [
              134.2048068793,
              34.7908378795
            ],
            [
              134.2063088552,
              34.7913414682
            ],
            [
              134.2064595221,
              34.7916696822
            ],
            [
              134.2065628584,
              34.7917289498
            ],
            [
              134.2072947029,
              34.791808447
            ],
            [
              134.2074371172,
              34.7923401904
            ],
            [
              134.207850556,
              34.792524435
            ],
            [
              134.2079853793,
              34.7928068523
            ],
            [
              134.2090272842,
              34.7930507557
            ],
            [
              134.2090543072,
              34.7936119602
            ],
            [
              134.2091573131,
              34.7938943437
            ],
            [
              134.2094911015,
              34.7941506216
            ],
            [
              134.2117579109,
              34.7946649088
            ],
            [
              134.2122893696,
              34.7957745635
            ],
            [
              134.2132042483,
              34.796672883
            ],
            [
              134.2133536479,
              34.7970819451
            ],
            [
              134.2132665473,
              34.7974249947
            ],
            [
              134.2127783218,
              34.7978810429
            ],
            [
              134.2117926082,
              34.7995000983
            ],
            [
              134.2123457458,
              34.7996136151
            ],
            [
              134.2128384006,
              34.7998852568
            ],
            [
              134.2130243727,
              34.8000933488
            ],
            [
              134.2132426578,
              34.8006720739
            ],
            [
              134.2133512082,
              34.800773741
            ],
            [
              134.2103617321,
              34.8043835459
            ],
            [
              134.2081203197,
              34.8049370846
            ],
            [
              134.207889162,
              34.805207436
            ],
            [
              134.207948726,
              34.8059788437
            ],
            [
              134.2078378737,
              34.8070105243
            ],
            [
              134.2078968083,
              34.8081925355
            ],
            [
              134.2070224365,
              34.8081616224
            ],
            [
              134.2064268822,
              34.8084614514
            ]
          ]
        ]
      }
    },
    {
      "type": "Feature",
      "properties": {
        "key_code": "33211080003",
        "pref": "岡山県",
        "city": "備前市",
        "ward": "",
        "district": "吉永町南方",
        "name": "備前市  吉永町南方"
      },
      "geometry": {
        "type": "Polygon",
        "coordinates": [
          [
            [
              134.2125411983,
              34.8099226485
            ],
            [
              134.2069654101,
              34.8104467227
            ],
            [
              134.2075066201,
              34.8092139239
            ],
            [
              134.2064505019,
              34.8089022254
            ],
            [
              134.2064268822,
              34.8084614514
            ],
            [
              134.2070224365,
              34.8081616224
            ],
            [
              134.2078968083,
              34.8081925355
            ],
            [
              134.2078378737,
              34.8070105243
            ],
            [
              134.207948726,
              34.8059788437
            ],
            [
              134.207889162,
              34.805207436
            ],
            [
              134.2081203197,
              34.8049370846
            ],
            [
              134.2103617321,
              34.8043835459
            ],
            [
              134.2133512082,
              34.800773741
            ],
            [
              134.2144474741,
              34.8009804656
            ],
            [
              134.2148742349,
              34.8013604959
            ],
            [
              134.2151370785,
              34.8014421674
            ],
            [
              134.2154220229,
              34.8014062413
            ],
            [
              134.2157180725,
              34.8012528476
            ],
            [
              134.2160365164,
              34.8007650736
            ],
            [
              134.2163326784,
              34.8005304025
            ],
            [
              134.216793126,
              34.800350118
            ],
            [
              134.2174999761,
              34.8002468334
            ],
            [
              134.2184969179,
              34.8003291896
            ],
            [
              134.2201509225,
              34.8006831602
            ],
            [
              134.2205342327,
              34.8008100065
            ],
            [
              134.2208296801,
              34.8010996042
            ],
            [
              134.2216273885,
              34.8026819105
            ],
            [
              134.2217915296,
              34.8028447536
            ],
            [
              134.2221072866,
              34.8029368815
            ],
            [
              134.2216998714,
              34.8032342894
            ],
            [
              134.2214164984,
              34.8035792833
            ],
            [
              134.2213864051,
              34.8040312832
            ],
            [
              134.2215212916,
              34.804532171
            ],
            [
              134.2214708854,
              34.80475835
            ],
            [
              134.2213056666,
              34.8048845517
            ],
            [
              134.2205452559,
              34.8049421689
            ],
            [
              134.2194835507,
              34.8054905441
            ],
            [
              134.2180467638,
              34.8066001674
            ],
            [
              134.2175978966,
              34.8072367164
            ],
            [
              134.2176584452,
              34.8081970249
            ],
            [
              134.2175579514,
              34.8084059671
            ],
            [
              134.2173040703,
              34.8087120978
            ],
            [
              134.2168261089,
              34.8090712576
            ],
            [
              134.2163070694,
              34.809304164
            ],
            [
              134.2151574445,
              34.80944898
            ],
            [
              134.215153891,
              34.8098743756
            ],
            [
              134.2125411983,
              34.8099226485
            ]
          ]
        ]
      }
    },
    {
      "type": "Feature",
      "properties": {
        "key_code": "33211081001",
        "pref": "岡山県",
        "city": "備前市",
        "ward": "",
        "district": "吉永町吉永中",
        "name": "備前市  吉永町吉永中"
      },
      "geometry": {
        "type": "Polygon",
        "coordinates": [
          [
            [
              134.2139978575,
              34.8148723488
            ],
            [
              134.212857102,
              34.817550211
            ],
            [
              134.2127089798,
              34.8172210159
            ],
            [
              134.2119189567,
              34.8166829845
            ],
            [
              134.2082838172,
              34.8153725187
            ],
            [
              134.2076699042,
              34.8156859947
            ],
            [
              134.207494392,
              34.8163955982
            ],
            [
              134.2072329407,
              34.8162562974
            ],
            [
              134.2066963895,
              34.8134837801
            ],
            [
              134.2070046477,
              34.8134266328
            ],
            [
              134.2070564704,
              34.8137574231
            ],
            [
              134.2072018004,
              34.8137768725
            ],
            [
              134.207213196,
              34.8139352095
            ],
            [
              134.2087012899,
              34.814224389
            ],
            [
              134.2139978575,
              34.8148723488
            ]
          ]
        ]
      }
    },
    {
      "type": "Feature",
      "properties": {
        "key_code": "33211081002",
        "pref": "岡山県",
        "city": "備前市",
        "ward": "",
        "district": "吉永町吉永中",
        "name": "備前市  吉永町吉永中"
      },
      "geometry": {
        "type": "Polygon",
        "coordinates": [
          [
            [
              134.2153648429,
              34.8107496077
            ],
            [
              134.2154575425,
              34.8118826377
            ],
            [
              134.2139978575,
              34.8148723488
            ],
            [
              134.2091518229,
              34.814289508
            ],
            [
              134.207213196,
              34.8139352095
            ],
            [
              134.2072018004,
              34.8137768725
            ],
            [
              134.2070564704,
              34.8137574231
            ],
            [
              134.2070046477,
              34.8134266328
            ],
            [
              134.2066963895,
              34.8134837801
            ],
            [
              134.2065521215,
              34.8127594739
            ],
            [
              134.2087681048,
              34.812315823
            ],
            [
              134.2088332108,
              34.8115486324
            ],
            [
              134.2085120611,
              34.810247043
            ],
            [
              134.2097065542,
              34.8101588255
            ],
            [
              134.209836419,
              34.8108124052
            ],
            [
              134.2106761297,
              34.8107893133
            ],
            [
              134.2106557763,
              34.8100879526
            ],
            [
              134.2125411983,
              34.8099226485
            ],
            [
              134.215153891,
              34.8098743756
            ],
            [
              134.2153648429,
              34.8107496077
            ]
          ]
        ]
      }
    },
    {
      "type": "Feature",
      "properties": {
        "key_code": "33211081003",
        "pref": "岡山県",
        "city": "備前市",
        "ward": "",
        "district": "吉永町吉永中",
        "name": "備前市  吉永町吉永中"
      },
      "geometry": {
        "type": "Polygon",
        "coordinates": [
          [
            [
              134.2065521215,
              34.8127594739
            ],
            [
              134.2072329407,
              34.8162562974
            ],
            [
              134.2064603738,
              34.8157423399
            ],
            [
              134.2062108654,
              34.815396692
            ],
            [
              134.2059733609,
              34.8148113147
            ],
            [
              134.2057320483,
              34.8148183843
            ],
            [
              134.2056047462,
              34.8144153943
            ],
            [
              134.2048436039,
              34.8140404659
            ],
            [
              134.2046808175,
              34.8140307141
            ],
            [
              134.2046862437,
              34.8142848285
            ],
            [
              134.2044711612,
              34.8142414968
            ],
            [
              134.2039593519,
              34.8143272951
            ],
            [
              134.2031795901,
              34.8147197331
            ],
            [
              134.2028706588,
              34.8152036701
            ],
            [
              134.2024795536,
              34.8143185154
            ],
            [
              134.2017011257,
              34.8138669222
            ],
            [
              134.2032196868,
              34.8132449884
            ],
            [
              134.2065521215,
              34.8127594739
            ]
          ]
        ]
      }
    },
    {
      "type": "Feature",
      "properties": {
        "key_code": "33211081004",
        "pref": "岡山県",
        "city": "備前市",
        "ward": "",
        "district": "吉永町吉永中",
        "name": "備前市  吉永町吉永中"
      },
      "geometry": {
        "type": "Polygon",
        "coordinates": [
          [
            [
              134.2042245442,
              34.8121669508
            ],
            [
              134.2043741275,
              34.8130712816
            ],
            [
              134.2029579122,
              34.8133166848
            ],
            [
              134.2011338428,
              34.8140940698
            ],
            [
              134.2000989484,
              34.8140305323
            ],
            [
              134.199343382,
              34.8138234795
            ],
            [
              134.1988078431,
              34.8142065815
            ],
            [
              134.1977150446,
              34.812936367
            ],
            [
              134.1977956548,
              34.8124951491
            ],
            [
              134.1975205546,
              34.81192366
            ],
            [
              134.1979976651,
              34.8118582739
            ],
            [
              134.1963086579,
              34.8097334978
            ],
            [
              134.1967300792,
              34.8096621338
            ],
            [
              134.197272287,
              34.8097585258
            ],
            [
              134.1993753076,
              34.8103940347
            ],
            [
              134.2009126881,
              34.8104695392
            ],
            [
              134.201290486,
              34.8104140318
            ],
            [
              134.2018486266,
              34.8101633481
            ],
            [
              134.2032305022,
              34.8092834882
            ],
            [
              134.2036287945,
              34.8092291223
            ],
            [
              134.2040534556,
              34.8092953586
            ],
            [
              134.2044016592,
              34.8094463087
            ],
            [
              134.2055551551,
              34.8103179026
            ],
            [
              134.2059797059,
              34.8104606182
            ],
            [
              134.2061872474,
              34.8118191409
            ],
            [
              134.2050415501,
              34.8119906221
            ],
            [
              134.2047691303,
              34.8121368252
            ],
            [
              134.2042245442,
              34.8121669508
            ]
          ]
        ]
      }
    },
    {
      "type": "Feature",
      "properties": {
        "key_code": "33211081005",
        "pref": "岡山県",
        "city": "備前市",
        "ward": "",
        "district": "吉永町吉永中",
        "name": "備前市  吉永町吉永中"
      },
      "geometry": {
        "type": "Polygon",
        "coordinates": [
          [
            [
              134.2088332108,
              34.8115486324
            ],
            [
              134.2087681048,
              34.812315823
            ],
            [
              134.2065521215,
              34.8127594739
            ],
            [
              134.2043741275,
              34.8130712816
            ],
            [
              134.2042245442,
              34.8121669508
            ],
            [
              134.2047691303,
              34.8121368252
            ],
            [
              134.2050415501,
              34.8119906221
            ],
            [
              134.2061872474,
              34.8118191409
            ],
            [
              134.2059797059,
              34.8104606182
            ],
            [
              134.2070582557,
              34.8104425935
            ],
            [
              134.2085120611,
              34.810247043
            ],
            [
              134.2088332108,
              34.8115486324
            ]
          ]
        ]
      }
    },
    {
      "type": "Feature",
      "properties": {
        "key_code": "33211081006",
        "pref": "岡山県",
        "city": "備前市",
        "ward": "",
        "district": "吉永町吉永中",
        "name": "備前市  吉永町吉永中"
      },
      "geometry": {
        "type": "Polygon",
        "coordinates": [
          [
            [
              134.2106557763,
              34.8100879526
            ],
            [
              134.2106761297,
              34.8107893133
            ],
            [
              134.209836419,
              34.8108124052
            ],
            [
              134.2097065542,
              34.8101588255
            ],
            [
              134.2106557763,
              34.8100879526
            ]
          ]
        ]
      }
    },
    {
      "type": "Feature",
      "properties": {
        "key_code": "33211082001",
        "pref": "岡山県",
        "city": "備前市",
        "ward": "",
        "district": "吉永町三股",
        "name": "備前市  吉永町三股"
      },
      "geometry": {
        "type": "Polygon",
        "coordinates": [
          [
            [
              134.2004884722,
              34.8140694157
            ],
            [
              134.2004937818,
              34.814381
            ],
            [
              134.2011089825,
              34.8151058278
            ],
            [
              134.2010727668,
              34.8159402325
            ],
            [
              134.2021784192,
              34.8172435339
            ],
            [
              134.2024515491,
              34.8173445446
            ],
            [
              134.2028939582,
              34.8170428833
            ],
            [
              134.2037133317,
              34.8173650648
            ],
            [
              134.2034307622,
              34.8177171877
            ],
            [
              134.2043546136,
              34.8181738569
            ],
            [
              134.2055367708,
              34.8193807248
            ],
            [
              134.2052814105,
              34.8217886227
            ],
            [
              134.2047437346,
              34.8216743778
            ],
            [
              134.2037369589,
              34.8216960476
            ],
            [
              134.202965075,
              34.8214450521
            ],
            [
              134.2025517809,
              34.8211716222
            ],
            [
              134.2019587997,
              34.8201692001
            ],
            [
              134.2013107358,
              34.8197516938
            ],
            [
              134.2011300359,
              34.8195337294
            ],
            [
              134.2010422744,
              34.8188353993
            ],
            [
              134.2008926378,
              34.8185315447
            ],
            [
              134.2004329564,
              34.8182755215
            ],
            [
              134.1995463489,
              34.8184982234
            ],
            [
              134.1988637232,
              34.8183536479
            ],
            [
              134.1981452546,
              34.8179113947
            ],
            [
              134.197782689,
              34.8175116557
            ],
            [
              134.1975558741,
              34.8170200877
            ],
            [
              134.1972656283,
              34.8168201644
            ],
            [
              134.1967668594,
              34.8152998877
            ],
            [
              134.1977150446,
              34.812936367
            ],
            [
              134.1988078431,
              34.8142065815
            ],
            [
              134.199343382,
              34.8138234795
            ],
            [
              134.2004884722,
              34.8140694157
            ]
          ]
        ]
      }
    },
    {
      "type": "Feature",
      "properties": {
        "key_code": "33211082002",
        "pref": "岡山県",
        "city": "備前市",
        "ward": "",
        "district": "吉永町三股",
        "name": "備前市  吉永町三股"
      },
      "geometry": {
        "type": "Polygon",
        "coordinates": [
          [
            [
              134.212857102,
              34.817550211
            ],
            [
              134.2069383491,
              34.8188024304
            ],
            [
              134.2057835193,
              34.8191775868
            ],
            [
              134.2055004942,
              34.8193415263
            ],
            [
              134.2043546136,
              34.8181738569
            ],
            [
              134.2034307622,
              34.8177171877
            ],
            [
              134.2037133317,
              34.8173650648
            ],
            [
              134.2028939582,
              34.8170428833
            ],
            [
              134.2024515491,
              34.8173445446
            ],
            [
              134.2021784192,
              34.8172435339
            ],
            [
              134.2010727668,
              34.8159402325
            ],
            [
              134.2011089825,
              34.8151058278
            ],
            [
              134.2004937818,
              34.814381
            ],
            [
              134.2004884722,
              34.8140694157
            ],
            [
              134.2011338428,
              34.8140940698
            ],
            [
              134.2017011257,
              34.8138669222
            ],
            [
              134.2024795536,
              34.8143185154
            ],
            [
              134.2028706588,
              34.8152036701
            ],
            [
              134.2031795901,
              34.8147197331
            ],
            [
              134.2039593519,
              34.8143272951
            ],
            [
              134.2044711612,
              34.8142414968
            ],
            [
              134.2046862437,
              34.8142848285
            ],
            [
              134.2046808175,
              34.8140307141
            ],
            [
              134.2048436039,
              34.8140404659
            ],
            [
              134.2056047462,
              34.8144153943
            ],
            [
              134.2057320483,
              34.8148183843
            ],
            [
              134.2059733609,
              34.8148113147
            ],
            [
              134.2062108654,
              34.815396692
            ],
            [
              134.2064603738,
              34.8157423399
            ],
            [
              134.207494392,
              34.8163955982
            ],
            [
              134.2076699042,
              34.8156859947
            ],
            [
              134.2082838172,
              34.8153725187
            ],
            [
              134.2119189567,
              34.8166829845
            ],
            [
              134.2127089798,
              34.8172210159
            ],
            [
              134.212857102,
              34.817550211
            ]
          ]
        ]
      }
    },
    {
      "type": "Feature",
      "properties": {
        "key_code": "33211083001",
        "pref": "岡山県",
        "city": "備前市",
        "ward": "",
        "district": "吉永町岩崎",
        "name": "備前市  吉永町岩崎"
      },
      "geometry": {
        "type": "Polygon",
        "coordinates": [
          [
            [
              134.2168858809,
              34.8229127003
            ],
            [
              134.2181790405,
              34.8293454528
            ],
            [
              134.2159482999,
              34.8286455723
            ],
            [
              134.2140378675,
              34.8283323326
            ],
            [
              134.2131012499,
              34.8280784929
            ],
            [
              134.212760981,
              34.8277690426
            ],
            [
              134.2112274073,
              34.8259233962
            ],
            [
              134.2168858809,
              34.8229127003
            ]
          ]
        ]
      }
    },
    {
      "type": "Feature",
      "properties": {
        "key_code": "33211083002",
        "pref": "岡山県",
        "city": "備前市",
        "ward": "",
        "district": "吉永町岩崎",
        "name": "備前市  吉永町岩崎"
      },
      "geometry": {
        "type": "Polygon",
        "coordinates": [
          [
            [
              134.2165469075,
              34.8212263148
            ],
            [
              134.2168858809,
              34.8229127003
            ],
            [
              134.2112274073,
              34.8259233962
            ],
            [
              134.2102949472,
              34.8249522222
            ],
            [
              134.2088396074,
              34.8239902904
            ],
            [
              134.2078133611,
              34.8231930999
            ],
            [
              134.2073799325,
              34.8225386469
            ],
            [
              134.2071360396,
              34.8219441859
            ],
            [
              134.2075879983,
              34.8218682434
            ],
            [
              134.2078232383,
              34.8217097425
            ],
            [
              134.20846328,
              34.8214896142
            ],
            [
              134.2090999208,
              34.8213584305
            ],
            [
              134.2092531921,
              34.8214446526
            ],
            [
              134.2098606674,
              34.8211760989
            ],
            [
              134.2096478577,
              34.8205177951
            ],
            [
              134.2096774789,
              34.8203535873
            ],
            [
              134.2154175599,
              34.8192034789
            ],
            [
              134.2165469075,
              34.8212263148
            ]
          ]
        ]
      }
    },
    {
      "type": "Feature",
      "properties": {
        "key_code": "33211083003",
        "pref": "岡山県",
        "city": "備前市",
        "ward": "",
        "district": "吉永町岩崎",
        "name": "備前市  吉永町岩崎"
      },
      "geometry": {
        "type": "Polygon",
        "coordinates": [
          [
            [
              134.2098433991,
              34.8211822301
            ],
            [
              134.2092531921,
              34.8214446526
            ],
            [
              134.2090999208,
              34.8213584305
            ],
            [
              134.20846328,
              34.8214896142
            ],
            [
              134.2078232383,
              34.8217097425
            ],
            [
              134.2075879983,
              34.8218682434
            ],
            [
              134.2071360396,
              34.8219441859
            ],
            [
              134.2066036543,
              34.8206214004
            ],
            [
              134.2060049709,
              34.819824643
            ],
            [
              134.2055004942,
              34.8193415263
            ],
            [
              134.2057835193,
              34.8191775868
            ],
            [
              134.2069383491,
              34.8188024304
            ],
            [
              134.212857102,
              34.817550211
            ],
            [
              134.2149943086,
              34.81844524
            ],
            [
              134.2154175599,
              34.8192034789
            ],
            [
              134.2096774789,
              34.8203535873
            ],
            [
              134.2096478577,
              34.8205177951
            ],
            [
              134.2098433991,
              34.8211822301
            ]
          ]
        ]
      }
    },
    {
      "type": "Feature",
      "properties": {
        "key_code": "33211083004",
        "pref": "岡山県",
        "city": "備前市",
        "ward": "",
        "district": "吉永町岩崎",
        "name": "備前市  吉永町岩崎"
      },
      "geometry": {
        "type": "Polygon",
        "coordinates": [
          [
            [
              134.2273163932,
              34.8351974792
            ],
            [
              134.2272195177,
              34.8356262278
            ],
            [
              134.2257341732,
              34.8371340085
            ],
            [
              134.2249630148,
              34.8375621358
            ],
            [
              134.2242306142,
              34.8378156327
            ],
            [
              134.2244037369,
              34.8380063685
            ],
            [
              134.2242872517,
              34.838689334
            ],
            [
              134.2240940855,
              34.8390703778
            ],
            [
              134.2240061833,
              34.839983666
            ],
            [
              134.2236004508,
              34.8408410197
            ],
            [
              134.222095018,
              34.8428409396
            ],
            [
              134.2209005834,
              34.8427763432
            ],
            [
              134.2201295674,
              34.8430298186
            ],
            [
              134.2195126275,
              34.843331111
            ],
            [
              134.2189339844,
              34.8437912509
            ],
            [
              134.2180047928,
              34.8450142286
            ],
            [
              134.217226253,
              34.8437793962
            ],
            [
              134.2167186638,
              34.8424004265
            ],
            [
              134.2170150728,
              34.8411207381
            ],
            [
              134.2170155418,
              34.8407924711
            ],
            [
              134.216872669,
              34.8404903391
            ],
            [
              134.2162913002,
              34.8402158921
            ],
            [
              134.2161955367,
              34.8396584989
            ],
            [
              134.2159063218,
              34.8393238267
            ],
            [
              134.2139566085,
              34.8387168177
            ],
            [
              134.2139669541,
              34.8382470647
            ],
            [
              134.2138516148,
              34.8378807896
            ],
            [
              134.2134850298,
              34.8376415334
            ],
            [
              134.2126548407,
              34.8374814726
            ],
            [
              134.2120372744,
              34.8371942095
            ],
            [
              134.2114400043,
              34.8362540849
            ],
            [
              134.2109000665,
              34.8357121608
            ],
            [
              134.2103991897,
              34.8348837011
            ],
            [
              134.2101875282,
              34.8343578819
            ],
            [
              134.210265281,
              34.8340236381
            ],
            [
              134.2106035784,
              34.8337931179
            ],
            [
              134.2109325658,
              34.833315738
            ],
            [
              134.2109334372,
              34.8327265373
            ],
            [
              134.2105093115,
              34.8322483933
            ],
            [
              134.2099506761,
              34.8313083121
            ],
            [
              134.2100484409,
              34.8304962347
            ],
            [
              134.2097980211,
              34.8300820718
            ],
            [
              134.2089297916,
              34.8295874763
            ],
            [
              134.208234883,
              34.8294116012
            ],
            [
              134.2078009601,
              34.8290369645
            ],
            [
              134.2074157744,
              34.8283677757
            ],
            [
              134.2074166889,
              34.8277626552
            ],
            [
              134.2082290411,
              34.8268718058
            ],
            [
              134.2076308698,
              34.8265845391
            ],
            [
              134.207091013,
              34.8260425898
            ],
            [
              134.2061958444,
              34.824250226
            ],
            [
              134.2061197725,
              34.8234857847
            ],
            [
              134.2052814105,
              34.8217886227
            ],
            [
              134.2055367708,
              34.8193807248
            ],
            [
              134.2060049709,
              34.819824643
            ],
            [
              134.2066036543,
              34.8206214004
            ],
            [
              134.2072596257,
              34.8222968803
            ],
            [
              134.2078133611,
              34.8231930999
            ],
            [
              134.2088396074,
              34.8239902904
            ],
            [
              134.2102949472,
              34.8249522222
            ],
            [
              134.2108053075,
              34.8254304603
            ],
            [
              134.212760981,
              34.8277690426
            ],
            [
              134.2131012499,
              34.8280784929
            ],
            [
              134.2140378675,
              34.8283323326
            ],
            [
              134.2159482999,
              34.8286455723
            ],
            [
              134.2181790405,
              34.8293454528
            ],
            [
              134.2165469075,
              34.8212263148
            ],
            [
              134.2179714025,
              34.8211612083
            ],
            [
              134.2185779186,
              34.8213179998
            ],
            [
              134.2199988172,
              34.8221482216
            ],
            [
              134.2209654901,
              34.8223835864
            ],
            [
              134.2215717967,
              34.8227125599
            ],
            [
              134.2221209472,
              34.8232447334
            ],
            [
              134.2226138253,
              34.8233232908
            ],
            [
              134.2224613222,
              34.8239329903
            ],
            [
              134.2225539793,
              34.8255281347
            ],
            [
              134.2227238441,
              34.8261224229
            ],
            [
              134.2231027313,
              34.826388496
            ],
            [
              134.2238797413,
              34.8267020465
            ],
            [
              134.2249317332,
              34.8270078821
            ],
            [
              134.226239899,
              34.8271654044
            ],
            [
              134.2273962266,
              34.8274322248
            ],
            [
              134.2278130345,
              34.8277140248
            ],
            [
              134.2282295476,
              34.8282304214
            ],
            [
              134.2285133304,
              34.8287466964
            ],
            [
              134.228620245,
              34.8291468217
            ],
            [
              134.2276602959,
              34.8295569973
            ],
            [
              134.2263514411,
              34.8299668535
            ],
            [
              134.2252418089,
              34.830469274
            ],
            [
              134.2252053594,
              34.8312862725
            ],
            [
              134.2250136078,
              34.8317785993
            ],
            [
              134.2247744096,
              34.8320343869
            ],
            [
              134.2248692651,
              34.8325662723
            ],
            [
              134.225440851,
              34.8338667453
            ],
            [
              134.2260849459,
              34.8345370967
            ],
            [
              134.2273163932,
              34.8351974792
            ]
          ]
        ]
      }
    },
    {
      "type": "Feature",
      "properties": {
        "key_code": "33211084001",
        "pref": "岡山県",
        "city": "備前市",
        "ward": "",
        "district": "吉永町今崎",
        "name": "備前市  吉永町今崎"
      },
      "geometry": {
        "type": "Polygon",
        "coordinates": [
          [
            [
              134.2530768376,
              34.8514251739
            ],
            [
              134.25248722,
              34.8509359166
            ],
            [
              134.2522464245,
              34.8506299457
            ],
            [
              134.2513287064,
              34.8503465304
            ],
            [
              134.2508282439,
              34.8500862922
            ],
            [
              134.2506431571,
              34.8497192234
            ],
            [
              134.2510608413,
              34.8492990544
            ],
            [
              134.2513394763,
              34.8488253304
            ],
            [
              134.2514140664,
              34.848412595
            ],
            [
              134.251321924,
              34.8478162738
            ],
            [
              134.250878172,
              34.846485897
            ],
            [
              134.2495527492,
              34.8460033511
            ],
            [
              134.2499984419,
              34.8453615641
            ],
            [
              134.2490166079,
              34.8443823805
            ],
            [
              134.248145707,
              34.8437395751
            ],
            [
              134.2528746803,
              34.8314769203
            ],
            [
              134.2376734885,
              34.8223049081
            ],
            [
              134.238012098,
              34.8220395162
            ],
            [
              134.2384798901,
              34.82148201
            ],
            [
              134.2390281358,
              34.8210174625
            ],
            [
              134.2396407086,
              34.8206325474
            ],
            [
              134.243506198,
              34.8212068249
            ],
            [
              134.2443760374,
              34.8212473355
            ],
            [
              134.2445772989,
              34.8213338319
            ],
            [
              134.2447701946,
              34.8217191595
            ],
            [
              134.2450598516,
              34.8220116602
            ],
            [
              134.2453170332,
              34.8225299365
            ],
            [
              134.2455906647,
              34.8227426967
            ],
            [
              134.2460247331,
              34.8235667715
            ],
            [
              134.2459761023,
              34.823845712
            ],
            [
              134.2457180322,
              34.8241510522
            ],
            [
              134.2457338997,
              34.8243769351
            ],
            [
              134.2461523579,
              34.8247359445
            ],
            [
              134.24642576,
              34.8251745049
            ],
            [
              134.2472321239,
              34.8243381606
            ],
            [
              134.2474896611,
              34.8238918855
            ],
            [
              134.2475350931,
              34.8240532059
            ],
            [
              134.2480971436,
              34.8243468156
            ],
            [
              134.2490388047,
              34.8243584071
            ],
            [
              134.2495161893,
              34.8244418554
            ],
            [
              134.2504660902,
              34.8241887631
            ],
            [
              134.2514024238,
              34.8242221664
            ],
            [
              134.2518324255,
              34.8239425712
            ],
            [
              134.2524105656,
              34.8240741113
            ],
            [
              134.2527925652,
              34.824043876
            ],
            [
              134.2533463652,
              34.8246589025
            ],
            [
              134.2534895464,
              34.8247202746
            ],
            [
              134.2536110283,
              34.8252715489
            ],
            [
              134.2536182951,
              34.8259825541
            ],
            [
              134.2536869719,
              34.8262844677
            ],
            [
              134.2538247136,
              34.8264814147
            ],
            [
              134.2543974354,
              34.8267573964
            ],
            [
              134.2551104103,
              34.8273769588
            ],
            [
              134.2560861367,
              34.827876395
            ],
            [
              134.2563355803,
              34.8277847164
            ],
            [
              134.2564897893,
              34.8274129417
            ],
            [
              134.2568773802,
              34.8271025225
            ],
            [
              134.2578428076,
              34.8272650667
            ],
            [
              134.2582697873,
              34.827385565
            ],
            [
              134.2585136977,
              34.8275432748
            ],
            [
              134.2591345869,
              34.8273730839
            ],
            [
              134.2593945411,
              34.8273819805
            ],
            [
              134.2599677798,
              34.8271154033
            ],
            [
              134.2601457875,
              34.8268026554
            ],
            [
              134.2606448652,
              34.8264005125
            ],
            [
              134.2620141541,
              34.8258587944
            ],
            [
              134.2629874002,
              34.8262203205
            ],
            [
              134.2636393723,
              34.826916341
            ],
            [
              134.2636617487,
              34.8273568988
            ],
            [
              134.2633190349,
              34.8279483211
            ],
            [
              134.2627462441,
              34.8282084443
            ],
            [
              134.2626013141,
              34.8283657034
            ],
            [
              134.2624264147,
              34.8289382079
            ],
            [
              134.2622221562,
              34.8292202368
            ],
            [
              134.2620503043,
              34.8300504503
            ],
            [
              134.2617867066,
              34.830446543
            ],
            [
              134.2616118892,
              34.8309157944
            ],
            [
              134.2617367058,
              34.8311709692
            ],
            [
              134.2626116151,
              34.8316599207
            ],
            [
              134.2632920934,
              34.8324878807
            ],
            [
              134.2634037483,
              34.8327483992
            ],
            [
              134.2627342007,
              34.8345036532
            ],
            [
              134.2623454574,
              34.8349810223
            ],
            [
              134.2620619734,
              34.8355181062
            ],
            [
              134.2616932808,
              34.835637342
            ],
            [
              134.2616076314,
              34.8357458266
            ],
            [
              134.261873924,
              34.8360525696
            ],
            [
              134.2623872501,
              34.8361179476
            ],
            [
              134.2626438233,
              34.8362538164
            ],
            [
              134.2630315976,
              34.8369106628
            ],
            [
              134.2636897334,
              34.836965341
            ],
            [
              134.2644300464,
              34.8371583869
            ],
            [
              134.2648116227,
              34.837364891
            ],
            [
              134.2650352307,
              34.8375875048
            ],
            [
              134.2650939546,
              34.8382007007
            ],
            [
              134.2654490861,
              34.8385645304
            ],
            [
              134.2654719783,
              34.8387463225
            ],
            [
              134.2654191643,
              34.8389308199
            ],
            [
              134.2651096105,
              34.8391694038
            ],
            [
              134.2650700159,
              34.8392942532
            ],
            [
              134.2653196719,
              34.8398695955
            ],
            [
              134.2652039807,
              34.8404746644
            ],
            [
              134.2648812665,
              34.8407077453
            ],
            [
              134.2635249047,
              34.8412225818
            ],
            [
              134.2626814516,
              34.8427446345
            ],
            [
              134.261982463,
              34.8437154411
            ],
            [
              134.2619070717,
              34.8440988844
            ],
            [
              134.2627656825,
              34.8452345788
            ],
            [
              134.2626451402,
              34.8457418785
            ],
            [
              134.2621266165,
              34.8463539492
            ],
            [
              134.2610858114,
              34.8469685156
            ],
            [
              134.2604447958,
              34.8471902546
            ],
            [
              134.2595308648,
              34.8472226447
            ],
            [
              134.2586573255,
              34.846879869
            ],
            [
              134.2585114199,
              34.8471800138
            ],
            [
              134.258299437,
              34.8480862985
            ],
            [
              134.2574466282,
              34.848980334
            ],
            [
              134.2563983542,
              34.8485834095
            ],
            [
              134.2558598574,
              34.8481687872
            ],
            [
              134.2556632233,
              34.8481926726
            ],
            [
              134.2548068956,
              34.848921462
            ],
            [
              134.2547556177,
              34.8492396974
            ],
            [
              134.2545296607,
              34.8494616784
            ],
            [
              134.2541868797,
              34.8500136821
            ],
            [
              134.2540808588,
              34.8504549209
            ],
            [
              134.2542771579,
              34.8508031862
            ],
            [
              134.2535695257,
              34.8512532408
            ],
            [
              134.2530768376,
              34.8514251739
            ]
          ]
        ]
      }
    },
    {
      "type": "Feature",
      "properties": {
        "key_code": "33211084002",
        "pref": "岡山県",
        "city": "備前市",
        "ward": "",
        "district": "吉永町今崎",
        "name": "備前市  吉永町今崎"
      },
      "geometry": {
        "type": "Polygon",
        "coordinates": [
          [
            [
              134.248145707,
              34.8437395751
            ],
            [
              134.2465313344,
              34.8447780468
            ],
            [
              134.2457149592,
              34.845205502
            ],
            [
              134.2447692484,
              34.8451894274
            ],
            [
              134.2436197869,
              34.8449440108
            ],
            [
              134.2429617077,
              34.8447371431
            ],
            [
              134.2426281891,
              34.8444922139
            ],
            [
              134.2413326726,
              34.8421979706
            ],
            [
              134.2414816798,
              34.8416018398
            ],
            [
              134.2414263136,
              34.8413571275
            ],
            [
              134.2412226298,
              34.8410970853
            ],
            [
              134.2408705393,
              34.8408981269
            ],
            [
              134.2398138321,
              34.8406985344
            ],
            [
              134.2397493454,
              34.8403238734
            ],
            [
              134.2394532916,
              34.839773307
            ],
            [
              134.2391755219,
              34.8394367167
            ],
            [
              134.2387679651,
              34.8391153036
            ],
            [
              134.2345843595,
              34.8367811595
            ],
            [
              134.23356351,
              34.8358818429
            ],
            [
              134.2330929554,
              34.8342967287
            ],
            [
              134.232756717,
              34.8337168872
            ],
            [
              134.2323249505,
              34.8333724062
            ],
            [
              134.2318605518,
              34.8327651981
            ],
            [
              134.2318301455,
              34.8321751222
            ],
            [
              134.2320450401,
              34.8316804734
            ],
            [
              134.2528746803,
              34.8314769203
            ],
            [
              134.248145707,
              34.8437395751
            ]
          ]
        ]
      }
    },
    {
      "type": "Feature",
      "properties": {
        "key_code": "33211084003",
        "pref": "岡山県",
        "city": "備前市",
        "ward": "",
        "district": "吉永町今崎",
        "name": "備前市  吉永町今崎"
      },
      "geometry": {
        "type": "Polygon",
        "coordinates": [
          [
            [
              134.2528746803,
              34.8314769203
            ],
            [
              134.2317804551,
              34.8316829951
            ],
            [
              134.2308561334,
              34.8314121116
            ],
            [
              134.2304322186,
              34.8315070362
            ],
            [
              134.2294486803,
              34.8323640704
            ],
            [
              134.2285420456,
              34.833332155
            ],
            [
              134.2278666536,
              34.8342370505
            ],
            [
              134.2273163932,
              34.8351974792
            ],
            [
              134.2260849459,
              34.8345370967
            ],
            [
              134.225440851,
              34.8338667453
            ],
            [
              134.2248692651,
              34.8325662723
            ],
            [
              134.2247744096,
              34.8320343869
            ],
            [
              134.2250136078,
              34.8317785993
            ],
            [
              134.2252053594,
              34.8312862725
            ],
            [
              134.2252418089,
              34.830469274
            ],
            [
              134.2263514411,
              34.8299668535
            ],
            [
              134.2276602959,
              34.8295569973
            ],
            [
              134.228620245,
              34.8291468217
            ],
            [
              134.2303658836,
              34.8281825486
            ],
            [
              134.2312202478,
              34.8274999742
            ],
            [
              134.2313825644,
              34.827222691
            ],
            [
              134.2313332762,
              34.826780777
            ],
            [
              134.2319824768,
              34.8257230559
            ],
            [
              134.2320079738,
              34.8252607091
            ],
            [
              134.2322954906,
              34.824490384
            ],
            [
              134.2324575842,
              34.8243877625
            ],
            [
              134.2325329852,
              34.823863761
            ],
            [
              134.2327327252,
              34.823545446
            ],
            [
              134.2328391191,
              34.8231396504
            ],
            [
              134.2332505268,
              34.8229344778
            ],
            [
              134.2335751636,
              34.8223593372
            ],
            [
              134.2361292644,
              34.8224024808
            ],
            [
              134.2376734885,
              34.8223049081
            ],
            [
              134.2528746803,
              34.8314769203
            ]
          ]
        ]
      }
    },
    {
      "type": "Feature",
      "properties": {
        "key_code": "33211085001",
        "pref": "岡山県",
        "city": "備前市",
        "ward": "",
        "district": "吉永町神根本",
        "name": "備前市  吉永町神根本"
      },
      "geometry": {
        "type": "Polygon",
        "coordinates": [
          [
            [
              134.233901556,
              34.8614476872
            ],
            [
              134.2332898257,
              34.8611567165
            ],
            [
              134.2324934218,
              34.8602234519
            ],
            [
              134.2320672319,
              34.8599019874
            ],
            [
              134.2310285665,
              34.8599010969
            ],
            [
              134.2305279208,
              34.8597936764
            ],
            [
              134.2302314459,
              34.8595640882
            ],
            [
              134.2296758883,
              34.8588908224
            ],
            [
              134.2288966921,
              34.8590583312
            ],
            [
              134.2280588919,
              34.8590650546
            ],
            [
              134.2280919296,
              34.8581459175
            ],
            [
              134.2278543897,
              34.8570953184
            ],
            [
              134.2284445485,
              34.8564262337
            ],
            [
              134.228428948,
              34.8561768123
            ],
            [
              134.2280077572,
              34.8555002625
            ],
            [
              134.2280399377,
              34.8552508135
            ],
            [
              134.2282954767,
              34.8546995476
            ],
            [
              134.2287738305,
              34.854253572
            ],
            [
              134.228441681,
              34.8524676931
            ],
            [
              134.2276310202,
              34.851246016
            ],
            [
              134.2257615702,
              34.8498592584
            ],
            [
              134.2256821732,
              34.8496883985
            ],
            [
              134.2257621031,
              34.8494521902
            ],
            [
              134.2257306727,
              34.8491371401
            ],
            [
              134.2250630746,
              34.8481780728
            ],
            [
              134.2247129651,
              34.8479940008
            ],
            [
              134.2398138321,
              34.8406985344
            ],
            [
              134.2408705393,
              34.8408981269
            ],
            [
              134.2412226298,
              34.8410970853
            ],
            [
              134.2414263136,
              34.8413571275
            ],
            [
              134.2414816798,
              34.8416018398
            ],
            [
              134.2413326726,
              34.8421979706
            ],
            [
              134.2426281891,
              34.8444922139
            ],
            [
              134.2429617077,
              34.8447371431
            ],
            [
              134.2447692484,
              34.8451894274
            ],
            [
              134.2457149592,
              34.845205502
            ],
            [
              134.2465313344,
              34.8447780468
            ],
            [
              134.248145707,
              34.8437395751
            ],
            [
              134.2490166079,
              34.8443823805
            ],
            [
              134.2499984419,
              34.8453615641
            ],
            [
              134.2495527492,
              34.8460033511
            ],
            [
              134.250878172,
              34.846485897
            ],
            [
              134.251321924,
              34.8478162738
            ],
            [
              134.2514140664,
              34.848412595
            ],
            [
              134.2513394763,
              34.8488253304
            ],
            [
              134.2510608413,
              34.8492990544
            ],
            [
              134.2506431571,
              34.8497192234
            ],
            [
              134.2489918179,
              34.8505436189
            ],
            [
              134.248564791,
              34.8510172326
            ],
            [
              134.247785562,
              34.851337684
            ],
            [
              134.2474514946,
              34.8515821134
            ],
            [
              134.2466899234,
              34.8527434206
            ],
            [
              134.2464473841,
              34.8541345133
            ],
            [
              134.2462799812,
              34.8546083118
            ],
            [
              134.2440359514,
              34.8545760153
            ],
            [
              134.2429511694,
              34.8544299356
            ],
            [
              134.2422998381,
              34.8564627579
            ],
            [
              134.2420768246,
              34.8568754469
            ],
            [
              134.2416127431,
              34.8572573062
            ],
            [
              134.2413523376,
              34.8579297843
            ],
            [
              134.2409255419,
              34.85812827
            ],
            [
              134.2391076372,
              34.8584172591
            ],
            [
              134.2385324492,
              34.8586154759
            ],
            [
              134.2372519285,
              34.8592871098
            ],
            [
              134.2361474524,
              34.8600736126
            ],
            [
              134.2357022206,
              34.8601496578
            ],
            [
              134.2352753838,
              34.86036334
            ],
            [
              134.2343097376,
              34.8613410392
            ],
            [
              134.233901556,
              34.8614476872
            ]
          ]
        ]
      }
    },
    {
      "type": "Feature",
      "properties": {
        "key_code": "33211085002",
        "pref": "岡山県",
        "city": "備前市",
        "ward": "",
        "district": "吉永町神根本",
        "name": "備前市  吉永町神根本"
      },
      "geometry": {
        "type": "Polygon",
        "coordinates": [
          [
            [
              134.2247129651,
              34.8479940008
            ],
            [
              134.2232801821,
              34.8476512896
            ],
            [
              134.2213205767,
              34.848266587
            ],
            [
              134.2203973079,
              34.8479768865
            ],
            [
              134.2197762907,
              34.8479369696
            ],
            [
              134.2195057852,
              34.8477791826
            ],
            [
              134.2195065568,
              34.8472278045
            ],
            [
              134.2188704824,
              34.846570776
            ],
            [
              134.2182585423,
              34.8457497328
            ],
            [
              134.2180047928,
              34.8450142286
            ],
            [
              134.2189339844,
              34.8437912509
            ],
            [
              134.2195126275,
              34.843331111
            ],
            [
              134.2201295674,
              34.8430298186
            ],
            [
              134.2209005834,
              34.8427763432
            ],
            [
              134.222095018,
              34.8428409396
            ],
            [
              134.2236004508,
              34.8408410197
            ],
            [
              134.2240061833,
              34.839983666
            ],
            [
              134.2240940855,
              34.8390703778
            ],
            [
              134.2242872517,
              34.838689334
            ],
            [
              134.2244037369,
              34.8380063685
            ],
            [
              134.2242306142,
              34.8378156327
            ],
            [
              134.2249630148,
              34.8375621358
            ],
            [
              134.2257341732,
              34.8371340085
            ],
            [
              134.2262165257,
              34.8365784937
            ],
            [
              134.2268915765,
              34.8359754664
            ],
            [
              134.2272195177,
              34.8356262278
            ],
            [
              134.2273163932,
              34.8351974792
            ],
            [
              134.2278666536,
              34.8342370505
            ],
            [
              134.2285420456,
              34.833332155
            ],
            [
              134.2294486803,
              34.8323640704
            ],
            [
              134.2304322186,
              34.8315070362
            ],
            [
              134.2308561334,
              34.8314121116
            ],
            [
              134.2317804551,
              34.8316829951
            ],
            [
              134.2320450401,
              34.8316804734
            ],
            [
              134.2318301455,
              34.8321751222
            ],
            [
              134.2318605518,
              34.8327651981
            ],
            [
              134.2323249505,
              34.8333724062
            ],
            [
              134.232756717,
              34.8337168872
            ],
            [
              134.2330929554,
              34.8342967287
            ],
            [
              134.23356351,
              34.8358818429
            ],
            [
              134.2345843595,
              34.8367811595
            ],
            [
              134.2387679651,
              34.8391153036
            ],
            [
              134.2391755219,
              34.8394367167
            ],
            [
              134.2394532916,
              34.839773307
            ],
            [
              134.2397493454,
              34.8403238734
            ],
            [
              134.2398138321,
              34.8406985344
            ],
            [
              134.2247129651,
              34.8479940008
            ]
          ]
        ]
      }
    },
    {
      "type": "Feature",
      "properties": {
        "key_code": "33211086001",
        "pref": "岡山県",
        "city": "備前市",
        "ward": "",
        "district": "吉永町高田",
        "name": "備前市  吉永町高田"
      },
      "geometry": {
        "type": "Polygon",
        "coordinates": [
          [
            [
              134.2627838438,
              34.8845203261
            ],
            [
              134.2620846693,
              34.8847765736
            ],
            [
              134.2615623694,
              34.8847888835
            ],
            [
              134.2602107544,
              34.884560336
            ],
            [
              134.2599956733,
              34.8845855649
            ],
            [
              134.2588431382,
              34.8850657804
            ],
            [
              134.2586052811,
              34.8847808971
            ],
            [
              134.2582834428,
              34.883919925
            ],
            [
              134.2579613092,
              34.8834007431
            ],
            [
              134.2565943299,
              34.8832101142
            ],
            [
              134.2553654345,
              34.8831966134
            ],
            [
              134.2533605154,
              34.8834928516
            ],
            [
              134.2519321713,
              34.8832261372
            ],
            [
              134.25091805,
              34.8835166335
            ],
            [
              134.2501964067,
              34.8831744359
            ],
            [
              134.2501966421,
              34.8829338488
            ],
            [
              134.2500279946,
              34.8825920127
            ],
            [
              134.2493451194,
              34.8818890232
            ],
            [
              134.2489917035,
              34.882002671
            ],
            [
              134.2475937498,
              34.8821030025
            ],
            [
              134.2474089468,
              34.8825712337
            ],
            [
              134.2467787134,
              34.8829885122
            ],
            [
              134.2464711612,
              34.8833173426
            ],
            [
              134.2459489261,
              34.8832664031
            ],
            [
              134.2450277011,
              34.8828480261
            ],
            [
              134.2441979938,
              34.8830499815
            ],
            [
              134.2437221583,
              34.8827079114
            ],
            [
              134.2426929437,
              34.882732369
            ],
            [
              134.2424014291,
              34.8824031071
            ],
            [
              134.2414188817,
              34.8818959892
            ],
            [
              134.2407046719,
              34.8818258682
            ],
            [
              134.2403205613,
              34.8819141779
            ],
            [
              134.2400745535,
              34.8821292233
            ],
            [
              134.2388297309,
              34.8826472655
            ],
            [
              134.2370642102,
              34.8817724309
            ],
            [
              134.2358665982,
              34.8813031336
            ],
            [
              134.233954314,
              34.8812066427
            ],
            [
              134.2329710787,
              34.8813323791
            ],
            [
              134.2326793279,
              34.8812561399
            ],
            [
              134.2326027557,
              34.881053592
            ],
            [
              134.2325277488,
              34.8795472617
            ],
            [
              134.2323593467,
              34.8790786943
            ],
            [
              134.2319758714,
              34.878635369
            ],
            [
              134.2314540734,
              34.8782678458
            ],
            [
              134.230041199,
              34.8780640675
            ],
            [
              134.2300630061,
              34.8775078175
            ],
            [
              134.229943826,
              34.8770537818
            ],
            [
              134.229274055,
              34.8764216392
            ],
            [
              134.2286516397,
              34.8762237462
            ],
            [
              134.2279579725,
              34.8755519956
            ],
            [
              134.2276950926,
              34.8751176244
            ],
            [
              134.2275522033,
              34.8744858698
            ],
            [
              134.2275528772,
              34.8739529874
            ],
            [
              134.2277212503,
              34.8733610188
            ],
            [
              134.2280092533,
              34.872867899
            ],
            [
              134.228153499,
              34.8724140238
            ],
            [
              134.2280269557,
              34.8715774697
            ],
            [
              134.2277248063,
              34.8711702531
            ],
            [
              134.2275820758,
              34.8706711916
            ],
            [
              134.2279172278,
              34.8701725484
            ],
            [
              134.2280936871,
              34.8692011539
            ],
            [
              134.2282373084,
              34.8690042779
            ],
            [
              134.2288431249,
              34.8686109411
            ],
            [
              134.2291302316,
              34.8683091721
            ],
            [
              134.2286974572,
              34.867998963
            ],
            [
              134.2283534382,
              34.8675381732
            ],
            [
              134.2283048588,
              34.8666074979
            ],
            [
              134.2284279871,
              34.8661344352
            ],
            [
              134.2294674699,
              34.8646558892
            ],
            [
              134.2295673719,
              34.8643657912
            ],
            [
              134.2295805175,
              34.863043985
            ],
            [
              134.2291443667,
              34.8627975846
            ],
            [
              134.2290379865,
              34.8621476766
            ],
            [
              134.228892733,
              34.8619582964
            ],
            [
              134.2278250713,
              34.8612771857
            ],
            [
              134.2265514406,
              34.8608165411
            ],
            [
              134.2262570686,
              34.8605864487
            ],
            [
              134.2261777937,
              34.860323726
            ],
            [
              134.2266721605,
              34.8598516238
            ],
            [
              134.2278993791,
              34.8592486753
            ],
            [
              134.2280588919,
              34.8590650546
            ],
            [
              134.2288966921,
              34.8590583312
            ],
            [
              134.2296758883,
              34.8588908224
            ],
            [
              134.2302314459,
              34.8595640882
            ],
            [
              134.2305279208,
              34.8597936764
            ],
            [
              134.2310285665,
              34.8599010969
            ],
            [
              134.2320672319,
              34.8599019874
            ],
            [
              134.2324934218,
              34.8602234519
            ],
            [
              134.2332898257,
              34.8611567165
            ],
            [
              134.233901556,
              34.8614476872
            ],
            [
              134.2390381325,
              34.8669414608
            ],
            [
              134.2431206191,
              34.8709587659
            ],
            [
              134.2424407067,
              34.8717976536
            ],
            [
              134.2420742737,
              34.8725507092
            ],
            [
              134.2419688953,
              34.8733900988
            ],
            [
              134.2428674529,
              34.8756615357
            ],
            [
              134.2436234919,
              34.87693196
            ],
            [
              134.2430489333,
              34.8769099869
            ],
            [
              134.242552332,
              34.8772540295
            ],
            [
              134.2413496165,
              34.8784585599
            ],
            [
              134.2429421827,
              34.8790408502
            ],
            [
              134.2436994672,
              34.8791705001
            ],
            [
              134.2452666749,
              34.8790425315
            ],
            [
              134.2459456083,
              34.8791721117
            ],
            [
              134.2470419566,
              34.8797754809
            ],
            [
              134.2476686219,
              34.8799481153
            ],
            [
              134.248295631,
              34.879776342
            ],
            [
              134.2491063495,
              34.8787223468
            ],
            [
              134.2518509993,
              34.8763565352
            ],
            [
              134.2590392303,
              34.8692491476
            ],
            [
              134.2591126101,
              34.8694461802
            ],
            [
              134.259057252,
              34.8696734197
            ],
            [
              134.2586982133,
              34.8702867753
            ],
            [
              134.2587899008,
              34.8705596721
            ],
            [
              134.2590962304,
              34.8706709244
            ],
            [
              134.2595989472,
              34.8704590978
            ],
            [
              134.2606775706,
              34.8704193363
            ],
            [
              134.2609226612,
              34.8704699835
            ],
            [
              134.2613910623,
              34.8709678451
            ],
            [
              134.2617708761,
              34.8711599908
            ],
            [
              134.2626962737,
              34.8711504039
            ],
            [
              134.2631438277,
              34.8709184002
            ],
            [
              134.2636212711,
              34.8716459851
            ],
            [
              134.2642611077,
              34.8723963356
            ],
            [
              134.2646225544,
              34.8725683149
            ],
            [
              134.2651617884,
              34.872674685
            ],
            [
              134.2654986692,
              34.8729172839
            ],
            [
              134.2656237295,
              34.8736876095
            ],
            [
              134.2663190125,
              34.8741046387
            ],
            [
              134.2664106432,
              34.8745239366
            ],
            [
              134.2668635964,
              34.8752918994
            ],
            [
              134.2669460576,
              34.8756732301
            ],
            [
              134.2667496438,
              34.876062018
            ],
            [
              134.2662714076,
              34.8762990962
            ],
            [
              134.2663046462,
              34.8769380917
            ],
            [
              134.2657832208,
              34.8775438305
            ],
            [
              134.2652642019,
              34.877812298
            ],
            [
              134.2646330484,
              34.8777361046
            ],
            [
              134.2643737306,
              34.8779220302
            ],
            [
              134.2637883294,
              34.8781353133
            ],
            [
              134.2637798626,
              34.8782696151
            ],
            [
              134.2641700096,
              34.8791465287
            ],
            [
              134.2635093304,
              34.8793735085
            ],
            [
              134.26312031,
              34.8796971245
            ],
            [
              134.2624268615,
              34.882103219
            ],
            [
              134.2623273001,
              34.8836020288
            ],
            [
              134.262435051,
              34.8840800202
            ],
            [
              134.2627838438,
              34.8845203261
            ]
          ]
        ]
      }
    },
    {
      "type": "Feature",
      "properties": {
        "key_code": "33211086002",
        "pref": "岡山県",
        "city": "備前市",
        "ward": "",
        "district": "吉永町高田",
        "name": "備前市  吉永町高田"
      },
      "geometry": {
        "type": "Polygon",
        "coordinates": [
          [
            [
              134.2590392303,
              34.8692491476
            ],
            [
              134.2518509993,
              34.8763565352
            ],
            [
              134.2491063495,
              34.8787223468
            ],
            [
              134.248295631,
              34.879776342
            ],
            [
              134.2476686219,
              34.8799481153
            ],
            [
              134.2470419566,
              34.8797754809
            ],
            [
              134.2459456083,
              34.8791721117
            ],
            [
              134.2452666749,
              34.8790425315
            ],
            [
              134.2436994672,
              34.8791705001
            ],
            [
              134.2429421827,
              34.8790408502
            ],
            [
              134.2413496165,
              34.8784585599
            ],
            [
              134.242552332,
              34.8772540295
            ],
            [
              134.2430489333,
              34.8769099869
            ],
            [
              134.2436234919,
              34.87693196
            ],
            [
              134.2428674529,
              34.8756615357
            ],
            [
              134.2419688953,
              34.8733900988
            ],
            [
              134.2420742737,
              34.8725507092
            ],
            [
              134.2424407067,
              34.8717976536
            ],
            [
              134.2431206191,
              34.8709587659
            ],
            [
              134.2390381325,
              34.8669414608
            ],
            [
              134.233901556,
              34.8614476872
            ],
            [
              134.2343097376,
              34.8613410392
            ],
            [
              134.2352753838,
              34.86036334
            ],
            [
              134.2357022206,
              34.8601496578
            ],
            [
              134.2361474524,
              34.8600736126
            ],
            [
              134.2372519285,
              34.8592871098
            ],
            [
              134.2385324492,
              34.8586154759
            ],
            [
              134.2391076372,
              34.8584172591
            ],
            [
              134.2409255419,
              34.85812827
            ],
            [
              134.2413523376,
              34.8579297843
            ],
            [
              134.2416127431,
              34.8572573062
            ],
            [
              134.2420768246,
              34.8568754469
            ],
            [
              134.2422998381,
              34.8564627579
            ],
            [
              134.2429511694,
              34.8544299356
            ],
            [
              134.2440359514,
              34.8545760153
            ],
            [
              134.2462799812,
              34.8546083118
            ],
            [
              134.2464473841,
              34.8541345133
            ],
            [
              134.2466899234,
              34.8527434206
            ],
            [
              134.2474514946,
              34.8515821134
            ],
            [
              134.247785562,
              34.851337684
            ],
            [
              134.248564791,
              34.8510172326
            ],
            [
              134.2489918179,
              34.8505436189
            ],
            [
              134.2506431571,
              34.8497192234
            ],
            [
              134.2508282439,
              34.8500862922
            ],
            [
              134.2513287064,
              34.8503465304
            ],
            [
              134.2522464245,
              34.8506299457
            ],
            [
              134.25248722,
              34.8509359166
            ],
            [
              134.2530768376,
              34.8514251739
            ],
            [
              134.2528602876,
              34.8515542626
            ],
            [
              134.2527332279,
              34.8517571533
            ],
            [
              134.2527104048,
              34.8522123932
            ],
            [
              134.2533218162,
              34.8527603299
            ],
            [
              134.2538324079,
              34.8534034868
            ],
            [
              134.2535555973,
              34.854135415
            ],
            [
              134.253562719,
              34.8544922159
            ],
            [
              134.2538270715,
              34.8551045683
            ],
            [
              134.2534308254,
              34.855854868
            ],
            [
              134.2537734794,
              34.8565379846
            ],
            [
              134.2538737729,
              34.8570271148
            ],
            [
              134.2543139009,
              34.8572427135
            ],
            [
              134.2545377803,
              34.8572551873
            ],
            [
              134.2546119876,
              34.857704366
            ],
            [
              134.2555853282,
              34.8583724675
            ],
            [
              134.2556598037,
              34.8585509141
            ],
            [
              134.2551584739,
              34.8599347323
            ],
            [
              134.2554604818,
              34.8602148869
            ],
            [
              134.2555126008,
              34.8603564134
            ],
            [
              134.2554152674,
              34.8606946926
            ],
            [
              134.2561910466,
              34.8611689044
            ],
            [
              134.2562504529,
              34.8614950293
            ],
            [
              134.2564891158,
              34.8616919623
            ],
            [
              134.2572538416,
              34.8620217059
            ],
            [
              134.2574625599,
              34.8623232033
            ],
            [
              134.2579699941,
              34.8624281109
            ],
            [
              134.258372748,
              34.8627606456
            ],
            [
              134.2581706856,
              34.8633694452
            ],
            [
              134.2584762847,
              34.8638557348
            ],
            [
              134.2585018993,
              34.8644370687
            ],
            [
              134.2591807394,
              34.8648804139
            ],
            [
              134.2593148321,
              34.8651696053
            ],
            [
              134.2592883013,
              34.8656525171
            ],
            [
              134.2594746911,
              34.8658926515
            ],
            [
              134.2595414701,
              34.8663540693
            ],
            [
              134.2596978873,
              34.8667417324
            ],
            [
              134.2601304814,
              34.8671111168
            ],
            [
              134.2601189784,
              34.8674832528
            ],
            [
              134.2599619992,
              34.8677538818
            ],
            [
              134.2588313185,
              34.8687338356
            ],
            [
              134.2590392303,
              34.8692491476
            ]
          ]
        ]
      }
    },
    {
      "type": "Feature",
      "properties": {
        "key_code": "332110870",
        "pref": "岡山県",
        "city": "備前市",
        "ward": "",
        "district": "吉永町和意谷",
        "name": "備前市  吉永町和意谷"
      },
      "geometry": {
        "type": "Polygon",
        "coordinates": [
          [
            [
              134.230041199,
              34.8780640675
            ],
            [
              134.2268546385,
              34.8775739448
            ],
            [
              134.2262402802,
              34.8775481093
            ],
            [
              134.2258868901,
              34.877636323
            ],
            [
              134.2250718036,
              34.8784203937
            ],
            [
              134.2240113314,
              34.878900459
            ],
            [
              134.2237037724,
              34.8791786548
            ],
            [
              134.2228879402,
              34.8805069794
            ],
            [
              134.2228249569,
              34.8816842232
            ],
            [
              134.2227014843,
              34.882127111
            ],
            [
              134.2221167026,
              34.8829367207
            ],
            [
              134.2211254475,
              34.883309212
            ],
            [
              134.2209255351,
              34.8834735475
            ],
            [
              134.2207406869,
              34.8838530589
            ],
            [
              134.2204176301,
              34.8842199732
            ],
            [
              134.2194345711,
              34.8841810085
            ],
            [
              134.2182819483,
              34.8845850126
            ],
            [
              134.2178512521,
              34.8850149882
            ],
            [
              134.2174813824,
              34.88588795
            ],
            [
              134.2172198584,
              34.8861661724
            ],
            [
              134.216651189,
              34.8863808475
            ],
            [
              134.215675408,
              34.8866140626
            ],
            [
              134.2153220974,
              34.8866137129
            ],
            [
              134.2142782184,
              34.8861316466
            ],
            [
              134.2138942981,
              34.8860426625
            ],
            [
              134.2137081695,
              34.8861017062
            ],
            [
              134.2137462513,
              34.8856758634
            ],
            [
              134.2139277079,
              34.8851363504
            ],
            [
              134.2138603649,
              34.8848383696
            ],
            [
              134.213679897,
              34.8846893734
            ],
            [
              134.2130026049,
              34.8845025499
            ],
            [
              134.2123706721,
              34.8841855477
            ],
            [
              134.2116941933,
              34.8834404336
            ],
            [
              134.2116267617,
              34.8832169657
            ],
            [
              134.2130045179,
              34.8831625784
            ],
            [
              134.213615103,
              34.8826048321
            ],
            [
              134.2138415112,
              34.8822142499
            ],
            [
              134.2136616194,
              34.8816557122
            ],
            [
              134.213008131,
              34.8806314497
            ],
            [
              134.2118133922,
              34.8790854704
            ],
            [
              134.2117235148,
              34.8787690859
            ],
            [
              134.2118367537,
              34.8785458707
            ],
            [
              134.2125371396,
              34.878341768
            ],
            [
              134.2123016496,
              34.8775308983
            ],
            [
              134.2123429161,
              34.8766834714
            ],
            [
              134.2115827608,
              34.8759563813
            ],
            [
              134.2104162561,
              34.8745960817
            ],
            [
              134.2099365798,
              34.8738581433
            ],
            [
              134.2097770357,
              34.8733737871
            ],
            [
              134.2098449473,
              34.8726034422
            ],
            [
              134.2100194574,
              34.8719763135
            ],
            [
              134.209939654,
              34.8717561448
            ],
            [
              134.2087250508,
              34.8713916971
            ],
            [
              134.2086457587,
              34.870830373
            ],
            [
              134.2087998763,
              34.8704508541
            ],
            [
              134.209401324,
              34.870066233
            ],
            [
              134.2093899897,
              34.868690557
            ],
            [
              134.2088692644,
              34.8686680452
            ],
            [
              134.2083227932,
              34.8680071468
            ],
            [
              134.2080292464,
              34.8678638015
            ],
            [
              134.2074684091,
              34.8678851877
            ],
            [
              134.2067676627,
              34.8677138733
            ],
            [
              134.2060330052,
              34.8678891665
            ],
            [
              134.2053121102,
              34.8678003641
            ],
            [
              134.2045788226,
              34.8670842373
            ],
            [
              134.2032728314,
              34.8654650096
            ],
            [
              134.2028138974,
              34.8643694818
            ],
            [
              134.2026815069,
              34.8636539207
            ],
            [
              134.2027753156,
              34.8634339344
            ],
            [
              134.2030694674,
              34.8631701493
            ],
            [
              134.2031900432,
              34.8629061032
            ],
            [
              134.2031106895,
              34.8624217487
            ],
            [
              134.2035120404,
              34.8619049606
            ],
            [
              134.2034723401,
              34.8616738398
            ],
            [
              134.2029401313,
              34.8605505542
            ],
            [
              134.203020818,
              34.8601984754
            ],
            [
              134.2028078748,
              34.8597799382
            ],
            [
              134.2030021961,
              34.8593344478
            ],
            [
              134.2035905289,
              34.8587847899
            ],
            [
              134.2041524716,
              34.8580480256
            ],
            [
              134.204233033,
              34.8577618689
            ],
            [
              134.2038429422,
              34.8573284931
            ],
            [
              134.2042750219,
              34.8573426914
            ],
            [
              134.2048547004,
              34.8572397742
            ],
            [
              134.2054924396,
              34.8570652828
            ],
            [
              134.2059082033,
              34.8567790549
            ],
            [
              134.2064945495,
              34.8555255842
            ],
            [
              134.2065725782,
              34.8550479074
            ],
            [
              134.2064593431,
              34.8533915193
            ],
            [
              134.2065953111,
              34.8529139844
            ],
            [
              134.2071760446,
              34.8521183529
            ],
            [
              134.209516372,
              34.8501142822
            ],
            [
              134.2105991135,
              34.8494305246
            ],
            [
              134.2109092337,
              34.8487301682
            ],
            [
              134.2109975345,
              34.8478305638
            ],
            [
              134.2108822839,
              34.8474163874
            ],
            [
              134.2106509823,
              34.8470977445
            ],
            [
              134.2105742503,
              34.8467472738
            ],
            [
              134.210575497,
              34.845935129
            ],
            [
              134.2104409696,
              34.8455050841
            ],
            [
              134.209746359,
              34.8450425115
            ],
            [
              134.2094470187,
              34.8450183314
            ],
            [
              134.208887279,
              34.8447789301
            ],
            [
              134.2082897642,
              34.8439980191
            ],
            [
              134.2081743754,
              34.843679484
            ],
            [
              134.208213355,
              34.8434565413
            ],
            [
              134.208928551,
              34.8430750462
            ],
            [
              134.2094313126,
              34.8426774858
            ],
            [
              134.2103978824,
              34.84210515
            ],
            [
              134.2135280179,
              34.8412165745
            ],
            [
              134.2145325315,
              34.8410741489
            ],
            [
              134.2156532941,
              34.8406771571
            ],
            [
              134.2162913002,
              34.8402158921
            ],
            [
              134.216872669,
              34.8404903391
            ],
            [
              134.2170155418,
              34.8407924711
            ],
            [
              134.2170150728,
              34.8411207381
            ],
            [
              134.2167186638,
              34.8424004265
            ],
            [
              134.2169088603,
              34.8430176995
            ],
            [
              134.217226253,
              34.8437793962
            ],
            [
              134.2180047928,
              34.8450142286
            ],
            [
              134.2182585423,
              34.8457497328
            ],
            [
              134.2188704824,
              34.846570776
            ],
            [
              134.2195065568,
              34.8472278045
            ],
            [
              134.2195057852,
              34.8477791826
            ],
            [
              134.2197762907,
              34.8479369696
            ],
            [
              134.2203973079,
              34.8479768865
            ],
            [
              134.2213205767,
              34.848266587
            ],
            [
              134.2232801821,
              34.8476512896
            ],
            [
              134.2247129651,
              34.8479940008
            ],
            [
              134.2250630746,
              34.8481780728
            ],
            [
              134.2257306727,
              34.8491371401
            ],
            [
              134.2257621031,
              34.8494521902
            ],
            [
              134.2256821732,
              34.8496883985
            ],
            [
              134.2257615702,
              34.8498592584
            ],
            [
              134.2276310202,
              34.851246016
            ],
            [
              134.228441681,
              34.8524676931
            ],
            [
              134.2287738305,
              34.854253572
            ],
            [
              134.2282954767,
              34.8546995476
            ],
            [
              134.2280399377,
              34.8552508135
            ],
            [
              134.2280077572,
              34.8555002625
            ],
            [
              134.228428948,
              34.8561768123
            ],
            [
              134.2284445485,
              34.8564262337
            ],
            [
              134.2278543897,
              34.8570953184
            ],
            [
              134.2280919296,
              34.8581459175
            ],
            [
              134.2280588919,
              34.8590650546
            ],
            [
              134.2278993791,
              34.8592486753
            ],
            [
              134.2266721605,
              34.8598516238
            ],
            [
              134.2261777937,
              34.860323726
            ],
            [
              134.2262570686,
              34.8605864487
            ],
            [
              134.2265514406,
              34.8608165411
            ],
            [
              134.2278250713,
              34.8612771857
            ],
            [
              134.228892733,
              34.8619582964
            ],
            [
              134.2290379865,
              34.8621476766
            ],
            [
              134.2291443667,
              34.8627975846
            ],
            [
              134.2295805175,
              34.863043985
            ],
            [
              134.2295673719,
              34.8643657912
            ],
            [
              134.2294674699,
              34.8646558892
            ],
            [
              134.2284279871,
              34.8661344352
            ],
            [
              134.2283048588,
              34.8666074979
            ],
            [
              134.2283534382,
              34.8675381732
            ],
            [
              134.2286974572,
              34.867998963
            ],
            [
              134.2291302316,
              34.8683091721
            ],
            [
              134.2288431249,
              34.8686109411
            ],
            [
              134.2282373084,
              34.8690042779
            ],
            [
              134.2280936871,
              34.8692011539
            ],
            [
              134.2279172278,
              34.8701725484
            ],
            [
              134.2275820758,
              34.8706711916
            ],
            [
              134.2277248063,
              34.8711702531
            ],
            [
              134.2280269557,
              34.8715774697
            ],
            [
              134.228153499,
              34.8724140238
            ],
            [
              134.2280092533,
              34.872867899
            ],
            [
              134.2277212503,
              34.8733610188
            ],
            [
              134.2275528772,
              34.8739529874
            ],
            [
              134.2275522033,
              34.8744858698
            ],
            [
              134.2276950926,
              34.8751176244
            ],
            [
              134.2279579725,
              34.8755519956
            ],
            [
              134.2286516397,
              34.8762237462
            ],
            [
              134.229274055,
              34.8764216392
            ],
            [
              134.229943826,
              34.8770537818
            ],
            [
              134.2300630061,
              34.8775078175
            ],
            [
              134.230041199,
              34.8780640675
            ]
          ]
        ]
      }
    },
    {
      "type": "Feature",
      "properties": {
        "key_code": "33211088001",
        "pref": "岡山県",
        "city": "備前市",
        "ward": "",
        "district": "吉永町加賀美",
        "name": "備前市  吉永町加賀美"
      },
      "geometry": {
        "type": "Polygon",
        "coordinates": [
          [
            [
              134.2774005793,
              34.8947351599
            ],
            [
              134.2759975619,
              34.8959502478
            ],
            [
              134.2744140072,
              34.8970164188
            ],
            [
              134.2741019303,
              34.8974509538
            ],
            [
              134.2741735633,
              34.8979053955
            ],
            [
              134.2744371371,
              34.8982216775
            ],
            [
              134.2744129308,
              34.8985378205
            ],
            [
              134.2739209474,
              34.8990217097
            ],
            [
              134.2735370393,
              34.8992783766
            ],
            [
              134.2736567543,
              34.8995550793
            ],
            [
              134.2730321485,
              34.9010168752
            ],
            [
              134.2725752709,
              34.902656655
            ],
            [
              134.2723101487,
              34.9044347843
            ],
            [
              134.2727175704,
              34.9048498821
            ],
            [
              134.2728612031,
              34.9052254099
            ],
            [
              134.2728368575,
              34.9057193158
            ],
            [
              134.2725001426,
              34.9069837739
            ],
            [
              134.2728715607,
              34.9074679432
            ],
            [
              134.2730389018,
              34.9082189379
            ],
            [
              134.2728701317,
              34.9094241061
            ],
            [
              134.2724858072,
              34.9101747618
            ],
            [
              134.2718138477,
              34.9106486311
            ],
            [
              134.2706862601,
              34.9109839451
            ],
            [
              134.268777628,
              34.9112890541
            ],
            [
              134.2685171849,
              34.9115033041
            ],
            [
              134.2683863531,
              34.9123787413
            ],
            [
              134.268255918,
              34.9127539198
            ],
            [
              134.267865292,
              34.913021697
            ],
            [
              134.2670627672,
              34.9130034531
            ],
            [
              134.2661519919,
              34.9127527993
            ],
            [
              134.2651977501,
              34.9126092375
            ],
            [
              134.2643518754,
              34.9125731334
            ],
            [
              134.2639396861,
              34.912662207
            ],
            [
              134.2635054787,
              34.913144331
            ],
            [
              134.2622237661,
              34.9154663461
            ],
            [
              134.2617029305,
              34.9157697341
            ],
            [
              134.2612682072,
              34.9168058402
            ],
            [
              134.2605300086,
              34.9176093504
            ],
            [
              134.2600839568,
              34.9174632982
            ],
            [
              134.2597538605,
              34.9171910353
            ],
            [
              134.2598203212,
              34.9167556855
            ],
            [
              134.2595569806,
              34.915703464
            ],
            [
              134.2595586302,
              34.9138531625
            ],
            [
              134.2598673238,
              34.9134180264
            ],
            [
              134.2611231663,
              34.9127112372
            ],
            [
              134.2611676098,
              34.9122578422
            ],
            [
              134.261476101,
              34.9120403261
            ],
            [
              134.2620928223,
              34.9118774274
            ],
            [
              134.2621811404,
              34.9116054112
            ],
            [
              134.2630407431,
              34.9106806834
            ],
            [
              134.2626226556,
              34.91031767
            ],
            [
              134.2626450403,
              34.9099004659
            ],
            [
              134.2614553709,
              34.9105347657
            ],
            [
              134.2608168957,
              34.9103892422
            ],
            [
              134.2603764016,
              34.9104796257
            ],
            [
              134.2601779451,
              34.9107879136
            ],
            [
              134.2601777222,
              34.9110418776
            ],
            [
              134.2595387315,
              34.9114768166
            ],
            [
              134.259406346,
              34.9117670444
            ],
            [
              134.2592079945,
              34.9119482805
            ],
            [
              134.2587014754,
              34.9119842483
            ],
            [
              134.2583713062,
              34.911820796
            ],
            [
              134.2579973878,
              34.911330882
            ],
            [
              134.2577339306,
              34.9104599501
            ],
            [
              134.2575345363,
              34.9102724898
            ],
            [
              134.2568858759,
              34.9101651844
            ],
            [
              134.2565779144,
              34.9099378637
            ],
            [
              134.2564811092,
              34.9093900149
            ],
            [
              134.2568549272,
              34.9085352485
            ],
            [
              134.2568397778,
              34.9073728237
            ],
            [
              134.257115965,
              34.9068519654
            ],
            [
              134.2571486168,
              34.9066247845
            ],
            [
              134.2567926067,
              34.9057561875
            ],
            [
              134.2561931959,
              34.9050477352
            ],
            [
              134.2563398173,
              34.9043263596
            ],
            [
              134.2561215523,
              34.9035979987
            ],
            [
              134.2559270952,
              34.9034375835
            ],
            [
              134.2555217649,
              34.9033171114
            ],
            [
              134.2553111081,
              34.9031299225
            ],
            [
              134.2543870532,
              34.9027686068
            ],
            [
              134.2543225281,
              34.90239445
            ],
            [
              134.2537225511,
              34.902327304
            ],
            [
              134.2535282756,
              34.9019797566
            ],
            [
              134.2532366066,
              34.901725747
            ],
            [
              134.2530746634,
              34.9014851303
            ],
            [
              134.2531074273,
              34.9011511798
            ],
            [
              134.2532373653,
              34.9009374427
            ],
            [
              134.2540812395,
              34.9003234192
            ],
            [
              134.2541787648,
              34.9000962785
            ],
            [
              134.2541304105,
              34.8997890384
            ],
            [
              134.2539360583,
              34.8995216402
            ],
            [
              134.2538310973,
              34.8990473084
            ],
            [
              134.2532910564,
              34.8989811872
            ],
            [
              134.252892677,
              34.8987366875
            ],
            [
              134.2528519002,
              34.898627216
            ],
            [
              134.2529235215,
              34.8985429585
            ],
            [
              134.2532709208,
              34.8986695991
            ],
            [
              134.2536491548,
              34.8986108896
            ],
            [
              134.253904627,
              34.8986699997
            ],
            [
              134.2539763465,
              34.8984931988
            ],
            [
              134.2534040512,
              34.8984086047
            ],
            [
              134.2532406794,
              34.8982316553
            ],
            [
              134.2530163824,
              34.8976420273
            ],
            [
              134.252781512,
              34.897431367
            ],
            [
              134.2526897828,
              34.8971618498
            ],
            [
              134.2525876428,
              34.8970944556
            ],
            [
              134.2523014649,
              34.8970858212
            ],
            [
              134.2521685056,
              34.8971698975
            ],
            [
              134.2515553445,
              34.897085341
            ],
            [
              134.2514429987,
              34.8969926546
            ],
            [
              134.2515964193,
              34.8968832382
            ],
            [
              134.2520562521,
              34.8969930501
            ],
            [
              134.2531298668,
              34.8965558113
            ],
            [
              134.2533850314,
              34.8969180456
            ],
            [
              134.2535894175,
              34.89696029
            ],
            [
              134.2536509046,
              34.8967834836
            ],
            [
              134.253252699,
              34.8963622106
            ],
            [
              134.2530738611,
              34.8963326586
            ],
            [
              134.2525729421,
              34.8964417859
            ],
            [
              134.2523992225,
              34.896408011
            ],
            [
              134.252348205,
              34.8963152942
            ],
            [
              134.2525634116,
              34.8957259462
            ],
            [
              134.2521657313,
              34.8947742042
            ],
            [
              134.2518289188,
              34.8942939443
            ],
            [
              134.2515536068,
              34.8936285648
            ],
            [
              134.2517889447,
              34.8933424221
            ],
            [
              134.2519532217,
              34.8925593564
            ],
            [
              134.2540259196,
              34.8923638181
            ],
            [
              134.2585142311,
              34.8914674386
            ],
            [
              134.2588216865,
              34.8913663417
            ],
            [
              134.2593445303,
              34.8909868229
            ],
            [
              134.260174563,
              34.8907973587
            ],
            [
              134.2607126856,
              34.8905191253
            ],
            [
              134.2616122487,
              34.8898800776
            ],
            [
              134.2619811511,
              34.8897916876
            ],
            [
              134.2624731578,
              34.8895134201
            ],
            [
              134.2640870998,
              34.8890963949
            ],
            [
              134.2657469723,
              34.8888947455
            ],
            [
              134.2664232831,
              34.8887178372
            ],
            [
              134.266961412,
              34.8883889374
            ],
            [
              134.2676531788,
              34.8880980062
            ],
            [
              134.2682218524,
              34.8879969543
            ],
            [
              134.2690731977,
              34.8881869871
            ],
            [
              134.2691265048,
              34.8891875279
            ],
            [
              134.2697752969,
              34.889374142
            ],
            [
              134.2701485985,
              34.8898037351
            ],
            [
              134.2705517956,
              34.8897067451
            ],
            [
              134.2712792391,
              34.8898934598
            ],
            [
              134.2717808232,
              34.8896992513
            ],
            [
              134.2719872957,
              34.8897074518
            ],
            [
              134.2730140926,
              34.8906436114
            ],
            [
              134.2730827775,
              34.8908461998
            ],
            [
              134.2727284498,
              34.8913564911
            ],
            [
              134.2733371103,
              34.8926772654
            ],
            [
              134.2745314525,
              34.8931355684
            ],
            [
              134.2751312346,
              34.8931520558
            ],
            [
              134.2753278057,
              34.893257441
            ],
            [
              134.2754653203,
              34.8934763292
            ],
            [
              134.2754552411,
              34.8938327633
            ],
            [
              134.2755338089,
              34.8939624598
            ],
            [
              134.2774005793,
              34.8947351599
            ]
          ]
        ]
      }
    },
    {
      "type": "Feature",
      "properties": {
        "key_code": "33211088002",
        "pref": "岡山県",
        "city": "備前市",
        "ward": "",
        "district": "吉永町加賀美",
        "name": "備前市  吉永町加賀美"
      },
      "geometry": {
        "type": "Polygon",
        "coordinates": [
          [
            [
              134.2605300086,
              34.9176093504
            ],
            [
              134.2591399736,
              34.919609609
            ],
            [
              134.2590311875,
              34.9199668982
            ],
            [
              134.2590958334,
              34.9204493062
            ],
            [
              134.2589868459,
              34.921038872
            ],
            [
              134.2586932581,
              34.9218516563
            ],
            [
              134.2580851861,
              34.9226016354
            ],
            [
              134.2579328687,
              34.9231197588
            ],
            [
              134.2579108328,
              34.9234949208
            ],
            [
              134.2577369199,
              34.9239056961
            ],
            [
              134.2566515556,
              34.9246734008
            ],
            [
              134.2496558911,
              34.9243382168
            ],
            [
              134.2500750395,
              34.9173883359
            ],
            [
              134.2500058683,
              34.9168186685
            ],
            [
              134.2497194864,
              34.9166533211
            ],
            [
              134.2496053763,
              34.9161575019
            ],
            [
              134.249357246,
              34.9159528106
            ],
            [
              134.2491088383,
              34.9160234917
            ],
            [
              134.2490800812,
              34.9161256634
            ],
            [
              134.249251733,
              34.9163933351
            ],
            [
              134.2490987265,
              34.9165820483
            ],
            [
              134.2485924969,
              34.9165817009
            ],
            [
              134.2483152335,
              34.9168568815
            ],
            [
              134.2477708652,
              34.9167856546
            ],
            [
              134.2474649464,
              34.9170529251
            ],
            [
              134.2469588711,
              34.9169110097
            ],
            [
              134.2465000756,
              34.9172410602
            ],
            [
              134.246451768,
              34.9177602892
            ],
            [
              134.2462127873,
              34.917948865
            ],
            [
              134.2458926086,
              34.9181493548
            ],
            [
              134.2453577664,
              34.9181174895
            ],
            [
              134.2451375514,
              34.9186129303
            ],
            [
              134.2448317153,
              34.9187936376
            ],
            [
              134.2448029442,
              34.918903766
            ],
            [
              134.2448884919,
              34.9192893486
            ],
            [
              134.2453562668,
              34.9195335773
            ],
            [
              134.2453657366,
              34.9196043633
            ],
            [
              134.2449356283,
              34.9198794954
            ],
            [
              134.2437708583,
              34.9193908659
            ],
            [
              134.2433894929,
              34.9187532852
            ],
            [
              134.242945399,
              34.9187017573
            ],
            [
              134.2419432553,
              34.9180087779
            ],
            [
              134.2417045499,
              34.9179377486
            ],
            [
              134.2413414704,
              34.9180555128
            ],
            [
              134.2411697888,
              34.9178350857
            ],
            [
              134.2410074892,
              34.9177720005
            ],
            [
              134.2407017305,
              34.9178741007
            ],
            [
              134.240606496,
              34.917630067
            ],
            [
              134.2404918859,
              34.9176142745
            ],
            [
              134.2401287797,
              34.9177556276
            ],
            [
              134.2399285111,
              34.9174879901
            ],
            [
              134.239794777,
              34.9174957756
            ],
            [
              134.2396893969,
              34.9177788848
            ],
            [
              134.2395076876,
              34.9179833375
            ],
            [
              134.2395072541,
              34.9183687876
            ],
            [
              134.2392588122,
              34.9184551524
            ],
            [
              134.2386957819,
              34.9180220098
            ],
            [
              134.2385910587,
              34.9177151453
            ],
            [
              134.2384192235,
              34.9176363447
            ],
            [
              134.2380614704,
              34.9172701938
            ],
            [
              134.2378991111,
              34.9172621791
            ],
            [
              134.2376318875,
              34.9170731534
            ],
            [
              134.2375267898,
              34.9171045523
            ],
            [
              134.2369724581,
              34.9174109698
            ],
            [
              134.2362934314,
              34.9181735154
            ],
            [
              134.2361880752,
              34.9184173227
            ],
            [
              134.2356384482,
              34.9187748676
            ],
            [
              134.2355903446,
              34.9190737948
            ],
            [
              134.2352367234,
              34.9192544398
            ],
            [
              134.2350862574,
              34.921311735
            ],
            [
              134.234914028,
              34.9215632358
            ],
            [
              134.2340923254,
              34.9217671577
            ],
            [
              134.2336909167,
              34.9219713505
            ],
            [
              134.2328300575,
              34.9229619853
            ],
            [
              134.2321989048,
              34.9235593233
            ],
            [
              134.2315486995,
              34.9241095261
            ],
            [
              134.2306106299,
              34.9246944827
            ],
            [
              134.2305032311,
              34.9243391516
            ],
            [
              134.2302609134,
              34.9240946993
            ],
            [
              134.2297086807,
              34.9237722992
            ],
            [
              134.2293987909,
              34.9236831521
            ],
            [
              134.2288992113,
              34.924371087
            ],
            [
              134.2286969102,
              34.9244707789
            ],
            [
              134.2283060125,
              34.9244815674
            ],
            [
              134.2273094042,
              34.9238256426
            ],
            [
              134.2264066388,
              34.9235917286
            ],
            [
              134.2262721971,
              34.9233252504
            ],
            [
              134.2262591486,
              34.9229921123
            ],
            [
              134.2268399646,
              34.9220267727
            ],
            [
              134.2275754418,
              34.9212588354
            ],
            [
              134.2275268129,
              34.9211382898
            ],
            [
              134.2271367079,
              34.921017374
            ],
            [
              134.2269499054,
              34.9208699442
            ],
            [
              134.2266414318,
              34.9204879501
            ],
            [
              134.2265282996,
              34.9199521017
            ],
            [
              134.226773774,
              34.9187268727
            ],
            [
              134.2265180421,
              34.9184352863
            ],
            [
              134.2264370304,
              34.9182075211
            ],
            [
              134.2269505184,
              34.9171900811
            ],
            [
              134.2267800401,
              34.9169957603
            ],
            [
              134.2264753803,
              34.9168246326
            ],
            [
              134.2257351611,
              34.9167924223
            ],
            [
              134.2251115355,
              34.9166432607
            ],
            [
              134.2248982822,
              34.9165213694
            ],
            [
              134.2244392528,
              34.9160411995
            ],
            [
              134.2241814528,
              34.9154631048
            ],
            [
              134.2241612105,
              34.9152502527
            ],
            [
              134.2244047577,
              34.9141658112
            ],
            [
              134.2243942799,
              34.9135782908
            ],
            [
              134.2241105288,
              34.9129753813
            ],
            [
              134.2240594666,
              34.9124750139
            ],
            [
              134.2242173632,
              34.9119463829
            ],
            [
              134.2244928101,
              34.9117091495
            ],
            [
              134.2251873314,
              34.9115910344
            ],
            [
              134.2256202738,
              34.9111166687
            ],
            [
              134.2257517687,
              34.9107390121
            ],
            [
              134.2260403398,
              34.9104694608
            ],
            [
              134.2264278172,
              34.9096873524
            ],
            [
              134.2270315232,
              34.9088460634
            ],
            [
              134.2271581388,
              34.9079181472
            ],
            [
              134.2272969889,
              34.9075130278
            ],
            [
              134.2276510783,
              34.9070702064
            ],
            [
              134.2285122098,
              34.9067670633
            ],
            [
              134.2286658652,
              34.9068051573
            ],
            [
              134.2290342557,
              34.9072106489
            ],
            [
              134.229372372,
              34.9072489026
            ],
            [
              134.2297106547,
              34.9071352413
            ],
            [
              134.2302803129,
              34.9063760947
            ],
            [
              134.2311254741,
              34.9065540126
            ],
            [
              134.2317864059,
              34.9065545721
            ],
            [
              134.2326011773,
              34.9064413036
            ],
            [
              134.2335698864,
              34.906138214
            ],
            [
              134.2345617969,
              34.9057022376
            ],
            [
              134.2348081792,
              34.9053225498
            ],
            [
              134.2348398835,
              34.9044994833
            ],
            [
              134.2346568755,
              34.9032838149
            ],
            [
              134.2343197046,
              34.9024604493
            ],
            [
              134.2347049043,
              34.9016503546
            ],
            [
              134.2342216372,
              34.9008965924
            ],
            [
              134.2342834031,
              34.9006560623
            ],
            [
              134.2350378248,
              34.8995170178
            ],
            [
              134.2370357719,
              34.8995946045
            ],
            [
              134.2381897895,
              34.8984432428
            ],
            [
              134.2385895373,
              34.8983169249
            ],
            [
              134.2399498818,
              34.8981597232
            ],
            [
              134.2425025808,
              34.8968700063
            ],
            [
              134.2438246536,
              34.896554481
            ],
            [
              134.2439785701,
              34.8963393664
            ],
            [
              134.244041282,
              34.8951871427
            ],
            [
              134.2456403289,
              34.8945171892
            ],
            [
              134.2462551953,
              34.8944036043
            ],
            [
              134.2467854015,
              34.8944103911
            ],
            [
              134.2485063391,
              34.8947534299
            ],
            [
              134.24918251,
              34.8948045188
            ],
            [
              134.2505341017,
              34.8956664642
            ],
            [
              134.2515536068,
              34.8936285648
            ],
            [
              134.2518289188,
              34.8942939443
            ],
            [
              134.2521657313,
              34.8947742042
            ],
            [
              134.2525634116,
              34.8957259462
            ],
            [
              134.252348205,
              34.8963152942
            ],
            [
              134.2523992225,
              34.896408011
            ],
            [
              134.253252699,
              34.8963622106
            ],
            [
              134.2536509046,
              34.8967834836
            ],
            [
              134.2535894175,
              34.89696029
            ],
            [
              134.2533850314,
              34.8969180456
            ],
            [
              134.2531298668,
              34.8965558113
            ],
            [
              134.2520562521,
              34.8969930501
            ],
            [
              134.2515964193,
              34.8968832382
            ],
            [
              134.2514429987,
              34.8969926546
            ],
            [
              134.2515553445,
              34.897085341
            ],
            [
              134.2521685056,
              34.8971698975
            ],
            [
              134.2523014649,
              34.8970858212
            ],
            [
              134.2525876428,
              34.8970944556
            ],
            [
              134.2526897828,
              34.8971618498
            ],
            [
              134.252781512,
              34.897431367
            ],
            [
              134.2530163824,
              34.8976420273
            ],
            [
              134.2532406794,
              34.8982316553
            ],
            [
              134.2534040512,
              34.8984086047
            ],
            [
              134.2539763465,
              34.8984931988
            ],
            [
              134.253904627,
              34.8986699997
            ],
            [
              134.2536491548,
              34.8986108896
            ],
            [
              134.2532709208,
              34.8986695991
            ],
            [
              134.2529235215,
              34.8985429585
            ],
            [
              134.2528519002,
              34.898627216
            ],
            [
              134.252892677,
              34.8987366875
            ],
            [
              134.2532910564,
              34.8989811872
            ],
            [
              134.2538310973,
              34.8990473084
            ],
            [
              134.2539360583,
              34.8995216402
            ],
            [
              134.2541304105,
              34.8997890384
            ],
            [
              134.2541787648,
              34.9000962785
            ],
            [
              134.2540812395,
              34.9003234192
            ],
            [
              134.2532373653,
              34.9009374427
            ],
            [
              134.2531074273,
              34.9011511798
            ],
            [
              134.2530746634,
              34.9014851303
            ],
            [
              134.2535282756,
              34.9019797566
            ],
            [
              134.2537225511,
              34.902327304
            ],
            [
              134.2543225281,
              34.90239445
            ],
            [
              134.2543870532,
              34.9027686068
            ],
            [
              134.2553111081,
              34.9031299225
            ],
            [
              134.2555217649,
              34.9033171114
            ],
            [
              134.2559270952,
              34.9034375835
            ],
            [
              134.2561215523,
              34.9035979987
            ],
            [
              134.2563398173,
              34.9043263596
            ],
            [
              134.2561931959,
              34.9050477352
            ],
            [
              134.2567926067,
              34.9057561875
            ],
            [
              134.2571486168,
              34.9066247845
            ],
            [
              134.257115965,
              34.9068519654
            ],
            [
              134.2568397778,
              34.9073728237
            ],
            [
              134.2568549272,
              34.9085352485
            ],
            [
              134.2564811092,
              34.9093900149
            ],
            [
              134.2565779144,
              34.9099378637
            ],
            [
              134.2568858759,
              34.9101651844
            ],
            [
              134.2575345363,
              34.9102724898
            ],
            [
              134.2577339306,
              34.9104599501
            ],
            [
              134.2579973878,
              34.911330882
            ],
            [
              134.2583713062,
              34.911820796
            ],
            [
              134.2587014754,
              34.9119842483
            ],
            [
              134.2592079945,
              34.9119482805
            ],
            [
              134.259406346,
              34.9117670444
            ],
            [
              134.2595387315,
              34.9114768166
            ],
            [
              134.2601777222,
              34.9110418776
            ],
            [
              134.2601779451,
              34.9107879136
            ],
            [
              134.2603764016,
              34.9104796257
            ],
            [
              134.2608168957,
              34.9103892422
            ],
            [
              134.2614553709,
              34.9105347657
            ],
            [
              134.2626450403,
              34.9099004659
            ],
            [
              134.2626226556,
              34.91031767
            ],
            [
              134.2630407431,
              34.9106806834
            ],
            [
              134.2621811404,
              34.9116054112
            ],
            [
              134.2620928223,
              34.9118774274
            ],
            [
              134.261476101,
              34.9120403261
            ],
            [
              134.2611676098,
              34.9122578422
            ],
            [
              134.2611231663,
              34.9127112372
            ],
            [
              134.2598673238,
              34.9134180264
            ],
            [
              134.2595586302,
              34.9138531625
            ],
            [
              134.2595569806,
              34.915703464
            ],
            [
              134.2598203212,
              34.9167556855
            ],
            [
              134.2597538605,
              34.9171910353
            ],
            [
              134.2600839568,
              34.9174632982
            ],
            [
              134.2605300086,
              34.9176093504
            ]
          ]
        ]
      }
    },
    {
      "type": "Feature",
      "properties": {
        "key_code": "33211088003",
        "pref": "岡山県",
        "city": "備前市",
        "ward": "",
        "district": "吉永町加賀美",
        "name": "備前市  吉永町加賀美"
      },
      "geometry": {
        "type": "Polygon",
        "coordinates": [
          [
            [
              134.2534501363,
              34.9460822864
            ],
            [
              134.2531933733,
              34.9466926467
            ],
            [
              134.2531928718,
              34.9472144388
            ],
            [
              134.2530444325,
              34.9473475881
            ],
            [
              134.2519657007,
              34.947457936
            ],
            [
              134.2516550017,
              34.9480682578
            ],
            [
              134.2512364939,
              34.9486119522
            ],
            [
              134.250373052,
              34.9491442165
            ],
            [
              134.2497595077,
              34.9492159848
            ],
            [
              134.2483846536,
              34.9488042359
            ],
            [
              134.2478588398,
              34.9487816844
            ],
            [
              134.2472390159,
              34.9484038308
            ],
            [
              134.2461470876,
              34.9482365532
            ],
            [
              134.2458373589,
              34.947869968
            ],
            [
              134.2458241753,
              34.9475924062
            ],
            [
              134.2456491763,
              34.9473369814
            ],
            [
              134.2454201503,
              34.9471701847
            ],
            [
              134.2452584304,
              34.9471034416
            ],
            [
              134.2443685426,
              34.9471361676
            ],
            [
              134.2438833563,
              34.9469581896
            ],
            [
              134.243856631,
              34.9467472415
            ],
            [
              134.2443695442,
              34.9462035756
            ],
            [
              134.2443299986,
              34.9453599034
            ],
            [
              134.2444313074,
              34.945187855
            ],
            [
              134.2454023354,
              34.9448888356
            ],
            [
              134.2457935454,
              34.9446782601
            ],
            [
              134.2462933029,
              34.9438127062
            ],
            [
              134.246293503,
              34.9436240284
            ],
            [
              134.2457546646,
              34.9432128265
            ],
            [
              134.246348253,
              34.94284689
            ],
            [
              134.2465508893,
              34.9424584824
            ],
            [
              134.2464571431,
              34.9418699847
            ],
            [
              134.2461542525,
              34.9414534619
            ],
            [
              134.243189826,
              34.9400636219
            ],
            [
              134.2423954883,
              34.9391082972
            ],
            [
              134.2416813782,
              34.938752444
            ],
            [
              134.2397140027,
              34.9379960796
            ],
            [
              134.2371059832,
              34.9375221564
            ],
            [
              134.2356768486,
              34.9376542565
            ],
            [
              134.2354884682,
              34.9373543618
            ],
            [
              134.235435394,
              34.9366437698
            ],
            [
              134.2351261939,
              34.9359219811
            ],
            [
              134.2349921178,
              34.9353112579
            ],
            [
              134.2351279756,
              34.9344232672
            ],
            [
              134.2350952274,
              34.9336183144
            ],
            [
              134.2355290231,
              34.9315759614
            ],
            [
              134.2357270325,
              34.9294169257
            ],
            [
              134.235632954,
              34.9291837325
            ],
            [
              134.2352559379,
              34.9288281163
            ],
            [
              134.2350946367,
              34.9284505597
            ],
            [
              134.2349607285,
              34.927706588
            ],
            [
              134.2347116355,
              34.9274677039
            ],
            [
              134.2335124246,
              34.9271003509
            ],
            [
              134.2327041621,
              34.9266889426
            ],
            [
              134.2324492635,
              34.9257007623
            ],
            [
              134.2321329402,
              34.9253396237
            ],
            [
              134.2318771187,
              34.9251173488
            ],
            [
              134.2315671178,
              34.9251060303
            ],
            [
              134.2311899161,
              34.9249280919
            ],
            [
              134.2308529814,
              34.9249056218
            ],
            [
              134.2306106299,
              34.9246944827
            ],
            [
              134.2315486995,
              34.9241095261
            ],
            [
              134.2321989048,
              34.9235593233
            ],
            [
              134.2328300575,
              34.9229619853
            ],
            [
              134.2336909167,
              34.9219713505
            ],
            [
              134.2340923254,
              34.9217671577
            ],
            [
              134.234914028,
              34.9215632358
            ],
            [
              134.2350862574,
              34.921311735
            ],
            [
              134.2352367234,
              34.9192544398
            ],
            [
              134.2355903446,
              34.9190737948
            ],
            [
              134.2356384482,
              34.9187748676
            ],
            [
              134.2361880752,
              34.9184173227
            ],
            [
              134.2362934314,
              34.9181735154
            ],
            [
              134.2367047266,
              34.917662466
            ],
            [
              134.2371349716,
              34.9172851728
            ],
            [
              134.2376318875,
              34.9170731534
            ],
            [
              134.2378991111,
              34.9172621791
            ],
            [
              134.2380614704,
              34.9172701938
            ],
            [
              134.2384192235,
              34.9176363447
            ],
            [
              134.2385910587,
              34.9177151453
            ],
            [
              134.2386957819,
              34.9180220098
            ],
            [
              134.2392588122,
              34.9184551524
            ],
            [
              134.2395072541,
              34.9183687876
            ],
            [
              134.2395076876,
              34.9179833375
            ],
            [
              134.2396893969,
              34.9177788848
            ],
            [
              134.239794777,
              34.9174957756
            ],
            [
              134.2399285111,
              34.9174879901
            ],
            [
              134.2401287797,
              34.9177556276
            ],
            [
              134.2404918859,
              34.9176142745
            ],
            [
              134.240606496,
              34.917630067
            ],
            [
              134.2407017305,
              34.9178741007
            ],
            [
              134.2410074892,
              34.9177720005
            ],
            [
              134.2411697888,
              34.9178350857
            ],
            [
              134.2413414704,
              34.9180555128
            ],
            [
              134.2417045499,
              34.9179377486
            ],
            [
              134.2419432553,
              34.9180087779
            ],
            [
              134.242945399,
              34.9187017573
            ],
            [
              134.2433894929,
              34.9187532852
            ],
            [
              134.2437708583,
              34.9193908659
            ],
            [
              134.2449356283,
              34.9198794954
            ],
            [
              134.2453657366,
              34.9196043633
            ],
            [
              134.2453562668,
              34.9195335773
            ],
            [
              134.2448884919,
              34.9192893486
            ],
            [
              134.2448029442,
              34.918903766
            ],
            [
              134.2448317153,
              34.9187936376
            ],
            [
              134.2451375514,
              34.9186129303
            ],
            [
              134.2453577664,
              34.9181174895
            ],
            [
              134.2458926086,
              34.9181493548
            ],
            [
              134.2462127873,
              34.917948865
            ],
            [
              134.246451768,
              34.9177602892
            ],
            [
              134.2465000756,
              34.9172410602
            ],
            [
              134.2469588711,
              34.9169110097
            ],
            [
              134.2474649464,
              34.9170529251
            ],
            [
              134.2477708652,
              34.9167856546
            ],
            [
              134.2483152335,
              34.9168568815
            ],
            [
              134.2485924969,
              34.9165817009
            ],
            [
              134.2490987265,
              34.9165820483
            ],
            [
              134.249251733,
              34.9163933351
            ],
            [
              134.2490800812,
              34.9161256634
            ],
            [
              134.2491088383,
              34.9160234917
            ],
            [
              134.249357246,
              34.9159528106
            ],
            [
              134.2496053763,
              34.9161575019
            ],
            [
              134.2497194864,
              34.9166533211
            ],
            [
              134.2500058683,
              34.9168186685
            ],
            [
              134.2500750395,
              34.9173883359
            ],
            [
              134.2496558911,
              34.9243382168
            ],
            [
              134.2566515556,
              34.9246734008
            ],
            [
              134.2566513894,
              34.9248520789
            ],
            [
              134.2569548789,
              34.9250844733
            ],
            [
              134.2576272336,
              34.9252278628
            ],
            [
              134.2583860344,
              34.9257285881
            ],
            [
              134.258938762,
              34.9262381975
            ],
            [
              134.2589383098,
              34.9267383843
            ],
            [
              134.258742328,
              34.9275423527
            ],
            [
              134.2584380029,
              34.9282210315
            ],
            [
              134.2577215845,
              34.928792331
            ],
            [
              134.2565929374,
              34.9293813271
            ],
            [
              134.2558982529,
              34.929881073
            ],
            [
              134.2558109982,
              34.9303992331
            ],
            [
              134.2558098385,
              34.9316320182
            ],
            [
              134.2561995984,
              34.9324184615
            ],
            [
              134.2569799297,
              34.9331693005
            ],
            [
              134.2573921398,
              34.9331695576
            ],
            [
              134.2577174535,
              34.933294841
            ],
            [
              134.258107604,
              34.933688075
            ],
            [
              134.2586097772,
              34.9339896769
            ],
            [
              134.258438154,
              34.9345063786
            ],
            [
              134.2583805137,
              34.9351640769
            ],
            [
              134.2582470048,
              34.935602484
            ],
            [
              134.2580377328,
              34.9356963074
            ],
            [
              134.2576574245,
              34.9356805072
            ],
            [
              134.2572578997,
              34.935868093
            ],
            [
              134.2570293657,
              34.9362281932
            ],
            [
              134.2562494184,
              34.9365096302
            ],
            [
              134.2558498522,
              34.9367441859
            ],
            [
              134.2556592217,
              34.9372296003
            ],
            [
              134.2553641885,
              34.9375191555
            ],
            [
              134.2548125629,
              34.9376597297
            ],
            [
              134.2539760478,
              34.9374242389
            ],
            [
              134.2535556445,
              34.9395067513
            ],
            [
              134.2535026039,
              34.9406370253
            ],
            [
              134.253408019,
              34.9408478976
            ],
            [
              134.2534615985,
              34.9412031741
            ],
            [
              134.2532854528,
              34.9421134189
            ],
            [
              134.2536085394,
              34.9426131095
            ],
            [
              134.2537697845,
              34.9431572759
            ],
            [
              134.2537290115,
              34.9435013635
            ],
            [
              134.2535534317,
              34.9438232478
            ],
            [
              134.2532026714,
              34.9440450791
            ],
            [
              134.2534047526,
              34.9442005773
            ],
            [
              134.2537283112,
              34.9442229735
            ],
            [
              134.253930441,
              34.9443229736
            ],
            [
              134.2541728998,
              34.9445563203
            ],
            [
              134.2543612626,
              34.9449672497
            ],
            [
              134.2545632825,
              34.9451893655
            ],
            [
              134.2546034883,
              34.9454446883
            ],
            [
              134.2543537652,
              34.9457609536
            ],
            [
              134.2540704575,
              34.9459494432
            ],
            [
              134.2536929215,
              34.9459714526
            ],
            [
              134.2534501363,
              34.9460822864
            ]
          ]
        ]
      }
    },
    {
      "type": "Feature",
      "properties": {
        "key_code": "332110890",
        "pref": "岡山県",
        "city": "備前市",
        "ward": "",
        "district": "吉永町多麻",
        "name": "備前市  吉永町多麻"
      },
      "geometry": {
        "type": "Polygon",
        "coordinates": [
          [
            [
              134.2586097772,
              34.9339896769
            ],
            [
              134.258107604,
              34.933688075
            ],
            [
              134.2577174535,
              34.933294841
            ],
            [
              134.2573921398,
              34.9331695576
            ],
            [
              134.2569799297,
              34.9331693005
            ],
            [
              134.2561995984,
              34.9324184615
            ],
            [
              134.2558098385,
              34.9316320182
            ],
            [
              134.2558109982,
              34.9303992331
            ],
            [
              134.2558982529,
              34.929881073
            ],
            [
              134.2565929374,
              34.9293813271
            ],
            [
              134.2577215845,
              34.928792331
            ],
            [
              134.2584380029,
              34.9282210315
            ],
            [
              134.258742328,
              34.9275423527
            ],
            [
              134.2589383098,
              34.9267383843
            ],
            [
              134.258938762,
              34.9262381975
            ],
            [
              134.2583860344,
              34.9257285881
            ],
            [
              134.2576272336,
              34.9252278628
            ],
            [
              134.2569548789,
              34.9250844733
            ],
            [
              134.2566513894,
              34.9248520789
            ],
            [
              134.2566515556,
              34.9246734008
            ],
            [
              134.2577369199,
              34.9239056961
            ],
            [
              134.2579108328,
              34.9234949208
            ],
            [
              134.2579328687,
              34.9231197588
            ],
            [
              134.2580851861,
              34.9226016354
            ],
            [
              134.2586932581,
              34.9218516563
            ],
            [
              134.2589868459,
              34.921038872
            ],
            [
              134.2590958334,
              34.9204493062
            ],
            [
              134.2590311875,
              34.9199668982
            ],
            [
              134.2591399736,
              34.919609609
            ],
            [
              134.2600956938,
              34.918162944
            ],
            [
              134.2612682072,
              34.9168058402
            ],
            [
              134.2617029305,
              34.9157697341
            ],
            [
              134.2622237661,
              34.9154663461
            ],
            [
              134.2635054787,
              34.913144331
            ],
            [
              134.2639396861,
              34.912662207
            ],
            [
              134.2643518754,
              34.9125731334
            ],
            [
              134.2651977501,
              34.9126092375
            ],
            [
              134.2661519919,
              34.9127527993
            ],
            [
              134.2670627672,
              34.9130034531
            ],
            [
              134.267865292,
              34.913021697
            ],
            [
              134.268255918,
              34.9127539198
            ],
            [
              134.2683863531,
              34.9123787413
            ],
            [
              134.2685171849,
              34.9115033041
            ],
            [
              134.268777628,
              34.9112890541
            ],
            [
              134.2706862601,
              34.9109839451
            ],
            [
              134.2718138477,
              34.9106486311
            ],
            [
              134.2724858072,
              34.9101747618
            ],
            [
              134.2728701317,
              34.9094241061
            ],
            [
              134.2730389018,
              34.9082189379
            ],
            [
              134.2728715607,
              34.9074679432
            ],
            [
              134.2725001426,
              34.9069837739
            ],
            [
              134.2728368575,
              34.9057193158
            ],
            [
              134.2728612031,
              34.9052254099
            ],
            [
              134.2727175704,
              34.9048498821
            ],
            [
              134.2723101487,
              34.9044347843
            ],
            [
              134.2725752709,
              34.902656655
            ],
            [
              134.2730321485,
              34.9010168752
            ],
            [
              134.2736567543,
              34.8995550793
            ],
            [
              134.2735370393,
              34.8992783766
            ],
            [
              134.2739209474,
              34.8990217097
            ],
            [
              134.2744129308,
              34.8985378205
            ],
            [
              134.2744371371,
              34.8982216775
            ],
            [
              134.2741735633,
              34.8979053955
            ],
            [
              134.2741019303,
              34.8974509538
            ],
            [
              134.2744140072,
              34.8970164188
            ],
            [
              134.2759975619,
              34.8959502478
            ],
            [
              134.2774005793,
              34.8947351599
            ],
            [
              134.2778850001,
              34.8951347119
            ],
            [
              134.278531235,
              34.8951585278
            ],
            [
              134.2789683392,
              34.8952605637
            ],
            [
              134.2793200365,
              34.8951588802
            ],
            [
              134.2796241002,
              34.8952451489
            ],
            [
              134.2799707946,
              34.8955389179
            ],
            [
              134.2812726162,
              34.8958370414
            ],
            [
              134.2815672957,
              34.8957275797
            ],
            [
              134.2819095959,
              34.8954615053
            ],
            [
              134.2824229166,
              34.8952659292
            ],
            [
              134.2828601401,
              34.8951799779
            ],
            [
              134.2833067764,
              34.8952349553
            ],
            [
              134.2838388036,
              34.8955326623
            ],
            [
              134.2838997782,
              34.8968834331
            ],
            [
              134.2842133572,
              34.896961876
            ],
            [
              134.2862708588,
              34.8970684431
            ],
            [
              134.2875632429,
              34.8972882154
            ],
            [
              134.288798527,
              34.8976802184
            ],
            [
              134.2892545949,
              34.8978995694
            ],
            [
              134.2895489786,
              34.8983459864
            ],
            [
              134.2896818323,
              34.8987532531
            ],
            [
              134.2891684423,
              34.8990819526
            ],
            [
              134.2883889377,
              34.8994104758
            ],
            [
              134.2881036863,
              34.8996609461
            ],
            [
              134.2881035259,
              34.8999584346
            ],
            [
              134.2882554278,
              34.9002561239
            ],
            [
              134.288464438,
              34.9004127684
            ],
            [
              134.2893579119,
              34.9002565556
            ],
            [
              134.2898520908,
              34.9003193563
            ],
            [
              134.2902891929,
              34.90049179
            ],
            [
              134.2903841566,
              34.9006484578
            ],
            [
              134.2903650167,
              34.900914668
            ],
            [
              134.2904598805,
              34.9012435325
            ],
            [
              134.2909919991,
              34.901494315
            ],
            [
              134.2916382624,
              34.9015571643
            ],
            [
              134.2923983354,
              34.9021055814
            ],
            [
              134.2924742533,
              34.9023561913
            ],
            [
              134.2923219595,
              34.9028258897
            ],
            [
              134.2937286203,
              34.9028107545
            ],
            [
              134.2940137099,
              34.9029205091
            ],
            [
              134.294098981,
              34.9034920623
            ],
            [
              134.2949446188,
              34.9040796524
            ],
            [
              134.294944504,
              34.9043301658
            ],
            [
              134.294507179,
              34.9045649652
            ],
            [
              134.2945070774,
              34.9047842081
            ],
            [
              134.2948111015,
              34.9050661654
            ],
            [
              134.2951332706,
              34.9072429988
            ],
            [
              134.2948479165,
              34.9076814587
            ],
            [
              134.2930796573,
              34.9083385705
            ],
            [
              134.2931169182,
              34.9099359637
            ],
            [
              134.2928120255,
              34.9114235781
            ],
            [
              134.2919282166,
              34.9110238596
            ],
            [
              134.2912629065,
              34.9108826876
            ],
            [
              134.2901032411,
              34.9108978852
            ],
            [
              134.2894947683,
              34.9111482346
            ],
            [
              134.2886388933,
              34.9118526151
            ],
            [
              134.2881062704,
              34.9124162027
            ],
            [
              134.2879158662,
              34.9129642885
            ],
            [
              134.2877630152,
              34.9143266395
            ],
            [
              134.287420282,
              34.9152661898
            ],
            [
              134.2862314607,
              34.9162758274
            ],
            [
              134.2855658898,
              34.9165417817
            ],
            [
              134.2843680049,
              34.9167292722
            ],
            [
              134.2837404723,
              34.9169482729
            ],
            [
              134.2835121368,
              34.9172613163
            ],
            [
              134.2833406757,
              34.9178251154
            ],
            [
              134.2834163024,
              34.9185298049
            ],
            [
              134.283511244,
              34.9187335296
            ],
            [
              134.2846325452,
              34.9194699827
            ],
            [
              134.2850790865,
              34.9199321914
            ],
            [
              134.2850788848,
              34.9202767367
            ],
            [
              134.2849264968,
              34.9207464426
            ],
            [
              134.2846791052,
              34.9211221576
            ],
            [
              134.2840325586,
              34.9212941699
            ],
            [
              134.2817128303,
              34.9214498438
            ],
            [
              134.2780622149,
              34.9215265569
            ],
            [
              134.2770632396,
              34.9226614277
            ],
            [
              134.2769108337,
              34.9230999944
            ],
            [
              134.2770012422,
              34.9233917561
            ],
            [
              134.2758157084,
              34.9238979419
            ],
            [
              134.2749897349,
              34.9241012291
            ],
            [
              134.2749229424,
              34.9244536276
            ],
            [
              134.2753025637,
              34.9253777779
            ],
            [
              134.2754919725,
              34.9264270601
            ],
            [
              134.2757387646,
              34.9269910379
            ],
            [
              134.2757575846,
              34.9272729073
            ],
            [
              134.275548109,
              34.9277113021
            ],
            [
              134.2760412463,
              34.929496858
            ],
            [
              134.2760045881,
              34.9297143972
            ],
            [
              134.275903476,
              34.9297823831
            ],
            [
              134.2749386336,
              34.9298954501
            ],
            [
              134.2748469916,
              34.9300087263
            ],
            [
              134.274870643,
              34.9311484978
            ],
            [
              134.274749207,
              34.9313890958
            ],
            [
              134.2735911949,
              34.9317818712
            ],
            [
              134.273416527,
              34.9319103172
            ],
            [
              134.2730668966,
              34.9325530908
            ],
            [
              134.2728738393,
              34.9326815979
            ],
            [
              134.2720008155,
              34.9328475088
            ],
            [
              134.2713663949,
              34.9333918156
            ],
            [
              134.269137891,
              34.9340372643
            ],
            [
              134.2689444683,
              34.9347552573
            ],
            [
              134.2680498405,
              34.9358352999
            ],
            [
              134.2673077588,
              34.9363829755
            ],
            [
              134.2674415032,
              34.9356000183
            ],
            [
              134.2672895756,
              34.9353494198
            ],
            [
              134.2670234098,
              34.9352553215
            ],
            [
              134.2667761734,
              34.9352864566
            ],
            [
              134.2658058654,
              34.9358654077
            ],
            [
              134.2651401234,
              34.9360529386
            ],
            [
              134.2650637448,
              34.9364287043
            ],
            [
              134.2648733617,
              34.9366948171
            ],
            [
              134.2646069716,
              34.9368669347
            ],
            [
              134.2640558395,
              34.9364438352
            ],
            [
              134.2638470115,
              34.9360208606
            ],
            [
              134.2633715607,
              34.9360675619
            ],
            [
              134.2630291128,
              34.9362396324
            ],
            [
              134.2631998522,
              34.9367251978
            ],
            [
              134.2631615153,
              34.9370697124
            ],
            [
              134.2629521247,
              34.9373201058
            ],
            [
              134.2625526012,
              34.937507846
            ],
            [
              134.2620581906,
              34.9374762149
            ],
            [
              134.2613549092,
              34.9370842844
            ],
            [
              134.2604713834,
              34.9362145934
            ],
            [
              134.2598074186,
              34.9344133288
            ],
            [
              134.2595223506,
              34.9342094773
            ],
            [
              134.2586097772,
              34.9339896769
            ]
          ]
        ]
      }
    },
    {
      "type": "Feature",
      "properties": {
        "key_code": "332110900",
        "pref": "岡山県",
        "city": "備前市",
        "ward": "",
        "district": "吉永町都留岐",
        "name": "備前市  吉永町都留岐"
      },
      "geometry": {
        "type": "Polygon",
        "coordinates": [
          [
            [
              134.2011865506,
              34.9148754297
            ],
            [
              134.2002830258,
              34.9150464083
            ],
            [
              134.1995887229,
              34.914991612
            ],
            [
              134.1988362946,
              34.9144241722
            ],
            [
              134.198286273,
              34.9142724821
            ],
            [
              134.1975786292,
              34.9143688679
            ],
            [
              134.1968182973,
              34.9146378214
            ],
            [
              134.1962027393,
              34.9144967682
            ],
            [
              134.1958101154,
              34.914237362
            ],
            [
              134.1952479827,
              34.9134920918
            ],
            [
              134.1951308453,
              34.9130170626
            ],
            [
              134.1951316849,
              34.9125097698
            ],
            [
              134.195494018,
              34.9112745222
            ],
            [
              134.1949183456,
              34.910798975
            ],
            [
              134.1942645431,
              34.9100428232
            ],
            [
              134.1952315761,
              34.909533958
            ],
            [
              134.1953278682,
              34.9087381639
            ],
            [
              134.1955446132,
              34.9083876089
            ],
            [
              134.195898815,
              34.9080912982
            ],
            [
              134.1959908949,
              34.9078593429
            ],
            [
              134.1959792678,
              34.9069582069
            ],
            [
              134.196658128,
              34.906048482
            ],
            [
              134.1967667011,
              34.9055161705
            ],
            [
              134.1968036426,
              34.9048853211
            ],
            [
              134.1965840327,
              34.9037757674
            ],
            [
              134.1960475115,
              34.9025427368
            ],
            [
              134.1954976021,
              34.9021773643
            ],
            [
              134.1952946719,
              34.9018714734
            ],
            [
              134.195259469,
              34.901447451
            ],
            [
              134.1953317496,
              34.9011616624
            ],
            [
              134.1964754227,
              34.9006748808
            ],
            [
              134.1965179545,
              34.9002756677
            ],
            [
              134.1963391873,
              34.8998317639
            ],
            [
              134.1960644601,
              34.8995159328
            ],
            [
              134.1961724413,
              34.8993435039
            ],
            [
              134.1963582036,
              34.899176163
            ],
            [
              134.1973907069,
              34.8989627955
            ],
            [
              134.1977502908,
              34.8986131726
            ],
            [
              134.1986488058,
              34.8979881465
            ],
            [
              134.1989036449,
              34.8976507967
            ],
            [
              134.1990123538,
              34.8970198759
            ],
            [
              134.1993482781,
              34.8964828813
            ],
            [
              134.2001059934,
              34.8959586818
            ],
            [
              134.2000648702,
              34.8954804936
            ],
            [
              134.1998265397,
              34.894868904
            ],
            [
              134.1998929207,
              34.8945091563
            ],
            [
              134.1997168672,
              34.8942303425
            ],
            [
              134.1989993886,
              34.893919015
            ],
            [
              134.1988269923,
              34.893228616
            ],
            [
              134.1985016188,
              34.8927970105
            ],
            [
              134.1982877663,
              34.8918403416
            ],
            [
              134.1979776344,
              34.8912385243
            ],
            [
              134.1975712203,
              34.8909866296
            ],
            [
              134.197283591,
              34.8909857385
            ],
            [
              134.1980418134,
              34.890652205
            ],
            [
              134.1993621909,
              34.8911219819
            ],
            [
              134.2002991512,
              34.8911990262
            ],
            [
              134.2010366737,
              34.8911112483
            ],
            [
              134.202372848,
              34.8913278872
            ],
            [
              134.2028338004,
              34.8912651489
            ],
            [
              134.2052942155,
              34.8896475402
            ],
            [
              134.2055400974,
              34.8895845603
            ],
            [
              134.2061545199,
              34.8896231807
            ],
            [
              134.2066619892,
              34.8892693263
            ],
            [
              134.2071996691,
              34.889257152
            ],
            [
              134.207906147,
              34.889371854
            ],
            [
              134.2090192582,
              34.8897844686
            ],
            [
              134.2095109247,
              34.8897215975
            ],
            [
              134.2098951962,
              34.8895701534
            ],
            [
              134.2103258082,
              34.8892415574
            ],
            [
              134.2104183124,
              34.8890137468
            ],
            [
              134.2103883542,
              34.8884947283
            ],
            [
              134.2105732382,
              34.8881151686
            ],
            [
              134.2113427766,
              34.8871159445
            ],
            [
              134.2118501207,
              34.8868253814
            ],
            [
              134.2130183115,
              34.8863202567
            ],
            [
              134.2138942981,
              34.8860426625
            ],
            [
              134.2142782184,
              34.8861316466
            ],
            [
              134.2153220974,
              34.8866137129
            ],
            [
              134.215675408,
              34.8866140626
            ],
            [
              134.2172198584,
              34.8861661724
            ],
            [
              134.2174813824,
              34.88588795
            ],
            [
              134.2178512521,
              34.8850149882
            ],
            [
              134.2182819483,
              34.8845850126
            ],
            [
              134.2194345711,
              34.8841810085
            ],
            [
              134.2204176301,
              34.8842199732
            ],
            [
              134.2207406869,
              34.8838530589
            ],
            [
              134.2209255351,
              34.8834735475
            ],
            [
              134.2211254475,
              34.883309212
            ],
            [
              134.2221167026,
              34.8829367207
            ],
            [
              134.2227014843,
              34.882127111
            ],
            [
              134.2228249569,
              34.8816842232
            ],
            [
              134.2228879402,
              34.8805069794
            ],
            [
              134.2237037724,
              34.8791786548
            ],
            [
              134.2240113314,
              34.878900459
            ],
            [
              134.2250718036,
              34.8784203937
            ],
            [
              134.2258868901,
              34.877636323
            ],
            [
              134.2262402802,
              34.8775481093
            ],
            [
              134.2268546385,
              34.8775739448
            ],
            [
              134.2314540734,
              34.8782678458
            ],
            [
              134.2319758714,
              34.878635369
            ],
            [
              134.2323593467,
              34.8790786943
            ],
            [
              134.2325277488,
              34.8795472617
            ],
            [
              134.2326027557,
              34.881053592
            ],
            [
              134.2326793279,
              34.8812561399
            ],
            [
              134.2329710787,
              34.8813323791
            ],
            [
              134.233954314,
              34.8812066427
            ],
            [
              134.2358665982,
              34.8813031336
            ],
            [
              134.2370642102,
              34.8817724309
            ],
            [
              134.2388297309,
              34.8826472655
            ],
            [
              134.2400745535,
              34.8821292233
            ],
            [
              134.2403205613,
              34.8819141779
            ],
            [
              134.2407046719,
              34.8818258682
            ],
            [
              134.2414188817,
              34.8818959892
            ],
            [
              134.2424014291,
              34.8824031071
            ],
            [
              134.2426929437,
              34.882732369
            ],
            [
              134.2437221583,
              34.8827079114
            ],
            [
              134.2441979938,
              34.8830499815
            ],
            [
              134.2450277011,
              34.8828480261
            ],
            [
              134.2459489261,
              34.8832664031
            ],
            [
              134.2464711612,
              34.8833173426
            ],
            [
              134.2467787134,
              34.8829885122
            ],
            [
              134.2474089468,
              34.8825712337
            ],
            [
              134.2475937498,
              34.8821030025
            ],
            [
              134.2489917035,
              34.882002671
            ],
            [
              134.2493451194,
              34.8818890232
            ],
            [
              134.2500279946,
              34.8825920127
            ],
            [
              134.2501966421,
              34.8829338488
            ],
            [
              134.2501964067,
              34.8831744359
            ],
            [
              134.25091805,
              34.8835166335
            ],
            [
              134.2519321713,
              34.8832261372
            ],
            [
              134.2533605154,
              34.8834928516
            ],
            [
              134.2553654345,
              34.8831966134
            ],
            [
              134.2565943299,
              34.8832101142
            ],
            [
              134.2579613092,
              34.8834007431
            ],
            [
              134.2582834428,
              34.883919925
            ],
            [
              134.2586052811,
              34.8847808971
            ],
            [
              134.2588431382,
              34.8850657804
            ],
            [
              134.2599956733,
              34.8845855649
            ],
            [
              134.2602107544,
              34.884560336
            ],
            [
              134.2615623694,
              34.8847888835
            ],
            [
              134.2620846693,
              34.8847765736
            ],
            [
              134.2627838438,
              34.8845203261
            ],
            [
              134.2632160311,
              34.884846019
            ],
            [
              134.2638647409,
              34.8850814011
            ],
            [
              134.2643661223,
              34.885122173
            ],
            [
              134.2653987483,
              34.8847419271
            ],
            [
              134.265851042,
              34.8847016738
            ],
            [
              134.2662247604,
              34.8845479155
            ],
            [
              134.26690352,
              34.884070275
            ],
            [
              134.2670957063,
              34.8834587721
            ],
            [
              134.267223578,
              34.8833697459
            ],
            [
              134.2674890521,
              34.8833536869
            ],
            [
              134.2679410628,
              34.8836536677
            ],
            [
              134.2686389024,
              34.8839294755
            ],
            [
              134.2701434139,
              34.8835332298
            ],
            [
              134.2699761638,
              34.8836951321
            ],
            [
              134.270074241,
              34.8840273951
            ],
            [
              134.2696117701,
              34.8845374907
            ],
            [
              134.2695329763,
              34.884731905
            ],
            [
              134.2696704724,
              34.8849264287
            ],
            [
              134.2692913828,
              34.8856837707
            ],
            [
              134.2688978917,
              34.8859914145
            ],
            [
              134.2687502333,
              34.8862343887
            ],
            [
              134.2686909538,
              34.8866150269
            ],
            [
              134.2687591252,
              34.8874577454
            ],
            [
              134.2686605734,
              34.8877735683
            ],
            [
              134.2689750797,
              34.887919588
            ],
            [
              134.2690731977,
              34.8881869871
            ],
            [
              134.2682218524,
              34.8879969543
            ],
            [
              134.2676531788,
              34.8880980062
            ],
            [
              134.266961412,
              34.8883889374
            ],
            [
              134.2664232831,
              34.8887178372
            ],
            [
              134.2657469723,
              34.8888947455
            ],
            [
              134.2640870998,
              34.8890963949
            ],
            [
              134.2624731578,
              34.8895134201
            ],
            [
              134.2619811511,
              34.8897916876
            ],
            [
              134.2616122487,
              34.8898800776
            ],
            [
              134.2607126856,
              34.8905191253
            ],
            [
              134.260174563,
              34.8907973587
            ],
            [
              134.2593445303,
              34.8909868229
            ],
            [
              134.2588216865,
              34.8913663417
            ],
            [
              134.2585142311,
              34.8914674386
            ],
            [
              134.2540259196,
              34.8923638181
            ],
            [
              134.2519532217,
              34.8925593564
            ],
            [
              134.2517889447,
              34.8933424221
            ],
            [
              134.2512733281,
              34.8940968081
            ],
            [
              134.2505341017,
              34.8956664642
            ],
            [
              134.24918251,
              34.8948045188
            ],
            [
              134.2485063391,
              34.8947534299
            ],
            [
              134.2467854015,
              34.8944103911
            ],
            [
              134.2462551953,
              34.8944036043
            ],
            [
              134.2456403289,
              34.8945171892
            ],
            [
              134.244041282,
              34.8951871427
            ],
            [
              134.2439785701,
              34.8963393664
            ],
            [
              134.2438246536,
              34.896554481
            ],
            [
              134.2425025808,
              34.8968700063
            ],
            [
              134.2399498818,
              34.8981597232
            ],
            [
              134.2385895373,
              34.8983169249
            ],
            [
              134.2381897895,
              34.8984432428
            ],
            [
              134.2370357719,
              34.8995946045
            ],
            [
              134.2350378248,
              34.8995170178
            ],
            [
              134.2342834031,
              34.9006560623
            ],
            [
              134.2342216372,
              34.9008965924
            ],
            [
              134.2347049043,
              34.9016503546
            ],
            [
              134.2343197046,
              34.9024604493
            ],
            [
              134.2346568755,
              34.9032838149
            ],
            [
              134.2348398835,
              34.9044994833
            ],
            [
              134.2348081792,
              34.9053225498
            ],
            [
              134.2345617969,
              34.9057022376
            ],
            [
              134.2335698864,
              34.906138214
            ],
            [
              134.2326011773,
              34.9064413036
            ],
            [
              134.2317864059,
              34.9065545721
            ],
            [
              134.2311254741,
              34.9065540126
            ],
            [
              134.2302803129,
              34.9063760947
            ],
            [
              134.2297106547,
              34.9071352413
            ],
            [
              134.229372372,
              34.9072489026
            ],
            [
              134.2290342557,
              34.9072106489
            ],
            [
              134.2286658652,
              34.9068051573
            ],
            [
              134.2285122098,
              34.9067670633
            ],
            [
              134.2276510783,
              34.9070702064
            ],
            [
              134.2272969889,
              34.9075130278
            ],
            [
              134.2271581388,
              34.9079181472
            ],
            [
              134.2270315232,
              34.9088460634
            ],
            [
              134.2260487926,
              34.9089747783
            ],
            [
              134.2249616275,
              34.9088226661
            ],
            [
              134.2245950205,
              34.9086496459
            ],
            [
              134.2243597276,
              34.9082501783
            ],
            [
              134.2242034713,
              34.9075161081
            ],
            [
              134.22109435,
              34.9058135312
            ],
            [
              134.2209494191,
              34.9064392865
            ],
            [
              134.2209356676,
              34.9069248734
            ],
            [
              134.2207648968,
              34.9072700899
            ],
            [
              134.2202011611,
              34.907582536
            ],
            [
              134.2181045173,
              34.907979921
            ],
            [
              134.2173050513,
              34.9082164871
            ],
            [
              134.2166233366,
              34.9085611992
            ],
            [
              134.2163215018,
              34.9089386777
            ],
            [
              134.215933096,
              34.9103143151
            ],
            [
              134.215683559,
              34.9107564975
            ],
            [
              134.21547366,
              34.9109613761
            ],
            [
              134.2151330515,
              34.9109502626
            ],
            [
              134.2136010348,
              34.9103767186
            ],
            [
              134.2130640185,
              34.9102898336
            ],
            [
              134.2119111675,
              34.9102671144
            ],
            [
              134.211118258,
              34.910465897
            ],
            [
              134.2104631141,
              34.9105300176
            ],
            [
              134.2092450184,
              34.9103345153
            ],
            [
              134.2080002565,
              34.9104411083
            ],
            [
              134.2065465382,
              34.9101265883
            ],
            [
              134.2061403832,
              34.9101369309
            ],
            [
              134.20569478,
              34.9102551962
            ],
            [
              134.2054586095,
              34.9104815797
            ],
            [
              134.2053005738,
              34.9110210284
            ],
            [
              134.2051686351,
              34.9116359338
            ],
            [
              134.2052133489,
              34.9123753368
            ],
            [
              134.204373728,
              34.9131191383
            ],
            [
              134.2042946636,
              34.9134104138
            ],
            [
              134.2034811355,
              34.9142081134
            ],
            [
              134.2026290772,
              34.9144985418
            ],
            [
              134.2022749499,
              34.9147464117
            ],
            [
              134.201776871,
              34.9148861549
            ],
            [
              134.2011865506,
              34.9148754297
            ]
          ]
        ]
      }
    },
    {
      "type": "Feature",
      "properties": {
        "key_code": "332110910",
        "pref": "岡山県",
        "city": "備前市",
        "ward": "",
        "district": "吉永町笹目",
        "name": "備前市  吉永町笹目"
      },
      "geometry": {
        "type": "Polygon",
        "coordinates": [
          [
            [
              134.2137081695,
              34.8861017062
            ],
            [
              134.2130183115,
              34.8863202567
            ],
            [
              134.2113427766,
              34.8871159445
            ],
            [
              134.2105732382,
              34.8881151686
            ],
            [
              134.2103883542,
              34.8884947283
            ],
            [
              134.2104183124,
              34.8890137468
            ],
            [
              134.2103258082,
              34.8892415574
            ],
            [
              134.2098951962,
              34.8895701534
            ],
            [
              134.2095109247,
              34.8897215975
            ],
            [
              134.2090192582,
              34.8897844686
            ],
            [
              134.207906147,
              34.889371854
            ],
            [
              134.2071996691,
              34.889257152
            ],
            [
              134.2066619892,
              34.8892693263
            ],
            [
              134.2061545199,
              34.8896231807
            ],
            [
              134.2055400974,
              34.8895845603
            ],
            [
              134.2052942155,
              34.8896475402
            ],
            [
              134.2028338004,
              34.8912651489
            ],
            [
              134.202372848,
              34.8913278872
            ],
            [
              134.2010366737,
              34.8911112483
            ],
            [
              134.2002991512,
              34.8911990262
            ],
            [
              134.1993621909,
              34.8911219819
            ],
            [
              134.1980418134,
              34.890652205
            ],
            [
              134.197283591,
              34.8909857385
            ],
            [
              134.1965770335,
              34.8908308527
            ],
            [
              134.1958847042,
              34.8904589162
            ],
            [
              134.195379696,
              34.8899443581
            ],
            [
              134.1952905905,
              34.8893562459
            ],
            [
              134.195527656,
              34.8884715014
            ],
            [
              134.19614657,
              34.8871189706
            ],
            [
              134.1961191849,
              34.886924837
            ],
            [
              134.1957592961,
              34.8866617351
            ],
            [
              134.1953175188,
              34.8856334931
            ],
            [
              134.194334122,
              34.8853241251
            ],
            [
              134.1941410497,
              34.8847529513
            ],
            [
              134.1941139821,
              34.8843646545
            ],
            [
              134.1942116528,
              34.8839650901
            ],
            [
              134.194531441,
              34.8833260421
            ],
            [
              134.1947546485,
              34.8824355295
            ],
            [
              134.1947701576,
              34.8814306891
            ],
            [
              134.1946739803,
              34.8809395609
            ],
            [
              134.1943892835,
              34.8813103902
            ],
            [
              134.1937510219,
              34.8818120219
            ],
            [
              134.1933215302,
              34.8817544852
            ],
            [
              134.1930309369,
              34.8815143462
            ],
            [
              134.1928813736,
              34.8798126445
            ],
            [
              134.1927025826,
              34.8790017464
            ],
            [
              134.1920245897,
              34.8784185262
            ],
            [
              134.191110707,
              34.8780291941
            ],
            [
              134.190862036,
              34.8775949958
            ],
            [
              134.1907253179,
              34.8765214427
            ],
            [
              134.1902692639,
              34.8758243736
            ],
            [
              134.1891901994,
              34.8748295679
            ],
            [
              134.1882483898,
              34.8746001161
            ],
            [
              134.1877356576,
              34.87463373
            ],
            [
              134.1869732381,
              34.8748269135
            ],
            [
              134.1863490862,
              34.875180132
            ],
            [
              134.1860850628,
              34.8756023828
            ],
            [
              134.1856522139,
              34.8767048382
            ],
            [
              134.1849357109,
              34.8775876325
            ],
            [
              134.184703588,
              34.8777307428
            ],
            [
              134.1837978939,
              34.8763681206
            ],
            [
              134.1836463546,
              34.8746959594
            ],
            [
              134.1837586708,
              34.8740232911
            ],
            [
              134.1844082135,
              34.8727661551
            ],
            [
              134.1844088317,
              34.8724237316
            ],
            [
              134.1837245417,
              34.8715392303
            ],
            [
              134.1838762623,
              34.8704446004
            ],
            [
              134.1837705546,
              34.8701339512
            ],
            [
              134.183394328,
              34.8698469165
            ],
            [
              134.1832983384,
              34.8695123274
            ],
            [
              134.1826912106,
              34.8687153722
            ],
            [
              134.182981794,
              34.8682937845
            ],
            [
              134.1830547518,
              34.8680191271
            ],
            [
              134.1826406617,
              34.8673179814
            ],
            [
              134.1826420581,
              34.866561637
            ],
            [
              134.182256468,
              34.8661311852
            ],
            [
              134.181826948,
              34.8659435207
            ],
            [
              134.1815862769,
              34.8655053588
            ],
            [
              134.1809399125,
              34.8650586613
            ],
            [
              134.1806130129,
              34.8642381648
            ],
            [
              134.1804593582,
              34.8637602451
            ],
            [
              134.1804002629,
              34.8617896086
            ],
            [
              134.1802815484,
              34.8607105332
            ],
            [
              134.1800038359,
              34.8594282744
            ],
            [
              134.180120012,
              34.8592930528
            ],
            [
              134.180419454,
              34.8592854703
            ],
            [
              134.1813848947,
              34.859525579
            ],
            [
              134.1826120197,
              34.8592961598
            ],
            [
              134.1833747574,
              34.8594722624
            ],
            [
              134.1836157052,
              34.8597592119
            ],
            [
              134.1840886994,
              34.8599270659
            ],
            [
              134.1845998177,
              34.8603655604
            ],
            [
              134.1858644088,
              34.8607731457
            ],
            [
              134.1862991528,
              34.8607259942
            ],
            [
              134.1892817559,
              34.8618601498
            ],
            [
              134.1893894241,
              34.8610640597
            ],
            [
              134.1893035248,
              34.860482758
            ],
            [
              134.1896621305,
              34.859790424
            ],
            [
              134.1902334377,
              34.8589869886
            ],
            [
              134.191025555,
              34.8589321432
            ],
            [
              134.1916732908,
              34.8585905376
            ],
            [
              134.1929199689,
              34.8581858856
            ],
            [
              134.1936354138,
              34.8577885665
            ],
            [
              134.1942152022,
              34.8576300598
            ],
            [
              134.1948525925,
              34.857678545
            ],
            [
              134.1952285377,
              34.8581089602
            ],
            [
              134.1958750697,
              34.858460025
            ],
            [
              134.1961841133,
              34.8584842525
            ],
            [
              134.1967452038,
              34.8579593983
            ],
            [
              134.1979047656,
              34.8576502439
            ],
            [
              134.1984556952,
              34.8574119573
            ],
            [
              134.1994614147,
              34.8566645943
            ],
            [
              134.1997900065,
              34.8565455046
            ],
            [
              134.2009921491,
              34.8567419266
            ],
            [
              134.2024216153,
              34.8567274977
            ],
            [
              134.2031162195,
              34.8572140292
            ],
            [
              134.2038429422,
              34.8573284931
            ],
            [
              134.204233033,
              34.8577618689
            ],
            [
              134.2041524716,
              34.8580480256
            ],
            [
              134.2035905289,
              34.8587847899
            ],
            [
              134.2030021961,
              34.8593344478
            ],
            [
              134.2028078748,
              34.8597799382
            ],
            [
              134.203020818,
              34.8601984754
            ],
            [
              134.2029401313,
              34.8605505542
            ],
            [
              134.2034723401,
              34.8616738398
            ],
            [
              134.2035120404,
              34.8619049606
            ],
            [
              134.2031106895,
              34.8624217487
            ],
            [
              134.2031900432,
              34.8629061032
            ],
            [
              134.2030694674,
              34.8631701493
            ],
            [
              134.2027753156,
              34.8634339344
            ],
            [
              134.2026815069,
              34.8636539207
            ],
            [
              134.2028138974,
              34.8643694818
            ],
            [
              134.2032728314,
              34.8654650096
            ],
            [
              134.2045788226,
              34.8670842373
            ],
            [
              134.2053121102,
              34.8678003641
            ],
            [
              134.2060330052,
              34.8678891665
            ],
            [
              134.2067676627,
              34.8677138733
            ],
            [
              134.2074684091,
              34.8678851877
            ],
            [
              134.2080292464,
              34.8678638015
            ],
            [
              134.2083227932,
              34.8680071468
            ],
            [
              134.2088692644,
              34.8686680452
            ],
            [
              134.2093899897,
              34.868690557
            ],
            [
              134.209401324,
              34.870066233
            ],
            [
              134.2087998763,
              34.8704508541
            ],
            [
              134.2086457587,
              34.870830373
            ],
            [
              134.2087250508,
              34.8713916971
            ],
            [
              134.209939654,
              34.8717561448
            ],
            [
              134.2100194574,
              34.8719763135
            ],
            [
              134.2098449473,
              34.8726034422
            ],
            [
              134.2097770357,
              34.8733737871
            ],
            [
              134.2099365798,
              34.8738581433
            ],
            [
              134.2104162561,
              34.8745960817
            ],
            [
              134.2115827608,
              34.8759563813
            ],
            [
              134.2123429161,
              34.8766834714
            ],
            [
              134.2123016496,
              34.8775308983
            ],
            [
              134.2125371396,
              34.878341768
            ],
            [
              134.2118367537,
              34.8785458707
            ],
            [
              134.2117235148,
              34.8787690859
            ],
            [
              134.2118133922,
              34.8790854704
            ],
            [
              134.213008131,
              34.8806314497
            ],
            [
              134.2136616194,
              34.8816557122
            ],
            [
              134.2138415112,
              34.8822142499
            ],
            [
              134.213615103,
              34.8826048321
            ],
            [
              134.2130045179,
              34.8831625784
            ],
            [
              134.2116267617,
              34.8832169657
            ],
            [
              134.2116941933,
              34.8834404336
            ],
            [
              134.2123706721,
              34.8841855477
            ],
            [
              134.2130026049,
              34.8845025499
            ],
            [
              134.213679897,
              34.8846893734
            ],
            [
              134.2138603649,
              34.8848383696
            ],
            [
              134.2139277079,
              34.8851363504
            ],
            [
              134.2137462513,
              34.8856758634
            ],
            [
              134.2137081695,
              34.8861017062
            ]
          ]
        ]
      }
    }
  ]
}
