{
  "type": "FeatureCollection",
  "features": [
    {
      "type": "Feature",
      "properties": {
        "key_code": "33423001008",
        "pref": "岡山県",
        "city": "都窪郡",
        "ward": "早島町",
        "district": "早島宮崎",
        "name": "都窪郡 早島町 早島宮崎"
      },
      "geometry": {
        "type": "Polygon",
        "coordinates": [
          [
            [
              133.8175198782,
              34.5992007171
            ],
            [
              133.8167424634,
              34.5997219972
            ],
            [
              133.8160043418,
              34.5999245202
            ],
            [
              133.8159987269,
              34.6000733906
            ],
            [
              133.8155070298,
              34.6004486741
            ],
            [
              133.8151745343,
              34.6009504266
            ],
            [
              133.814904161,
              34.600936173
            ],
            [
              133.8145208426,
              34.6013585399
            ],
            [
              133.8132868916,
              34.60037045
            ],
            [
              133.8141719251,
              34.5990546114
            ],
            [
              133.8149650146,
              34.5988941704
            ],
            [
              133.8151330264,
              34.5989261594
            ],
            [
              133.8160489951,
              34.5986395969
            ],
            [
              133.8169155035,
              34.5985873585
            ],
            [
              133.8175198782,
              34.5992007171
            ]
          ]
        ]
      }
    },
    {
      "type": "Feature",
      "properties": {
        "key_code": "33423001009",
        "pref": "岡山県",
        "city": "都窪郡",
        "ward": "早島町",
        "district": "早島弁才天",
        "name": "都窪郡 早島町 早島弁才天"
      },
      "geometry": {
        "type": "Polygon",
        "coordinates": [
          [
            [
              133.8210667011,
              34.598197683
            ],
            [
              133.8216526298,
              34.6004594973
            ],
            [
              133.8211696195,
              34.6001105097
            ],
            [
              133.8202612265,
              34.6003158634
            ],
            [
              133.8200818061,
              34.6002690424
            ],
            [
              133.8198912124,
              34.6000196096
            ],
            [
              133.8195267054,
              34.5998309994
            ],
            [
              133.8192702022,
              34.5998873876
            ],
            [
              133.8194110308,
              34.5997303546
            ],
            [
              133.8199368923,
              34.5995635388
            ],
            [
              133.8203447637,
              34.5991137872
            ],
            [
              133.820443231,
              34.598701466
            ],
            [
              133.8202203147,
              34.5982536993
            ],
            [
              133.8199260243,
              34.597922831
            ],
            [
              133.8201714326,
              34.5971647425
            ],
            [
              133.8211895937,
              34.596931536
            ],
            [
              133.821232072,
              34.5971269554
            ],
            [
              133.8208847946,
              34.5977634726
            ],
            [
              133.8210667011,
              34.598197683
            ]
          ]
        ]
      }
    },
    {
      "type": "Feature",
      "properties": {
        "key_code": "33423001010",
        "pref": "岡山県",
        "city": "都窪郡",
        "ward": "早島町",
        "district": "早島長津",
        "name": "都窪郡 早島町 早島長津"
      },
      "geometry": {
        "type": "Polygon",
        "coordinates": [
          [
            [
              133.8239302758,
              34.6022077216
            ],
            [
              133.8250590461,
              34.6026083833
            ],
            [
              133.8249602601,
              34.6028175808
            ],
            [
              133.8246864008,
              34.6028833544
            ],
            [
              133.8243530654,
              34.6030965081
            ],
            [
              133.8233258271,
              34.6049892065
            ],
            [
              133.8233861464,
              34.6051731394
            ],
            [
              133.8226419223,
              34.6058989897
            ],
            [
              133.8225894664,
              34.6059807511
            ],
            [
              133.8226690477,
              34.6061063074
            ],
            [
              133.8226353427,
              34.6062077276
            ],
            [
              133.8221707888,
              34.606817398
            ],
            [
              133.8217054958,
              34.607612006
            ],
            [
              133.8170375934,
              34.6035405506
            ],
            [
              133.8173180498,
              34.6033267876
            ],
            [
              133.8174550614,
              34.6034020265
            ],
            [
              133.8175927773,
              34.603354578
            ],
            [
              133.8178569303,
              34.6028345013
            ],
            [
              133.8177550209,
              34.6024727486
            ],
            [
              133.8180847509,
              34.6022841207
            ],
            [
              133.8182360534,
              34.6019571101
            ],
            [
              133.8185171352,
              34.6016475522
            ],
            [
              133.8188986646,
              34.6014218122
            ],
            [
              133.8188430419,
              34.6010398308
            ],
            [
              133.8184786756,
              34.6002408484
            ],
            [
              133.8195267054,
              34.5998309994
            ],
            [
              133.8198912124,
              34.6000196096
            ],
            [
              133.8199923257,
              34.6002018936
            ],
            [
              133.8201807377,
              34.6003027045
            ],
            [
              133.8210405866,
              34.6001513807
            ],
            [
              133.8218264662,
              34.6020222892
            ],
            [
              133.8229709941,
              34.6020072203
            ],
            [
              133.8239302758,
              34.6022077216
            ]
          ]
        ]
      }
    },
    {
      "type": "Feature",
      "properties": {
        "key_code": "33423001011",
        "pref": "岡山県",
        "city": "都窪郡",
        "ward": "早島町",
        "district": "前潟片田",
        "name": "都窪郡 早島町 前潟片田"
      },
      "geometry": {
        "type": "Polygon",
        "coordinates": [
          [
            [
              133.8221373286,
              34.6008041232
            ],
            [
              133.8224778621,
              34.6004546546
            ],
            [
              133.8238645172,
              34.6015659464
            ],
            [
              133.8252749026,
              34.6021599186
            ],
            [
              133.8250199133,
              34.6025927253
            ],
            [
              133.8239302758,
              34.6022077216
            ],
            [
              133.8231535939,
              34.6020344638
            ],
            [
              133.8218264662,
              34.6020222892
            ],
            [
              133.8210405866,
              34.6001513807
            ],
            [
              133.8211696195,
              34.6001105097
            ],
            [
              133.8221373286,
              34.6008041232
            ]
          ]
        ]
      }
    },
    {
      "type": "Feature",
      "properties": {
        "key_code": "33423001012",
        "pref": "岡山県",
        "city": "都窪郡",
        "ward": "早島町",
        "district": "早島頓行",
        "name": "都窪郡 早島町 早島頓行"
      },
      "geometry": {
        "type": "Polygon",
        "coordinates": [
          [
            [
              133.821765812,
              34.6076671946
            ],
            [
              133.8217054958,
              34.607612006
            ],
            [
              133.8218891282,
              34.6072813345
            ],
            [
              133.8226353427,
              34.6062077276
            ],
            [
              133.8226690477,
              34.6061063074
            ],
            [
              133.8225894664,
              34.6059807511
            ],
            [
              133.8226419223,
              34.6058989897
            ],
            [
              133.8233861464,
              34.6051731394
            ],
            [
              133.8233258271,
              34.6049892065
            ],
            [
              133.8235742569,
              34.6045524471
            ],
            [
              133.8242440057,
              34.604817092
            ],
            [
              133.8239514854,
              34.6053473415
            ],
            [
              133.8234935388,
              34.6057968927
            ],
            [
              133.8231762827,
              34.6065018448
            ],
            [
              133.8229173047,
              34.6068713677
            ],
            [
              133.8225462614,
              34.6072684547
            ],
            [
              133.8220463386,
              34.6075913241
            ],
            [
              133.821765812,
              34.6076671946
            ]
          ]
        ]
      }
    },
    {
      "type": "Feature",
      "properties": {
        "key_code": "33423001013",
        "pref": "岡山県",
        "city": "都窪郡",
        "ward": "早島町",
        "district": "早島小浜",
        "name": "都窪郡 早島町 早島小浜"
      },
      "geometry": {
        "type": "Polygon",
        "coordinates": [
          [
            [
              133.8266754881,
              34.6027665087
            ],
            [
              133.8262255637,
              34.6036744804
            ],
            [
              133.8254137233,
              34.6033310806
            ],
            [
              133.8257152619,
              34.6028757891
            ],
            [
              133.8250199133,
              34.6025927253
            ],
            [
              133.8252749026,
              34.6021599186
            ],
            [
              133.8256966563,
              34.6023412705
            ],
            [
              133.8257808524,
              34.6024607908
            ],
            [
              133.8266754881,
              34.6027665087
            ]
          ]
        ]
      }
    },
    {
      "type": "Feature",
      "properties": {
        "key_code": "33423001014",
        "pref": "岡山県",
        "city": "都窪郡",
        "ward": "早島町",
        "district": "早島塩地",
        "name": "都窪郡 早島町 早島塩地"
      },
      "geometry": {
        "type": "Polygon",
        "coordinates": [
          [
            [
              133.8265949188,
              34.6054328224
            ],
            [
              133.8268998974,
              34.6055400111
            ],
            [
              133.8265056242,
              34.6059634978
            ],
            [
              133.8260155324,
              34.6060264049
            ],
            [
              133.8254933169,
              34.6064041407
            ],
            [
              133.8255311736,
              34.6071540981
            ],
            [
              133.8254524588,
              34.6076810124
            ],
            [
              133.8255546706,
              34.6077763759
            ],
            [
              133.8255890961,
              34.6080814813
            ],
            [
              133.8255557155,
              34.6086061891
            ],
            [
              133.8247688749,
              34.6087578684
            ],
            [
              133.8245897383,
              34.6088895325
            ],
            [
              133.8246731483,
              34.6090948311
            ],
            [
              133.8253900925,
              34.6095126427
            ],
            [
              133.8255756572,
              34.6098233057
            ],
            [
              133.8263568256,
              34.6096166624
            ],
            [
              133.8265207352,
              34.6095023993
            ],
            [
              133.8267564211,
              34.6095233779
            ],
            [
              133.8266872907,
              34.6099579283
            ],
            [
              133.8267885806,
              34.6102082338
            ],
            [
              133.8260159222,
              34.6105516896
            ],
            [
              133.824694792,
              34.6098483825
            ],
            [
              133.8228316352,
              34.6085566833
            ],
            [
              133.8231168289,
              34.6080424653
            ],
            [
              133.823571465,
              34.6079192757
            ],
            [
              133.8245054122,
              34.6073146452
            ],
            [
              133.824463504,
              34.6072496753
            ],
            [
              133.8248297508,
              34.6066638099
            ],
            [
              133.825017595,
              34.6060872029
            ],
            [
              133.8249065791,
              34.6059468679
            ],
            [
              133.8250340907,
              34.6058573872
            ],
            [
              133.8249515045,
              34.6055147541
            ],
            [
              133.8256770302,
              34.6050003824
            ],
            [
              133.8255987583,
              34.6049475172
            ],
            [
              133.8256901975,
              34.6045717991
            ],
            [
              133.825996448,
              34.604415726
            ],
            [
              133.8264643973,
              34.6037515334
            ],
            [
              133.8269597529,
              34.6038185183
            ],
            [
              133.8272611734,
              34.6039647101
            ],
            [
              133.8275715035,
              34.6036311649
            ],
            [
              133.8281449904,
              34.6040247021
            ],
            [
              133.828503873,
              34.6043780515
            ],
            [
              133.8281565516,
              34.6046219998
            ],
            [
              133.8278374378,
              34.6041496448
            ],
            [
              133.8268558475,
              34.6050203349
            ],
            [
              133.8265949188,
              34.6054328224
            ]
          ]
        ]
      }
    },
    {
      "type": "Feature",
      "properties": {
        "key_code": "33423001015",
        "pref": "岡山県",
        "city": "都窪郡",
        "ward": "早島町",
        "district": "早島花町",
        "name": "都窪郡 早島町 早島花町"
      },
      "geometry": {
        "type": "Polygon",
        "coordinates": [
          [
            [
              133.8269597529,
              34.6038185183
            ],
            [
              133.8262255637,
              34.6036744804
            ],
            [
              133.826452158,
              34.6031847987
            ],
            [
              133.8275715035,
              34.6036311649
            ],
            [
              133.8272611734,
              34.6039647101
            ],
            [
              133.8269597529,
              34.6038185183
            ]
          ]
        ]
      }
    },
    {
      "type": "Feature",
      "properties": {
        "key_code": "33423001016",
        "pref": "岡山県",
        "city": "都窪郡",
        "ward": "早島町",
        "district": "早島市場",
        "name": "都窪郡 早島町 早島市場"
      },
      "geometry": {
        "type": "Polygon",
        "coordinates": [
          [
            [
              133.83021188,
              34.6057586149
            ],
            [
              133.8311640813,
              34.6060825597
            ],
            [
              133.830975282,
              34.6065228218
            ],
            [
              133.8313650232,
              34.6064806122
            ],
            [
              133.8317092746,
              34.606653028
            ],
            [
              133.8314373922,
              34.6067744636
            ],
            [
              133.8312974099,
              34.6070206785
            ],
            [
              133.8312781795,
              34.6076333452
            ],
            [
              133.8313836047,
              34.6079126827
            ],
            [
              133.8311169212,
              34.6083416385
            ],
            [
              133.8310219678,
              34.6087012899
            ],
            [
              133.8305572032,
              34.6085440115
            ],
            [
              133.8300866849,
              34.6082086595
            ],
            [
              133.8300140438,
              34.608254282
            ],
            [
              133.8300607498,
              34.608422521
            ],
            [
              133.8293733252,
              34.6086754958
            ],
            [
              133.8289077321,
              34.6091010905
            ],
            [
              133.8286046374,
              34.6091195613
            ],
            [
              133.8284237611,
              34.6089720378
            ],
            [
              133.8284810406,
              34.6088023965
            ],
            [
              133.828363009,
              34.6086593584
            ],
            [
              133.8282575597,
              34.6087349881
            ],
            [
              133.8278659687,
              34.6087363292
            ],
            [
              133.8277487178,
              34.6084910286
            ],
            [
              133.8273712322,
              34.6083843871
            ],
            [
              133.8268682437,
              34.6083662482
            ],
            [
              133.8264822749,
              34.6086673604
            ],
            [
              133.8255557155,
              34.6086061891
            ],
            [
              133.8255890961,
              34.6080814813
            ],
            [
              133.8255546706,
              34.6077763759
            ],
            [
              133.8254524588,
              34.6076810124
            ],
            [
              133.8255311736,
              34.6071540981
            ],
            [
              133.8254933169,
              34.6064041407
            ],
            [
              133.8260155324,
              34.6060264049
            ],
            [
              133.8265056242,
              34.6059634978
            ],
            [
              133.8268998974,
              34.6055400111
            ],
            [
              133.8265949188,
              34.6054328224
            ],
            [
              133.8268117429,
              34.6050662141
            ],
            [
              133.8278374378,
              34.6041496448
            ],
            [
              133.8281565516,
              34.6046219998
            ],
            [
              133.828503873,
              34.6043780515
            ],
            [
              133.8282321123,
              34.6041149301
            ],
            [
              133.8287004812,
              34.6038434495
            ],
            [
              133.829823123,
              34.6047411275
            ],
            [
              133.8298077683,
              34.6048447381
            ],
            [
              133.83007313,
              34.6052319286
            ],
            [
              133.8304782686,
              34.6054076969
            ],
            [
              133.83021188,
              34.6057586149
            ]
          ]
        ]
      }
    },
    {
      "type": "Feature",
      "properties": {
        "key_code": "33423001017",
        "pref": "岡山県",
        "city": "都窪郡",
        "ward": "早島町",
        "district": "早島西真磯",
        "name": "都窪郡 早島町 早島西真磯"
      },
      "geometry": {
        "type": "Polygon",
        "coordinates": [
          [
            [
              133.8273712322,
              34.6083843871
            ],
            [
              133.8269897235,
              34.609408415
            ],
            [
              133.8268125572,
              34.609360212
            ],
            [
              133.8267564211,
              34.6095233779
            ],
            [
              133.8265207352,
              34.6095023993
            ],
            [
              133.8263568256,
              34.6096166624
            ],
            [
              133.8255756572,
              34.6098233057
            ],
            [
              133.8253900925,
              34.6095126427
            ],
            [
              133.8246010148,
              34.6090195936
            ],
            [
              133.8245897383,
              34.6088895325
            ],
            [
              133.8247688749,
              34.6087578684
            ],
            [
              133.8253501666,
              34.6086104071
            ],
            [
              133.8264822749,
              34.6086673604
            ],
            [
              133.8268682437,
              34.6083662482
            ],
            [
              133.8273712322,
              34.6083843871
            ]
          ]
        ]
      }
    },
    {
      "type": "Feature",
      "properties": {
        "key_code": "33423001018",
        "pref": "岡山県",
        "city": "都窪郡",
        "ward": "早島町",
        "district": "早島中真磯",
        "name": "都窪郡 早島町 早島中真磯"
      },
      "geometry": {
        "type": "Polygon",
        "coordinates": [
          [
            [
              133.8281621328,
              34.6097872462
            ],
            [
              133.8280515491,
              34.6098880687
            ],
            [
              133.8280230472,
              34.6104747761
            ],
            [
              133.8278942474,
              34.6107014521
            ],
            [
              133.8270965688,
              34.6102695157
            ],
            [
              133.8267885806,
              34.6102082338
            ],
            [
              133.8267166978,
              34.610098065
            ],
            [
              133.8266883355,
              34.6097829834
            ],
            [
              133.8268125572,
              34.609360212
            ],
            [
              133.8269897235,
              34.609408415
            ],
            [
              133.8273942504,
              34.6084173025
            ],
            [
              133.8277487178,
              34.6084910286
            ],
            [
              133.8278659687,
              34.6087363292
            ],
            [
              133.8282575597,
              34.6087349881
            ],
            [
              133.828363009,
              34.6086593584
            ],
            [
              133.8284810406,
              34.6088023965
            ],
            [
              133.8284237611,
              34.6089720378
            ],
            [
              133.8286046374,
              34.6091195613
            ],
            [
              133.8289077321,
              34.6091010905
            ],
            [
              133.8293733252,
              34.6086754958
            ],
            [
              133.8300607498,
              34.608422521
            ],
            [
              133.8300140438,
              34.608254282
            ],
            [
              133.8300866849,
              34.6082086595
            ],
            [
              133.8304253384,
              34.6084705033
            ],
            [
              133.8284805885,
              34.610050421
            ],
            [
              133.8281621328,
              34.6097872462
            ]
          ]
        ]
      }
    },
    {
      "type": "Feature",
      "properties": {
        "key_code": "33423001019",
        "pref": "岡山県",
        "city": "都窪郡",
        "ward": "早島町",
        "district": "早島東真磯",
        "name": "都窪郡 早島町 早島東真磯"
      },
      "geometry": {
        "type": "Polygon",
        "coordinates": [
          [
            [
              133.8299838152,
              34.6108002187
            ],
            [
              133.8294863188,
              34.6108597275
            ],
            [
              133.8287767423,
              34.6107108711
            ],
            [
              133.8286775327,
              34.6105039595
            ],
            [
              133.8282088632,
              34.6102225577
            ],
            [
              133.8280557131,
              34.6100326085
            ],
            [
              133.8280515491,
              34.6098880687
            ],
            [
              133.8281621328,
              34.6097872462
            ],
            [
              133.8284805885,
              34.610050421
            ],
            [
              133.8304253384,
              34.6084705033
            ],
            [
              133.8307124955,
              34.6086033882
            ],
            [
              133.8306082765,
              34.6088018559
            ],
            [
              133.8301745702,
              34.6092164587
            ],
            [
              133.8304473604,
              34.6095519845
            ],
            [
              133.8305146724,
              34.6097794697
            ],
            [
              133.8302275566,
              34.6099329544
            ],
            [
              133.8296794139,
              34.6100143711
            ],
            [
              133.8293515534,
              34.6105935084
            ],
            [
              133.8293472371,
              34.6106818106
            ],
            [
              133.8299838152,
              34.6108002187
            ]
          ]
        ]
      }
    },
    {
      "type": "Feature",
      "properties": {
        "key_code": "33423001020",
        "pref": "岡山県",
        "city": "都窪郡",
        "ward": "早島町",
        "district": "早島無津",
        "name": "都窪郡 早島町 早島無津"
      },
      "geometry": {
        "type": "Polygon",
        "coordinates": [
          [
            [
              133.834873309,
              34.6097148997
            ],
            [
              133.8348699297,
              34.6102857976
            ],
            [
              133.8347058135,
              34.6105365673
            ],
            [
              133.8345875707,
              34.6111184063
            ],
            [
              133.8341063418,
              34.6114521154
            ],
            [
              133.8342161675,
              34.612013751
            ],
            [
              133.8344700057,
              34.6121433923
            ],
            [
              133.8344728001,
              34.6126528939
            ],
            [
              133.8328318995,
              34.6124185611
            ],
            [
              133.8327767143,
              34.6126532898
            ],
            [
              133.8323646012,
              34.6127952798
            ],
            [
              133.8322682161,
              34.6131754884
            ],
            [
              133.8320654302,
              34.6133238286
            ],
            [
              133.8318592202,
              34.6133229834
            ],
            [
              133.8318653689,
              34.6137385461
            ],
            [
              133.8316875938,
              34.614007705
            ],
            [
              133.8312687568,
              34.6136436948
            ],
            [
              133.8310324696,
              34.6140033265
            ],
            [
              133.8308947803,
              34.6140417791
            ],
            [
              133.8304486374,
              34.6139297928
            ],
            [
              133.8302734273,
              34.6137728588
            ],
            [
              133.8299558671,
              34.613714645
            ],
            [
              133.8296805534,
              34.6137876047
            ],
            [
              133.829582548,
              34.6136421147
            ],
            [
              133.8282762822,
              34.6133224692
            ],
            [
              133.8282638802,
              34.6130585871
            ],
            [
              133.8279074931,
              34.6126682003
            ],
            [
              133.8270953017,
              34.6121667597
            ],
            [
              133.8264594539,
              34.611989319
            ],
            [
              133.8259687208,
              34.6116500643
            ],
            [
              133.8268598922,
              34.6109349466
            ],
            [
              133.8260159222,
              34.6105516896
            ],
            [
              133.8267885806,
              34.6102082338
            ],
            [
              133.8270965688,
              34.6102695157
            ],
            [
              133.8278942474,
              34.6107014521
            ],
            [
              133.8280230472,
              34.6104747761
            ],
            [
              133.8280557131,
              34.6100326085
            ],
            [
              133.8282770562,
              34.6102874945
            ],
            [
              133.8286775327,
              34.6105039595
            ],
            [
              133.8287426348,
              34.6106803045
            ],
            [
              133.8288598527,
              34.6107457245
            ],
            [
              133.8291587015,
              34.6107469565
            ],
            [
              133.8294863188,
              34.6108597275
            ],
            [
              133.8299838152,
              34.6108002187
            ],
            [
              133.8293472371,
              34.6106818106
            ],
            [
              133.8293790312,
              34.6104641702
            ],
            [
              133.8296055473,
              34.6102442332
            ],
            [
              133.8296794139,
              34.6100143711
            ],
            [
              133.8302275566,
              34.6099329544
            ],
            [
              133.8305146724,
              34.6097794697
            ],
            [
              133.8304473604,
              34.6095519845
            ],
            [
              133.8301745702,
              34.6092164587
            ],
            [
              133.8306082765,
              34.6088018559
            ],
            [
              133.8307124955,
              34.6086033882
            ],
            [
              133.8318317827,
              34.6090623983
            ],
            [
              133.8328360349,
              34.6091320099
            ],
            [
              133.834873309,
              34.6097148997
            ]
          ]
        ]
      }
    },
    {
      "type": "Feature",
      "properties": {
        "key_code": "33423001021",
        "pref": "岡山県",
        "city": "都窪郡",
        "ward": "早島町",
        "district": "早島塩津",
        "name": "都窪郡 早島町 早島塩津"
      },
      "geometry": {
        "type": "Polygon",
        "coordinates": [
          [
            [
              133.8319104714,
              34.6058750304
            ],
            [
              133.8333417323,
              34.6060283644
            ],
            [
              133.8334979872,
              34.6058244714
            ],
            [
              133.8336360165,
              34.6058998323
            ],
            [
              133.8340042701,
              34.6054433932
            ],
            [
              133.8355383068,
              34.6060560516
            ],
            [
              133.8351346686,
              34.606577287
            ],
            [
              133.8353024045,
              34.6069950605
            ],
            [
              133.8351469193,
              34.607184872
            ],
            [
              133.8353355418,
              34.6073842557
            ],
            [
              133.8351959044,
              34.6076168131
            ],
            [
              133.8350785044,
              34.6076614105
            ],
            [
              133.8349720168,
              34.6079565047
            ],
            [
              133.8350672001,
              34.6080240824
            ],
            [
              133.8351397523,
              34.6089292729
            ],
            [
              133.8348817069,
              34.6094908229
            ],
            [
              133.834873309,
              34.6097148997
            ],
            [
              133.8328360349,
              34.6091320099
            ],
            [
              133.8318317827,
              34.6090623983
            ],
            [
              133.8315003004,
              34.6089694793
            ],
            [
              133.8310219678,
              34.6087012899
            ],
            [
              133.8311169212,
              34.6083416385
            ],
            [
              133.8313836047,
              34.6079126827
            ],
            [
              133.8312781795,
              34.6076333452
            ],
            [
              133.8312974099,
              34.6070206785
            ],
            [
              133.8314373922,
              34.6067744636
            ],
            [
              133.8317092746,
              34.606653028
            ],
            [
              133.8313650232,
              34.6064806122
            ],
            [
              133.830975282,
              34.6065228218
            ],
            [
              133.8311640813,
              34.6060825597
            ],
            [
              133.83021188,
              34.6057586149
            ],
            [
              133.8304782686,
              34.6054076969
            ],
            [
              133.8319104714,
              34.6058750304
            ]
          ]
        ]
      }
    },
    {
      "type": "Feature",
      "properties": {
        "key_code": "33423001022",
        "pref": "岡山県",
        "city": "都窪郡",
        "ward": "早島町",
        "district": "早島金田",
        "name": "都窪郡 早島町 早島金田"
      },
      "geometry": {
        "type": "Polygon",
        "coordinates": [
          [
            [
              133.8094328298,
              34.6060094355
            ],
            [
              133.809779721,
              34.6060434682
            ],
            [
              133.8105162054,
              34.6043026146
            ],
            [
              133.8106698062,
              34.6043180658
            ],
            [
              133.8112693373,
              34.6060924142
            ],
            [
              133.8114077061,
              34.606085824
            ],
            [
              133.8115496729,
              34.6063440707
            ],
            [
              133.8117075515,
              34.6062955873
            ],
            [
              133.8121196056,
              34.607058856
            ],
            [
              133.8124632814,
              34.6069793331
            ],
            [
              133.812529774,
              34.6068742528
            ],
            [
              133.8130631766,
              34.6070168345
            ],
            [
              133.8130387032,
              34.6075115785
            ],
            [
              133.8127714109,
              34.6077942727
            ],
            [
              133.812937287,
              34.6082794067
            ],
            [
              133.8133971894,
              34.6088994754
            ],
            [
              133.8136763933,
              34.6095187702
            ],
            [
              133.8147854682,
              34.610164561
            ],
            [
              133.8150456136,
              34.610401612
            ],
            [
              133.8152690086,
              34.6104432712
            ],
            [
              133.814935854,
              34.6109293757
            ],
            [
              133.8145216051,
              34.6112266618
            ],
            [
              133.8140458821,
              34.6113939513
            ],
            [
              133.8136423211,
              34.6114968904
            ],
            [
              133.8132496164,
              34.6113653403
            ],
            [
              133.8125161173,
              34.6123627524
            ],
            [
              133.8114127453,
              34.6119746039
            ],
            [
              133.8107095915,
              34.611951306
            ],
            [
              133.8098882862,
              34.6116390094
            ],
            [
              133.8092975477,
              34.6115125106
            ],
            [
              133.80838182,
              34.6114837765
            ],
            [
              133.8081764264,
              34.6116361503
            ],
            [
              133.8073281689,
              34.6117158821
            ],
            [
              133.8068873826,
              34.6115855111
            ],
            [
              133.8045413263,
              34.6114333609
            ],
            [
              133.8040204643,
              34.6114671601
            ],
            [
              133.8036067735,
              34.6111485598
            ],
            [
              133.8035334027,
              34.6107480471
            ],
            [
              133.803246385,
              34.6103957658
            ],
            [
              133.8023406561,
              34.6099271103
            ],
            [
              133.8021645277,
              34.6094782542
            ],
            [
              133.8014690758,
              34.6090317787
            ],
            [
              133.8032299362,
              34.6073288066
            ],
            [
              133.8039931584,
              34.6061181637
            ],
            [
              133.8047668506,
              34.605276627
            ],
            [
              133.8049324543,
              34.6046983962
            ],
            [
              133.8047271404,
              34.603696104
            ],
            [
              133.8047654237,
              34.6032364912
            ],
            [
              133.8051143131,
              34.6022002571
            ],
            [
              133.8053391418,
              34.6022119393
            ],
            [
              133.8052057976,
              34.6013325052
            ],
            [
              133.8053821311,
              34.6010864761
            ],
            [
              133.8064904569,
              34.6012334169
            ],
            [
              133.810099197,
              34.6019872726
            ],
            [
              133.8098699507,
              34.6035009978
            ],
            [
              133.8099321563,
              34.604652821
            ],
            [
              133.8094328298,
              34.6060094355
            ]
          ]
        ]
      }
    },
    {
      "type": "Feature",
      "properties": {
        "key_code": "33423001023",
        "pref": "岡山県",
        "city": "都窪郡",
        "ward": "早島町",
        "district": "早島下野",
        "name": "都窪郡 早島町 早島下野"
      },
      "geometry": {
        "type": "Polygon",
        "coordinates": [
          [
            [
              133.8132868916,
              34.60037045
            ],
            [
              133.8115017449,
              34.5991627698
            ],
            [
              133.8114020583,
              34.5993246179
            ],
            [
              133.8110825286,
              34.5993197238
            ],
            [
              133.8107455753,
              34.5996750853
            ],
            [
              133.810099197,
              34.6019872726
            ],
            [
              133.8064904569,
              34.6012334169
            ],
            [
              133.8053821311,
              34.6010864761
            ],
            [
              133.8053949077,
              34.6008981957
            ],
            [
              133.8052243118,
              34.6005814951
            ],
            [
              133.8068771138,
              34.5968719487
            ],
            [
              133.8121856652,
              34.5989930046
            ],
            [
              133.8137398286,
              34.5991608085
            ],
            [
              133.8141719251,
              34.5990546114
            ],
            [
              133.8132868916,
              34.60037045
            ]
          ]
        ]
      }
    },
    {
      "type": "Feature",
      "properties": {
        "key_code": "33423001024",
        "pref": "岡山県",
        "city": "都窪郡",
        "ward": "早島町",
        "district": "早島噂島",
        "name": "都窪郡 早島町 早島噂島"
      },
      "geometry": {
        "type": "Polygon",
        "coordinates": [
          [
            [
              133.8130822033,
              34.6049813159
            ],
            [
              133.8130298982,
              34.6051067411
            ],
            [
              133.8130894573,
              34.6053864667
            ],
            [
              133.8128425941,
              34.6056661482
            ],
            [
              133.8124732542,
              34.6064957948
            ],
            [
              133.8122695269,
              34.6065962023
            ],
            [
              133.8123525033,
              34.6067731996
            ],
            [
              133.812529774,
              34.6068742528
            ],
            [
              133.8124632814,
              34.6069793331
            ],
            [
              133.8121196056,
              34.607058856
            ],
            [
              133.8117075515,
              34.6062955873
            ],
            [
              133.8115496729,
              34.6063440707
            ],
            [
              133.8114077061,
              34.606085824
            ],
            [
              133.8112693373,
              34.6060924142
            ],
            [
              133.8106698062,
              34.6043180658
            ],
            [
              133.8105162054,
              34.6043026146
            ],
            [
              133.8106213655,
              34.6040606424
            ],
            [
              133.8107651986,
              34.6040305526
            ],
            [
              133.8113068317,
              34.6031299504
            ],
            [
              133.8116799095,
              34.6028146074
            ],
            [
              133.8125999765,
              34.6031897344
            ],
            [
              133.8119512176,
              34.6038840802
            ],
            [
              133.8135220949,
              34.6047319001
            ],
            [
              133.8135878857,
              34.6049544615
            ],
            [
              133.8130822033,
              34.6049813159
            ]
          ]
        ]
      }
    },
    {
      "type": "Feature",
      "properties": {
        "key_code": "33423001025",
        "pref": "岡山県",
        "city": "都窪郡",
        "ward": "早島町",
        "district": "早島畑岡",
        "name": "都窪郡 早島町 早島畑岡"
      },
      "geometry": {
        "type": "Polygon",
        "coordinates": [
          [
            [
              133.8156939496,
              34.6101787088
            ],
            [
              133.8152690086,
              34.6104432712
            ],
            [
              133.8150456136,
              34.610401612
            ],
            [
              133.8147854682,
              34.610164561
            ],
            [
              133.8136763933,
              34.6095187702
            ],
            [
              133.8133971894,
              34.6088994754
            ],
            [
              133.812937287,
              34.6082794067
            ],
            [
              133.8127949847,
              34.6079563646
            ],
            [
              133.8127818824,
              34.6077675532
            ],
            [
              133.8130387032,
              34.6075115785
            ],
            [
              133.8130631766,
              34.6070168345
            ],
            [
              133.812529774,
              34.6068742528
            ],
            [
              133.8122692587,
              34.6066395867
            ],
            [
              133.8126287859,
              34.6062617847
            ],
            [
              133.8127965318,
              34.6057528627
            ],
            [
              133.8130894573,
              34.6053864667
            ],
            [
              133.8130298982,
              34.6051067411
            ],
            [
              133.8130822033,
              34.6049813159
            ],
            [
              133.8135878857,
              34.6049544615
            ],
            [
              133.8135220949,
              34.6047319001
            ],
            [
              133.8119512176,
              34.6038840802
            ],
            [
              133.8130747683,
              34.6027283235
            ],
            [
              133.8136972728,
              34.6028270586
            ],
            [
              133.8138971763,
              34.6023643271
            ],
            [
              133.8140074293,
              34.6023169045
            ],
            [
              133.8143039877,
              34.6015365126
            ],
            [
              133.8145208426,
              34.6013585399
            ],
            [
              133.821765812,
              34.6076671946
            ],
            [
              133.8175328339,
              34.609537987
            ],
            [
              133.8156939496,
              34.6101787088
            ]
          ]
        ]
      }
    },
    {
      "type": "Feature",
      "properties": {
        "key_code": "33423001027",
        "pref": "岡山県",
        "city": "都窪郡",
        "ward": "早島町",
        "district": "早島備南台",
        "name": "都窪郡 早島町 早島備南台"
      },
      "geometry": {
        "type": "Polygon",
        "coordinates": [
          [
            [
              133.8188675458,
              34.6138413024
            ],
            [
              133.8186346559,
              34.6147729608
            ],
            [
              133.8184943853,
              34.6148230788
            ],
            [
              133.817515023,
              34.6147139996
            ],
            [
              133.8172168534,
              34.6148619107
            ],
            [
              133.8166575315,
              34.6149540601
            ],
            [
              133.8165103068,
              34.6147677814
            ],
            [
              133.8162375975,
              34.6149381945
            ],
            [
              133.8157268653,
              34.6149270131
            ],
            [
              133.8140534226,
              34.6136853857
            ],
            [
              133.8141486637,
              34.6130252895
            ],
            [
              133.8143814903,
              34.6128710514
            ],
            [
              133.8133012337,
              34.6126690989
            ],
            [
              133.8125161173,
              34.6123627524
            ],
            [
              133.8132496164,
              34.6113653403
            ],
            [
              133.8136423211,
              34.6114968904
            ],
            [
              133.8145216051,
              34.6112266618
            ],
            [
              133.814935854,
              34.6109293757
            ],
            [
              133.8152841088,
              34.610384033
            ],
            [
              133.8156939496,
              34.6101787088
            ],
            [
              133.8164373243,
              34.6106288201
            ],
            [
              133.8166991887,
              34.6110742071
            ],
            [
              133.8168129971,
              34.6108226891
            ],
            [
              133.8172222379,
              34.61077146
            ],
            [
              133.8174113905,
              34.6106595725
            ],
            [
              133.8185251905,
              34.6107834531
            ],
            [
              133.8193093769,
              34.6113851409
            ],
            [
              133.8196552555,
              34.6118739782
            ],
            [
              133.819372571,
              34.6122108527
            ],
            [
              133.8183880763,
              34.6128979029
            ],
            [
              133.8191715096,
              34.6135721313
            ],
            [
              133.8188675458,
              34.6138413024
            ]
          ]
        ]
      }
    },
    {
      "type": "Feature",
      "properties": {
        "key_code": "33423001028",
        "pref": "岡山県",
        "city": "都窪郡",
        "ward": "早島町",
        "district": "早島中山",
        "name": "都窪郡 早島町 早島中山"
      },
      "geometry": {
        "type": "Polygon",
        "coordinates": [
          [
            [
              133.8219047997,
              34.6128462223
            ],
            [
              133.8219104096,
              34.6132165678
            ],
            [
              133.8221203827,
              34.6134814215
            ],
            [
              133.8219286967,
              34.6139367234
            ],
            [
              133.8220168191,
              34.6142493812
            ],
            [
              133.8219734289,
              34.6148918043
            ],
            [
              133.8220285414,
              34.6152186909
            ],
            [
              133.8221787941,
              34.6154280752
            ],
            [
              133.8221586712,
              34.6156721026
            ],
            [
              133.821139855,
              34.6154980922
            ],
            [
              133.8202512686,
              34.6150259965
            ],
            [
              133.8198130262,
              34.6150016147
            ],
            [
              133.8190875028,
              34.6145447044
            ],
            [
              133.8187741446,
              34.6142194023
            ],
            [
              133.8188675458,
              34.6138413024
            ],
            [
              133.8196782264,
              34.6132102825
            ],
            [
              133.820020149,
              34.6127625176
            ],
            [
              133.8200411297,
              34.6125610338
            ],
            [
              133.8202561633,
              34.6122189428
            ],
            [
              133.8206981783,
              34.6119185162
            ],
            [
              133.8210218736,
              34.6115740642
            ],
            [
              133.8213555244,
              34.6121011586
            ],
            [
              133.8215055339,
              34.6121017887
            ],
            [
              133.8214840052,
              34.6124800494
            ],
            [
              133.8216566414,
              34.6125571212
            ],
            [
              133.8216781191,
              34.6128244236
            ],
            [
              133.8219047997,
              34.6128462223
            ]
          ]
        ]
      }
    },
    {
      "type": "Feature",
      "properties": {
        "key_code": "33423001029",
        "pref": "岡山県",
        "city": "都窪郡",
        "ward": "早島町",
        "district": "早島ニュー早島",
        "name": "都窪郡 早島町 早島ニュー早島"
      },
      "geometry": {
        "type": "Polygon",
        "coordinates": [
          [
            [
              133.8239195226,
              34.6109400629
            ],
            [
              133.8239976563,
              34.6114074805
            ],
            [
              133.8236882198,
              34.6114101356
            ],
            [
              133.8233364831,
              34.6115693906
            ],
            [
              133.8222326724,
              34.6114588544
            ],
            [
              133.8219151493,
              34.6118474235
            ],
            [
              133.8219047997,
              34.6128462223
            ],
            [
              133.8216781191,
              34.6128244236
            ],
            [
              133.8216566414,
              34.6125571212
            ],
            [
              133.8214840052,
              34.6124800494
            ],
            [
              133.8215055339,
              34.6121017887
            ],
            [
              133.8213555244,
              34.6121011586
            ],
            [
              133.8211405867,
              34.6118274085
            ],
            [
              133.8208003705,
              34.6108141774
            ],
            [
              133.8213195256,
              34.6103970202
            ],
            [
              133.8215720296,
              34.6102948303
            ],
            [
              133.8223467337,
              34.6106071306
            ],
            [
              133.8225570263,
              34.6108707125
            ],
            [
              133.8227596577,
              34.6108138063
            ],
            [
              133.8239195226,
              34.6109400629
            ]
          ]
        ]
      }
    },
    {
      "type": "Feature",
      "properties": {
        "key_code": "33423001030",
        "pref": "岡山県",
        "city": "都窪郡",
        "ward": "早島町",
        "district": "早島大池",
        "name": "都窪郡 早島町 早島大池"
      },
      "geometry": {
        "type": "Polygon",
        "coordinates": [
          [
            [
              133.8260159222,
              34.6105516896
            ],
            [
              133.8268598922,
              34.6109349466
            ],
            [
              133.8259687208,
              34.6116500643
            ],
            [
              133.8246175464,
              34.6110045235
            ],
            [
              133.8242068063,
              34.6110159153
            ],
            [
              133.8227596577,
              34.6108138063
            ],
            [
              133.8225570263,
              34.6108707125
            ],
            [
              133.8223467337,
              34.6106071306
            ],
            [
              133.821940944,
              34.6103897705
            ],
            [
              133.8215720296,
              34.6102948303
            ],
            [
              133.8213195256,
              34.6103970202
            ],
            [
              133.8208003705,
              34.6108141774
            ],
            [
              133.820987466,
              34.6116366023
            ],
            [
              133.8202561633,
              34.6122189428
            ],
            [
              133.8200411297,
              34.6125610338
            ],
            [
              133.820020149,
              34.6127625176
            ],
            [
              133.8197578383,
              34.6131180725
            ],
            [
              133.8191715096,
              34.6135721313
            ],
            [
              133.8183880763,
              34.6128979029
            ],
            [
              133.8196306905,
              34.6119567009
            ],
            [
              133.819647386,
              34.6118440825
            ],
            [
              133.8193093769,
              34.6113851409
            ],
            [
              133.8186611224,
              34.6108503732
            ],
            [
              133.818088628,
              34.6107120223
            ],
            [
              133.8173351153,
              34.6106724899
            ],
            [
              133.8172222379,
              34.61077146
            ],
            [
              133.8168129971,
              34.6108226891
            ],
            [
              133.8166991887,
              34.6110742071
            ],
            [
              133.8164373243,
              34.6106288201
            ],
            [
              133.8156939496,
              34.6101787088
            ],
            [
              133.8175328339,
              34.609537987
            ],
            [
              133.821765812,
              34.6076671946
            ],
            [
              133.8232560108,
              34.6088914461
            ],
            [
              133.8241512662,
              34.6095069304
            ],
            [
              133.8260159222,
              34.6105516896
            ]
          ]
        ]
      }
    },
    {
      "type": "Feature",
      "properties": {
        "key_code": "33423001031",
        "pref": "岡山県",
        "city": "都窪郡",
        "ward": "早島町",
        "district": "早島",
        "name": "都窪郡 早島町 早島"
      },
      "geometry": {
        "type": "Polygon",
        "coordinates": [
          [
            [
              133.8256872799,
              34.6164930813
            ],
            [
              133.8253037586,
              34.6162732963
            ],
            [
              133.8246886562,
              34.6163197599
            ],
            [
              133.8244979832,
              34.6162345925
            ],
            [
              133.8241731199,
              34.6163710018
            ],
            [
              133.8241577791,
              34.61630079
            ],
            [
              133.8229147952,
              34.6160809395
            ],
            [
              133.8223914612,
              34.6157354777
            ],
            [
              133.8221586712,
              34.6156721026
            ],
            [
              133.8221787941,
              34.6154280752
            ],
            [
              133.8220285414,
              34.6152186909
            ],
            [
              133.8219734289,
              34.6148918043
            ],
            [
              133.8220168191,
              34.6142493812
            ],
            [
              133.8219291549,
              34.61386052
            ],
            [
              133.8221203827,
              34.6134814215
            ],
            [
              133.8219104096,
              34.6132165678
            ],
            [
              133.8219006773,
              34.6120513288
            ],
            [
              133.8219151493,
              34.6118474235
            ],
            [
              133.8222326724,
              34.6114588544
            ],
            [
              133.8233364831,
              34.6115693906
            ],
            [
              133.8236882198,
              34.6114101356
            ],
            [
              133.8239976563,
              34.6114074805
            ],
            [
              133.8239195226,
              34.6109400629
            ],
            [
              133.8246175464,
              34.6110045235
            ],
            [
              133.8250494994,
              34.611256487
            ],
            [
              133.8252458179,
              34.6112720937
            ],
            [
              133.8253909529,
              34.61142722
            ],
            [
              133.8259461039,
              34.6116284191
            ],
            [
              133.8264594539,
              34.611989319
            ],
            [
              133.8271573969,
              34.6121973019
            ],
            [
              133.8279074931,
              34.6126682003
            ],
            [
              133.8281979883,
              34.6129429503
            ],
            [
              133.8282762822,
              34.6133224692
            ],
            [
              133.8279851596,
              34.613246048
            ],
            [
              133.827623683,
              34.612973539
            ],
            [
              133.8271829617,
              34.6130039729
            ],
            [
              133.8273284912,
              34.6130296486
            ],
            [
              133.8275050368,
              34.613190396
            ],
            [
              133.8276272823,
              34.6138857645
            ],
            [
              133.8281380106,
              34.6144683593
            ],
            [
              133.8281370528,
              34.6146293588
            ],
            [
              133.8275345946,
              34.6151083289
            ],
            [
              133.8271168544,
              34.6157628689
            ],
            [
              133.8263227778,
              34.61623428
            ],
            [
              133.8256872799,
              34.6164930813
            ]
          ]
        ]
      }
    },
    {
      "type": "Feature",
      "properties": {
        "key_code": "33423001032",
        "pref": "岡山県",
        "city": "都窪郡",
        "ward": "早島町",
        "district": "早島日笠山",
        "name": "都窪郡 早島町 早島日笠山"
      },
      "geometry": {
        "type": "Polygon",
        "coordinates": [
          [
            [
              133.8292221161,
              34.6164855811
            ],
            [
              133.8302818074,
              34.6171167701
            ],
            [
              133.8305073527,
              34.6171551655
            ],
            [
              133.8304336409,
              34.6172154328
            ],
            [
              133.8309117797,
              34.6177030822
            ],
            [
              133.8309165902,
              34.6178763593
            ],
            [
              133.8306699669,
              34.6182314404
            ],
            [
              133.8300811824,
              34.6183638241
            ],
            [
              133.8298645066,
              34.6185746447
            ],
            [
              133.8299396108,
              34.6187755383
            ],
            [
              133.8294350731,
              34.6186873969
            ],
            [
              133.8278884926,
              34.6179937621
            ],
            [
              133.8273782269,
              34.617645278
            ],
            [
              133.8270296025,
              34.6171582909
            ],
            [
              133.8271934577,
              34.6168331595
            ],
            [
              133.8282748381,
              34.6159075286
            ],
            [
              133.8284846152,
              34.6159037463
            ],
            [
              133.8287717386,
              34.6160311413
            ],
            [
              133.8292221161,
              34.6164855811
            ]
          ]
        ]
      }
    },
    {
      "type": "Feature",
      "properties": {
        "key_code": "33423001034",
        "pref": "岡山県",
        "city": "都窪郡",
        "ward": "早島町",
        "district": "早島頓行、小浜の一部",
        "name": "都窪郡 早島町 早島頓行、小浜の一部"
      },
      "geometry": {
        "type": "Polygon",
        "coordinates": [
          [
            [
              133.8254137233,
              34.6033310806
            ],
            [
              133.8264643973,
              34.6037515334
            ],
            [
              133.8263084611,
              34.6040507802
            ],
            [
              133.8261035666,
              34.6041886804
            ],
            [
              133.825996448,
              34.604415726
            ],
            [
              133.8256901975,
              34.6045717991
            ],
            [
              133.8255987583,
              34.6049475172
            ],
            [
              133.8252812288,
              34.6049738092
            ],
            [
              133.8241450233,
              34.6054063214
            ],
            [
              133.8239611618,
              34.6053318867
            ],
            [
              133.8242440057,
              34.604817092
            ],
            [
              133.8235742569,
              34.6045524471
            ],
            [
              133.8237639422,
              34.6040883974
            ],
            [
              133.8243530654,
              34.6030965081
            ],
            [
              133.8246864008,
              34.6028833544
            ],
            [
              133.8249602601,
              34.6028175808
            ],
            [
              133.8250590461,
              34.6026083833
            ],
            [
              133.8257152619,
              34.6028757891
            ],
            [
              133.8254137233,
              34.6033310806
            ]
          ]
        ]
      }
    },
    {
      "type": "Feature",
      "properties": {
        "key_code": "33423001036",
        "pref": "岡山県",
        "city": "都窪郡",
        "ward": "早島町",
        "district": "早島頓行、塩地の一部",
        "name": "都窪郡 早島町 早島頓行、塩地の一部"
      },
      "geometry": {
        "type": "Polygon",
        "coordinates": [
          [
            [
              133.8228316352,
              34.6085566833
            ],
            [
              133.821765812,
              34.6076671946
            ],
            [
              133.8220463386,
              34.6075913241
            ],
            [
              133.8226223304,
              34.6071984827
            ],
            [
              133.8231762827,
              34.6065018448
            ],
            [
              133.8235394059,
              34.6057269357
            ],
            [
              133.8239611618,
              34.6053318867
            ],
            [
              133.8241450233,
              34.6054063214
            ],
            [
              133.8252812288,
              34.6049738092
            ],
            [
              133.8256770302,
              34.6050003824
            ],
            [
              133.8249515045,
              34.6055147541
            ],
            [
              133.8250340907,
              34.6058573872
            ],
            [
              133.8249065791,
              34.6059468679
            ],
            [
              133.825017595,
              34.6060872029
            ],
            [
              133.8248297508,
              34.6066638099
            ],
            [
              133.824463504,
              34.6072496753
            ],
            [
              133.8245054122,
              34.6073146452
            ],
            [
              133.823571465,
              34.6079192757
            ],
            [
              133.8231168289,
              34.6080424653
            ],
            [
              133.8228316352,
              34.6085566833
            ]
          ]
        ]
      }
    },
    {
      "type": "Feature",
      "properties": {
        "key_code": "33423001037",
        "pref": "岡山県",
        "city": "都窪郡",
        "ward": "早島町",
        "district": "早島花町、市場の一部",
        "name": "都窪郡 早島町 早島花町、市場の一部"
      },
      "geometry": {
        "type": "Polygon",
        "coordinates": [
          [
            [
              133.8287004812,
              34.6038434495
            ],
            [
              133.8282321123,
              34.6041149301
            ],
            [
              133.8275715035,
              34.6036311649
            ],
            [
              133.826452158,
              34.6031847987
            ],
            [
              133.8266754881,
              34.6027665087
            ],
            [
              133.8276708572,
              34.6031371514
            ],
            [
              133.8287004812,
              34.6038434495
            ]
          ]
        ]
      }
    },
    {
      "type": "Feature",
      "properties": {
        "key_code": "33423001038",
        "pref": "岡山県",
        "city": "都窪郡",
        "ward": "早島町",
        "district": "早島下野，金田の一部",
        "name": "都窪郡 早島町 早島下野，金田の一部"
      },
      "geometry": {
        "type": "Polygon",
        "coordinates": [
          [
            [
              133.8106213655,
              34.6040606424
            ],
            [
              133.809779721,
              34.6060434682
            ],
            [
              133.8094328298,
              34.6060094355
            ],
            [
              133.8099321563,
              34.604652821
            ],
            [
              133.8099025984,
              34.6030199482
            ],
            [
              133.810099197,
              34.6019872726
            ],
            [
              133.8107455753,
              34.5996750853
            ],
            [
              133.8110056502,
              34.5993623569
            ],
            [
              133.8114020583,
              34.5993246179
            ],
            [
              133.8115017449,
              34.5991627698
            ],
            [
              133.8127539759,
              34.5999693794
            ],
            [
              133.8145208426,
              34.6013585399
            ],
            [
              133.8143039877,
              34.6015365126
            ],
            [
              133.8140074293,
              34.6023169045
            ],
            [
              133.8138971763,
              34.6023643271
            ],
            [
              133.8136972728,
              34.6028270586
            ],
            [
              133.8130747683,
              34.6027283235
            ],
            [
              133.8125999765,
              34.6031897344
            ],
            [
              133.8116799095,
              34.6028146074
            ],
            [
              133.8113068317,
              34.6031299504
            ],
            [
              133.8107651986,
              34.6040305526
            ],
            [
              133.8106213655,
              34.6040606424
            ]
          ]
        ]
      }
    },
    {
      "type": "Feature",
      "properties": {
        "key_code": "33423001039",
        "pref": "岡山県",
        "city": "都窪郡",
        "ward": "早島町",
        "district": "早島宮崎，長津の一部",
        "name": "都窪郡 早島町 早島宮崎，長津の一部"
      },
      "geometry": {
        "type": "Polygon",
        "coordinates": [
          [
            [
              133.8188986646,
              34.6014218122
            ],
            [
              133.8185171352,
              34.6016475522
            ],
            [
              133.8182360534,
              34.6019571101
            ],
            [
              133.8180847509,
              34.6022841207
            ],
            [
              133.8177550209,
              34.6024727486
            ],
            [
              133.8178569303,
              34.6028345013
            ],
            [
              133.8175927773,
              34.603354578
            ],
            [
              133.8174550614,
              34.6034020265
            ],
            [
              133.8173180498,
              34.6033267876
            ],
            [
              133.8170375934,
              34.6035405506
            ],
            [
              133.8145208426,
              34.6013585399
            ],
            [
              133.814904161,
              34.600936173
            ],
            [
              133.8151745343,
              34.6009504266
            ],
            [
              133.8155070298,
              34.6004486741
            ],
            [
              133.8159987269,
              34.6000733906
            ],
            [
              133.8160043418,
              34.5999245202
            ],
            [
              133.8167424634,
              34.5997219972
            ],
            [
              133.8175198782,
              34.5992007171
            ],
            [
              133.8179660035,
              34.5996305593
            ],
            [
              133.8175900806,
              34.599825049
            ],
            [
              133.8176103258,
              34.6000205145
            ],
            [
              133.8180699875,
              34.6003492722
            ],
            [
              133.8184786756,
              34.6002408484
            ],
            [
              133.8188430419,
              34.6010398308
            ],
            [
              133.8188986646,
              34.6014218122
            ]
          ]
        ]
      }
    },
    {
      "type": "Feature",
      "properties": {
        "key_code": "33423001042",
        "pref": "岡山県",
        "city": "都窪郡",
        "ward": "早島町",
        "district": "早島矢尾の一部",
        "name": "都窪郡 早島町 早島矢尾の一部"
      },
      "geometry": {
        "type": "Polygon",
        "coordinates": [
          [
            [
              133.8270296025,
              34.6171582909
            ],
            [
              133.8267889893,
              34.6170464387
            ],
            [
              133.8266988535,
              34.6166957461
            ],
            [
              133.8263276454,
              34.6167177323
            ],
            [
              133.8256872799,
              34.6164930813
            ],
            [
              133.8263227778,
              34.61623428
            ],
            [
              133.8271168544,
              34.6157628689
            ],
            [
              133.8275345946,
              34.6151083289
            ],
            [
              133.8281370528,
              34.6146293588
            ],
            [
              133.8281380106,
              34.6144683593
            ],
            [
              133.8276272823,
              34.6138857645
            ],
            [
              133.8275050368,
              34.613190396
            ],
            [
              133.8273284912,
              34.6130296486
            ],
            [
              133.8271829617,
              34.6130039729
            ],
            [
              133.827623683,
              34.612973539
            ],
            [
              133.8279851596,
              34.613246048
            ],
            [
              133.829582548,
              34.6136421147
            ],
            [
              133.8296805534,
              34.6137876047
            ],
            [
              133.8296374872,
              34.6141322529
            ],
            [
              133.8297756018,
              34.614524976
            ],
            [
              133.8296729964,
              34.6146232963
            ],
            [
              133.8299634423,
              34.6148077504
            ],
            [
              133.8299918635,
              34.614928303
            ],
            [
              133.8299077586,
              34.6156997294
            ],
            [
              133.82981725,
              34.6158626131
            ],
            [
              133.829593134,
              34.6159929721
            ],
            [
              133.8287210642,
              34.6158773953
            ],
            [
              133.8286243918,
              34.61594475
            ],
            [
              133.8282174666,
              34.6159275756
            ],
            [
              133.8271934577,
              34.6168331595
            ],
            [
              133.8270296025,
              34.6171582909
            ]
          ]
        ]
      }
    },
    {
      "type": "Feature",
      "properties": {
        "key_code": "33423001046",
        "pref": "岡山県",
        "city": "都窪郡",
        "ward": "早島町",
        "district": "早島宮崎、弁才天の一部",
        "name": "都窪郡 早島町 早島宮崎、弁才天の一部"
      },
      "geometry": {
        "type": "Polygon",
        "coordinates": [
          [
            [
              133.8192702022,
              34.5998873876
            ],
            [
              133.8180699875,
              34.6003492722
            ],
            [
              133.8176103258,
              34.6000205145
            ],
            [
              133.8175900806,
              34.599825049
            ],
            [
              133.8179660035,
              34.5996305593
            ],
            [
              133.8169155035,
              34.5985873585
            ],
            [
              133.8175217623,
              34.5984413197
            ],
            [
              133.8180058572,
              34.5981840402
            ],
            [
              133.8197503777,
              34.5979271601
            ],
            [
              133.8200273059,
              34.5974962948
            ],
            [
              133.8199260243,
              34.597922831
            ],
            [
              133.8202203147,
              34.5982536993
            ],
            [
              133.820443231,
              34.598701466
            ],
            [
              133.8203627381,
              34.5990585022
            ],
            [
              133.8202805942,
              34.5992359283
            ],
            [
              133.8199368923,
              34.5995635388
            ],
            [
              133.8194110308,
              34.5997303546
            ],
            [
              133.8192702022,
              34.5998873876
            ]
          ]
        ]
      }
    },
    {
      "type": "Feature",
      "properties": {
        "key_code": "33423002001",
        "pref": "岡山県",
        "city": "都窪郡",
        "ward": "早島町",
        "district": "前潟舟本",
        "name": "都窪郡 早島町 前潟舟本"
      },
      "geometry": {
        "type": "Polygon",
        "coordinates": [
          [
            [
              133.8248740195,
              34.5968307298
            ],
            [
              133.8249690745,
              34.5961746926
            ],
            [
              133.829351466,
              34.5989668855
            ],
            [
              133.8279420863,
              34.6007882265
            ],
            [
              133.8270671018,
              34.601805599
            ],
            [
              133.8269720934,
              34.6017888659
            ],
            [
              133.8263690716,
              34.602661706
            ],
            [
              133.8257808524,
              34.6024607908
            ],
            [
              133.8256966563,
              34.6023412705
            ],
            [
              133.8238645172,
              34.6015659464
            ],
            [
              133.8230232657,
              34.6008786819
            ],
            [
              133.8233487684,
              34.6004846285
            ],
            [
              133.8212915678,
              34.5991404593
            ],
            [
              133.821049092,
              34.5980573065
            ],
            [
              133.8208847946,
              34.5977634726
            ],
            [
              133.821232072,
              34.5971269554
            ],
            [
              133.8211895937,
              34.596931536
            ],
            [
              133.8242409222,
              34.5961768733
            ],
            [
              133.824283637,
              34.5958460178
            ],
            [
              133.8248740195,
              34.5968307298
            ]
          ]
        ]
      }
    },
    {
      "type": "Feature",
      "properties": {
        "key_code": "33423002002",
        "pref": "岡山県",
        "city": "都窪郡",
        "ward": "早島町",
        "district": "前潟前潟",
        "name": "都窪郡 早島町 前潟前潟"
      },
      "geometry": {
        "type": "Polygon",
        "coordinates": [
          [
            [
              133.8319555907,
              34.6017926068
            ],
            [
              133.8336739139,
              34.6029086472
            ],
            [
              133.8369423871,
              34.6042776062
            ],
            [
              133.8355383068,
              34.6060560516
            ],
            [
              133.8340042701,
              34.6054433932
            ],
            [
              133.8336360165,
              34.6058998323
            ],
            [
              133.8334979872,
              34.6058244714
            ],
            [
              133.8333417323,
              34.6060283644
            ],
            [
              133.8321681846,
              34.6059228512
            ],
            [
              133.8301982779,
              34.6053027326
            ],
            [
              133.8298662467,
              34.6049456943
            ],
            [
              133.829823123,
              34.6047411275
            ],
            [
              133.8283146322,
              34.603533656
            ],
            [
              133.8274941123,
              34.6030569742
            ],
            [
              133.8263690716,
              34.602661706
            ],
            [
              133.8269720934,
              34.6017888659
            ],
            [
              133.8270671018,
              34.601805599
            ],
            [
              133.8279420863,
              34.6007882265
            ],
            [
              133.829351466,
              34.5989668855
            ],
            [
              133.830100041,
              34.5999291118
            ],
            [
              133.8311834933,
              34.6008156516
            ],
            [
              133.8310679619,
              34.6009457587
            ],
            [
              133.8318808376,
              34.6014329581
            ],
            [
              133.8318462284,
              34.6016345332
            ],
            [
              133.8319555907,
              34.6017926068
            ]
          ]
        ]
      }
    },
    {
      "type": "Feature",
      "properties": {
        "key_code": "33423002003",
        "pref": "岡山県",
        "city": "都窪郡",
        "ward": "早島町",
        "district": "前潟下前潟",
        "name": "都窪郡 早島町 前潟下前潟"
      },
      "geometry": {
        "type": "Polygon",
        "coordinates": [
          [
            [
              133.8324390579,
              34.5955709461
            ],
            [
              133.8343132545,
              34.5967772208
            ],
            [
              133.8382740261,
              34.5996805983
            ],
            [
              133.8384206519,
              34.5996831646
            ],
            [
              133.8397250985,
              34.6006451799
            ],
            [
              133.8369423871,
              34.6042776062
            ],
            [
              133.8336739139,
              34.6029086472
            ],
            [
              133.8319555907,
              34.6017926068
            ],
            [
              133.8318462284,
              34.6016345332
            ],
            [
              133.8318808376,
              34.6014329581
            ],
            [
              133.8310679619,
              34.6009457587
            ],
            [
              133.8311834933,
              34.6008156516
            ],
            [
              133.830100041,
              34.5999291118
            ],
            [
              133.8293237527,
              34.598922681
            ],
            [
              133.8287744821,
              34.5976460156
            ],
            [
              133.828597934,
              34.5964810418
            ],
            [
              133.8299690055,
              34.5965992467
            ],
            [
              133.829966431,
              34.5964692182
            ],
            [
              133.8308076822,
              34.5955907299
            ],
            [
              133.8293661397,
              34.5948298997
            ],
            [
              133.8287704113,
              34.5941277639
            ],
            [
              133.8303914675,
              34.5934174479
            ],
            [
              133.8307022401,
              34.5936739744
            ],
            [
              133.8314747949,
              34.594020298
            ],
            [
              133.8314466571,
              34.5941024474
            ],
            [
              133.8320398999,
              34.5945095877
            ],
            [
              133.8324390579,
              34.5955709461
            ]
          ]
        ]
      }
    },
    {
      "type": "Feature",
      "properties": {
        "key_code": "33423002004",
        "pref": "岡山県",
        "city": "都窪郡",
        "ward": "早島町",
        "district": "前潟久々原",
        "name": "都窪郡 早島町 前潟久々原"
      },
      "geometry": {
        "type": "Polygon",
        "coordinates": [
          [
            [
              133.8299690055,
              34.5965992467
            ],
            [
              133.828597934,
              34.5964810418
            ],
            [
              133.8287744821,
              34.5976460156
            ],
            [
              133.8293237527,
              34.598922681
            ],
            [
              133.8249690745,
              34.5961746926
            ],
            [
              133.8250022711,
              34.5957842113
            ],
            [
              133.8267488431,
              34.5948489369
            ],
            [
              133.8262000275,
              34.5942165699
            ],
            [
              133.8252756868,
              34.5934399413
            ],
            [
              133.8262732465,
              34.5920038811
            ],
            [
              133.8269546012,
              34.5912430787
            ],
            [
              133.8276863183,
              34.5914700873
            ],
            [
              133.829232473,
              34.5924187263
            ],
            [
              133.8303914675,
              34.5934174479
            ],
            [
              133.8287704113,
              34.5941277639
            ],
            [
              133.8293661397,
              34.5948298997
            ],
            [
              133.8308076822,
              34.5955907299
            ],
            [
              133.829966431,
              34.5964692182
            ],
            [
              133.8299690055,
              34.5965992467
            ]
          ]
        ]
      }
    },
    {
      "type": "Feature",
      "properties": {
        "key_code": "33423002005",
        "pref": "岡山県",
        "city": "都窪郡",
        "ward": "早島町",
        "district": "前潟三軒地",
        "name": "都窪郡 早島町 前潟三軒地"
      },
      "geometry": {
        "type": "Polygon",
        "coordinates": [
          [
            [
              133.8250022711,
              34.5957842113
            ],
            [
              133.8248740195,
              34.5968307298
            ],
            [
              133.824283637,
              34.5958460178
            ],
            [
              133.8245474408,
              34.5904881753
            ],
            [
              133.8269546012,
              34.5912430787
            ],
            [
              133.8262732465,
              34.5920038811
            ],
            [
              133.8252756868,
              34.5934399413
            ],
            [
              133.8262000275,
              34.5942165699
            ],
            [
              133.8267488431,
              34.5948489369
            ],
            [
              133.8250022711,
              34.5957842113
            ]
          ]
        ]
      }
    },
    {
      "type": "Feature",
      "properties": {
        "key_code": "33423002007",
        "pref": "岡山県",
        "city": "都窪郡",
        "ward": "早島町",
        "district": "早島片田，舟木の一部",
        "name": "都窪郡 早島町 早島片田，舟木の一部"
      },
      "geometry": {
        "type": "Polygon",
        "coordinates": [
          [
            [
              133.8221373286,
              34.6008041232
            ],
            [
              133.8216526298,
              34.6004594973
            ],
            [
              133.8212915678,
              34.5991404593
            ],
            [
              133.8233487684,
              34.6004846285
            ],
            [
              133.8230232657,
              34.6008786819
            ],
            [
              133.8224778621,
              34.6004546546
            ],
            [
              133.8221373286,
              34.6008041232
            ]
          ]
        ]
      }
    },
    {
      "type": "Feature",
      "properties": {
        "key_code": "33423003040",
        "pref": "岡山県",
        "city": "都窪郡",
        "ward": "早島町",
        "district": "矢尾二軒屋",
        "name": "都窪郡 早島町 矢尾二軒屋"
      },
      "geometry": {
        "type": "Polygon",
        "coordinates": [
          [
            [
              133.8226902746,
              34.6230954257
            ],
            [
              133.8222772337,
              34.6230704591
            ],
            [
              133.8220857253,
              34.6229326007
            ],
            [
              133.8217885204,
              34.6228593771
            ],
            [
              133.8218007657,
              34.6227574449
            ],
            [
              133.8201353785,
              34.6217203459
            ],
            [
              133.8200675345,
              34.6217175259
            ],
            [
              133.8199105908,
              34.622021549
            ],
            [
              133.8190952736,
              34.6215729993
            ],
            [
              133.8179486336,
              34.6212712331
            ],
            [
              133.8180591356,
              34.6212290187
            ],
            [
              133.8180882014,
              34.6210375696
            ],
            [
              133.8182176179,
              34.6210936142
            ],
            [
              133.8179466614,
              34.620908929
            ],
            [
              133.8178903217,
              34.6207657176
            ],
            [
              133.8178151469,
              34.6200420764
            ],
            [
              133.8172253769,
              34.6197334949
            ],
            [
              133.8170294851,
              34.6194508031
            ],
            [
              133.8165851067,
              34.6190587385
            ],
            [
              133.816299896,
              34.6185731086
            ],
            [
              133.8159557611,
              34.6185574244
            ],
            [
              133.815488689,
              34.6181100398
            ],
            [
              133.8152093651,
              34.6181263217
            ],
            [
              133.8138893324,
              34.6189926493
            ],
            [
              133.8140707057,
              34.6186188685
            ],
            [
              133.8141802083,
              34.6185449589
            ],
            [
              133.8142291727,
              34.6182638661
            ],
            [
              133.8140544008,
              34.6181657872
            ],
            [
              133.8138441955,
              34.6177682257
            ],
            [
              133.8134405299,
              34.617334202
            ],
            [
              133.8135445291,
              34.6172891462
            ],
            [
              133.8134254247,
              34.6171511576
            ],
            [
              133.8134404533,
              34.6169235885
            ],
            [
              133.8133003166,
              34.6166592977
            ],
            [
              133.8134101777,
              34.6160827946
            ],
            [
              133.8133060847,
              34.6160324863
            ],
            [
              133.8136001437,
              34.6157793418
            ],
            [
              133.8139867804,
              34.6149673691
            ],
            [
              133.8139476873,
              34.6146742097
            ],
            [
              133.8140534226,
              34.6136853857
            ],
            [
              133.8157268653,
              34.6149270131
            ],
            [
              133.8158646689,
              34.6149464737
            ],
            [
              133.8162375975,
              34.6149381945
            ],
            [
              133.8165103068,
              34.6147677814
            ],
            [
              133.8166575315,
              34.6149540601
            ],
            [
              133.8172168534,
              34.6148619107
            ],
            [
              133.817515023,
              34.6147139996
            ],
            [
              133.8184943853,
              34.6148230788
            ],
            [
              133.8186346559,
              34.6147729608
            ],
            [
              133.8187741446,
              34.6142194023
            ],
            [
              133.8190875028,
              34.6145447044
            ],
            [
              133.8198130262,
              34.6150016147
            ],
            [
              133.8202512686,
              34.6150259965
            ],
            [
              133.821139855,
              34.6154980922
            ],
            [
              133.8223914612,
              34.6157354777
            ],
            [
              133.8226207361,
              34.615875605
            ],
            [
              133.8227638369,
              34.6162707528
            ],
            [
              133.8235909268,
              34.6163921014
            ],
            [
              133.8238513639,
              34.6165075648
            ],
            [
              133.8238481752,
              34.6167268707
            ],
            [
              133.8235829476,
              34.617126232
            ],
            [
              133.8230681395,
              34.6171831068
            ],
            [
              133.8231706318,
              34.6176304836
            ],
            [
              133.8240444323,
              34.6178141428
            ],
            [
              133.8241030636,
              34.6180534273
            ],
            [
              133.8251614592,
              34.6190837114
            ],
            [
              133.8252636135,
              34.6200524095
            ],
            [
              133.8251512732,
              34.6201099777
            ],
            [
              133.8245266842,
              34.6197235377
            ],
            [
              133.822724023,
              34.6217063946
            ],
            [
              133.8226395427,
              34.6218766251
            ],
            [
              133.8227552903,
              34.62253507
            ],
            [
              133.8226902746,
              34.6230954257
            ]
          ]
        ]
      }
    },
    {
      "type": "Feature",
      "properties": {
        "key_code": "33423003041",
        "pref": "岡山県",
        "city": "都窪郡",
        "ward": "早島町",
        "district": "矢尾本村",
        "name": "都窪郡 早島町 矢尾本村"
      },
      "geometry": {
        "type": "Polygon",
        "coordinates": [
          [
            [
              133.8267045803,
              34.6168426872
            ],
            [
              133.8260901055,
              34.6173330103
            ],
            [
              133.8262708225,
              34.6175878711
            ],
            [
              133.8261499707,
              34.617601879
            ],
            [
              133.8258543871,
              34.6180136555
            ],
            [
              133.8257782773,
              34.6184390197
            ],
            [
              133.8254922394,
              34.6185358715
            ],
            [
              133.8251614592,
              34.6190837114
            ],
            [
              133.8241030636,
              34.6180534273
            ],
            [
              133.8240444323,
              34.6178141428
            ],
            [
              133.8231706318,
              34.6176304836
            ],
            [
              133.8230681395,
              34.6171831068
            ],
            [
              133.8235829476,
              34.617126232
            ],
            [
              133.8238886998,
              34.6165753332
            ],
            [
              133.8235909268,
              34.6163921014
            ],
            [
              133.8227638369,
              34.6162707528
            ],
            [
              133.8226207361,
              34.615875605
            ],
            [
              133.8229147952,
              34.6160809395
            ],
            [
              133.8241577791,
              34.61630079
            ],
            [
              133.8241731199,
              34.6163710018
            ],
            [
              133.8244979832,
              34.6162345925
            ],
            [
              133.8246886562,
              34.6163197599
            ],
            [
              133.8253037586,
              34.6162732963
            ],
            [
              133.8258344322,
              34.6165759542
            ],
            [
              133.8263276454,
              34.6167177323
            ],
            [
              133.8266988535,
              34.6166957461
            ],
            [
              133.8267045803,
              34.6168426872
            ]
          ]
        ]
      }
    },
    {
      "type": "Feature",
      "properties": {
        "key_code": "33423003043",
        "pref": "岡山県",
        "city": "都窪郡",
        "ward": "早島町",
        "district": "矢尾上矢尾",
        "name": "都窪郡 早島町 矢尾上矢尾"
      },
      "geometry": {
        "type": "Polygon",
        "coordinates": [
          [
            [
              133.8358974798,
              34.6199428399
            ],
            [
              133.835722918,
              34.6202596277
            ],
            [
              133.8355160554,
              34.6203310479
            ],
            [
              133.8354642493,
              34.6205710031
            ],
            [
              133.8351325941,
              34.6210942154
            ],
            [
              133.8350192993,
              34.622380087
            ],
            [
              133.8343848036,
              34.62334845
            ],
            [
              133.8343950668,
              34.6243405687
            ],
            [
              133.8339792703,
              34.6242681619
            ],
            [
              133.8337359489,
              34.6241775825
            ],
            [
              133.8328350204,
              34.6234594615
            ],
            [
              133.8318254431,
              34.6228255455
            ],
            [
              133.8304427549,
              34.622095147
            ],
            [
              133.8301823523,
              34.6217762961
            ],
            [
              133.8300693417,
              34.6214372032
            ],
            [
              133.8297986751,
              34.6210321024
            ],
            [
              133.8273516803,
              34.6186190754
            ],
            [
              133.8271485488,
              34.6183360923
            ],
            [
              133.826980246,
              34.6176343354
            ],
            [
              133.8270296025,
              34.6171582909
            ],
            [
              133.8273782269,
              34.617645278
            ],
            [
              133.8278884926,
              34.6179937621
            ],
            [
              133.8294350731,
              34.6186873969
            ],
            [
              133.8299396108,
              34.6187755383
            ],
            [
              133.8298645066,
              34.6185746447
            ],
            [
              133.8300811824,
              34.6183638241
            ],
            [
              133.8306699669,
              34.6182314404
            ],
            [
              133.8309165902,
              34.6178763593
            ],
            [
              133.8309117797,
              34.6177030822
            ],
            [
              133.8304336409,
              34.6172154328
            ],
            [
              133.8310694584,
              34.6165340283
            ],
            [
              133.8315254389,
              34.6166268944
            ],
            [
              133.8315249407,
              34.6167111271
            ],
            [
              133.83170749,
              34.6168600603
            ],
            [
              133.8322935891,
              34.6170074064
            ],
            [
              133.8328503745,
              34.6172859111
            ],
            [
              133.8334088485,
              34.6172781937
            ],
            [
              133.8334084316,
              34.6173489032
            ],
            [
              133.8336709987,
              34.6174089962
            ],
            [
              133.8337999046,
              34.6176689859
            ],
            [
              133.8340238803,
              34.6177069464
            ],
            [
              133.8342229312,
              34.6176081704
            ],
            [
              133.8342016767,
              34.6177090809
            ],
            [
              133.8347391065,
              34.6183103484
            ],
            [
              133.8348550582,
              34.6186297274
            ],
            [
              133.8348516106,
              34.6192158306
            ],
            [
              133.8349352072,
              34.6194740857
            ],
            [
              133.8356134221,
              34.619898863
            ],
            [
              133.8358974798,
              34.6199428399
            ]
          ]
        ]
      }
    },
    {
      "type": "Feature",
      "properties": {
        "key_code": "33423003044",
        "pref": "岡山県",
        "city": "都窪郡",
        "ward": "早島町",
        "district": "矢尾新屋敷，本村の一部",
        "name": "都窪郡 早島町 矢尾新屋敷，本村の一部"
      },
      "geometry": {
        "type": "Polygon",
        "coordinates": [
          [
            [
              133.8343950668,
              34.6243405687
            ],
            [
              133.8343536891,
              34.6246102877
            ],
            [
              133.8338259276,
              34.6256374005
            ],
            [
              133.8337463903,
              34.6257672307
            ],
            [
              133.8333710977,
              34.6259772708
            ],
            [
              133.833307965,
              34.626200276
            ],
            [
              133.8319774613,
              34.625877621
            ],
            [
              133.8315282982,
              34.6268708178
            ],
            [
              133.8303347121,
              34.6277555964
            ],
            [
              133.829441505,
              34.6274502041
            ],
            [
              133.82918711,
              34.6272795617
            ],
            [
              133.8288121032,
              34.6264791986
            ],
            [
              133.8285361249,
              34.6262063422
            ],
            [
              133.8283251719,
              34.626096165
            ],
            [
              133.8267712323,
              34.6258738097
            ],
            [
              133.8266010446,
              34.6254584121
            ],
            [
              133.826008793,
              34.624765461
            ],
            [
              133.8247083662,
              34.6238040445
            ],
            [
              133.8243339522,
              34.6236951532
            ],
            [
              133.8237689492,
              34.6236908307
            ],
            [
              133.822974091,
              34.6231370356
            ],
            [
              133.8226902746,
              34.6230954257
            ],
            [
              133.8227552903,
              34.62253507
            ],
            [
              133.8226395427,
              34.6218766251
            ],
            [
              133.8245266842,
              34.6197235377
            ],
            [
              133.8252325425,
              34.6201048214
            ],
            [
              133.8251960369,
              34.6189504611
            ],
            [
              133.8254922394,
              34.6185358715
            ],
            [
              133.8257782773,
              34.6184390197
            ],
            [
              133.8258543871,
              34.6180136555
            ],
            [
              133.8261499707,
              34.617601879
            ],
            [
              133.8262708225,
              34.6175878711
            ],
            [
              133.8260901055,
              34.6173330103
            ],
            [
              133.8267045803,
              34.6168426872
            ],
            [
              133.8267889893,
              34.6170464387
            ],
            [
              133.8270296025,
              34.6171582909
            ],
            [
              133.826980246,
              34.6176343354
            ],
            [
              133.8271485488,
              34.6183360923
            ],
            [
              133.8273516803,
              34.6186190754
            ],
            [
              133.8297986751,
              34.6210321024
            ],
            [
              133.8300693417,
              34.6214372032
            ],
            [
              133.8301823523,
              34.6217762961
            ],
            [
              133.8304427549,
              34.622095147
            ],
            [
              133.8318254431,
              34.6228255455
            ],
            [
              133.8328350204,
              34.6234594615
            ],
            [
              133.8337359489,
              34.6241775825
            ],
            [
              133.8343950668,
              34.6243405687
            ]
          ]
        ]
      }
    },
    {
      "type": "Feature",
      "properties": {
        "key_code": "334230040",
        "pref": "岡山県",
        "city": "都窪郡",
        "ward": "早島町",
        "district": "若宮",
        "name": "都窪郡 早島町 若宮"
      },
      "geometry": {
        "type": "Polygon",
        "coordinates": [
          [
            [
              133.8328318995,
              34.6124185611
            ],
            [
              133.8344728001,
              34.6126528939
            ],
            [
              133.834573902,
              34.6133881722
            ],
            [
              133.8357005357,
              34.6138211163
            ],
            [
              133.8356849014,
              34.614314485
            ],
            [
              133.8355556582,
              34.6146192026
            ],
            [
              133.8353872009,
              34.6149060116
            ],
            [
              133.8352139696,
              34.6149250265
            ],
            [
              133.8353023041,
              34.6150290591
            ],
            [
              133.8355767824,
              34.6150841261
            ],
            [
              133.8352375713,
              34.6157726761
            ],
            [
              133.8352525545,
              34.6159269789
            ],
            [
              133.8355371878,
              34.616414668
            ],
            [
              133.8354426072,
              34.6168298191
            ],
            [
              133.8357580836,
              34.6174777904
            ],
            [
              133.8357899267,
              34.61800389
            ],
            [
              133.8355800154,
              34.6180437451
            ],
            [
              133.8354247089,
              34.6179839519
            ],
            [
              133.8352132746,
              34.6177467278
            ],
            [
              133.8348898986,
              34.6176311729
            ],
            [
              133.8342229312,
              34.6176081704
            ],
            [
              133.8339178967,
              34.6177065139
            ],
            [
              133.8337187103,
              34.6176113252
            ],
            [
              133.8336709987,
              34.6174089962
            ],
            [
              133.8334084316,
              34.6173489032
            ],
            [
              133.8334088485,
              34.6172781937
            ],
            [
              133.8328503745,
              34.6172859111
            ],
            [
              133.8322935891,
              34.6170074064
            ],
            [
              133.83170749,
              34.6168600603
            ],
            [
              133.8315249407,
              34.6167111271
            ],
            [
              133.8315254389,
              34.6166268944
            ],
            [
              133.8312282934,
              34.6165583447
            ],
            [
              133.8310694584,
              34.6165340283
            ],
            [
              133.8305073527,
              34.6171551655
            ],
            [
              133.8302818074,
              34.6171167701
            ],
            [
              133.8292221161,
              34.6164855811
            ],
            [
              133.8290504132,
              34.6162611877
            ],
            [
              133.8286243918,
              34.61594475
            ],
            [
              133.8287210642,
              34.6158773953
            ],
            [
              133.829593134,
              34.6159929721
            ],
            [
              133.8298760809,
              34.6157760854
            ],
            [
              133.8299918635,
              34.614928303
            ],
            [
              133.8299634423,
              34.6148077504
            ],
            [
              133.8296729964,
              34.6146232963
            ],
            [
              133.8297756018,
              34.614524976
            ],
            [
              133.8296374872,
              34.6141322529
            ],
            [
              133.8296805534,
              34.6137876047
            ],
            [
              133.8301404815,
              34.6137366747
            ],
            [
              133.8304486374,
              34.6139297928
            ],
            [
              133.8308947803,
              34.6140417791
            ],
            [
              133.8310324696,
              34.6140033265
            ],
            [
              133.8312687568,
              34.6136436948
            ],
            [
              133.8316875938,
              34.614007705
            ],
            [
              133.8318653689,
              34.6137385461
            ],
            [
              133.8318592202,
              34.6133229834
            ],
            [
              133.8320654302,
              34.6133238286
            ],
            [
              133.8322682161,
              34.6131754884
            ],
            [
              133.8323646012,
              34.6127952798
            ],
            [
              133.8327767143,
              34.6126532898
            ],
            [
              133.8328318995,
              34.6124185611
            ]
          ]
        ]
      }
    }
  ]
}
