{
  "type": "FeatureCollection",
  "features": [
    {
      "type": "Feature",
      "properties": {
        "key_code": "33461001001",
        "pref": "岡山県",
        "city": "小田郡",
        "ward": "矢掛町",
        "district": "矢掛栄町，病院町",
        "name": "小田郡 矢掛町 矢掛栄町，病院町"
      },
      "geometry": {
        "type": "Polygon",
        "coordinates": [
          [
            [
              133.5897215464,
              34.6287584594
            ],
            [
              133.5888167041,
              34.6304481576
            ],
            [
              133.5843497401,
              34.6290505616
            ],
            [
              133.5852363304,
              34.6272209044
            ],
            [
              133.5897215464,
              34.6287584594
            ]
          ]
        ]
      }
    },
    {
      "type": "Feature",
      "properties": {
        "key_code": "33461001002",
        "pref": "岡山県",
        "city": "小田郡",
        "ward": "矢掛町",
        "district": "矢掛金谷",
        "name": "小田郡 矢掛町 矢掛金谷"
      },
      "geometry": {
        "type": "Polygon",
        "coordinates": [
          [
            [
              133.5940440855,
              34.6277798898
            ],
            [
              133.5937418656,
              34.6276851016
            ],
            [
              133.5920956748,
              34.6275726126
            ],
            [
              133.5918345446,
              34.6274852518
            ],
            [
              133.5922692502,
              34.6264486469
            ],
            [
              133.5921445951,
              34.626392114
            ],
            [
              133.5923938871,
              34.6257594894
            ],
            [
              133.5924392579,
              34.6252942356
            ],
            [
              133.5927589647,
              34.6251839059
            ],
            [
              133.5924817525,
              34.6247402247
            ],
            [
              133.5930823499,
              34.6244769336
            ],
            [
              133.5931353314,
              34.6250349019
            ],
            [
              133.5936957297,
              34.6248467229
            ],
            [
              133.5941627046,
              34.6248270046
            ],
            [
              133.5941544291,
              34.6246072199
            ],
            [
              133.5952634089,
              34.6246406687
            ],
            [
              133.5952981031,
              34.6255337609
            ],
            [
              133.5945632291,
              34.6268263297
            ],
            [
              133.5944278009,
              34.6269276332
            ],
            [
              133.5944165545,
              34.627148709
            ],
            [
              133.5940440855,
              34.6277798898
            ]
          ]
        ]
      }
    },
    {
      "type": "Feature",
      "properties": {
        "key_code": "33461001003",
        "pref": "岡山県",
        "city": "小田郡",
        "ward": "矢掛町",
        "district": "矢掛中町北，上本町，金谷",
        "name": "小田郡 矢掛町 矢掛中町北，上本町，金谷"
      },
      "geometry": {
        "type": "Polygon",
        "coordinates": [
          [
            [
              133.5897215464,
              34.6287584594
            ],
            [
              133.587441965,
              34.6279770855
            ],
            [
              133.588331534,
              34.6262055951
            ],
            [
              133.5884536454,
              34.6261842233
            ],
            [
              133.589003849,
              34.6251359352
            ],
            [
              133.5890187131,
              34.624950236
            ],
            [
              133.5901267602,
              34.6249547098
            ],
            [
              133.5924759716,
              34.6246717334
            ],
            [
              133.5927589647,
              34.6251839059
            ],
            [
              133.5924392579,
              34.6252942356
            ],
            [
              133.5923938871,
              34.6257594894
            ],
            [
              133.5921445951,
              34.626392114
            ],
            [
              133.5922692502,
              34.6264486469
            ],
            [
              133.5918345446,
              34.6274852518
            ],
            [
              133.5905909666,
              34.6270248685
            ],
            [
              133.5897215464,
              34.6287584594
            ]
          ]
        ]
      }
    },
    {
      "type": "Feature",
      "properties": {
        "key_code": "33461001004",
        "pref": "岡山県",
        "city": "小田郡",
        "ward": "矢掛町",
        "district": "矢掛相生町",
        "name": "小田郡 矢掛町 矢掛相生町"
      },
      "geometry": {
        "type": "Polygon",
        "coordinates": [
          [
            [
              133.5880096434,
              34.6268639716
            ],
            [
              133.5871548276,
              34.6265597315
            ],
            [
              133.5868751835,
              34.6266284564
            ],
            [
              133.5872351381,
              34.6257732558
            ],
            [
              133.5862149839,
              34.625447999
            ],
            [
              133.5866989057,
              34.6245163664
            ],
            [
              133.5877811324,
              34.62486369
            ],
            [
              133.5890187131,
              34.624950236
            ],
            [
              133.589003849,
              34.6251359352
            ],
            [
              133.5884536454,
              34.6261842233
            ],
            [
              133.588331534,
              34.6262055951
            ],
            [
              133.5880096434,
              34.6268639716
            ]
          ]
        ]
      }
    },
    {
      "type": "Feature",
      "properties": {
        "key_code": "33461001005",
        "pref": "岡山県",
        "city": "小田郡",
        "ward": "矢掛町",
        "district": "矢掛田町東",
        "name": "小田郡 矢掛町 矢掛田町東"
      },
      "geometry": {
        "type": "Polygon",
        "coordinates": [
          [
            [
              133.587441965,
              34.6279770855
            ],
            [
              133.5852363304,
              34.6272209044
            ],
            [
              133.5862149839,
              34.625447999
            ],
            [
              133.5872351381,
              34.6257732558
            ],
            [
              133.5868751835,
              34.6266284564
            ],
            [
              133.5871548276,
              34.6265597315
            ],
            [
              133.5880096434,
              34.6268639716
            ],
            [
              133.587441965,
              34.6279770855
            ]
          ]
        ]
      }
    },
    {
      "type": "Feature",
      "properties": {
        "key_code": "33461001006",
        "pref": "岡山県",
        "city": "小田郡",
        "ward": "矢掛町",
        "district": "矢掛西町北",
        "name": "小田郡 矢掛町 矢掛西町北"
      },
      "geometry": {
        "type": "Polygon",
        "coordinates": [
          [
            [
              133.5866989057,
              34.6245163664
            ],
            [
              133.5862227387,
              34.6243828889
            ],
            [
              133.5858108408,
              34.6241037335
            ],
            [
              133.5857126447,
              34.6241662379
            ],
            [
              133.5853589286,
              34.6240306869
            ],
            [
              133.5855583437,
              34.6236256741
            ],
            [
              133.5871344799,
              34.6237783971
            ],
            [
              133.5866989057,
              34.6245163664
            ]
          ]
        ]
      }
    },
    {
      "type": "Feature",
      "properties": {
        "key_code": "33461001007",
        "pref": "岡山県",
        "city": "小田郡",
        "ward": "矢掛町",
        "district": "矢掛胡町北",
        "name": "小田郡 矢掛町 矢掛胡町北"
      },
      "geometry": {
        "type": "Polygon",
        "coordinates": [
          [
            [
              133.5890187131,
              34.624950236
            ],
            [
              133.5877811324,
              34.62486369
            ],
            [
              133.5866989057,
              34.6245163664
            ],
            [
              133.5871344799,
              34.6237783971
            ],
            [
              133.5890514569,
              34.6239640187
            ],
            [
              133.5890187131,
              34.624950236
            ]
          ]
        ]
      }
    },
    {
      "type": "Feature",
      "properties": {
        "key_code": "33461001008",
        "pref": "岡山県",
        "city": "小田郡",
        "ward": "矢掛町",
        "district": "矢掛中町西北",
        "name": "小田郡 矢掛町 矢掛中町西北"
      },
      "geometry": {
        "type": "Polygon",
        "coordinates": [
          [
            [
              133.5902177504,
              34.6249452608
            ],
            [
              133.5890187131,
              34.624950236
            ],
            [
              133.5890514569,
              34.6239640187
            ],
            [
              133.5902595111,
              34.6240737561
            ],
            [
              133.5902177504,
              34.6249452608
            ]
          ]
        ]
      }
    },
    {
      "type": "Feature",
      "properties": {
        "key_code": "33461001009",
        "pref": "岡山県",
        "city": "小田郡",
        "ward": "矢掛町",
        "district": "矢掛東中町北",
        "name": "小田郡 矢掛町 矢掛東中町北"
      },
      "geometry": {
        "type": "Polygon",
        "coordinates": [
          [
            [
              133.5916659709,
              34.6247606424
            ],
            [
              133.5902177504,
              34.6249452608
            ],
            [
              133.5902595111,
              34.6240737561
            ],
            [
              133.5917542286,
              34.6242059223
            ],
            [
              133.5916659709,
              34.6247606424
            ]
          ]
        ]
      }
    },
    {
      "type": "Feature",
      "properties": {
        "key_code": "33461001010",
        "pref": "岡山県",
        "city": "小田郡",
        "ward": "矢掛町",
        "district": "矢掛東町",
        "name": "小田郡 矢掛町 矢掛東町"
      },
      "geometry": {
        "type": "Polygon",
        "coordinates": [
          [
            [
              133.5924817525,
              34.6247402247
            ],
            [
              133.5924759716,
              34.6246717334
            ],
            [
              133.5916659709,
              34.6247606424
            ],
            [
              133.5917542286,
              34.6242059223
            ],
            [
              133.5932320439,
              34.6242655683
            ],
            [
              133.5952785787,
              34.6237833733
            ],
            [
              133.5952634089,
              34.6246406687
            ],
            [
              133.5941544291,
              34.6246072199
            ],
            [
              133.5941627046,
              34.6248270046
            ],
            [
              133.5936957297,
              34.6248467229
            ],
            [
              133.5931353314,
              34.6250349019
            ],
            [
              133.5931096117,
              34.6244770984
            ],
            [
              133.5924817525,
              34.6247402247
            ]
          ]
        ]
      }
    },
    {
      "type": "Feature",
      "properties": {
        "key_code": "33461001011",
        "pref": "岡山県",
        "city": "小田郡",
        "ward": "矢掛町",
        "district": "矢掛東町",
        "name": "小田郡 矢掛町 矢掛東町"
      },
      "geometry": {
        "type": "Polygon",
        "coordinates": [
          [
            [
              133.5940441606,
              34.6240908822
            ],
            [
              133.5930153608,
              34.6242876415
            ],
            [
              133.5918025007,
              34.6242097366
            ],
            [
              133.5919319826,
              34.6229852146
            ],
            [
              133.5931896958,
              34.6230085978
            ],
            [
              133.5941420738,
              34.6228965943
            ],
            [
              133.5940441606,
              34.6240908822
            ]
          ]
        ]
      }
    },
    {
      "type": "Feature",
      "properties": {
        "key_code": "33461001012",
        "pref": "岡山県",
        "city": "小田郡",
        "ward": "矢掛町",
        "district": "矢掛東中町南東",
        "name": "小田郡 矢掛町 矢掛東中町南東"
      },
      "geometry": {
        "type": "Polygon",
        "coordinates": [
          [
            [
              133.5918025007,
              34.6242097366
            ],
            [
              133.5907719925,
              34.6241192614
            ],
            [
              133.5908841675,
              34.6228882963
            ],
            [
              133.5919319826,
              34.6229852146
            ],
            [
              133.5918025007,
              34.6242097366
            ]
          ]
        ]
      }
    },
    {
      "type": "Feature",
      "properties": {
        "key_code": "33461001013",
        "pref": "岡山県",
        "city": "小田郡",
        "ward": "矢掛町",
        "district": "矢掛中町南",
        "name": "小田郡 矢掛町 矢掛中町南"
      },
      "geometry": {
        "type": "Polygon",
        "coordinates": [
          [
            [
              133.5907719925,
              34.6241192614
            ],
            [
              133.5890514569,
              34.6239640187
            ],
            [
              133.5891811932,
              34.6226296306
            ],
            [
              133.5908841675,
              34.6228882963
            ],
            [
              133.5907719925,
              34.6241192614
            ]
          ]
        ]
      }
    },
    {
      "type": "Feature",
      "properties": {
        "key_code": "33461001014",
        "pref": "岡山県",
        "city": "小田郡",
        "ward": "矢掛町",
        "district": "矢掛胡町南，西町南",
        "name": "小田郡 矢掛町 矢掛胡町南，西町南"
      },
      "geometry": {
        "type": "Polygon",
        "coordinates": [
          [
            [
              133.5890514569,
              34.6239640187
            ],
            [
              133.5859769963,
              34.6236831639
            ],
            [
              133.5853647094,
              34.6234812407
            ],
            [
              133.5857497177,
              34.6233001966
            ],
            [
              133.5865028235,
              34.6231323829
            ],
            [
              133.5865339566,
              34.6224719552
            ],
            [
              133.5891811932,
              34.6226296306
            ],
            [
              133.5890514569,
              34.6239640187
            ]
          ]
        ]
      }
    },
    {
      "type": "Feature",
      "properties": {
        "key_code": "33461001015",
        "pref": "岡山県",
        "city": "小田郡",
        "ward": "矢掛町",
        "district": "矢掛野呂",
        "name": "小田郡 矢掛町 矢掛野呂"
      },
      "geometry": {
        "type": "Polygon",
        "coordinates": [
          [
            [
              133.5828429063,
              34.6316442191
            ],
            [
              133.5843868561,
              34.6290636066
            ],
            [
              133.5872257089,
              34.629950985
            ],
            [
              133.5864425901,
              34.6316277468
            ],
            [
              133.5854885358,
              34.6319143473
            ],
            [
              133.5851518008,
              34.6319052507
            ],
            [
              133.5841858311,
              34.634930422
            ],
            [
              133.5828750858,
              34.633676537
            ],
            [
              133.5824081964,
              34.6329870442
            ],
            [
              133.5828429063,
              34.6316442191
            ]
          ]
        ]
      }
    },
    {
      "type": "Feature",
      "properties": {
        "key_code": "33461001016",
        "pref": "岡山県",
        "city": "小田郡",
        "ward": "矢掛町",
        "district": "矢掛内神",
        "name": "小田郡 矢掛町 矢掛内神"
      },
      "geometry": {
        "type": "Polygon",
        "coordinates": [
          [
            [
              133.5943592324,
              34.6399886849
            ],
            [
              133.5946155028,
              34.6404274424
            ],
            [
              133.5945845712,
              34.6408312297
            ],
            [
              133.5947102534,
              34.6420636256
            ],
            [
              133.5939047362,
              34.6421848446
            ],
            [
              133.5933200316,
              34.6420446927
            ],
            [
              133.5928974352,
              34.641518022
            ],
            [
              133.5920038383,
              34.6412334543
            ],
            [
              133.5918605188,
              34.6410787744
            ],
            [
              133.5915056002,
              34.6402933314
            ],
            [
              133.5909591793,
              34.6397318161
            ],
            [
              133.5902188194,
              34.6396674733
            ],
            [
              133.5900753195,
              34.6395241988
            ],
            [
              133.5889770055,
              34.6397909468
            ],
            [
              133.5885633327,
              34.6398054813
            ],
            [
              133.5879998556,
              34.6396197929
            ],
            [
              133.5877419501,
              34.639168191
            ],
            [
              133.5875818103,
              34.6385805501
            ],
            [
              133.5872289695,
              34.6381496383
            ],
            [
              133.5867172013,
              34.638147935
            ],
            [
              133.5865543704,
              34.637471959
            ],
            [
              133.5863784485,
              34.6371063511
            ],
            [
              133.5860163377,
              34.6367508774
            ],
            [
              133.5858374442,
              34.6363367979
            ],
            [
              133.5851054083,
              34.6357284885
            ],
            [
              133.5843574253,
              34.6353593889
            ],
            [
              133.5843118082,
              34.6350685251
            ],
            [
              133.5841858311,
              34.634930422
            ],
            [
              133.5851518008,
              34.6319052507
            ],
            [
              133.5854885358,
              34.6319143473
            ],
            [
              133.5864425901,
              34.6316277468
            ],
            [
              133.5872257089,
              34.629950985
            ],
            [
              133.5888167041,
              34.6304481576
            ],
            [
              133.5888807502,
              34.6303271299
            ],
            [
              133.5895115101,
              34.6304039211
            ],
            [
              133.5899281016,
              34.63031447
            ],
            [
              133.5900198801,
              34.6305329293
            ],
            [
              133.5900111965,
              34.6308572649
            ],
            [
              133.5903770082,
              34.6312079577
            ],
            [
              133.5904707459,
              34.6318670223
            ],
            [
              133.5908104619,
              34.6325274348
            ],
            [
              133.591033025,
              34.6328333106
            ],
            [
              133.5913810634,
              34.6329420436
            ],
            [
              133.5916122278,
              34.6331434555
            ],
            [
              133.5922395209,
              34.6341890082
            ],
            [
              133.5918990654,
              34.6342521667
            ],
            [
              133.591727971,
              34.6343764926
            ],
            [
              133.5915540188,
              34.6348220911
            ],
            [
              133.5914396287,
              34.6357369546
            ],
            [
              133.5916765762,
              34.6364006851
            ],
            [
              133.5927654672,
              34.6378599071
            ],
            [
              133.593303001,
              34.6388466035
            ],
            [
              133.5937320904,
              34.6394085274
            ],
            [
              133.5943592324,
              34.6399886849
            ]
          ]
        ]
      }
    },
    {
      "type": "Feature",
      "properties": {
        "key_code": "33461001017",
        "pref": "岡山県",
        "city": "小田郡",
        "ward": "矢掛町",
        "district": "矢掛尾崎，和田",
        "name": "小田郡 矢掛町 矢掛尾崎，和田"
      },
      "geometry": {
        "type": "Polygon",
        "coordinates": [
          [
            [
              133.5943592324,
              34.6399886849
            ],
            [
              133.5937320904,
              34.6394085274
            ],
            [
              133.593303001,
              34.6388466035
            ],
            [
              133.5927654672,
              34.6378599071
            ],
            [
              133.5916765762,
              34.6364006851
            ],
            [
              133.5914564789,
              34.6358927006
            ],
            [
              133.5914397906,
              34.6353834099
            ],
            [
              133.5916168651,
              34.63458668
            ],
            [
              133.591727971,
              34.6343764926
            ],
            [
              133.5918990654,
              34.6342521667
            ],
            [
              133.5922395209,
              34.6341890082
            ],
            [
              133.5916122278,
              34.6331434555
            ],
            [
              133.5913810634,
              34.6329420436
            ],
            [
              133.591033025,
              34.6328333106
            ],
            [
              133.5908104619,
              34.6325274348
            ],
            [
              133.5904707459,
              34.6318670223
            ],
            [
              133.5903770082,
              34.6312079577
            ],
            [
              133.5900111965,
              34.6308572649
            ],
            [
              133.5900198801,
              34.6305329293
            ],
            [
              133.5899281016,
              34.63031447
            ],
            [
              133.5895115101,
              34.6304039211
            ],
            [
              133.5888807502,
              34.6303271299
            ],
            [
              133.5901657781,
              34.6279754634
            ],
            [
              133.5905909666,
              34.6270248685
            ],
            [
              133.5920956748,
              34.6275726126
            ],
            [
              133.5938603004,
              34.6277037052
            ],
            [
              133.5951853795,
              34.6285183707
            ],
            [
              133.5952242558,
              34.6289010237
            ],
            [
              133.5948903815,
              34.633038018
            ],
            [
              133.5950409034,
              34.6345639525
            ],
            [
              133.595382928,
              34.6357107326
            ],
            [
              133.5961547148,
              34.6359853893
            ],
            [
              133.5961644432,
              34.6361284148
            ],
            [
              133.5959540811,
              34.6361646184
            ],
            [
              133.5959259832,
              34.6362392424
            ],
            [
              133.5961764263,
              34.6364792138
            ],
            [
              133.5961916529,
              34.6366267794
            ],
            [
              133.5967699092,
              34.6373676291
            ],
            [
              133.5967306596,
              34.637441061
            ],
            [
              133.5965852938,
              34.6374501894
            ],
            [
              133.5971342531,
              34.6392715002
            ],
            [
              133.5971968707,
              34.6404026603
            ],
            [
              133.5971267443,
              34.6405757733
            ],
            [
              133.5969439541,
              34.6407114478
            ],
            [
              133.596451608,
              34.6407084943
            ],
            [
              133.5961900422,
              34.640616777
            ],
            [
              133.5957617002,
              34.6406709697
            ],
            [
              133.5947657553,
              34.6401078999
            ],
            [
              133.5943592324,
              34.6399886849
            ]
          ]
        ]
      }
    },
    {
      "type": "Feature",
      "properties": {
        "key_code": "33461001018",
        "pref": "岡山県",
        "city": "小田郡",
        "ward": "矢掛町",
        "district": "矢掛堀",
        "name": "小田郡 矢掛町 矢掛堀"
      },
      "geometry": {
        "type": "Polygon",
        "coordinates": [
          [
            [
              133.5995791971,
              34.6462237266
            ],
            [
              133.5988519259,
              34.6464857377
            ],
            [
              133.5976420225,
              34.6470878454
            ],
            [
              133.5973278861,
              34.6470993433
            ],
            [
              133.5966819522,
              34.6456529281
            ],
            [
              133.596745469,
              34.6453422909
            ],
            [
              133.5972612275,
              34.6443392404
            ],
            [
              133.5973430577,
              34.6440087209
            ],
            [
              133.5972781515,
              34.6438025432
            ],
            [
              133.5969098506,
              34.6435696152
            ],
            [
              133.5964154782,
              34.6435239724
            ],
            [
              133.5960252478,
              34.6430248346
            ],
            [
              133.5954083589,
              34.6427553363
            ],
            [
              133.5952046399,
              34.6424529641
            ],
            [
              133.5946717112,
              34.6419605689
            ],
            [
              133.5946155028,
              34.6404274424
            ],
            [
              133.5943592324,
              34.6399886849
            ],
            [
              133.5947657553,
              34.6401078999
            ],
            [
              133.5957617002,
              34.6406709697
            ],
            [
              133.5961900422,
              34.640616777
            ],
            [
              133.596451608,
              34.6407084943
            ],
            [
              133.5969439541,
              34.6407114478
            ],
            [
              133.5971267443,
              34.6405757733
            ],
            [
              133.5971968707,
              34.6404026603
            ],
            [
              133.5971342531,
              34.6392715002
            ],
            [
              133.5965852938,
              34.6374501894
            ],
            [
              133.5967306596,
              34.637441061
            ],
            [
              133.5967699092,
              34.6373676291
            ],
            [
              133.5961916529,
              34.6366267794
            ],
            [
              133.5961764263,
              34.6364792138
            ],
            [
              133.5959259832,
              34.6362392424
            ],
            [
              133.5959540811,
              34.6361646184
            ],
            [
              133.5961644432,
              34.6361284148
            ],
            [
              133.5961547148,
              34.6359853893
            ],
            [
              133.595382928,
              34.6357107326
            ],
            [
              133.5950409034,
              34.6345639525
            ],
            [
              133.5948903815,
              34.633038018
            ],
            [
              133.5952242558,
              34.6289010237
            ],
            [
              133.5951853795,
              34.6285183707
            ],
            [
              133.5940440855,
              34.6277798898
            ],
            [
              133.5944165545,
              34.627148709
            ],
            [
              133.5944278009,
              34.6269276332
            ],
            [
              133.5946093989,
              34.6267504054
            ],
            [
              133.5953175624,
              34.6254240109
            ],
            [
              133.5998782582,
              34.626853316
            ],
            [
              133.599105156,
              34.6283247103
            ],
            [
              133.5991687418,
              34.6284863687
            ],
            [
              133.5991020177,
              34.6286814748
            ],
            [
              133.5994989976,
              34.6285910285
            ],
            [
              133.5993270108,
              34.6293331457
            ],
            [
              133.5988306504,
              34.6293884872
            ],
            [
              133.5982489277,
              34.6296747386
            ],
            [
              133.5986397293,
              34.6298028637
            ],
            [
              133.5987090808,
              34.6308389789
            ],
            [
              133.5987993911,
              34.6310526318
            ],
            [
              133.5997876559,
              34.631780706
            ],
            [
              133.6003360229,
              34.6318493411
            ],
            [
              133.6007091622,
              34.6321662383
            ],
            [
              133.6012380873,
              34.6321981312
            ],
            [
              133.6016990329,
              34.6326464037
            ],
            [
              133.6022382177,
              34.6326455347
            ],
            [
              133.6021351086,
              34.6331232605
            ],
            [
              133.6024940651,
              34.6344867547
            ],
            [
              133.6028129567,
              34.6347830402
            ],
            [
              133.6025232158,
              34.6351082359
            ],
            [
              133.6022084769,
              34.6349019804
            ],
            [
              133.6018456102,
              34.6351123649
            ],
            [
              133.6017352644,
              34.6352874925
            ],
            [
              133.60161865,
              34.6356138602
            ],
            [
              133.6018263392,
              34.6356193245
            ],
            [
              133.6019588507,
              34.6357344884
            ],
            [
              133.6019775595,
              34.6361373018
            ],
            [
              133.6018130669,
              34.6362875983
            ],
            [
              133.6021149149,
              34.6368371819
            ],
            [
              133.6022038334,
              34.6368417967
            ],
            [
              133.6023237912,
              34.6367075731
            ],
            [
              133.6026299996,
              34.6367502457
            ],
            [
              133.6024090185,
              34.6371331816
            ],
            [
              133.6014020471,
              34.6377507411
            ],
            [
              133.6011961015,
              34.6381091145
            ],
            [
              133.6011904761,
              34.638186833
            ],
            [
              133.6014040478,
              34.6380858476
            ],
            [
              133.6015965584,
              34.6381320702
            ],
            [
              133.6016513289,
              34.638367484
            ],
            [
              133.6018084222,
              34.6385074455
            ],
            [
              133.601712539,
              34.6387235082
            ],
            [
              133.6022110665,
              34.6388449406
            ],
            [
              133.6022572962,
              34.6392090453
            ],
            [
              133.6026078614,
              34.6392766323
            ],
            [
              133.6029846545,
              34.6391807013
            ],
            [
              133.6031516718,
              34.6393166356
            ],
            [
              133.6027758259,
              34.6407144966
            ],
            [
              133.6016744935,
              34.6407870901
            ],
            [
              133.6014129895,
              34.6410086439
            ],
            [
              133.6012440448,
              34.6413251231
            ],
            [
              133.6016340569,
              34.6430353182
            ],
            [
              133.6020896355,
              34.6437717495
            ],
            [
              133.6021082448,
              34.6440207515
            ],
            [
              133.6019298041,
              34.6442342096
            ],
            [
              133.6011996289,
              34.6446074839
            ],
            [
              133.6002315893,
              34.6448762259
            ],
            [
              133.5998215067,
              34.6454574931
            ],
            [
              133.5995791971,
              34.6462237266
            ]
          ]
        ]
      }
    },
    {
      "type": "Feature",
      "properties": {
        "key_code": "33461001019",
        "pref": "岡山県",
        "city": "小田郡",
        "ward": "矢掛町",
        "district": "矢掛若林東，若林中",
        "name": "小田郡 矢掛町 矢掛若林東，若林中"
      },
      "geometry": {
        "type": "Polygon",
        "coordinates": [
          [
            [
              133.6099561317,
              34.6406946652
            ],
            [
              133.6089705018,
              34.6406030672
            ],
            [
              133.6082742633,
              34.6406675482
            ],
            [
              133.6058841171,
              34.6402973105
            ],
            [
              133.6051912509,
              34.6399755705
            ],
            [
              133.6048658127,
              34.6403769051
            ],
            [
              133.6027758259,
              34.6407144966
            ],
            [
              133.6031516718,
              34.6393166356
            ],
            [
              133.6029846545,
              34.6391807013
            ],
            [
              133.6026078614,
              34.6392766323
            ],
            [
              133.6022572962,
              34.6392090453
            ],
            [
              133.6022110665,
              34.6388449406
            ],
            [
              133.601712539,
              34.6387235082
            ],
            [
              133.6018084222,
              34.6385074455
            ],
            [
              133.6016513289,
              34.638367484
            ],
            [
              133.6015523917,
              34.638086733
            ],
            [
              133.6011904761,
              34.638186833
            ],
            [
              133.6014020471,
              34.6377507411
            ],
            [
              133.6024090185,
              34.6371331816
            ],
            [
              133.6026299996,
              34.6367502457
            ],
            [
              133.6023237912,
              34.6367075731
            ],
            [
              133.6022038334,
              34.6368417967
            ],
            [
              133.6021149149,
              34.6368371819
            ],
            [
              133.6018130669,
              34.6362875983
            ],
            [
              133.6019775595,
              34.6361373018
            ],
            [
              133.6019588507,
              34.6357344884
            ],
            [
              133.6018263392,
              34.6356193245
            ],
            [
              133.60161865,
              34.6356138602
            ],
            [
              133.6018456102,
              34.6351123649
            ],
            [
              133.6020795845,
              34.6349379745
            ],
            [
              133.6022431188,
              34.6349062714
            ],
            [
              133.6025232158,
              34.6351082359
            ],
            [
              133.6028129567,
              34.6347830402
            ],
            [
              133.6024940651,
              34.6344867547
            ],
            [
              133.6021351086,
              34.6331232605
            ],
            [
              133.6024552148,
              34.631334631
            ],
            [
              133.6019931438,
              34.6303539259
            ],
            [
              133.6013585355,
              34.6294234604
            ],
            [
              133.6013365057,
              34.6288072332
            ],
            [
              133.60064268,
              34.6286556158
            ],
            [
              133.6004631083,
              34.6285355214
            ],
            [
              133.6005296137,
              34.6282485763
            ],
            [
              133.5993580253,
              34.6278219632
            ],
            [
              133.6000666441,
              34.6265130098
            ],
            [
              133.60116893,
              34.6257289764
            ],
            [
              133.6022637677,
              34.6256562065
            ],
            [
              133.6027147859,
              34.6255028271
            ],
            [
              133.603344783,
              34.6256243336
            ],
            [
              133.6044133085,
              34.6260856512
            ],
            [
              133.6042627529,
              34.6262134971
            ],
            [
              133.6042227278,
              34.6272344576
            ],
            [
              133.6072083097,
              34.6289256625
            ],
            [
              133.6076917453,
              34.6282591837
            ],
            [
              133.6079590592,
              34.628097937
            ],
            [
              133.6082332238,
              34.6286480456
            ],
            [
              133.6081902106,
              34.6288327328
            ],
            [
              133.6088019571,
              34.6289307199
            ],
            [
              133.6110314587,
              34.6298320776
            ],
            [
              133.6125240591,
              34.6301154988
            ],
            [
              133.6125813706,
              34.6306908037
            ],
            [
              133.6125267409,
              34.6310079693
            ],
            [
              133.6126181916,
              34.631231619
            ],
            [
              133.612885965,
              34.63149067
            ],
            [
              133.6131616775,
              34.6320244341
            ],
            [
              133.6133832736,
              34.6328066298
            ],
            [
              133.6139587646,
              34.6334965232
            ],
            [
              133.6143320821,
              34.6341552313
            ],
            [
              133.614453024,
              34.6345763897
            ],
            [
              133.6145188971,
              34.6353662653
            ],
            [
              133.6143338234,
              34.6369571265
            ],
            [
              133.6141420052,
              34.6375311181
            ],
            [
              133.6135713471,
              34.6386861749
            ],
            [
              133.612944807,
              34.6396994806
            ],
            [
              133.6128480683,
              34.6400765478
            ],
            [
              133.6125453854,
              34.6402549255
            ],
            [
              133.612202984,
              34.6402272803
            ],
            [
              133.6115821069,
              34.6399833335
            ],
            [
              133.6107621924,
              34.6399441441
            ],
            [
              133.6103656589,
              34.6401649253
            ],
            [
              133.6099561317,
              34.6406946652
            ]
          ]
        ]
      }
    },
    {
      "type": "Feature",
      "properties": {
        "key_code": "33461001020",
        "pref": "岡山県",
        "city": "小田郡",
        "ward": "矢掛町",
        "district": "矢掛若林西，江木",
        "name": "小田郡 矢掛町 矢掛若林西，江木"
      },
      "geometry": {
        "type": "Polygon",
        "coordinates": [
          [
            [
              133.5993580253,
              34.6278219632
            ],
            [
              133.6005296137,
              34.6282485763
            ],
            [
              133.6004631083,
              34.6285355214
            ],
            [
              133.60064268,
              34.6286556158
            ],
            [
              133.6013636077,
              34.6288451439
            ],
            [
              133.6013585355,
              34.6294234604
            ],
            [
              133.6019931438,
              34.6303539259
            ],
            [
              133.6024552148,
              34.631334631
            ],
            [
              133.6022382177,
              34.6326455347
            ],
            [
              133.6016990329,
              34.6326464037
            ],
            [
              133.6012380873,
              34.6321981312
            ],
            [
              133.6007091622,
              34.6321662383
            ],
            [
              133.6003360229,
              34.6318493411
            ],
            [
              133.5997876559,
              34.631780706
            ],
            [
              133.5987993911,
              34.6310526318
            ],
            [
              133.5987090808,
              34.6308389789
            ],
            [
              133.5986397293,
              34.6298028637
            ],
            [
              133.5982489277,
              34.6296747386
            ],
            [
              133.5988306504,
              34.6293884872
            ],
            [
              133.5993270108,
              34.6293331457
            ],
            [
              133.5994989976,
              34.6285910285
            ],
            [
              133.5991020177,
              34.6286814748
            ],
            [
              133.5991687418,
              34.6284863687
            ],
            [
              133.599105156,
              34.6283247103
            ],
            [
              133.5993580253,
              34.6278219632
            ]
          ]
        ]
      }
    },
    {
      "type": "Feature",
      "properties": {
        "key_code": "33461001021",
        "pref": "岡山県",
        "city": "小田郡",
        "ward": "矢掛町",
        "district": "矢掛栄町",
        "name": "小田郡 矢掛町 矢掛栄町"
      },
      "geometry": {
        "type": "Polygon",
        "coordinates": [
          [
            [
              133.5835568879,
              34.6305427264
            ],
            [
              133.5828777213,
              34.6306846359
            ],
            [
              133.5821360206,
              34.6304848653
            ],
            [
              133.5836057308,
              34.6266545512
            ],
            [
              133.5852363304,
              34.6272209044
            ],
            [
              133.5843868561,
              34.6290636066
            ],
            [
              133.5835568879,
              34.6305427264
            ]
          ]
        ]
      }
    },
    {
      "type": "Feature",
      "properties": {
        "key_code": "33461001022",
        "pref": "岡山県",
        "city": "小田郡",
        "ward": "矢掛町",
        "district": "矢掛宮の下，東町東",
        "name": "小田郡 矢掛町 矢掛宮の下，東町東"
      },
      "geometry": {
        "type": "Polygon",
        "coordinates": [
          [
            [
              133.6044133085,
              34.6260856512
            ],
            [
              133.603344783,
              34.6256243336
            ],
            [
              133.6027147859,
              34.6255028271
            ],
            [
              133.6022637677,
              34.6256562065
            ],
            [
              133.60116893,
              34.6257289764
            ],
            [
              133.6000666441,
              34.6265130098
            ],
            [
              133.5998782582,
              34.626853316
            ],
            [
              133.5985800526,
              34.6264694622
            ],
            [
              133.5953175624,
              34.6254240109
            ],
            [
              133.5952785787,
              34.6237833733
            ],
            [
              133.5940441606,
              34.6240908822
            ],
            [
              133.5941420738,
              34.6228965943
            ],
            [
              133.5954720873,
              34.6224130282
            ],
            [
              133.5960087595,
              34.6221403254
            ],
            [
              133.5964627958,
              34.6217703543
            ],
            [
              133.5980894151,
              34.6195477096
            ],
            [
              133.5991139106,
              34.6171223981
            ],
            [
              133.6001715565,
              34.6178852659
            ],
            [
              133.6003153281,
              34.6183536259
            ],
            [
              133.6003859387,
              34.6191398818
            ],
            [
              133.6003272694,
              34.6195726613
            ],
            [
              133.6007945726,
              34.619812092
            ],
            [
              133.6010119348,
              34.620477242
            ],
            [
              133.6016332517,
              34.6207484351
            ],
            [
              133.6021348977,
              34.6213087925
            ],
            [
              133.60277099,
              34.6225688702
            ],
            [
              133.6028811541,
              34.6231322426
            ],
            [
              133.6033091622,
              34.6235231287
            ],
            [
              133.6039104663,
              34.6238357434
            ],
            [
              133.6056783351,
              34.6245040387
            ],
            [
              133.6056913831,
              34.6246587752
            ],
            [
              133.6049567087,
              34.6253438985
            ],
            [
              133.6044133085,
              34.6260856512
            ]
          ]
        ]
      }
    },
    {
      "type": "Feature",
      "properties": {
        "key_code": "33461002001",
        "pref": "岡山県",
        "city": "小田郡",
        "ward": "矢掛町",
        "district": "小林田町西，有楽町",
        "name": "小田郡 矢掛町 小林田町西，有楽町"
      },
      "geometry": {
        "type": "Polygon",
        "coordinates": [
          [
            [
              133.5866989057,
              34.6245163664
            ],
            [
              133.5857526466,
              34.6263276446
            ],
            [
              133.5854704504,
              34.6262249284
            ],
            [
              133.5855141308,
              34.6261233555
            ],
            [
              133.5848848162,
              34.6258897753
            ],
            [
              133.5849482723,
              34.6249805111
            ],
            [
              133.5850829271,
              34.6250233085
            ],
            [
              133.5855557393,
              34.6241061203
            ],
            [
              133.5857126447,
              34.6241662379
            ],
            [
              133.5858108408,
              34.6241037335
            ],
            [
              133.5862227387,
              34.6243828889
            ],
            [
              133.5866989057,
              34.6245163664
            ]
          ]
        ]
      }
    },
    {
      "type": "Feature",
      "properties": {
        "key_code": "33461002002",
        "pref": "岡山県",
        "city": "小田郡",
        "ward": "矢掛町",
        "district": "小林西町",
        "name": "小田郡 矢掛町 小林西町"
      },
      "geometry": {
        "type": "Polygon",
        "coordinates": [
          [
            [
              133.5850829271,
              34.6250233085
            ],
            [
              133.5826306321,
              34.6242480996
            ],
            [
              133.5848267025,
              34.622806349
            ],
            [
              133.5857746179,
              34.6224994374
            ],
            [
              133.5865339566,
              34.6224719552
            ],
            [
              133.5865028235,
              34.6231323829
            ],
            [
              133.5853847637,
              34.6234300914
            ],
            [
              133.5853647094,
              34.6234812407
            ],
            [
              133.5856624053,
              34.6235932087
            ],
            [
              133.5855583437,
              34.6236256741
            ],
            [
              133.5853589286,
              34.6240306869
            ],
            [
              133.5855557393,
              34.6241061203
            ],
            [
              133.5850829271,
              34.6250233085
            ]
          ]
        ]
      }
    },
    {
      "type": "Feature",
      "properties": {
        "key_code": "33461002003",
        "pref": "岡山県",
        "city": "小田郡",
        "ward": "矢掛町",
        "district": "小林岡本谷，能仁寺，河内城",
        "name": "小田郡 矢掛町 小林岡本谷，能仁寺，河内城"
      },
      "geometry": {
        "type": "Polygon",
        "coordinates": [
          [
            [
              133.5642935667,
              34.6494752451
            ],
            [
              133.5633229144,
              34.6494297149
            ],
            [
              133.5623435499,
              34.6495151206
            ],
            [
              133.5620369846,
              34.6493961396
            ],
            [
              133.5617265556,
              34.649023025
            ],
            [
              133.561583147,
              34.6482210608
            ],
            [
              133.561352371,
              34.647889014
            ],
            [
              133.5612278529,
              34.6473846607
            ],
            [
              133.5605827091,
              34.6462744336
            ],
            [
              133.5606712744,
              34.6460156706
            ],
            [
              133.5605709757,
              34.6455469658
            ],
            [
              133.5605784712,
              34.6454098163
            ],
            [
              133.5608994543,
              34.645304928
            ],
            [
              133.5610611515,
              34.6451179016
            ],
            [
              133.5617541832,
              34.6450433865
            ],
            [
              133.5618165113,
              34.6449572914
            ],
            [
              133.5620286114,
              34.6439923512
            ],
            [
              133.5621966101,
              34.6438233947
            ],
            [
              133.5621698556,
              34.643426857
            ],
            [
              133.562549465,
              34.6428144075
            ],
            [
              133.5625525299,
              34.6417182819
            ],
            [
              133.5626540017,
              34.6414073457
            ],
            [
              133.5626690868,
              34.6409833217
            ],
            [
              133.5625338403,
              34.6403297428
            ],
            [
              133.5625788015,
              34.6389879453
            ],
            [
              133.5625058911,
              34.6384037775
            ],
            [
              133.5630432556,
              34.6374445426
            ],
            [
              133.5634039522,
              34.6373444071
            ],
            [
              133.5635811251,
              34.637195226
            ],
            [
              133.5637915221,
              34.6363087262
            ],
            [
              133.5643487595,
              34.6357234388
            ],
            [
              133.565000909,
              34.6344272719
            ],
            [
              133.5655820236,
              34.634327666
            ],
            [
              133.5659900117,
              34.6344940393
            ],
            [
              133.5668378543,
              34.6339105613
            ],
            [
              133.5674078756,
              34.633144621
            ],
            [
              133.5680557054,
              34.6329790768
            ],
            [
              133.5683532698,
              34.6326617525
            ],
            [
              133.5691644546,
              34.6325037015
            ],
            [
              133.5696371881,
              34.6324946766
            ],
            [
              133.5706393314,
              34.632251461
            ],
            [
              133.5708397637,
              34.6318018246
            ],
            [
              133.5712709875,
              34.6315701214
            ],
            [
              133.5724937397,
              34.6314454563
            ],
            [
              133.5727539437,
              34.6323809548
            ],
            [
              133.5732063762,
              34.6330462117
            ],
            [
              133.5736233227,
              34.6333799517
            ],
            [
              133.5741069817,
              34.6335836692
            ],
            [
              133.5750075324,
              34.6337069999
            ],
            [
              133.5764387927,
              34.6337238751
            ],
            [
              133.5770160444,
              34.6336337677
            ],
            [
              133.5775737561,
              34.634430089
            ],
            [
              133.5770173824,
              34.6352898265
            ],
            [
              133.5761031189,
              34.6362517273
            ],
            [
              133.5771121095,
              34.6368896952
            ],
            [
              133.5776302237,
              34.6368583792
            ],
            [
              133.5785557408,
              34.6372404482
            ],
            [
              133.5793372326,
              34.6378041753
            ],
            [
              133.5796836262,
              34.6383031067
            ],
            [
              133.5808252318,
              34.6386702878
            ],
            [
              133.5814279486,
              34.6390572559
            ],
            [
              133.5817370756,
              34.6394760871
            ],
            [
              133.5821020419,
              34.6392876037
            ],
            [
              133.582252934,
              34.6394224821
            ],
            [
              133.5825669424,
              34.640803675
            ],
            [
              133.5826068316,
              34.6414174915
            ],
            [
              133.5828242448,
              34.6422090295
            ],
            [
              133.5828006097,
              34.6438771924
            ],
            [
              133.5828977593,
              34.6442271118
            ],
            [
              133.581383475,
              34.644277839
            ],
            [
              133.5803921564,
              34.6436614237
            ],
            [
              133.5797604255,
              34.6441051857
            ],
            [
              133.5787666401,
              34.6437532705
            ],
            [
              133.5776986101,
              34.6441279922
            ],
            [
              133.5759433067,
              34.6450249824
            ],
            [
              133.5749407981,
              34.6446021308
            ],
            [
              133.5747432085,
              34.6446920428
            ],
            [
              133.5740016546,
              34.6460271411
            ],
            [
              133.5737563586,
              34.646227046
            ],
            [
              133.5729864672,
              34.6462935467
            ],
            [
              133.5712290773,
              34.6459978204
            ],
            [
              133.5709368244,
              34.6463265941
            ],
            [
              133.569452168,
              34.6471615073
            ],
            [
              133.5690595217,
              34.6476931904
            ],
            [
              133.5670329143,
              34.6492265923
            ],
            [
              133.5667393162,
              34.6493646297
            ],
            [
              133.56625486,
              34.6491734151
            ],
            [
              133.565670662,
              34.6491239805
            ],
            [
              133.5642935667,
              34.6494752451
            ]
          ]
        ]
      }
    },
    {
      "type": "Feature",
      "properties": {
        "key_code": "33461002004",
        "pref": "岡山県",
        "city": "小田郡",
        "ward": "矢掛町",
        "district": "小林井出の手，湯田，鵜飼",
        "name": "小田郡 矢掛町 小林井出の手，湯田，鵜飼"
      },
      "geometry": {
        "type": "Polygon",
        "coordinates": [
          [
            [
              133.5973278861,
              34.6470993433
            ],
            [
              133.5967181559,
              34.647047937
            ],
            [
              133.5958437413,
              34.6472829963
            ],
            [
              133.5948040733,
              34.6474226803
            ],
            [
              133.5945161061,
              34.6476912578
            ],
            [
              133.591955901,
              34.6471523995
            ],
            [
              133.5910843958,
              34.6470698051
            ],
            [
              133.5906024523,
              34.6475389102
            ],
            [
              133.5904151101,
              34.6475893311
            ],
            [
              133.5895929851,
              34.646607219
            ],
            [
              133.5862332961,
              34.6449500579
            ],
            [
              133.5849348714,
              34.6448767979
            ],
            [
              133.5833224375,
              34.6450655552
            ],
            [
              133.5828165434,
              34.6440192736
            ],
            [
              133.5828242448,
              34.6422090295
            ],
            [
              133.5826068316,
              34.6414174915
            ],
            [
              133.5825669424,
              34.640803675
            ],
            [
              133.582252934,
              34.6394224821
            ],
            [
              133.5821020419,
              34.6392876037
            ],
            [
              133.5817370756,
              34.6394760871
            ],
            [
              133.5814279486,
              34.6390572559
            ],
            [
              133.5808252318,
              34.6386702878
            ],
            [
              133.5796836262,
              34.6383031067
            ],
            [
              133.5793372326,
              34.6378041753
            ],
            [
              133.5785557408,
              34.6372404482
            ],
            [
              133.5776302237,
              34.6368583792
            ],
            [
              133.5771121095,
              34.6368896952
            ],
            [
              133.5761031189,
              34.6362517273
            ],
            [
              133.5770173824,
              34.6352898265
            ],
            [
              133.5775737561,
              34.634430089
            ],
            [
              133.5770160444,
              34.6336337677
            ],
            [
              133.5775392051,
              34.6334758546
            ],
            [
              133.5790493345,
              34.6335243147
            ],
            [
              133.5790236748,
              34.633572752
            ],
            [
              133.5797379361,
              34.6337372983
            ],
            [
              133.5798771075,
              34.6332440304
            ],
            [
              133.5811583002,
              34.6330918864
            ],
            [
              133.5828750858,
              34.633676537
            ],
            [
              133.5843118082,
              34.6350685251
            ],
            [
              133.5844186884,
              34.635445122
            ],
            [
              133.5851054083,
              34.6357284885
            ],
            [
              133.5858374442,
              34.6363367979
            ],
            [
              133.5860163377,
              34.6367508774
            ],
            [
              133.5863784485,
              34.6371063511
            ],
            [
              133.5865543704,
              34.637471959
            ],
            [
              133.5867172013,
              34.638147935
            ],
            [
              133.5872289695,
              34.6381496383
            ],
            [
              133.5875818103,
              34.6385805501
            ],
            [
              133.5877419501,
              34.639168191
            ],
            [
              133.5879998556,
              34.6396197929
            ],
            [
              133.5885633327,
              34.6398054813
            ],
            [
              133.5889770055,
              34.6397909468
            ],
            [
              133.5900753195,
              34.6395241988
            ],
            [
              133.5902188194,
              34.6396674733
            ],
            [
              133.5909591793,
              34.6397318161
            ],
            [
              133.5915056002,
              34.6402933314
            ],
            [
              133.5918605188,
              34.6410787744
            ],
            [
              133.5920038383,
              34.6412334543
            ],
            [
              133.5928974352,
              34.641518022
            ],
            [
              133.5934503956,
              34.6421137928
            ],
            [
              133.5942355797,
              34.6421810602
            ],
            [
              133.5946745486,
              34.6420442545
            ],
            [
              133.5952046399,
              34.6424529641
            ],
            [
              133.5954083589,
              34.6427553363
            ],
            [
              133.5960252478,
              34.6430248346
            ],
            [
              133.5964154782,
              34.6435239724
            ],
            [
              133.5969098506,
              34.6435696152
            ],
            [
              133.5972781515,
              34.6438025432
            ],
            [
              133.5973430577,
              34.6440087209
            ],
            [
              133.5972612275,
              34.6443392404
            ],
            [
              133.596745469,
              34.6453422909
            ],
            [
              133.5966819522,
              34.6456529281
            ],
            [
              133.5973278861,
              34.6470993433
            ]
          ]
        ]
      }
    },
    {
      "type": "Feature",
      "properties": {
        "key_code": "33461002005",
        "pref": "岡山県",
        "city": "小田郡",
        "ward": "矢掛町",
        "district": "小林市場，僧都，鷺田",
        "name": "小田郡 矢掛町 小林市場，僧都，鷺田"
      },
      "geometry": {
        "type": "Polygon",
        "coordinates": [
          [
            [
              133.5775392051,
              34.6334758546
            ],
            [
              133.5771718716,
              34.6336169816
            ],
            [
              133.5764387927,
              34.6337238751
            ],
            [
              133.5744492287,
              34.633662274
            ],
            [
              133.5736233227,
              34.6333799517
            ],
            [
              133.5732063762,
              34.6330462117
            ],
            [
              133.5727539437,
              34.6323809548
            ],
            [
              133.5724937397,
              34.6314454563
            ],
            [
              133.5731992281,
              34.631437862
            ],
            [
              133.5737292093,
              34.6315312969
            ],
            [
              133.5742197567,
              34.6307620179
            ],
            [
              133.5738456121,
              34.6299211777
            ],
            [
              133.5742663412,
              34.6296413673
            ],
            [
              133.5745795976,
              34.6291774937
            ],
            [
              133.5751839625,
              34.6288851541
            ],
            [
              133.5753457386,
              34.6286909281
            ],
            [
              133.575080546,
              34.6278521746
            ],
            [
              133.5759481253,
              34.6275180782
            ],
            [
              133.5764807615,
              34.6274103757
            ],
            [
              133.5765435863,
              34.6273224465
            ],
            [
              133.5769800218,
              34.6273751467
            ],
            [
              133.5780060253,
              34.6278071467
            ],
            [
              133.5789831233,
              34.6276563951
            ],
            [
              133.5797103177,
              34.6278076437
            ],
            [
              133.5802982182,
              34.6274201008
            ],
            [
              133.5807643772,
              34.6277104541
            ],
            [
              133.5812520565,
              34.6278917745
            ],
            [
              133.5821508146,
              34.6277731952
            ],
            [
              133.5830421539,
              34.6280620619
            ],
            [
              133.5821360206,
              34.6304848653
            ],
            [
              133.5810608339,
              34.6300865474
            ],
            [
              133.5797510728,
              34.6298412966
            ],
            [
              133.5793970221,
              34.6302212621
            ],
            [
              133.5789890388,
              34.6310245897
            ],
            [
              133.5788251853,
              34.6314582631
            ],
            [
              133.5788840202,
              34.631764284
            ],
            [
              133.5784164272,
              34.6321293213
            ],
            [
              133.5780060091,
              34.6319293114
            ],
            [
              133.5778813377,
              34.6320813729
            ],
            [
              133.5775392051,
              34.6334758546
            ]
          ]
        ]
      }
    },
    {
      "type": "Feature",
      "properties": {
        "key_code": "33461002006",
        "pref": "岡山県",
        "city": "小田郡",
        "ward": "矢掛町",
        "district": "小林峠，校の下",
        "name": "小田郡 矢掛町 小林峠，校の下"
      },
      "geometry": {
        "type": "Polygon",
        "coordinates": [
          [
            [
              133.5828750858,
              34.633676537
            ],
            [
              133.5811583002,
              34.6330918864
            ],
            [
              133.5798771075,
              34.6332440304
            ],
            [
              133.5797379361,
              34.6337372983
            ],
            [
              133.5790236748,
              34.633572752
            ],
            [
              133.5790493345,
              34.6335243147
            ],
            [
              133.5775392051,
              34.6334758546
            ],
            [
              133.5778813377,
              34.6320813729
            ],
            [
              133.5780060091,
              34.6319293114
            ],
            [
              133.5784164272,
              34.6321293213
            ],
            [
              133.5788840202,
              34.631764284
            ],
            [
              133.5788251853,
              34.6314582631
            ],
            [
              133.5789890388,
              34.6310245897
            ],
            [
              133.5793970221,
              34.6302212621
            ],
            [
              133.5797510728,
              34.6298412966
            ],
            [
              133.5810608339,
              34.6300865474
            ],
            [
              133.5828777213,
              34.6306846359
            ],
            [
              133.5835568879,
              34.6305427264
            ],
            [
              133.5828429063,
              34.6316442191
            ],
            [
              133.5824081964,
              34.6329870442
            ],
            [
              133.5828750858,
              34.633676537
            ]
          ]
        ]
      }
    },
    {
      "type": "Feature",
      "properties": {
        "key_code": "33461002007",
        "pref": "岡山県",
        "city": "小田郡",
        "ward": "矢掛町",
        "district": "小林平和町",
        "name": "小田郡 矢掛町 小林平和町"
      },
      "geometry": {
        "type": "Polygon",
        "coordinates": [
          [
            [
              133.5830421539,
              34.6280620619
            ],
            [
              133.5821508146,
              34.6277731952
            ],
            [
              133.5812520565,
              34.6278917745
            ],
            [
              133.5807643772,
              34.6277104541
            ],
            [
              133.5802982182,
              34.6274201008
            ],
            [
              133.5811403142,
              34.6267064834
            ],
            [
              133.5821070384,
              34.6248966335
            ],
            [
              133.5826306321,
              34.6242480996
            ],
            [
              133.5849482723,
              34.6249805111
            ],
            [
              133.5848848162,
              34.6258897753
            ],
            [
              133.5855141308,
              34.6261233555
            ],
            [
              133.5854704504,
              34.6262249284
            ],
            [
              133.5857526466,
              34.6263276446
            ],
            [
              133.5852363304,
              34.6272209044
            ],
            [
              133.5836057308,
              34.6266545512
            ],
            [
              133.5830421539,
              34.6280620619
            ]
          ]
        ]
      }
    },
    {
      "type": "Feature",
      "properties": {
        "key_code": "33461003001",
        "pref": "岡山県",
        "city": "小田郡",
        "ward": "矢掛町",
        "district": "上高末羽無",
        "name": "小田郡 矢掛町 上高末羽無"
      },
      "geometry": {
        "type": "Polygon",
        "coordinates": [
          [
            [
              133.6187479651,
              34.7059198058
            ],
            [
              133.6185375405,
              34.7061279
            ],
            [
              133.6180747084,
              34.7062236624
            ],
            [
              133.6173596169,
              34.7061948382
            ],
            [
              133.6161707532,
              34.7057940394
            ],
            [
              133.6149496988,
              34.7056760313
            ],
            [
              133.612807871,
              34.7060512548
            ],
            [
              133.6121947305,
              34.7062937365
            ],
            [
              133.6113546761,
              34.7069166162
            ],
            [
              133.6108928349,
              34.7069014998
            ],
            [
              133.6101962174,
              34.7064543801
            ],
            [
              133.6090161942,
              34.7061668157
            ],
            [
              133.6091312007,
              34.7056427817
            ],
            [
              133.6088463404,
              34.7051162439
            ],
            [
              133.6084318893,
              34.704664301
            ],
            [
              133.6073135323,
              34.7037536273
            ],
            [
              133.6061468816,
              34.7033362391
            ],
            [
              133.6060544799,
              34.7031173542
            ],
            [
              133.6063268861,
              34.7029007734
            ],
            [
              133.6066015751,
              34.7020735648
            ],
            [
              133.6064759852,
              34.7020415482
            ],
            [
              133.6064498262,
              34.7021557738
            ],
            [
              133.6059999223,
              34.7025220257
            ],
            [
              133.6045767146,
              34.7030150464
            ],
            [
              133.6045679334,
              34.7033060164
            ],
            [
              133.6042807183,
              34.7037719728
            ],
            [
              133.6040655758,
              34.7039057807
            ],
            [
              133.6031231493,
              34.7037495895
            ],
            [
              133.6027326419,
              34.7037991005
            ],
            [
              133.6021758794,
              34.7034268621
            ],
            [
              133.6012247224,
              34.7024833213
            ],
            [
              133.5999023051,
              34.7015478334
            ],
            [
              133.5987056918,
              34.7002571241
            ],
            [
              133.5980993532,
              34.7001729153
            ],
            [
              133.5972662117,
              34.7004693624
            ],
            [
              133.5967317389,
              34.7004350196
            ],
            [
              133.5966096085,
              34.700369207
            ],
            [
              133.5963301028,
              34.6999622623
            ],
            [
              133.5956584909,
              34.6997763671
            ],
            [
              133.5926017415,
              34.6982561869
            ],
            [
              133.5926810932,
              34.6980124109
            ],
            [
              133.5930528728,
              34.6978236474
            ],
            [
              133.5931466131,
              34.6976968736
            ],
            [
              133.5932346112,
              34.6973342602
            ],
            [
              133.5931158068,
              34.6968199572
            ],
            [
              133.5926417258,
              34.696375488
            ],
            [
              133.5924487634,
              34.6958201679
            ],
            [
              133.5926725841,
              34.695507396
            ],
            [
              133.5935729944,
              34.6949610734
            ],
            [
              133.5942007708,
              34.6942726641
            ],
            [
              133.5935716228,
              34.6935955503
            ],
            [
              133.5934924118,
              34.693394204
            ],
            [
              133.5936501329,
              34.6928817145
            ],
            [
              133.5935120579,
              34.6921962933
            ],
            [
              133.5934995109,
              34.691586145
            ],
            [
              133.5929672556,
              34.689648197
            ],
            [
              133.5932621048,
              34.6889134097
            ],
            [
              133.5940532701,
              34.6880848396
            ],
            [
              133.5942696995,
              34.6875466413
            ],
            [
              133.5942362417,
              34.6872635889
            ],
            [
              133.5940405303,
              34.6869797009
            ],
            [
              133.5933789622,
              34.6864250844
            ],
            [
              133.5918925977,
              34.6854190937
            ],
            [
              133.5924247143,
              34.6851539642
            ],
            [
              133.5928817927,
              34.6846890594
            ],
            [
              133.592617428,
              34.6841133102
            ],
            [
              133.5923175457,
              34.6837148325
            ],
            [
              133.5922962066,
              34.6835651076
            ],
            [
              133.5923467785,
              34.6832304429
            ],
            [
              133.5926497053,
              34.6827833425
            ],
            [
              133.5928594446,
              34.6826312089
            ],
            [
              133.5950144842,
              34.6819539611
            ],
            [
              133.5953615955,
              34.6816268517
            ],
            [
              133.5953142748,
              34.6813496322
            ],
            [
              133.5959882814,
              34.6809346154
            ],
            [
              133.5960969805,
              34.680935268
            ],
            [
              133.5963800885,
              34.6806713012
            ],
            [
              133.5967430843,
              34.680598681
            ],
            [
              133.5972816093,
              34.6806431826
            ],
            [
              133.5975028949,
              34.6807155025
            ],
            [
              133.5976825978,
              34.6808812462
            ],
            [
              133.597881596,
              34.6816774657
            ],
            [
              133.5978040778,
              34.6822456648
            ],
            [
              133.5979946474,
              34.6827144694
            ],
            [
              133.5980981325,
              34.6827936896
            ],
            [
              133.5983558569,
              34.6828438291
            ],
            [
              133.5987743951,
              34.6826330663
            ],
            [
              133.5990938041,
              34.6828707795
            ],
            [
              133.5999943156,
              34.6832184558
            ],
            [
              133.6004800843,
              34.683599291
            ],
            [
              133.601153369,
              34.6837753001
            ],
            [
              133.6013215293,
              34.6839652
            ],
            [
              133.6015526062,
              34.6844642475
            ],
            [
              133.6023068642,
              34.685213205
            ],
            [
              133.6032898666,
              34.6851928528
            ],
            [
              133.6042326176,
              34.6853762258
            ],
            [
              133.605218005,
              34.6853465758
            ],
            [
              133.6057534269,
              34.6852336776
            ],
            [
              133.6066517705,
              34.6847956961
            ],
            [
              133.6098831895,
              34.6835240249
            ],
            [
              133.610583644,
              34.6831764174
            ],
            [
              133.6110826481,
              34.6830896289
            ],
            [
              133.6119734854,
              34.6827207397
            ],
            [
              133.6125535953,
              34.682679218
            ],
            [
              133.6126281231,
              34.6824430038
            ],
            [
              133.6124700128,
              34.6822037304
            ],
            [
              133.6124597819,
              34.6820375904
            ],
            [
              133.6127067219,
              34.6817887274
            ],
            [
              133.6129713089,
              34.6818528279
            ],
            [
              133.6131400826,
              34.6815433551
            ],
            [
              133.6130807473,
              34.6811614043
            ],
            [
              133.6126240221,
              34.6808306421
            ],
            [
              133.6125790447,
              34.6807286734
            ],
            [
              133.6126453686,
              34.680592284
            ],
            [
              133.6145501456,
              34.6806574352
            ],
            [
              133.6150605365,
              34.6832633129
            ],
            [
              133.6153030982,
              34.6835184307
            ],
            [
              133.6161710782,
              34.6836157779
            ],
            [
              133.6168230882,
              34.6838624395
            ],
            [
              133.6172913702,
              34.684296499
            ],
            [
              133.6176625655,
              34.6843782538
            ],
            [
              133.6187598995,
              34.6857177772
            ],
            [
              133.6200569592,
              34.6860173327
            ],
            [
              133.6203363759,
              34.6860157177
            ],
            [
              133.6205884212,
              34.6859447787
            ],
            [
              133.6206742498,
              34.6858242767
            ],
            [
              133.6209044525,
              34.685784905
            ],
            [
              133.6220179522,
              34.6862042313
            ],
            [
              133.6221209895,
              34.6861845445
            ],
            [
              133.6224423025,
              34.6858505943
            ],
            [
              133.6228452581,
              34.6857151705
            ],
            [
              133.623465322,
              34.6859697822
            ],
            [
              133.6235666293,
              34.6861525028
            ],
            [
              133.6235849918,
              34.68648307
            ],
            [
              133.6238145805,
              34.6867099223
            ],
            [
              133.6235956407,
              34.6876672342
            ],
            [
              133.6236096305,
              34.6881087841
            ],
            [
              133.6246335586,
              34.6895048973
            ],
            [
              133.6252821938,
              34.6907099316
            ],
            [
              133.6258712793,
              34.6912479091
            ],
            [
              133.6255384415,
              34.6916406879
            ],
            [
              133.6250726483,
              34.6926530632
            ],
            [
              133.6255973283,
              34.692736946
            ],
            [
              133.6259220978,
              34.6929447617
            ],
            [
              133.6264364092,
              34.6938941853
            ],
            [
              133.6269420215,
              34.6944756212
            ],
            [
              133.6264977736,
              34.6954657287
            ],
            [
              133.6266002072,
              34.6956878963
            ],
            [
              133.6272848593,
              34.6957902981
            ],
            [
              133.6276561061,
              34.6959400566
            ],
            [
              133.6278165747,
              34.6963472281
            ],
            [
              133.6276640981,
              34.6967524612
            ],
            [
              133.6277808928,
              34.6970362668
            ],
            [
              133.6277931914,
              34.6973439827
            ],
            [
              133.6276120202,
              34.6976138223
            ],
            [
              133.6276087653,
              34.6979952613
            ],
            [
              133.6275173601,
              34.6982285692
            ],
            [
              133.6268706778,
              34.6989142373
            ],
            [
              133.6265676957,
              34.6994910211
            ],
            [
              133.6268004468,
              34.700156953
            ],
            [
              133.6272863519,
              34.7008489888
            ],
            [
              133.626172028,
              34.7013164478
            ],
            [
              133.6260148932,
              34.7022632727
            ],
            [
              133.6255239308,
              34.7021619836
            ],
            [
              133.6245695356,
              34.7022302981
            ],
            [
              133.6241827658,
              34.7021420001
            ],
            [
              133.6225503363,
              34.7013324666
            ],
            [
              133.6215530845,
              34.7011913129
            ],
            [
              133.6211890441,
              34.7019277478
            ],
            [
              133.6200700415,
              34.7020812622
            ],
            [
              133.619020543,
              34.7045491202
            ],
            [
              133.6187479651,
              34.7059198058
            ]
          ]
        ]
      }
    },
    {
      "type": "Feature",
      "properties": {
        "key_code": "33461003002",
        "pref": "岡山県",
        "city": "小田郡",
        "ward": "矢掛町",
        "district": "上高末土井，久谷",
        "name": "小田郡 矢掛町 上高末土井，久谷"
      },
      "geometry": {
        "type": "Polygon",
        "coordinates": [
          [
            [
              133.6145501456,
              34.6806574352
            ],
            [
              133.6126453686,
              34.680592284
            ],
            [
              133.6125790447,
              34.6807286734
            ],
            [
              133.6126240221,
              34.6808306421
            ],
            [
              133.6130807473,
              34.6811614043
            ],
            [
              133.6131400826,
              34.6815433551
            ],
            [
              133.6129713089,
              34.6818528279
            ],
            [
              133.6127067219,
              34.6817887274
            ],
            [
              133.6124597819,
              34.6820375904
            ],
            [
              133.6124700128,
              34.6822037304
            ],
            [
              133.6126281231,
              34.6824430038
            ],
            [
              133.6125535953,
              34.682679218
            ],
            [
              133.6119734854,
              34.6827207397
            ],
            [
              133.6110826481,
              34.6830896289
            ],
            [
              133.610583644,
              34.6831764174
            ],
            [
              133.6098831895,
              34.6835240249
            ],
            [
              133.6066517705,
              34.6847956961
            ],
            [
              133.6057534269,
              34.6852336776
            ],
            [
              133.6045224624,
              34.6853817493
            ],
            [
              133.6032898666,
              34.6851928528
            ],
            [
              133.6023068642,
              34.685213205
            ],
            [
              133.6015526062,
              34.6844642475
            ],
            [
              133.6013215293,
              34.6839652
            ],
            [
              133.601153369,
              34.6837753001
            ],
            [
              133.6004800843,
              34.683599291
            ],
            [
              133.5999943156,
              34.6832184558
            ],
            [
              133.5990938041,
              34.6828707795
            ],
            [
              133.5987743951,
              34.6826330663
            ],
            [
              133.5983558569,
              34.6828438291
            ],
            [
              133.5979946474,
              34.6827144694
            ],
            [
              133.5977783102,
              34.6820846451
            ],
            [
              133.597881596,
              34.6816774657
            ],
            [
              133.5977751972,
              34.681158596
            ],
            [
              133.5976825978,
              34.6808812462
            ],
            [
              133.5975028949,
              34.6807155025
            ],
            [
              133.5970555071,
              34.6806043581
            ],
            [
              133.5965210002,
              34.6806160831
            ],
            [
              133.5960969805,
              34.680935268
            ],
            [
              133.5959882814,
              34.6809346154
            ],
            [
              133.5953142748,
              34.6813496322
            ],
            [
              133.5948659847,
              34.6813394715
            ],
            [
              133.5939356837,
              34.6807895809
            ],
            [
              133.5936764579,
              34.6804026203
            ],
            [
              133.5931935362,
              34.6799562758
            ],
            [
              133.5929763374,
              34.6794275779
            ],
            [
              133.5927621296,
              34.6783168544
            ],
            [
              133.5927845357,
              34.6778418639
            ],
            [
              133.5931207359,
              34.6764540159
            ],
            [
              133.5931470361,
              34.6760389161
            ],
            [
              133.5929798043,
              34.6752428885
            ],
            [
              133.592688048,
              34.674444137
            ],
            [
              133.5927002264,
              34.6740926213
            ],
            [
              133.5931732069,
              34.6738247382
            ],
            [
              133.5934212589,
              34.6735319734
            ],
            [
              133.5935964297,
              34.6728846457
            ],
            [
              133.5934801732,
              34.6722707764
            ],
            [
              133.5947775603,
              34.6724263492
            ],
            [
              133.5950172031,
              34.6723298914
            ],
            [
              133.5955018019,
              34.6723157596
            ],
            [
              133.5958033831,
              34.6724054684
            ],
            [
              133.5965841468,
              34.672313664
            ],
            [
              133.5973820823,
              34.6724191638
            ],
            [
              133.5978441604,
              34.672617868
            ],
            [
              133.5979570471,
              34.6730584527
            ],
            [
              133.598090498,
              34.6731217934
            ],
            [
              133.5983060406,
              34.6728392475
            ],
            [
              133.5984702512,
              34.6729140406
            ],
            [
              133.5986275759,
              34.6731888147
            ],
            [
              133.5987577699,
              34.6732350911
            ],
            [
              133.598878149,
              34.672829849
            ],
            [
              133.5994320433,
              34.6729424657
            ],
            [
              133.5995889852,
              34.6730682058
            ],
            [
              133.5998679884,
              34.6729932428
            ],
            [
              133.6005856347,
              34.6730400626
            ],
            [
              133.6012925921,
              34.6733324761
            ],
            [
              133.6021312438,
              34.6734921319
            ],
            [
              133.6031745423,
              34.6728512221
            ],
            [
              133.6039316579,
              34.6727137304
            ],
            [
              133.6047493138,
              34.6727299894
            ],
            [
              133.6069957625,
              34.673194599
            ],
            [
              133.6093554802,
              34.6740686048
            ],
            [
              133.6100852966,
              34.6739026073
            ],
            [
              133.6127081414,
              34.6721609924
            ],
            [
              133.6134843956,
              34.6719227153
            ],
            [
              133.6135836169,
              34.6724165894
            ],
            [
              133.6137556744,
              34.6725904359
            ],
            [
              133.6155153231,
              34.673128285
            ],
            [
              133.6158148495,
              34.6734828955
            ],
            [
              133.6151974261,
              34.673876501
            ],
            [
              133.6151740067,
              34.6740122944
            ],
            [
              133.6153845927,
              34.6743553967
            ],
            [
              133.6159156399,
              34.6746968572
            ],
            [
              133.6169426675,
              34.6750575592
            ],
            [
              133.6175265945,
              34.675461725
            ],
            [
              133.6183293597,
              34.6757715221
            ],
            [
              133.6178181547,
              34.6764872052
            ],
            [
              133.6177020439,
              34.6770527856
            ],
            [
              133.6174822797,
              34.677249972
            ],
            [
              133.6157028208,
              34.677447314
            ],
            [
              133.6152605705,
              34.677646852
            ],
            [
              133.6149126368,
              34.6782624816
            ],
            [
              133.6148706512,
              34.6792492682
            ],
            [
              133.614423477,
              34.6800077302
            ],
            [
              133.6145501456,
              34.6806574352
            ]
          ]
        ]
      }
    },
    {
      "type": "Feature",
      "properties": {
        "key_code": "33461003003",
        "pref": "岡山県",
        "city": "小田郡",
        "ward": "矢掛町",
        "district": "上高末嘉戸，殿ケ市，頼正",
        "name": "小田郡 矢掛町 上高末嘉戸，殿ケ市，頼正"
      },
      "geometry": {
        "type": "Polygon",
        "coordinates": [
          [
            [
              133.5918925977,
              34.6854190937
            ],
            [
              133.5916783806,
              34.6851945334
            ],
            [
              133.5910539095,
              34.6850234148
            ],
            [
              133.5905104087,
              34.6846089505
            ],
            [
              133.5894244451,
              34.6841596449
            ],
            [
              133.5895114471,
              34.6840039563
            ],
            [
              133.5889413289,
              34.6837920248
            ],
            [
              133.5883866396,
              34.6838743043
            ],
            [
              133.5879388555,
              34.683588876
            ],
            [
              133.5876365671,
              34.6831479736
            ],
            [
              133.5879667909,
              34.6829862968
            ],
            [
              133.5881489466,
              34.6827642771
            ],
            [
              133.588269129,
              34.682171555
            ],
            [
              133.5876613373,
              34.6821492713
            ],
            [
              133.5875518935,
              34.6822973568
            ],
            [
              133.5873619726,
              34.6823780436
            ],
            [
              133.5868658129,
              34.6824568695
            ],
            [
              133.5861524853,
              34.6821586918
            ],
            [
              133.5859716179,
              34.6822281626
            ],
            [
              133.5856441811,
              34.6820812222
            ],
            [
              133.5853467788,
              34.6821016673
            ],
            [
              133.5839639395,
              34.6814621635
            ],
            [
              133.5836603409,
              34.6810753305
            ],
            [
              133.583111474,
              34.6807243247
            ],
            [
              133.5828146793,
              34.6799642485
            ],
            [
              133.5827258722,
              34.6798667917
            ],
            [
              133.5825109161,
              34.6798505431
            ],
            [
              133.5825830185,
              34.6789889098
            ],
            [
              133.5827624459,
              34.6784572694
            ],
            [
              133.5830539666,
              34.6779649125
            ],
            [
              133.582917663,
              34.6773613337
            ],
            [
              133.5831985462,
              34.6770731609
            ],
            [
              133.5831845124,
              34.6763362319
            ],
            [
              133.5836517036,
              34.6761004715
            ],
            [
              133.5837356855,
              34.6759867466
            ],
            [
              133.5838997505,
              34.6754365611
            ],
            [
              133.5838847996,
              34.6751765813
            ],
            [
              133.5842216182,
              34.6748200078
            ],
            [
              133.584715369,
              34.6745118628
            ],
            [
              133.5858166949,
              34.6741200778
            ],
            [
              133.5868730622,
              34.6742977905
            ],
            [
              133.5874493008,
              34.6746169612
            ],
            [
              133.5876771139,
              34.6746525741
            ],
            [
              133.587909065,
              34.6746169356
            ],
            [
              133.5881008202,
              34.6744438545
            ],
            [
              133.5887070263,
              34.6743132913
            ],
            [
              133.5890401794,
              34.673982456
            ],
            [
              133.589823883,
              34.6741072168
            ],
            [
              133.590012598,
              34.6740727216
            ],
            [
              133.5900525755,
              34.6738643477
            ],
            [
              133.5901742059,
              34.6737908506
            ],
            [
              133.5907266021,
              34.6738799763
            ],
            [
              133.5912218683,
              34.6737800004
            ],
            [
              133.591325435,
              34.6738006289
            ],
            [
              133.5912910144,
              34.6739790328
            ],
            [
              133.5914081534,
              34.6740167863
            ],
            [
              133.592101775,
              34.6739767447
            ],
            [
              133.5927546545,
              34.6740406898
            ],
            [
              133.592662827,
              34.6742232554
            ],
            [
              133.592688048,
              34.674444137
            ],
            [
              133.5929798043,
              34.6752428885
            ],
            [
              133.5931470361,
              34.6760389161
            ],
            [
              133.5931207359,
              34.6764540159
            ],
            [
              133.5927845357,
              34.6778418639
            ],
            [
              133.5927621296,
              34.6783168544
            ],
            [
              133.5930996489,
              34.6798248481
            ],
            [
              133.5936764579,
              34.6804026203
            ],
            [
              133.5939356837,
              34.6807895809
            ],
            [
              133.5943100677,
              34.6809601646
            ],
            [
              133.5947440297,
              34.6813050717
            ],
            [
              133.5953142748,
              34.6813496322
            ],
            [
              133.5953805225,
              34.6815407576
            ],
            [
              133.5952332198,
              34.6818056799
            ],
            [
              133.5950144842,
              34.6819539611
            ],
            [
              133.5928594446,
              34.6826312089
            ],
            [
              133.5926497053,
              34.6827833425
            ],
            [
              133.5923467785,
              34.6832304429
            ],
            [
              133.5922962066,
              34.6835651076
            ],
            [
              133.5923175457,
              34.6837148325
            ],
            [
              133.592617428,
              34.6841133102
            ],
            [
              133.5928817927,
              34.6846890594
            ],
            [
              133.5924247143,
              34.6851539642
            ],
            [
              133.5918925977,
              34.6854190937
            ]
          ]
        ]
      }
    },
    {
      "type": "Feature",
      "properties": {
        "key_code": "33461003004",
        "pref": "岡山県",
        "city": "小田郡",
        "ward": "矢掛町",
        "district": "上高末寺原，矢原，茶屋ケ鼻",
        "name": "小田郡 矢掛町 上高末寺原，矢原，茶屋ケ鼻"
      },
      "geometry": {
        "type": "Polygon",
        "coordinates": [
          [
            [
              133.5765931918,
              34.681100355
            ],
            [
              133.5760395934,
              34.6816413659
            ],
            [
              133.5759291357,
              34.6816464584
            ],
            [
              133.5743172655,
              34.6813171526
            ],
            [
              133.5740210592,
              34.6810500746
            ],
            [
              133.5735249503,
              34.6803541004
            ],
            [
              133.5733145063,
              34.6802644748
            ],
            [
              133.5725149418,
              34.6802386659
            ],
            [
              133.5715696807,
              34.6803899998
            ],
            [
              133.5708365008,
              34.680646883
            ],
            [
              133.5705219201,
              34.6797684869
            ],
            [
              133.5704071864,
              34.6791293888
            ],
            [
              133.570588852,
              34.6785119951
            ],
            [
              133.5705918522,
              34.6781870461
            ],
            [
              133.5703955001,
              34.6770341472
            ],
            [
              133.5704030742,
              34.6765924547
            ],
            [
              133.5706241679,
              34.6758127559
            ],
            [
              133.5704204456,
              34.6743320275
            ],
            [
              133.5706734343,
              34.6742341526
            ],
            [
              133.57083035,
              34.6740618683
            ],
            [
              133.5711111183,
              34.6735214388
            ],
            [
              133.5710590408,
              34.6732708057
            ],
            [
              133.57127857,
              34.6730476361
            ],
            [
              133.5717938967,
              34.672742913
            ],
            [
              133.5727953369,
              34.6719534025
            ],
            [
              133.5731503519,
              34.671772767
            ],
            [
              133.5735173712,
              34.6707035126
            ],
            [
              133.5737121427,
              34.6706404873
            ],
            [
              133.5744615316,
              34.6706420314
            ],
            [
              133.5748120252,
              34.6705350335
            ],
            [
              133.5755770615,
              34.6701035195
            ],
            [
              133.5767456656,
              34.6697064692
            ],
            [
              133.5787222953,
              34.6696833002
            ],
            [
              133.5798990412,
              34.6692414788
            ],
            [
              133.5806544717,
              34.6690832865
            ],
            [
              133.5839466614,
              34.6690704982
            ],
            [
              133.5844994497,
              34.6693465813
            ],
            [
              133.5848794988,
              34.6694003162
            ],
            [
              133.5851984844,
              34.6693347887
            ],
            [
              133.5857214766,
              34.6690693539
            ],
            [
              133.5872356439,
              34.6690464465
            ],
            [
              133.5899121267,
              34.6684824763
            ],
            [
              133.5905612452,
              34.6685038706
            ],
            [
              133.5908519941,
              34.6683540637
            ],
            [
              133.5912261081,
              34.6679568467
            ],
            [
              133.591005862,
              34.6673257315
            ],
            [
              133.5914249681,
              34.6670249932
            ],
            [
              133.5916346138,
              34.6672595233
            ],
            [
              133.5919230082,
              34.6673721216
            ],
            [
              133.5920185692,
              34.6677341441
            ],
            [
              133.5924005595,
              34.6676374256
            ],
            [
              133.5925219767,
              34.668187511
            ],
            [
              133.5929943975,
              34.6691525718
            ],
            [
              133.59345665,
              34.6693284747
            ],
            [
              133.5937357651,
              34.6696225805
            ],
            [
              133.5936533034,
              34.6700080406
            ],
            [
              133.5932833163,
              34.6704586797
            ],
            [
              133.5930570359,
              34.6711782437
            ],
            [
              133.5930873379,
              34.6714411321
            ],
            [
              133.5934640262,
              34.6721601034
            ],
            [
              133.5935973977,
              34.6727761881
            ],
            [
              133.5934884105,
              34.6733725013
            ],
            [
              133.5931732069,
              34.6738247382
            ],
            [
              133.592630118,
              34.674048532
            ],
            [
              133.592101775,
              34.6739767447
            ],
            [
              133.5914081534,
              34.6740167863
            ],
            [
              133.5912910144,
              34.6739790328
            ],
            [
              133.591325435,
              34.6738006289
            ],
            [
              133.5912218683,
              34.6737800004
            ],
            [
              133.5907266021,
              34.6738799763
            ],
            [
              133.5901742059,
              34.6737908506
            ],
            [
              133.5900876379,
              34.6738046941
            ],
            [
              133.590012598,
              34.6740727216
            ],
            [
              133.5899415404,
              34.6740965196
            ],
            [
              133.5890401794,
              34.673982456
            ],
            [
              133.5887070263,
              34.6743132913
            ],
            [
              133.5881008202,
              34.6744438545
            ],
            [
              133.5878396736,
              34.6746449687
            ],
            [
              133.5874493008,
              34.6746169612
            ],
            [
              133.5868730622,
              34.6742977905
            ],
            [
              133.5858927611,
              34.674117583
            ],
            [
              133.584715369,
              34.6745118628
            ],
            [
              133.584005419,
              34.675027302
            ],
            [
              133.5838847996,
              34.6751765813
            ],
            [
              133.5838997505,
              34.6754365611
            ],
            [
              133.5837356855,
              34.6759867466
            ],
            [
              133.5836517036,
              34.6761004715
            ],
            [
              133.5831845124,
              34.6763362319
            ],
            [
              133.5831985462,
              34.6770731609
            ],
            [
              133.582917663,
              34.6773613337
            ],
            [
              133.5830539666,
              34.6779649125
            ],
            [
              133.5827624459,
              34.6784572694
            ],
            [
              133.5825830185,
              34.6789889098
            ],
            [
              133.5825109161,
              34.6798505431
            ],
            [
              133.5820512204,
              34.6796802414
            ],
            [
              133.5812642546,
              34.6797038684
            ],
            [
              133.580614318,
              34.6802214901
            ],
            [
              133.5797017794,
              34.6803926638
            ],
            [
              133.5786980926,
              34.6803494406
            ],
            [
              133.5781239238,
              34.6804940904
            ],
            [
              133.5770163139,
              34.6808692771
            ],
            [
              133.5765931918,
              34.681100355
            ]
          ]
        ]
      }
    },
    {
      "type": "Feature",
      "properties": {
        "key_code": "33461003005",
        "pref": "岡山県",
        "city": "小田郡",
        "ward": "矢掛町",
        "district": "上高末山口，奥田",
        "name": "小田郡 矢掛町 上高末山口，奥田"
      },
      "geometry": {
        "type": "Polygon",
        "coordinates": [
          [
            [
              133.6134843956,
              34.6719227153
            ],
            [
              133.6127081414,
              34.6721609924
            ],
            [
              133.6100852966,
              34.6739026073
            ],
            [
              133.6093554802,
              34.6740686048
            ],
            [
              133.6069957625,
              34.673194599
            ],
            [
              133.6047493138,
              34.6727299894
            ],
            [
              133.6039316579,
              34.6727137304
            ],
            [
              133.6031745423,
              34.6728512221
            ],
            [
              133.6021312438,
              34.6734921319
            ],
            [
              133.6012925921,
              34.6733324761
            ],
            [
              133.6005856347,
              34.6730400626
            ],
            [
              133.5998679884,
              34.6729932428
            ],
            [
              133.5995889852,
              34.6730682058
            ],
            [
              133.5994320433,
              34.6729424657
            ],
            [
              133.598878149,
              34.672829849
            ],
            [
              133.5987577699,
              34.6732350911
            ],
            [
              133.5986275759,
              34.6731888147
            ],
            [
              133.5984702512,
              34.6729140406
            ],
            [
              133.5983060406,
              34.6728392475
            ],
            [
              133.598090498,
              34.6731217934
            ],
            [
              133.5979570471,
              34.6730584527
            ],
            [
              133.5978441604,
              34.672617868
            ],
            [
              133.5973820823,
              34.6724191638
            ],
            [
              133.5965841468,
              34.672313664
            ],
            [
              133.5958033831,
              34.6724054684
            ],
            [
              133.5955018019,
              34.6723157596
            ],
            [
              133.5950172031,
              34.6723298914
            ],
            [
              133.5947775603,
              34.6724263492
            ],
            [
              133.5934801732,
              34.6722707764
            ],
            [
              133.5930438635,
              34.6713073337
            ],
            [
              133.5932833163,
              34.6704586797
            ],
            [
              133.5936533034,
              34.6700080406
            ],
            [
              133.5937357651,
              34.6696225805
            ],
            [
              133.59345665,
              34.6693284747
            ],
            [
              133.5929943975,
              34.6691525718
            ],
            [
              133.5925219767,
              34.668187511
            ],
            [
              133.5920383106,
              34.6663173557
            ],
            [
              133.5916910582,
              34.6656854748
            ],
            [
              133.5910136194,
              34.6648883406
            ],
            [
              133.5901449817,
              34.6643407768
            ],
            [
              133.5897742223,
              34.6629399351
            ],
            [
              133.5898399772,
              34.6626032549
            ],
            [
              133.5900253199,
              34.6624377403
            ],
            [
              133.5902635478,
              34.6623724141
            ],
            [
              133.5912331075,
              34.6622412208
            ],
            [
              133.5924056691,
              34.6622280174
            ],
            [
              133.5936892031,
              34.6623301307
            ],
            [
              133.5965968191,
              34.6623123943
            ],
            [
              133.5967321863,
              34.6627243763
            ],
            [
              133.5973219257,
              34.6634577065
            ],
            [
              133.5973190866,
              34.6640376089
            ],
            [
              133.597970532,
              34.6640415106
            ],
            [
              133.5983246482,
              34.6642784435
            ],
            [
              133.5986250698,
              34.6646208392
            ],
            [
              133.5987210355,
              34.6657497
            ],
            [
              133.599455921,
              34.6664896616
            ],
            [
              133.5997149154,
              34.6669880209
            ],
            [
              133.6002092021,
              34.6674167909
            ],
            [
              133.6013519175,
              34.6680125395
            ],
            [
              133.6015878329,
              34.6678813963
            ],
            [
              133.6021717538,
              34.667241567
            ],
            [
              133.6030253511,
              34.6668657602
            ],
            [
              133.6035645395,
              34.6667554321
            ],
            [
              133.6038621479,
              34.6667618478
            ],
            [
              133.6046161246,
              34.6669745129
            ],
            [
              133.6058383323,
              34.6676464738
            ],
            [
              133.6068866245,
              34.6675911218
            ],
            [
              133.6073431394,
              34.6674401424
            ],
            [
              133.6082456298,
              34.667681976
            ],
            [
              133.6091820781,
              34.6673232361
            ],
            [
              133.6094743904,
              34.6672824196
            ],
            [
              133.6102284203,
              34.667490266
            ],
            [
              133.610908928,
              34.6672505904
            ],
            [
              133.6126906029,
              34.6671240198
            ],
            [
              133.6131209619,
              34.667017664
            ],
            [
              133.6132233573,
              34.6670939072
            ],
            [
              133.6133974371,
              34.6678210642
            ],
            [
              133.6155432878,
              34.667623202
            ],
            [
              133.6169638132,
              34.6676240459
            ],
            [
              133.6169111844,
              34.667910531
            ],
            [
              133.6167388455,
              34.6681461697
            ],
            [
              133.6156284728,
              34.6687917167
            ],
            [
              133.6152494373,
              34.6691584103
            ],
            [
              133.614874662,
              34.6692729868
            ],
            [
              133.6146477688,
              34.6695667591
            ],
            [
              133.6142564293,
              34.6696741937
            ],
            [
              133.6139169568,
              34.6703298766
            ],
            [
              133.6136015451,
              34.6706370712
            ],
            [
              133.6131845095,
              34.6708568968
            ],
            [
              133.6134843956,
              34.6719227153
            ]
          ]
        ]
      }
    },
    {
      "type": "Feature",
      "properties": {
        "key_code": "33461004001",
        "pref": "岡山県",
        "city": "小田郡",
        "ward": "矢掛町",
        "district": "下高末三ケ原",
        "name": "小田郡 矢掛町 下高末三ケ原"
      },
      "geometry": {
        "type": "Polygon",
        "coordinates": [
          [
            [
              133.6169638132,
              34.6676240459
            ],
            [
              133.6155432878,
              34.667623202
            ],
            [
              133.6133974371,
              34.6678210642
            ],
            [
              133.6132233573,
              34.6670939072
            ],
            [
              133.6131209619,
              34.667017664
            ],
            [
              133.6126906029,
              34.6671240198
            ],
            [
              133.610908928,
              34.6672505904
            ],
            [
              133.6102284203,
              34.667490266
            ],
            [
              133.6094743904,
              34.6672824196
            ],
            [
              133.6091820781,
              34.6673232361
            ],
            [
              133.6082456298,
              34.667681976
            ],
            [
              133.6073431394,
              34.6674401424
            ],
            [
              133.6068866245,
              34.6675911218
            ],
            [
              133.6058383323,
              34.6676464738
            ],
            [
              133.6046161246,
              34.6669745129
            ],
            [
              133.6038621479,
              34.6667618478
            ],
            [
              133.6035645395,
              34.6667554321
            ],
            [
              133.6030253511,
              34.6668657602
            ],
            [
              133.6021717538,
              34.667241567
            ],
            [
              133.6015878329,
              34.6678813963
            ],
            [
              133.601286219,
              34.6680001751
            ],
            [
              133.6002092021,
              34.6674167909
            ],
            [
              133.599822551,
              34.6671164237
            ],
            [
              133.599455921,
              34.6664896616
            ],
            [
              133.5987210355,
              34.6657497
            ],
            [
              133.5986250698,
              34.6646208392
            ],
            [
              133.5983246482,
              34.6642784435
            ],
            [
              133.597970532,
              34.6640415106
            ],
            [
              133.5973190866,
              34.6640376089
            ],
            [
              133.5973219257,
              34.6634577065
            ],
            [
              133.6001376134,
              34.6631949392
            ],
            [
              133.6034912315,
              34.6626778117
            ],
            [
              133.6061643437,
              34.6620452878
            ],
            [
              133.6067565614,
              34.6619969556
            ],
            [
              133.6073238117,
              34.6622311778
            ],
            [
              133.6075295593,
              34.6622035176
            ],
            [
              133.6076481414,
              34.6621428033
            ],
            [
              133.6077340882,
              34.6618072201
            ],
            [
              133.6080289491,
              34.6615886568
            ],
            [
              133.6081934282,
              34.6612788926
            ],
            [
              133.6081793902,
              34.6608851092
            ],
            [
              133.6083127021,
              34.6606402383
            ],
            [
              133.6090899308,
              34.6602618284
            ],
            [
              133.6092469763,
              34.6600513244
            ],
            [
              133.6094532511,
              34.6599622497
            ],
            [
              133.610109432,
              34.6591622343
            ],
            [
              133.6103910859,
              34.6589507747
            ],
            [
              133.6114149904,
              34.6586046553
            ],
            [
              133.6125398802,
              34.6584557595
            ],
            [
              133.6173643184,
              34.6582239765
            ],
            [
              133.6188643265,
              34.6584331593
            ],
            [
              133.6192043546,
              34.6585472617
            ],
            [
              133.6191566309,
              34.6590129435
            ],
            [
              133.6192237487,
              34.6593456192
            ],
            [
              133.6189496244,
              34.6599528142
            ],
            [
              133.6191734112,
              34.6602444254
            ],
            [
              133.6184992944,
              34.660265715
            ],
            [
              133.618510967,
              34.6608709106
            ],
            [
              133.6183320381,
              34.6610074868
            ],
            [
              133.6181445372,
              34.6613576948
            ],
            [
              133.6174565648,
              34.6616855491
            ],
            [
              133.6172602816,
              34.6620116245
            ],
            [
              133.6172034378,
              34.6622934376
            ],
            [
              133.6169591836,
              34.6625773959
            ],
            [
              133.6171660028,
              34.6628801871
            ],
            [
              133.6178706725,
              34.6632839203
            ],
            [
              133.6180449101,
              34.6636096207
            ],
            [
              133.6178527049,
              34.6641203896
            ],
            [
              133.617272779,
              34.66477708
            ],
            [
              133.6174523749,
              34.6652331096
            ],
            [
              133.6173612989,
              34.6657784135
            ],
            [
              133.6173997603,
              34.6663316585
            ],
            [
              133.617780486,
              34.6667477299
            ],
            [
              133.6178268633,
              34.6670446542
            ],
            [
              133.6180851884,
              34.6675056497
            ],
            [
              133.6176353334,
              34.6677534755
            ],
            [
              133.6169638132,
              34.6676240459
            ]
          ]
        ]
      }
    },
    {
      "type": "Feature",
      "properties": {
        "key_code": "33461004002",
        "pref": "岡山県",
        "city": "小田郡",
        "ward": "矢掛町",
        "district": "下高末川東，上高階，平宇角",
        "name": "小田郡 矢掛町 下高末川東，上高階，平宇角"
      },
      "geometry": {
        "type": "Polygon",
        "coordinates": [
          [
            [
              133.586488275,
              34.6590958024
            ],
            [
              133.5866398525,
              34.6585089145
            ],
            [
              133.586917885,
              34.6580067517
            ],
            [
              133.5869466984,
              34.6577884538
            ],
            [
              133.5868634228,
              34.6575804619
            ],
            [
              133.5858995753,
              34.6570744054
            ],
            [
              133.5852032759,
              34.6569562088
            ],
            [
              133.5849284539,
              34.6568373385
            ],
            [
              133.5846542913,
              34.6566552232
            ],
            [
              133.5844617362,
              34.6562797819
            ],
            [
              133.5845215057,
              34.6560884377
            ],
            [
              133.5848196596,
              34.6558219229
            ],
            [
              133.5858576182,
              34.655856984
            ],
            [
              133.5864985088,
              34.6555397256
            ],
            [
              133.5866866465,
              34.6554126877
            ],
            [
              133.5875193967,
              34.6542973556
            ],
            [
              133.5883073492,
              34.6548176861
            ],
            [
              133.5887650252,
              34.6547421455
            ],
            [
              133.5895787232,
              34.6541602587
            ],
            [
              133.5897960943,
              34.6542225684
            ],
            [
              133.590701908,
              34.654926714
            ],
            [
              133.5913527592,
              34.6552558935
            ],
            [
              133.5920984923,
              34.6553925244
            ],
            [
              133.5924459165,
              34.6558477661
            ],
            [
              133.5932402609,
              34.6562592171
            ],
            [
              133.5939719734,
              34.656784946
            ],
            [
              133.5941962916,
              34.6568532041
            ],
            [
              133.5945649439,
              34.656907682
            ],
            [
              133.5952394471,
              34.6567563715
            ],
            [
              133.5957918448,
              34.6570908508
            ],
            [
              133.5963879301,
              34.6572569819
            ],
            [
              133.5969399399,
              34.65704971
            ],
            [
              133.597883928,
              34.6572267918
            ],
            [
              133.598548757,
              34.6571755537
            ],
            [
              133.5991288602,
              34.6577614736
            ],
            [
              133.6000498683,
              34.6577524663
            ],
            [
              133.6003633785,
              34.6576816542
            ],
            [
              133.6009909992,
              34.6572685961
            ],
            [
              133.6018270391,
              34.6573258362
            ],
            [
              133.6021923475,
              34.656763026
            ],
            [
              133.6024251502,
              34.6566715861
            ],
            [
              133.6029770651,
              34.6566661349
            ],
            [
              133.6033481607,
              34.6564329652
            ],
            [
              133.6037529221,
              34.6563743781
            ],
            [
              133.6044914951,
              34.6557267267
            ],
            [
              133.6047243947,
              34.6556234498
            ],
            [
              133.6049876133,
              34.6556686774
            ],
            [
              133.6054680893,
              34.6559953589
            ],
            [
              133.6057737245,
              34.6560146359
            ],
            [
              133.606316245,
              34.6558841728
            ],
            [
              133.606424173,
              34.655998062
            ],
            [
              133.606452794,
              34.6563410823
            ],
            [
              133.6066140202,
              34.6564030278
            ],
            [
              133.6068641201,
              34.6563405566
            ],
            [
              133.6070247599,
              34.6560597887
            ],
            [
              133.6073736488,
              34.6559571933
            ],
            [
              133.6084431614,
              34.6560492914
            ],
            [
              133.6097249247,
              34.6559914891
            ],
            [
              133.6101862587,
              34.65629635
            ],
            [
              133.6104144434,
              34.656332487
            ],
            [
              133.6105872109,
              34.6562725132
            ],
            [
              133.6108288293,
              34.655968976
            ],
            [
              133.6109451982,
              34.6559259954
            ],
            [
              133.6115407844,
              34.6559541511
            ],
            [
              133.6121855734,
              34.6561758504
            ],
            [
              133.613017113,
              34.6561503093
            ],
            [
              133.6135017571,
              34.6558017116
            ],
            [
              133.6142879711,
              34.6555274213
            ],
            [
              133.6148243822,
              34.6554797131
            ],
            [
              133.6151155669,
              34.655138709
            ],
            [
              133.6158669064,
              34.6551367664
            ],
            [
              133.6161481188,
              34.6550275545
            ],
            [
              133.6164179914,
              34.6548991189
            ],
            [
              133.6171825544,
              34.6541729512
            ],
            [
              133.6182142068,
              34.6540854386
            ],
            [
              133.6183397537,
              34.6537723375
            ],
            [
              133.6192255554,
              34.6532308241
            ],
            [
              133.6200497652,
              34.652481187
            ],
            [
              133.6215081624,
              34.651989614
            ],
            [
              133.6220424079,
              34.6513595582
            ],
            [
              133.6223420642,
              34.65125368
            ],
            [
              133.6231911347,
              34.6512505759
            ],
            [
              133.6227139444,
              34.6517668684
            ],
            [
              133.6227108368,
              34.6521306854
            ],
            [
              133.6227862693,
              34.6530078199
            ],
            [
              133.6229566503,
              34.6531458626
            ],
            [
              133.6229727901,
              34.6539351856
            ],
            [
              133.6228833067,
              34.6547027668
            ],
            [
              133.6229844793,
              34.6549114015
            ],
            [
              133.6233197005,
              34.6551684412
            ],
            [
              133.6234254961,
              34.6555047207
            ],
            [
              133.6237674137,
              34.6559863261
            ],
            [
              133.6234637078,
              34.6573930081
            ],
            [
              133.6235539505,
              34.6575448131
            ],
            [
              133.6235390194,
              34.6579511035
            ],
            [
              133.6236447565,
              34.6584943033
            ],
            [
              133.6224543549,
              34.6586599434
            ],
            [
              133.6218927271,
              34.6590529214
            ],
            [
              133.6216921546,
              34.6593144589
            ],
            [
              133.6209286386,
              34.659648935
            ],
            [
              133.620208005,
              34.6595740388
            ],
            [
              133.6199972701,
              34.6599314399
            ],
            [
              133.6194847313,
              34.6602732812
            ],
            [
              133.6191734112,
              34.6602444254
            ],
            [
              133.6189496244,
              34.6599528142
            ],
            [
              133.6192237487,
              34.6593456192
            ],
            [
              133.6191566309,
              34.6590129435
            ],
            [
              133.6192043546,
              34.6585472617
            ],
            [
              133.6188643265,
              34.6584331593
            ],
            [
              133.6173643184,
              34.6582239765
            ],
            [
              133.6117390122,
              34.6585486678
            ],
            [
              133.6103910859,
              34.6589507747
            ],
            [
              133.610109432,
              34.6591622343
            ],
            [
              133.6094532511,
              34.6599622497
            ],
            [
              133.6092469763,
              34.6600513244
            ],
            [
              133.6090899308,
              34.6602618284
            ],
            [
              133.6083127021,
              34.6606402383
            ],
            [
              133.6081793902,
              34.6608851092
            ],
            [
              133.6081934282,
              34.6612788926
            ],
            [
              133.6080289491,
              34.6615886568
            ],
            [
              133.6077340882,
              34.6618072201
            ],
            [
              133.6076481414,
              34.6621428033
            ],
            [
              133.6075295593,
              34.6622035176
            ],
            [
              133.6073238117,
              34.6622311778
            ],
            [
              133.6067565614,
              34.6619969556
            ],
            [
              133.6061643437,
              34.6620452878
            ],
            [
              133.6034912315,
              34.6626778117
            ],
            [
              133.6001376134,
              34.6631949392
            ],
            [
              133.5973219257,
              34.6634577065
            ],
            [
              133.5967321863,
              34.6627243763
            ],
            [
              133.5965968191,
              34.6623123943
            ],
            [
              133.5936892031,
              34.6623301307
            ],
            [
              133.5924056691,
              34.6622280174
            ],
            [
              133.5912331075,
              34.6622412208
            ],
            [
              133.5902635478,
              34.6623724141
            ],
            [
              133.5900253199,
              34.6624377403
            ],
            [
              133.5898399772,
              34.6626032549
            ],
            [
              133.5897742223,
              34.6629399351
            ],
            [
              133.5901449817,
              34.6643407768
            ],
            [
              133.5875962256,
              34.6628341819
            ],
            [
              133.5868489268,
              34.6619275743
            ],
            [
              133.586541677,
              34.66094955
            ],
            [
              133.5867414546,
              34.6601646819
            ],
            [
              133.5866832002,
              34.6595247684
            ],
            [
              133.586488275,
              34.6590958024
            ]
          ]
        ]
      }
    },
    {
      "type": "Feature",
      "properties": {
        "key_code": "33461004003",
        "pref": "岡山県",
        "city": "小田郡",
        "ward": "矢掛町",
        "district": "下高末城平，桜木，古頃下岡",
        "name": "小田郡 矢掛町 下高末城平，桜木，古頃下岡"
      },
      "geometry": {
        "type": "Polygon",
        "coordinates": [
          [
            [
              133.586541677,
              34.66094955
            ],
            [
              133.5868489268,
              34.6619275743
            ],
            [
              133.5875962256,
              34.6628341819
            ],
            [
              133.5906137606,
              34.6646118101
            ],
            [
              133.591244502,
              34.6651113091
            ],
            [
              133.5919207465,
              34.6660425324
            ],
            [
              133.5924005595,
              34.6676374256
            ],
            [
              133.5920185692,
              34.6677341441
            ],
            [
              133.5919230082,
              34.6673721216
            ],
            [
              133.5916346138,
              34.6672595233
            ],
            [
              133.5914249681,
              34.6670249932
            ],
            [
              133.591005862,
              34.6673257315
            ],
            [
              133.5912261081,
              34.6679568467
            ],
            [
              133.5908519941,
              34.6683540637
            ],
            [
              133.5905612452,
              34.6685038706
            ],
            [
              133.5899121267,
              34.6684824763
            ],
            [
              133.5872356439,
              34.6690464465
            ],
            [
              133.5857214766,
              34.6690693539
            ],
            [
              133.5851984844,
              34.6693347887
            ],
            [
              133.5848794988,
              34.6694003162
            ],
            [
              133.5844994497,
              34.6693465813
            ],
            [
              133.5839466614,
              34.6690704982
            ],
            [
              133.5806544717,
              34.6690832865
            ],
            [
              133.5798990412,
              34.6692414788
            ],
            [
              133.5787222953,
              34.6696833002
            ],
            [
              133.5767456656,
              34.6697064692
            ],
            [
              133.5755770615,
              34.6701035195
            ],
            [
              133.5748120252,
              34.6705350335
            ],
            [
              133.5744615316,
              34.6706420314
            ],
            [
              133.5735799848,
              34.6706526273
            ],
            [
              133.5731503519,
              34.671772767
            ],
            [
              133.5727953369,
              34.6719534025
            ],
            [
              133.5717938967,
              34.672742913
            ],
            [
              133.57127857,
              34.6730476361
            ],
            [
              133.5710590408,
              34.6732708057
            ],
            [
              133.5711111183,
              34.6735214388
            ],
            [
              133.57083035,
              34.6740618683
            ],
            [
              133.5706734343,
              34.6742341526
            ],
            [
              133.5704204456,
              34.6743320275
            ],
            [
              133.5701815537,
              34.6729309483
            ],
            [
              133.5702778141,
              34.6718398751
            ],
            [
              133.570055868,
              34.6712170167
            ],
            [
              133.5696354928,
              34.6704162835
            ],
            [
              133.5694275411,
              34.6697650586
            ],
            [
              133.569077824,
              34.669529195
            ],
            [
              133.5687192164,
              34.669056349
            ],
            [
              133.5700951456,
              34.6673400825
            ],
            [
              133.5708593442,
              34.6667495578
            ],
            [
              133.5711864113,
              34.6666028412
            ],
            [
              133.5776311324,
              34.6650279209
            ],
            [
              133.5787788049,
              34.6644018266
            ],
            [
              133.5792040424,
              34.663992711
            ],
            [
              133.5794960958,
              34.6634847354
            ],
            [
              133.5796971313,
              34.6632834147
            ],
            [
              133.5816480419,
              34.661971875
            ],
            [
              133.5821509639,
              34.6614430714
            ],
            [
              133.5823574858,
              34.6610675382
            ],
            [
              133.5822857701,
              34.6605161966
            ],
            [
              133.582374223,
              34.6600671148
            ],
            [
              133.5828138373,
              34.659759494
            ],
            [
              133.5831202999,
              34.6593402009
            ],
            [
              133.5842731562,
              34.6583326426
            ],
            [
              133.5849284539,
              34.6568373385
            ],
            [
              133.5852032759,
              34.6569562088
            ],
            [
              133.5858995753,
              34.6570744054
            ],
            [
              133.5868988365,
              34.6576325135
            ],
            [
              133.586917885,
              34.6580067517
            ],
            [
              133.5866398525,
              34.6585089145
            ],
            [
              133.586488275,
              34.6590958024
            ],
            [
              133.5866832002,
              34.6595247684
            ],
            [
              133.5867414546,
              34.6601646819
            ],
            [
              133.586541677,
              34.66094955
            ]
          ]
        ]
      }
    },
    {
      "type": "Feature",
      "properties": {
        "key_code": "33461005001",
        "pref": "岡山県",
        "city": "小田郡",
        "ward": "矢掛町",
        "district": "宇角塚原，大唐田，中畦",
        "name": "小田郡 矢掛町 宇角塚原，大唐田，中畦"
      },
      "geometry": {
        "type": "Polygon",
        "coordinates": [
          [
            [
              133.5974247353,
              34.6571076928
            ],
            [
              133.5969399399,
              34.65704971
            ],
            [
              133.5963879301,
              34.6572569819
            ],
            [
              133.5957918448,
              34.6570908508
            ],
            [
              133.5952394471,
              34.6567563715
            ],
            [
              133.5945649439,
              34.656907682
            ],
            [
              133.5939719734,
              34.656784946
            ],
            [
              133.5932402609,
              34.6562592171
            ],
            [
              133.5924459165,
              34.6558477661
            ],
            [
              133.5920984923,
              34.6553925244
            ],
            [
              133.5913527592,
              34.6552558935
            ],
            [
              133.5905759224,
              34.6548620011
            ],
            [
              133.5897960943,
              34.6542225684
            ],
            [
              133.5896172782,
              34.6541662682
            ],
            [
              133.5887650252,
              34.6547421455
            ],
            [
              133.5883073492,
              34.6548176861
            ],
            [
              133.5875193967,
              34.6542973556
            ],
            [
              133.5876271407,
              34.6536290297
            ],
            [
              133.5883079919,
              34.6532558418
            ],
            [
              133.587812941,
              34.6524730435
            ],
            [
              133.5867812296,
              34.651661908
            ],
            [
              133.5869077608,
              34.6515512592
            ],
            [
              133.5872635641,
              34.6504989561
            ],
            [
              133.5873063414,
              34.6498729602
            ],
            [
              133.5875110221,
              34.6493441532
            ],
            [
              133.5875874093,
              34.6483438181
            ],
            [
              133.5876675438,
              34.6482175321
            ],
            [
              133.5894128738,
              34.648230088
            ],
            [
              133.5899531295,
              34.6481219397
            ],
            [
              133.5903039883,
              34.6478743205
            ],
            [
              133.5904151101,
              34.6475893311
            ],
            [
              133.5906024523,
              34.6475389102
            ],
            [
              133.5910843958,
              34.6470698051
            ],
            [
              133.591955901,
              34.6471523995
            ],
            [
              133.5945161061,
              34.6476912578
            ],
            [
              133.5948040733,
              34.6474226803
            ],
            [
              133.5958437413,
              34.6472829963
            ],
            [
              133.5967181559,
              34.647047937
            ],
            [
              133.5976420225,
              34.6470878454
            ],
            [
              133.5988519259,
              34.6464857377
            ],
            [
              133.5995791971,
              34.6462237266
            ],
            [
              133.599618871,
              34.6465175145
            ],
            [
              133.6001852768,
              34.6468510751
            ],
            [
              133.6002612541,
              34.646980978
            ],
            [
              133.6001946929,
              34.6476575493
            ],
            [
              133.5997877403,
              34.648056143
            ],
            [
              133.5987795233,
              34.6485924192
            ],
            [
              133.5986813417,
              34.6487184642
            ],
            [
              133.5986449252,
              34.6490875789
            ],
            [
              133.5989353478,
              34.649735016
            ],
            [
              133.5999483696,
              34.6501040672
            ],
            [
              133.5998105432,
              34.6515445136
            ],
            [
              133.5999516548,
              34.6526279982
            ],
            [
              133.6002029247,
              34.6533785864
            ],
            [
              133.6007497585,
              34.6539179571
            ],
            [
              133.601409409,
              34.6541223315
            ],
            [
              133.6010374688,
              34.6545970626
            ],
            [
              133.6010515168,
              34.6550339503
            ],
            [
              133.6002360879,
              34.6559955192
            ],
            [
              133.5998377722,
              34.6559804637
            ],
            [
              133.5993946473,
              34.6558471
            ],
            [
              133.5990439222,
              34.6559441687
            ],
            [
              133.5989842112,
              34.6557666118
            ],
            [
              133.5986118013,
              34.6557136758
            ],
            [
              133.5981999458,
              34.6560826562
            ],
            [
              133.5980104417,
              34.6561447674
            ],
            [
              133.5978603775,
              34.6563633275
            ],
            [
              133.5977842389,
              34.6568863029
            ],
            [
              133.5974247353,
              34.6571076928
            ]
          ]
        ]
      }
    },
    {
      "type": "Feature",
      "properties": {
        "key_code": "33461005002",
        "pref": "岡山県",
        "city": "小田郡",
        "ward": "矢掛町",
        "district": "宇角東谷，谷本",
        "name": "小田郡 矢掛町 宇角東谷，谷本"
      },
      "geometry": {
        "type": "Polygon",
        "coordinates": [
          [
            [
              133.6231810481,
              34.6512241768
            ],
            [
              133.6221453578,
              34.6513147994
            ],
            [
              133.6219689723,
              34.6514161795
            ],
            [
              133.6215081624,
              34.651989614
            ],
            [
              133.620154007,
              34.6524151678
            ],
            [
              133.6192255554,
              34.6532308241
            ],
            [
              133.6183397537,
              34.6537723375
            ],
            [
              133.6182142068,
              34.6540854386
            ],
            [
              133.6171825544,
              34.6541729512
            ],
            [
              133.6164179914,
              34.6548991189
            ],
            [
              133.6161481188,
              34.6550275545
            ],
            [
              133.6158669064,
              34.6551367664
            ],
            [
              133.6151155669,
              34.655138709
            ],
            [
              133.6148243822,
              34.6554797131
            ],
            [
              133.6142879711,
              34.6555274213
            ],
            [
              133.6135017571,
              34.6558017116
            ],
            [
              133.613017113,
              34.6561503093
            ],
            [
              133.6121855734,
              34.6561758504
            ],
            [
              133.6115407844,
              34.6559541511
            ],
            [
              133.6109451982,
              34.6559259954
            ],
            [
              133.6108288293,
              34.655968976
            ],
            [
              133.6105872109,
              34.6562725132
            ],
            [
              133.6104144434,
              34.656332487
            ],
            [
              133.6101862587,
              34.65629635
            ],
            [
              133.6097249247,
              34.6559914891
            ],
            [
              133.6084431614,
              34.6560492914
            ],
            [
              133.6073736488,
              34.6559571933
            ],
            [
              133.6070247599,
              34.6560597887
            ],
            [
              133.6068641201,
              34.6563405566
            ],
            [
              133.6066140202,
              34.6564030278
            ],
            [
              133.606452794,
              34.6563410823
            ],
            [
              133.606424173,
              34.655998062
            ],
            [
              133.606316245,
              34.6558841728
            ],
            [
              133.6057737245,
              34.6560146359
            ],
            [
              133.6054680893,
              34.6559953589
            ],
            [
              133.6049876133,
              34.6556686774
            ],
            [
              133.6047243947,
              34.6556234498
            ],
            [
              133.6044914951,
              34.6557267267
            ],
            [
              133.6037529221,
              34.6563743781
            ],
            [
              133.6033481607,
              34.6564329652
            ],
            [
              133.6029770651,
              34.6566661349
            ],
            [
              133.6024251502,
              34.6566715861
            ],
            [
              133.6021923475,
              34.656763026
            ],
            [
              133.6018270391,
              34.6573258362
            ],
            [
              133.6009909992,
              34.6572685961
            ],
            [
              133.6002189007,
              34.6577215
            ],
            [
              133.5991288602,
              34.6577614736
            ],
            [
              133.598548757,
              34.6571755537
            ],
            [
              133.5979752385,
              34.6572332549
            ],
            [
              133.5974247353,
              34.6571076928
            ],
            [
              133.5977842389,
              34.6568863029
            ],
            [
              133.5978603775,
              34.6563633275
            ],
            [
              133.5980104417,
              34.6561447674
            ],
            [
              133.5981999458,
              34.6560826562
            ],
            [
              133.5986118013,
              34.6557136758
            ],
            [
              133.5989842112,
              34.6557666118
            ],
            [
              133.5990439222,
              34.6559441687
            ],
            [
              133.5993946473,
              34.6558471
            ],
            [
              133.5998377722,
              34.6559804637
            ],
            [
              133.6002360879,
              34.6559955192
            ],
            [
              133.6010515168,
              34.6550339503
            ],
            [
              133.6010374688,
              34.6545970626
            ],
            [
              133.601409409,
              34.6541223315
            ],
            [
              133.6007497585,
              34.6539179571
            ],
            [
              133.6002029247,
              34.6533785864
            ],
            [
              133.5999516548,
              34.6526279982
            ],
            [
              133.5998105432,
              34.6515445136
            ],
            [
              133.5999483696,
              34.6501040672
            ],
            [
              133.5989353478,
              34.649735016
            ],
            [
              133.5986449252,
              34.6490875789
            ],
            [
              133.5986813417,
              34.6487184642
            ],
            [
              133.5987795233,
              34.6485924192
            ],
            [
              133.5997877403,
              34.648056143
            ],
            [
              133.6001946929,
              34.6476575493
            ],
            [
              133.6002612541,
              34.646980978
            ],
            [
              133.6001852768,
              34.6468510751
            ],
            [
              133.5997447619,
              34.6466405333
            ],
            [
              133.5995741234,
              34.6463737111
            ],
            [
              133.599630466,
              34.6459283696
            ],
            [
              133.6000530697,
              34.6451068709
            ],
            [
              133.6002315893,
              34.6448762259
            ],
            [
              133.6011996289,
              34.6446074839
            ],
            [
              133.6019298041,
              34.6442342096
            ],
            [
              133.6021082448,
              34.6440207515
            ],
            [
              133.6020896355,
              34.6437717495
            ],
            [
              133.6016340569,
              34.6430353182
            ],
            [
              133.6012440448,
              34.6413251231
            ],
            [
              133.6014129895,
              34.6410086439
            ],
            [
              133.6016744935,
              34.6407870901
            ],
            [
              133.6027758259,
              34.6407144966
            ],
            [
              133.6048658127,
              34.6403769051
            ],
            [
              133.6051912509,
              34.6399755705
            ],
            [
              133.6058841171,
              34.6402973105
            ],
            [
              133.6082742633,
              34.6406675482
            ],
            [
              133.6089705018,
              34.6406030672
            ],
            [
              133.6098112683,
              34.6406849373
            ],
            [
              133.6098270653,
              34.6415255132
            ],
            [
              133.609944542,
              34.6420203255
            ],
            [
              133.6102346417,
              34.6425865819
            ],
            [
              133.6103674685,
              34.6427070906
            ],
            [
              133.6106557433,
              34.6427669619
            ],
            [
              133.6110462812,
              34.6425509342
            ],
            [
              133.6113686378,
              34.6430538525
            ],
            [
              133.6118554081,
              34.6433664557
            ],
            [
              133.6120626041,
              34.6433720401
            ],
            [
              133.612709607,
              34.6431597674
            ],
            [
              133.6137447747,
              34.6426994675
            ],
            [
              133.614588886,
              34.6432757237
            ],
            [
              133.6152037853,
              34.6440782573
            ],
            [
              133.6158183563,
              34.6445838624
            ],
            [
              133.616110542,
              34.6446606465
            ],
            [
              133.616998089,
              34.6446887902
            ],
            [
              133.6178539156,
              34.6443920681
            ],
            [
              133.6186973817,
              34.6444327604
            ],
            [
              133.6189974153,
              34.6454323381
            ],
            [
              133.6190128204,
              34.6456083585
            ],
            [
              133.6188621956,
              34.6458418683
            ],
            [
              133.619726542,
              34.6473350563
            ],
            [
              133.6198229581,
              34.6471074279
            ],
            [
              133.6203265219,
              34.6471817699
            ],
            [
              133.6210937129,
              34.6475099152
            ],
            [
              133.6211654794,
              34.648598878
            ],
            [
              133.6209928009,
              34.6490443941
            ],
            [
              133.6218170442,
              34.6490214277
            ],
            [
              133.622302383,
              34.6491358001
            ],
            [
              133.6224848041,
              34.6495891504
            ],
            [
              133.6225888307,
              34.6503508068
            ],
            [
              133.6229685834,
              34.650740226
            ],
            [
              133.6231810481,
              34.6512241768
            ]
          ]
        ]
      }
    },
    {
      "type": "Feature",
      "properties": {
        "key_code": "33461006001",
        "pref": "岡山県",
        "city": "小田郡",
        "ward": "矢掛町",
        "district": "内田空上，田渕，中谷，岡谷，",
        "name": "小田郡 矢掛町 内田空上，田渕，中谷，岡谷，"
      },
      "geometry": {
        "type": "Polygon",
        "coordinates": [
          [
            [
              133.5846326448,
              34.655957332
            ],
            [
              133.5844617362,
              34.6562797819
            ],
            [
              133.5846542913,
              34.6566552232
            ],
            [
              133.5849284539,
              34.6568373385
            ],
            [
              133.5847868414,
              34.6572482064
            ],
            [
              133.5842731562,
              34.6583326426
            ],
            [
              133.5831202999,
              34.6593402009
            ],
            [
              133.5828138373,
              34.659759494
            ],
            [
              133.582374223,
              34.6600671148
            ],
            [
              133.5822959093,
              34.6602439774
            ],
            [
              133.5823140056,
              34.6612096802
            ],
            [
              133.5816480419,
              34.661971875
            ],
            [
              133.5796971313,
              34.6632834147
            ],
            [
              133.5789872291,
              34.6642321061
            ],
            [
              133.5776311324,
              34.6650279209
            ],
            [
              133.5725078243,
              34.6662626947
            ],
            [
              133.5708593442,
              34.6667495578
            ],
            [
              133.5700951456,
              34.6673400825
            ],
            [
              133.5687192164,
              34.669056349
            ],
            [
              133.5683848383,
              34.6687294421
            ],
            [
              133.567753838,
              34.6686942378
            ],
            [
              133.5671401473,
              34.6679037054
            ],
            [
              133.5670204093,
              34.6674126232
            ],
            [
              133.566549474,
              34.6668566656
            ],
            [
              133.5662822761,
              34.6662821175
            ],
            [
              133.565988682,
              34.6659439081
            ],
            [
              133.5656291173,
              34.664539255
            ],
            [
              133.5653254557,
              34.6641753445
            ],
            [
              133.5647721797,
              34.6631998028
            ],
            [
              133.5642674482,
              34.66256953
            ],
            [
              133.5635684175,
              34.6620635428
            ],
            [
              133.5632956123,
              34.6617196812
            ],
            [
              133.5631817231,
              34.6613541378
            ],
            [
              133.5630617689,
              34.6612650661
            ],
            [
              133.5621758964,
              34.6611269511
            ],
            [
              133.5619780444,
              34.6608813158
            ],
            [
              133.5615446491,
              34.6601814729
            ],
            [
              133.5616738803,
              34.6599604318
            ],
            [
              133.5616800117,
              34.6597504477
            ],
            [
              133.5614909003,
              34.6594635939
            ],
            [
              133.5615117729,
              34.6590162128
            ],
            [
              133.5614393577,
              34.6587834782
            ],
            [
              133.5611692593,
              34.6585165398
            ],
            [
              133.561163661,
              34.6583855042
            ],
            [
              133.5613313566,
              34.6581527316
            ],
            [
              133.5615279481,
              34.6566746552
            ],
            [
              133.5618397922,
              34.6554138037
            ],
            [
              133.5620365202,
              34.6550280978
            ],
            [
              133.5623848958,
              34.6549332334
            ],
            [
              133.5624506306,
              34.654811943
            ],
            [
              133.5622459547,
              34.6544672403
            ],
            [
              133.5623486041,
              34.6539783955
            ],
            [
              133.5626183293,
              34.6533036789
            ],
            [
              133.5625376362,
              34.6527131157
            ],
            [
              133.5626087502,
              34.6524797378
            ],
            [
              133.562721757,
              34.6521954922
            ],
            [
              133.563302569,
              34.6516831751
            ],
            [
              133.5642028112,
              34.651318224
            ],
            [
              133.5642399089,
              34.6510391352
            ],
            [
              133.5640343769,
              34.6501314267
            ],
            [
              133.5642935667,
              34.6494752451
            ],
            [
              133.5644549669,
              34.6497357177
            ],
            [
              133.5649196458,
              34.650074998
            ],
            [
              133.5651854165,
              34.6501269485
            ],
            [
              133.5656198718,
              34.6500290955
            ],
            [
              133.5659595768,
              34.6503077248
            ],
            [
              133.5660625129,
              34.6506981218
            ],
            [
              133.5660113867,
              34.6512886997
            ],
            [
              133.5660922962,
              34.651590922
            ],
            [
              133.5662428577,
              34.6517615964
            ],
            [
              133.5668575581,
              34.651916296
            ],
            [
              133.5675181051,
              34.6524704675
            ],
            [
              133.5679121347,
              34.6526363199
            ],
            [
              133.5685120231,
              34.6527531681
            ],
            [
              133.5689206488,
              34.6529820712
            ],
            [
              133.5691640546,
              34.6529835869
            ],
            [
              133.5693933859,
              34.6528655678
            ],
            [
              133.5696454931,
              34.6519179019
            ],
            [
              133.5734706458,
              34.6532899409
            ],
            [
              133.5734425776,
              34.6537592793
            ],
            [
              133.5738323731,
              34.654915963
            ],
            [
              133.5746400846,
              34.6550411882
            ],
            [
              133.5755780658,
              34.6555567231
            ],
            [
              133.5765870744,
              34.6559428526
            ],
            [
              133.5783718206,
              34.6554970354
            ],
            [
              133.5790984773,
              34.6555784521
            ],
            [
              133.5805698722,
              34.656313623
            ],
            [
              133.5811918428,
              34.6563895746
            ],
            [
              133.5846326448,
              34.655957332
            ]
          ]
        ]
      }
    },
    {
      "type": "Feature",
      "properties": {
        "key_code": "33461006002",
        "pref": "岡山県",
        "city": "小田郡",
        "ward": "矢掛町",
        "district": "内田下高階，古浦，古屋谷",
        "name": "小田郡 矢掛町 内田下高階，古浦，古屋谷"
      },
      "geometry": {
        "type": "Polygon",
        "coordinates": [
          [
            [
              133.5734425776,
              34.6537592793
            ],
            [
              133.5734706458,
              34.6532899409
            ],
            [
              133.5696454931,
              34.6519179019
            ],
            [
              133.5693933859,
              34.6528655678
            ],
            [
              133.5691640546,
              34.6529835869
            ],
            [
              133.5689206488,
              34.6529820712
            ],
            [
              133.5685120231,
              34.6527531681
            ],
            [
              133.567699792,
              34.6525658352
            ],
            [
              133.5668575581,
              34.651916296
            ],
            [
              133.5662428577,
              34.6517615964
            ],
            [
              133.5660922962,
              34.651590922
            ],
            [
              133.5660113867,
              34.6512886997
            ],
            [
              133.5660625129,
              34.6506981218
            ],
            [
              133.5659595768,
              34.6503077248
            ],
            [
              133.5656198718,
              34.6500290955
            ],
            [
              133.5651854165,
              34.6501269485
            ],
            [
              133.5649196458,
              34.650074998
            ],
            [
              133.5644549669,
              34.6497357177
            ],
            [
              133.5642935667,
              34.6494752451
            ],
            [
              133.565670662,
              34.6491239805
            ],
            [
              133.56625486,
              34.6491734151
            ],
            [
              133.5667393162,
              34.6493646297
            ],
            [
              133.5670329143,
              34.6492265923
            ],
            [
              133.5690595217,
              34.6476931904
            ],
            [
              133.569452168,
              34.6471615073
            ],
            [
              133.5709368244,
              34.6463265941
            ],
            [
              133.5712290773,
              34.6459978204
            ],
            [
              133.5729864672,
              34.6462935467
            ],
            [
              133.5737563586,
              34.646227046
            ],
            [
              133.5740016546,
              34.6460271411
            ],
            [
              133.5746508378,
              34.6448223268
            ],
            [
              133.5748252269,
              34.6446411379
            ],
            [
              133.5750174801,
              34.644603732
            ],
            [
              133.5759433067,
              34.6450249824
            ],
            [
              133.5776986101,
              34.6441279922
            ],
            [
              133.5787666401,
              34.6437532705
            ],
            [
              133.5797604255,
              34.6441051857
            ],
            [
              133.5803921564,
              34.6436614237
            ],
            [
              133.581383475,
              34.644277839
            ],
            [
              133.5828977593,
              34.6442271118
            ],
            [
              133.5833224375,
              34.6450655552
            ],
            [
              133.5835101397,
              34.6458257878
            ],
            [
              133.5830595003,
              34.6463071593
            ],
            [
              133.5828213213,
              34.6464285294
            ],
            [
              133.580539941,
              34.6465817385
            ],
            [
              133.579720372,
              34.6467417874
            ],
            [
              133.5789876905,
              34.6470561817
            ],
            [
              133.5786009612,
              34.6474129867
            ],
            [
              133.5783701624,
              34.6477534261
            ],
            [
              133.578169738,
              34.6483246352
            ],
            [
              133.577915064,
              34.6494927439
            ],
            [
              133.5779431574,
              34.6515252045
            ],
            [
              133.5781297372,
              34.6519642798
            ],
            [
              133.5792093342,
              34.6517616184
            ],
            [
              133.5807474743,
              34.6511873655
            ],
            [
              133.5815776902,
              34.6509941359
            ],
            [
              133.5836558829,
              34.6515718523
            ],
            [
              133.586430363,
              34.6519171219
            ],
            [
              133.5867173227,
              34.6520495841
            ],
            [
              133.5871554571,
              34.6524401725
            ],
            [
              133.5875844194,
              34.6530746696
            ],
            [
              133.5876324827,
              34.6534168265
            ],
            [
              133.5875703922,
              34.6541234226
            ],
            [
              133.5874465689,
              34.6544348146
            ],
            [
              133.5866866465,
              34.6554126877
            ],
            [
              133.5862475866,
              34.6557011728
            ],
            [
              133.5858576182,
              34.655856984
            ],
            [
              133.5848196596,
              34.6558219229
            ],
            [
              133.5846326448,
              34.655957332
            ],
            [
              133.5811918428,
              34.6563895746
            ],
            [
              133.5805698722,
              34.656313623
            ],
            [
              133.5790984773,
              34.6555784521
            ],
            [
              133.5783718206,
              34.6554970354
            ],
            [
              133.5765870744,
              34.6559428526
            ],
            [
              133.5755780658,
              34.6555567231
            ],
            [
              133.5746400846,
              34.6550411882
            ],
            [
              133.5738323731,
              34.654915963
            ],
            [
              133.5734425776,
              34.6537592793
            ]
          ]
        ]
      }
    },
    {
      "type": "Feature",
      "properties": {
        "key_code": "33461006003",
        "pref": "岡山県",
        "city": "小田郡",
        "ward": "矢掛町",
        "district": "内田井ノ口，鳥越",
        "name": "小田郡 矢掛町 内田井ノ口，鳥越"
      },
      "geometry": {
        "type": "Polygon",
        "coordinates": [
          [
            [
              133.5883079919,
              34.6532558418
            ],
            [
              133.5876271407,
              34.6536290297
            ],
            [
              133.5875844194,
              34.6530746696
            ],
            [
              133.587440161,
              34.6528337704
            ],
            [
              133.5869849975,
              34.6522701062
            ],
            [
              133.586430363,
              34.6519171219
            ],
            [
              133.5836558829,
              34.6515718523
            ],
            [
              133.5815776902,
              34.6509941359
            ],
            [
              133.5807474743,
              34.6511873655
            ],
            [
              133.5792093342,
              34.6517616184
            ],
            [
              133.5781297372,
              34.6519642798
            ],
            [
              133.5779431574,
              34.6515252045
            ],
            [
              133.577915064,
              34.6494927439
            ],
            [
              133.578038027,
              34.6487521701
            ],
            [
              133.5783701624,
              34.6477534261
            ],
            [
              133.5786009612,
              34.6474129867
            ],
            [
              133.5789876905,
              34.6470561817
            ],
            [
              133.579720372,
              34.6467417874
            ],
            [
              133.580539941,
              34.6465817385
            ],
            [
              133.5826070627,
              34.6464772222
            ],
            [
              133.5829659065,
              34.6463756064
            ],
            [
              133.5835101397,
              34.6458257878
            ],
            [
              133.5833224375,
              34.6450655552
            ],
            [
              133.5849348714,
              34.6448767979
            ],
            [
              133.5862332961,
              34.6449500579
            ],
            [
              133.5895929851,
              34.646607219
            ],
            [
              133.5904151101,
              34.6475893311
            ],
            [
              133.5903039883,
              34.6478743205
            ],
            [
              133.5899531295,
              34.6481219397
            ],
            [
              133.5894128738,
              34.648230088
            ],
            [
              133.5876675438,
              34.6482175321
            ],
            [
              133.5875874093,
              34.6483438181
            ],
            [
              133.5875110221,
              34.6493441532
            ],
            [
              133.5873063414,
              34.6498729602
            ],
            [
              133.5872635641,
              34.6504989561
            ],
            [
              133.5869077608,
              34.6515512592
            ],
            [
              133.5867812296,
              34.651661908
            ],
            [
              133.587812941,
              34.6524730435
            ],
            [
              133.5883079919,
              34.6532558418
            ]
          ]
        ]
      }
    },
    {
      "type": "Feature",
      "properties": {
        "key_code": "33461007001",
        "pref": "岡山県",
        "city": "小田郡",
        "ward": "矢掛町",
        "district": "東三成土井，多和，車谷",
        "name": "小田郡 矢掛町 東三成土井，多和，車谷"
      },
      "geometry": {
        "type": "Polygon",
        "coordinates": [
          [
            [
              133.6321129947,
              34.6420040013
            ],
            [
              133.6318885769,
              34.6418579179
            ],
            [
              133.6315044081,
              34.6418607931
            ],
            [
              133.6307707943,
              34.6420884478
            ],
            [
              133.6305065604,
              34.642333858
            ],
            [
              133.6301114886,
              34.6429060121
            ],
            [
              133.629781792,
              34.6440405597
            ],
            [
              133.629273074,
              34.6443500639
            ],
            [
              133.6289525446,
              34.6447564298
            ],
            [
              133.6289862858,
              34.6450942606
            ],
            [
              133.629213081,
              34.6456495609
            ],
            [
              133.6283271438,
              34.645650391
            ],
            [
              133.6278620965,
              34.6457471643
            ],
            [
              133.6268738219,
              34.6450693015
            ],
            [
              133.6262826525,
              34.6449957503
            ],
            [
              133.6260607554,
              34.644839246
            ],
            [
              133.6255637305,
              34.6447382038
            ],
            [
              133.6249887452,
              34.6448461646
            ],
            [
              133.624652453,
              34.644593779
            ],
            [
              133.6245002906,
              34.6445695186
            ],
            [
              133.6236370666,
              34.644816383
            ],
            [
              133.6230566174,
              34.6451498151
            ],
            [
              133.6222586092,
              34.6450236348
            ],
            [
              133.6218368055,
              34.6451307767
            ],
            [
              133.6200749699,
              34.6442217418
            ],
            [
              133.6191004792,
              34.6444449664
            ],
            [
              133.6178539156,
              34.6443920681
            ],
            [
              133.616998089,
              34.6446887902
            ],
            [
              133.616110542,
              34.6446606465
            ],
            [
              133.6156112749,
              34.6444557396
            ],
            [
              133.6152037853,
              34.6440782573
            ],
            [
              133.614588886,
              34.6432757237
            ],
            [
              133.6137447747,
              34.6426994675
            ],
            [
              133.612709607,
              34.6431597674
            ],
            [
              133.6119796188,
              34.6433801444
            ],
            [
              133.6117778689,
              34.6433361386
            ],
            [
              133.6113686378,
              34.6430538525
            ],
            [
              133.6110462812,
              34.6425509342
            ],
            [
              133.6106557433,
              34.6427669619
            ],
            [
              133.6103674685,
              34.6427070906
            ],
            [
              133.6101147922,
              34.6424043138
            ],
            [
              133.609944542,
              34.6420203255
            ],
            [
              133.6098270653,
              34.6415255132
            ],
            [
              133.6098112683,
              34.6406849373
            ],
            [
              133.6099561317,
              34.6406946652
            ],
            [
              133.6103656589,
              34.6401649253
            ],
            [
              133.6107621924,
              34.6399441441
            ],
            [
              133.6115821069,
              34.6399833335
            ],
            [
              133.612202984,
              34.6402272803
            ],
            [
              133.6125453854,
              34.6402549255
            ],
            [
              133.6128480683,
              34.6400765478
            ],
            [
              133.612944807,
              34.6396994806
            ],
            [
              133.6135713471,
              34.6386861749
            ],
            [
              133.6141420052,
              34.6375311181
            ],
            [
              133.6143338234,
              34.6369571265
            ],
            [
              133.6145188971,
              34.6353662653
            ],
            [
              133.614453024,
              34.6345763897
            ],
            [
              133.6143320821,
              34.6341552313
            ],
            [
              133.6139587646,
              34.6334965232
            ],
            [
              133.6133832736,
              34.6328066298
            ],
            [
              133.6131616775,
              34.6320244341
            ],
            [
              133.612885965,
              34.63149067
            ],
            [
              133.6126181916,
              34.631231619
            ],
            [
              133.6125267409,
              34.6310079693
            ],
            [
              133.6125813706,
              34.6306908037
            ],
            [
              133.6125240591,
              34.6301154988
            ],
            [
              133.6110314587,
              34.6298320776
            ],
            [
              133.6088019571,
              34.6289307199
            ],
            [
              133.6081902106,
              34.6288327328
            ],
            [
              133.6082332238,
              34.6286480456
            ],
            [
              133.6079590592,
              34.628097937
            ],
            [
              133.6076917453,
              34.6282591837
            ],
            [
              133.6072083097,
              34.6289256625
            ],
            [
              133.6042227278,
              34.6272344576
            ],
            [
              133.6042581259,
              34.6263333374
            ],
            [
              133.6059912047,
              34.6261322051
            ],
            [
              133.6080412362,
              34.6255462764
            ],
            [
              133.6097816049,
              34.6256409289
            ],
            [
              133.6099019583,
              34.6254776835
            ],
            [
              133.6109242552,
              34.6257131429
            ],
            [
              133.6111502099,
              34.6263318353
            ],
            [
              133.6111123501,
              34.6276535329
            ],
            [
              133.6111836856,
              34.6281920159
            ],
            [
              133.6123397197,
              34.6282479546
            ],
            [
              133.6125029804,
              34.6284728696
            ],
            [
              133.6133995567,
              34.6279592109
            ],
            [
              133.6165012224,
              34.6277042034
            ],
            [
              133.6170342594,
              34.6279694382
            ],
            [
              133.6192295907,
              34.6297495079
            ],
            [
              133.6234717359,
              34.6304942597
            ],
            [
              133.6247029961,
              34.6304143149
            ],
            [
              133.624768761,
              34.6303355334
            ],
            [
              133.6246935543,
              34.6301769183
            ],
            [
              133.6252335419,
              34.6299190241
            ],
            [
              133.6252966501,
              34.6297666996
            ],
            [
              133.6259839635,
              34.6292808986
            ],
            [
              133.6261666179,
              34.6290168584
            ],
            [
              133.6266032022,
              34.6290051424
            ],
            [
              133.6265763955,
              34.6295892602
            ],
            [
              133.6272419276,
              34.6304969594
            ],
            [
              133.6272940168,
              34.6306744555
            ],
            [
              133.62733076,
              34.6308580619
            ],
            [
              133.6272186483,
              34.6314395769
            ],
            [
              133.6273118888,
              34.632180594
            ],
            [
              133.6275145128,
              34.6326625014
            ],
            [
              133.6276503023,
              34.6333499553
            ],
            [
              133.6283224602,
              34.6344358737
            ],
            [
              133.6286265905,
              34.6346843994
            ],
            [
              133.6290315775,
              34.6347753207
            ],
            [
              133.6302662669,
              34.6345229367
            ],
            [
              133.6310326426,
              34.6348786171
            ],
            [
              133.6318310139,
              34.6355284445
            ],
            [
              133.6325777781,
              34.6358014628
            ],
            [
              133.6327023071,
              34.6362374218
            ],
            [
              133.6326431496,
              34.6367214923
            ],
            [
              133.6326927846,
              34.6370201113
            ],
            [
              133.6331679498,
              34.6376694989
            ],
            [
              133.633786972,
              34.6380940501
            ],
            [
              133.6338380887,
              34.6389731517
            ],
            [
              133.6340174116,
              34.6396132435
            ],
            [
              133.633972125,
              34.6398413154
            ],
            [
              133.6335236357,
              34.6402186532
            ],
            [
              133.6325254689,
              34.640713426
            ],
            [
              133.6321129947,
              34.6420040013
            ]
          ]
        ]
      }
    },
    {
      "type": "Feature",
      "properties": {
        "key_code": "33461007002",
        "pref": "岡山県",
        "city": "小田郡",
        "ward": "矢掛町",
        "district": "東三成東三成，谷川内，藤の棚",
        "name": "小田郡 矢掛町 東三成東三成，谷川内，藤の棚"
      },
      "geometry": {
        "type": "Polygon",
        "coordinates": [
          [
            [
              133.6233953921,
              34.6142667128
            ],
            [
              133.6274937046,
              34.6146340144
            ],
            [
              133.6298528616,
              34.6142810059
            ],
            [
              133.6308775252,
              34.6145084219
            ],
            [
              133.6317658463,
              34.6142761428
            ],
            [
              133.6339572224,
              34.6141542301
            ],
            [
              133.6355300366,
              34.6144162723
            ],
            [
              133.6373389861,
              34.6144910236
            ],
            [
              133.6376310427,
              34.6145733861
            ],
            [
              133.6370646905,
              34.6157804291
            ],
            [
              133.6370532512,
              34.6159820718
            ],
            [
              133.6367664938,
              34.6164323189
            ],
            [
              133.6365999488,
              34.6165039169
            ],
            [
              133.6363626301,
              34.6168737317
            ],
            [
              133.6362061483,
              34.6169132716
            ],
            [
              133.6361556251,
              34.6171227212
            ],
            [
              133.6359597488,
              34.6172023222
            ],
            [
              133.6359770706,
              34.6174686404
            ],
            [
              133.6357903396,
              34.6176208344
            ],
            [
              133.6358760055,
              34.6178795105
            ],
            [
              133.6357873006,
              34.6179839458
            ],
            [
              133.6357930035,
              34.618468104
            ],
            [
              133.6354980985,
              34.618724622
            ],
            [
              133.63544753,
              34.6189340708
            ],
            [
              133.6356933577,
              34.6198794882
            ],
            [
              133.6344115422,
              34.6213000608
            ],
            [
              133.6342006948,
              34.6219956731
            ],
            [
              133.6335128934,
              34.6231312795
            ],
            [
              133.6332845546,
              34.6237015702
            ],
            [
              133.6331408512,
              34.6249066111
            ],
            [
              133.633199098,
              34.6258589811
            ],
            [
              133.6333795059,
              34.6267826069
            ],
            [
              133.633244012,
              34.6271562284
            ],
            [
              133.6330920785,
              34.6273417137
            ],
            [
              133.6326966522,
              34.6273536887
            ],
            [
              133.6323584725,
              34.6274931799
            ],
            [
              133.6321246635,
              34.6276731264
            ],
            [
              133.6320149467,
              34.627883361
            ],
            [
              133.6319644976,
              34.6284366354
            ],
            [
              133.632039006,
              34.6286542624
            ],
            [
              133.6328731876,
              34.6297057261
            ],
            [
              133.6334210476,
              34.6297854725
            ],
            [
              133.6338394715,
              34.6304810133
            ],
            [
              133.6336283381,
              34.6310747927
            ],
            [
              133.6334338971,
              34.631374838
            ],
            [
              133.6333400251,
              34.6317727882
            ],
            [
              133.633388332,
              34.6320573135
            ],
            [
              133.6329963469,
              34.6329395224
            ],
            [
              133.6327301128,
              34.6332954995
            ],
            [
              133.632106348,
              34.6338697368
            ],
            [
              133.6322038425,
              34.6348041745
            ],
            [
              133.6325777781,
              34.6358014628
            ],
            [
              133.6318310139,
              34.6355284445
            ],
            [
              133.6310326426,
              34.6348786171
            ],
            [
              133.6302662669,
              34.6345229367
            ],
            [
              133.6290315775,
              34.6347753207
            ],
            [
              133.6286265905,
              34.6346843994
            ],
            [
              133.6283224602,
              34.6344358737
            ],
            [
              133.6276503023,
              34.6333499553
            ],
            [
              133.6275145128,
              34.6326625014
            ],
            [
              133.6273118888,
              34.632180594
            ],
            [
              133.6272186483,
              34.6314395769
            ],
            [
              133.62733076,
              34.6308580619
            ],
            [
              133.6272940168,
              34.6306744555
            ],
            [
              133.6272419276,
              34.6304969594
            ],
            [
              133.6265763955,
              34.6295892602
            ],
            [
              133.6266267146,
              34.6290457027
            ],
            [
              133.6263354493,
              34.6289910662
            ],
            [
              133.6262220407,
              34.6284393844
            ],
            [
              133.6260511804,
              34.6270719711
            ],
            [
              133.6259328991,
              34.626678166
            ],
            [
              133.6255489324,
              34.6230607885
            ],
            [
              133.6251640684,
              34.6215046676
            ],
            [
              133.625145774,
              34.6204030805
            ],
            [
              133.6250603322,
              34.6200460859
            ],
            [
              133.6239693626,
              34.6171523613
            ],
            [
              133.6234934401,
              34.6171361631
            ],
            [
              133.6230860396,
              34.6165617949
            ],
            [
              133.6219044019,
              34.616441746
            ],
            [
              133.6228368503,
              34.6155024182
            ],
            [
              133.6233953921,
              34.6142667128
            ]
          ]
        ]
      }
    },
    {
      "type": "Feature",
      "properties": {
        "key_code": "33461007003",
        "pref": "岡山県",
        "city": "小田郡",
        "ward": "矢掛町",
        "district": "東三成市場，折坂",
        "name": "小田郡 矢掛町 東三成市場，折坂"
      },
      "geometry": {
        "type": "Polygon",
        "coordinates": [
          [
            [
              133.6239693626,
              34.6171523613
            ],
            [
              133.625145774,
              34.6204030805
            ],
            [
              133.6251640684,
              34.6215046676
            ],
            [
              133.6255489324,
              34.6230607885
            ],
            [
              133.6259328991,
              34.626678166
            ],
            [
              133.6263354493,
              34.6289910662
            ],
            [
              133.6261666179,
              34.6290168584
            ],
            [
              133.6260252371,
              34.6292114129
            ],
            [
              133.6253246326,
              34.628653956
            ],
            [
              133.6248203467,
              34.6278397253
            ],
            [
              133.6241351489,
              34.6264292055
            ],
            [
              133.6238649796,
              34.6263346835
            ],
            [
              133.6236861177,
              34.626388303
            ],
            [
              133.623539014,
              34.6265895801
            ],
            [
              133.6235222292,
              34.6270100735
            ],
            [
              133.6234352409,
              34.6271352133
            ],
            [
              133.6232429893,
              34.6272052345
            ],
            [
              133.622529657,
              34.6252208455
            ],
            [
              133.6213021209,
              34.6227062597
            ],
            [
              133.6210599542,
              34.6224317412
            ],
            [
              133.6206237983,
              34.6216590237
            ],
            [
              133.6196921383,
              34.6212630335
            ],
            [
              133.619528311,
              34.621103622
            ],
            [
              133.6190985452,
              34.6203581202
            ],
            [
              133.6185295901,
              34.6196665995
            ],
            [
              133.6180836643,
              34.6196503437
            ],
            [
              133.6178866044,
              34.6195125685
            ],
            [
              133.6176463351,
              34.6190195858
            ],
            [
              133.6175826944,
              34.6183500132
            ],
            [
              133.6174317958,
              34.6182289849
            ],
            [
              133.6172700489,
              34.6178237895
            ],
            [
              133.6169490685,
              34.6174996441
            ],
            [
              133.6167533171,
              34.6168238073
            ],
            [
              133.61706384,
              34.6152905759
            ],
            [
              133.6173991021,
              34.6147243167
            ],
            [
              133.6175654427,
              34.6145887959
            ],
            [
              133.6188400538,
              34.6139672851
            ],
            [
              133.620437461,
              34.6139580977
            ],
            [
              133.6233953921,
              34.6142667128
            ],
            [
              133.6228368503,
              34.6155024182
            ],
            [
              133.6219044019,
              34.616441746
            ],
            [
              133.6230860396,
              34.6165617949
            ],
            [
              133.6234934401,
              34.6171361631
            ],
            [
              133.6239693626,
              34.6171523613
            ]
          ]
        ]
      }
    },
    {
      "type": "Feature",
      "properties": {
        "key_code": "33461007004",
        "pref": "岡山県",
        "city": "小田郡",
        "ward": "矢掛町",
        "district": "東三成吉野，大明地１",
        "name": "小田郡 矢掛町 東三成吉野，大明地１"
      },
      "geometry": {
        "type": "Polygon",
        "coordinates": [
          [
            [
              133.6232429893,
              34.6272052345
            ],
            [
              133.6229297172,
              34.6271296176
            ],
            [
              133.6225801266,
              34.6274417027
            ],
            [
              133.6200730229,
              34.6261817613
            ],
            [
              133.6163222058,
              34.6235433079
            ],
            [
              133.616197945,
              34.6233949681
            ],
            [
              133.616214436,
              34.6230127857
            ],
            [
              133.6161496381,
              34.6228649331
            ],
            [
              133.6156355069,
              34.6227088255
            ],
            [
              133.6150132034,
              34.6228418225
            ],
            [
              133.6136875341,
              34.6225391242
            ],
            [
              133.6121363074,
              34.6212085413
            ],
            [
              133.6132059219,
              34.6201714979
            ],
            [
              133.6141365919,
              34.6195066151
            ],
            [
              133.614371188,
              34.6192326149
            ],
            [
              133.6145639832,
              34.6148735743
            ],
            [
              133.615302327,
              34.6149298608
            ],
            [
              133.6164068069,
              34.6147781208
            ],
            [
              133.6170105938,
              34.6146366977
            ],
            [
              133.6188400538,
              34.6139672851
            ],
            [
              133.6173991021,
              34.6147243167
            ],
            [
              133.6169689383,
              34.6155686346
            ],
            [
              133.6167533171,
              34.6168238073
            ],
            [
              133.6168388205,
              34.61725321
            ],
            [
              133.6169490685,
              34.6174996441
            ],
            [
              133.6172700489,
              34.6178237895
            ],
            [
              133.6174317958,
              34.6182289849
            ],
            [
              133.6175826944,
              34.6183500132
            ],
            [
              133.6176463351,
              34.6190195858
            ],
            [
              133.6177364575,
              34.6192987221
            ],
            [
              133.6179716255,
              34.6196168731
            ],
            [
              133.6185295901,
              34.6196665995
            ],
            [
              133.6190985452,
              34.6203581202
            ],
            [
              133.619528311,
              34.621103622
            ],
            [
              133.6196921383,
              34.6212630335
            ],
            [
              133.6206237983,
              34.6216590237
            ],
            [
              133.6210599542,
              34.6224317412
            ],
            [
              133.6213021209,
              34.6227062597
            ],
            [
              133.622529657,
              34.6252208455
            ],
            [
              133.6232429893,
              34.6272052345
            ]
          ]
        ]
      }
    },
    {
      "type": "Feature",
      "properties": {
        "key_code": "33461007005",
        "pref": "岡山県",
        "city": "小田郡",
        "ward": "矢掛町",
        "district": "東三成新町団地，大明地２",
        "name": "小田郡 矢掛町 東三成新町団地，大明地２"
      },
      "geometry": {
        "type": "Polygon",
        "coordinates": [
          [
            [
              133.6121363074,
              34.6212085413
            ],
            [
              133.6081757387,
              34.6211794472
            ],
            [
              133.6082372938,
              34.6205961088
            ],
            [
              133.6081841811,
              34.6204731108
            ],
            [
              133.6082222276,
              34.6171855005
            ],
            [
              133.6085164785,
              34.6145679027
            ],
            [
              133.6089100885,
              34.6145624833
            ],
            [
              133.6113767243,
              34.6139069588
            ],
            [
              133.6117902239,
              34.613876706
            ],
            [
              133.6126298907,
              34.6140064252
            ],
            [
              133.6136891416,
              34.6145540719
            ],
            [
              133.6145639832,
              34.6148735743
            ],
            [
              133.614371188,
              34.6192326149
            ],
            [
              133.6141365919,
              34.6195066151
            ],
            [
              133.6132059219,
              34.6201714979
            ],
            [
              133.6121363074,
              34.6212085413
            ]
          ]
        ]
      }
    },
    {
      "type": "Feature",
      "properties": {
        "key_code": "33461007006",
        "pref": "岡山県",
        "city": "小田郡",
        "ward": "矢掛町",
        "district": "東三成多和，東土井",
        "name": "小田郡 矢掛町 東三成多和，東土井"
      },
      "geometry": {
        "type": "Polygon",
        "coordinates": [
          [
            [
              133.6260252371,
              34.6292114129
            ],
            [
              133.6254905745,
              34.6295804772
            ],
            [
              133.6252335419,
              34.6299190241
            ],
            [
              133.6246935543,
              34.6301769183
            ],
            [
              133.624768761,
              34.6303355334
            ],
            [
              133.6247029961,
              34.6304143149
            ],
            [
              133.6234717359,
              34.6304942597
            ],
            [
              133.6192295907,
              34.6297495079
            ],
            [
              133.6170342594,
              34.6279694382
            ],
            [
              133.6165012224,
              34.6277042034
            ],
            [
              133.6133995567,
              34.6279592109
            ],
            [
              133.6125029804,
              34.6284728696
            ],
            [
              133.6123397197,
              34.6282479546
            ],
            [
              133.6111836856,
              34.6281920159
            ],
            [
              133.6111123501,
              34.6276535329
            ],
            [
              133.6111502099,
              34.6263318353
            ],
            [
              133.6109242552,
              34.6257131429
            ],
            [
              133.6099019583,
              34.6254776835
            ],
            [
              133.6097816049,
              34.6256409289
            ],
            [
              133.6088030092,
              34.625632475
            ],
            [
              133.608850068,
              34.6229322864
            ],
            [
              133.6081675354,
              34.6229361397
            ],
            [
              133.6081757387,
              34.6211794472
            ],
            [
              133.6121363074,
              34.6212085413
            ],
            [
              133.6136875341,
              34.6225391242
            ],
            [
              133.6150132034,
              34.6228418225
            ],
            [
              133.6156355069,
              34.6227088255
            ],
            [
              133.6159719112,
              34.6227819191
            ],
            [
              133.6161496381,
              34.6228649331
            ],
            [
              133.616214436,
              34.6230127857
            ],
            [
              133.616197945,
              34.6233949681
            ],
            [
              133.6163222058,
              34.6235433079
            ],
            [
              133.6200730229,
              34.6261817613
            ],
            [
              133.6225801266,
              34.6274417027
            ],
            [
              133.6229297172,
              34.6271296176
            ],
            [
              133.6232429893,
              34.6272052345
            ],
            [
              133.6234352409,
              34.6271352133
            ],
            [
              133.6235222292,
              34.6270100735
            ],
            [
              133.6235992238,
              34.6265024564
            ],
            [
              133.6236861177,
              34.626388303
            ],
            [
              133.6240167805,
              34.6263573917
            ],
            [
              133.6242529205,
              34.6265663722
            ],
            [
              133.6248203467,
              34.6278397253
            ],
            [
              133.6253246326,
              34.628653956
            ],
            [
              133.6260252371,
              34.6292114129
            ]
          ]
        ]
      }
    },
    {
      "type": "Feature",
      "properties": {
        "key_code": "33461007007",
        "pref": "岡山県",
        "city": "小田郡",
        "ward": "矢掛町",
        "district": "東三成行部東",
        "name": "小田郡 矢掛町 東三成行部東"
      },
      "geometry": {
        "type": "Polygon",
        "coordinates": [
          [
            [
              133.6042581259,
              34.6263333374
            ],
            [
              133.6042627529,
              34.6262134971
            ],
            [
              133.6049567087,
              34.6253438985
            ],
            [
              133.6056913831,
              34.6246587752
            ],
            [
              133.6057018231,
              34.624555872
            ],
            [
              133.6039104663,
              34.6238357434
            ],
            [
              133.6033091622,
              34.6235231287
            ],
            [
              133.6028811541,
              34.6231322426
            ],
            [
              133.60277099,
              34.6225688702
            ],
            [
              133.6025690467,
              34.622096084
            ],
            [
              133.6021348977,
              34.6213087925
            ],
            [
              133.6018977414,
              34.6210438377
            ],
            [
              133.6030237052,
              34.620454592
            ],
            [
              133.6033039137,
              34.6201614514
            ],
            [
              133.6036839052,
              34.6195443736
            ],
            [
              133.6047504062,
              34.6184055635
            ],
            [
              133.6047457298,
              34.6185604764
            ],
            [
              133.6049792062,
              34.6189151288
            ],
            [
              133.6052032921,
              34.6188430748
            ],
            [
              133.6058617354,
              34.6188917756
            ],
            [
              133.6058105027,
              34.6187393481
            ],
            [
              133.6060007672,
              34.6161378972
            ],
            [
              133.6059146033,
              34.6147165793
            ],
            [
              133.6060301647,
              34.6136464846
            ],
            [
              133.6068799732,
              34.6141553651
            ],
            [
              133.6074497405,
              34.6143756589
            ],
            [
              133.6085164785,
              34.6145679027
            ],
            [
              133.6082222276,
              34.6171855005
            ],
            [
              133.6081675354,
              34.6229361397
            ],
            [
              133.608850068,
              34.6229322864
            ],
            [
              133.6088030092,
              34.625632475
            ],
            [
              133.6080412362,
              34.6255462764
            ],
            [
              133.6059912047,
              34.6261322051
            ],
            [
              133.6042581259,
              34.6263333374
            ]
          ]
        ]
      }
    },
    {
      "type": "Feature",
      "properties": {
        "key_code": "33461007008",
        "pref": "岡山県",
        "city": "小田郡",
        "ward": "矢掛町",
        "district": "東三成行部西",
        "name": "小田郡 矢掛町 東三成行部西"
      },
      "geometry": {
        "type": "Polygon",
        "coordinates": [
          [
            [
              133.6018977414,
              34.6210438377
            ],
            [
              133.6016332517,
              34.6207484351
            ],
            [
              133.6010119348,
              34.620477242
            ],
            [
              133.6007945726,
              34.619812092
            ],
            [
              133.6003272694,
              34.6195726613
            ],
            [
              133.6003859387,
              34.6191398818
            ],
            [
              133.6003153281,
              34.6183536259
            ],
            [
              133.6001715565,
              34.6178852659
            ],
            [
              133.5991139106,
              34.6171223981
            ],
            [
              133.5994262891,
              34.616552677
            ],
            [
              133.5998196961,
              34.6159614661
            ],
            [
              133.6000953521,
              34.6156916876
            ],
            [
              133.6026984921,
              34.6138089268
            ],
            [
              133.6037045695,
              34.613435318
            ],
            [
              133.6054103351,
              34.6134143356
            ],
            [
              133.6060301647,
              34.6136464846
            ],
            [
              133.6059146033,
              34.6147165793
            ],
            [
              133.6060007672,
              34.6161378972
            ],
            [
              133.6058105027,
              34.6187393481
            ],
            [
              133.6058617354,
              34.6188917756
            ],
            [
              133.6052032921,
              34.6188430748
            ],
            [
              133.6049792062,
              34.6189151288
            ],
            [
              133.6047457298,
              34.6185604764
            ],
            [
              133.6047504062,
              34.6184055635
            ],
            [
              133.6036839052,
              34.6195443736
            ],
            [
              133.6033039137,
              34.6201614514
            ],
            [
              133.6030237052,
              34.620454592
            ],
            [
              133.6018977414,
              34.6210438377
            ]
          ]
        ]
      }
    },
    {
      "type": "Feature",
      "properties": {
        "key_code": "33461008001",
        "pref": "岡山県",
        "city": "小田郡",
        "ward": "矢掛町",
        "district": "横谷高田，長谷，西迫，畑",
        "name": "小田郡 矢掛町 横谷高田，長谷，西迫，畑"
      },
      "geometry": {
        "type": "Polygon",
        "coordinates": [
          [
            [
              133.6310228687,
              34.6144762909
            ],
            [
              133.6307691732,
              34.6145078038
            ],
            [
              133.6298528616,
              34.6142810059
            ],
            [
              133.6274937046,
              34.6146340144
            ],
            [
              133.6240049794,
              34.6143477492
            ],
            [
              133.6216450305,
              34.6140467839
            ],
            [
              133.6191686793,
              34.6139401761
            ],
            [
              133.6187058308,
              34.6140034093
            ],
            [
              133.6170105938,
              34.6146366977
            ],
            [
              133.6164068069,
              34.6147781208
            ],
            [
              133.615302327,
              34.6149298608
            ],
            [
              133.6145313239,
              34.6148674672
            ],
            [
              133.6136891416,
              34.6145540719
            ],
            [
              133.6126298907,
              34.6140064252
            ],
            [
              133.6117902239,
              34.613876706
            ],
            [
              133.6117036559,
              34.6121363576
            ],
            [
              133.6122256514,
              34.6110062266
            ],
            [
              133.6118729644,
              34.6106655362
            ],
            [
              133.6119803196,
              34.6101711894
            ],
            [
              133.6117980031,
              34.6097320518
            ],
            [
              133.6128965834,
              34.6091229385
            ],
            [
              133.6131921094,
              34.6088237956
            ],
            [
              133.6132375458,
              34.6083962755
            ],
            [
              133.6140316247,
              34.6079889109
            ],
            [
              133.6134864229,
              34.6065465742
            ],
            [
              133.6136083122,
              34.6064284031
            ],
            [
              133.616616897,
              34.6070270077
            ],
            [
              133.6172863542,
              34.6070971088
            ],
            [
              133.6205538479,
              34.6078358666
            ],
            [
              133.6210826826,
              34.6081700858
            ],
            [
              133.6216560667,
              34.6084051142
            ],
            [
              133.6220060667,
              34.6083560066
            ],
            [
              133.6226819342,
              34.6081010129
            ],
            [
              133.6232596294,
              34.6080456038
            ],
            [
              133.6237206812,
              34.6082139076
            ],
            [
              133.6240745696,
              34.6080429709
            ],
            [
              133.6243727352,
              34.608223999
            ],
            [
              133.6252427039,
              34.6084516961
            ],
            [
              133.6253878336,
              34.6086291653
            ],
            [
              133.6257173471,
              34.6098132805
            ],
            [
              133.6259318426,
              34.6100832694
            ],
            [
              133.6264879437,
              34.6104857931
            ],
            [
              133.6270944265,
              34.6107740869
            ],
            [
              133.6273950889,
              34.6110341438
            ],
            [
              133.6277942304,
              34.6119022819
            ],
            [
              133.6281806931,
              34.6123828425
            ],
            [
              133.6296248125,
              34.6129645276
            ],
            [
              133.6300274966,
              34.6132303702
            ],
            [
              133.6306898371,
              34.6138944855
            ],
            [
              133.6310228687,
              34.6144762909
            ]
          ]
        ]
      }
    },
    {
      "type": "Feature",
      "properties": {
        "key_code": "33461008002",
        "pref": "岡山県",
        "city": "小田郡",
        "ward": "矢掛町",
        "district": "横谷平林，山根",
        "name": "小田郡 矢掛町 横谷平林，山根"
      },
      "geometry": {
        "type": "Polygon",
        "coordinates": [
          [
            [
              133.6286860577,
              34.5997538222
            ],
            [
              133.6291690727,
              34.5994606348
            ],
            [
              133.6304335667,
              34.5994251656
            ],
            [
              133.631157481,
              34.5992478614
            ],
            [
              133.6323289144,
              34.5995425785
            ],
            [
              133.6329803581,
              34.5995462779
            ],
            [
              133.6338045859,
              34.5997109691
            ],
            [
              133.6345176467,
              34.5996696526
            ],
            [
              133.635327276,
              34.6000369507
            ],
            [
              133.6361486111,
              34.6005482702
            ],
            [
              133.6363931893,
              34.6006137451
            ],
            [
              133.6370882119,
              34.6004176555
            ],
            [
              133.6372555958,
              34.6004559288
            ],
            [
              133.6380321197,
              34.6009296555
            ],
            [
              133.6383063152,
              34.6013099729
            ],
            [
              133.6389124125,
              34.6013346599
            ],
            [
              133.6400690665,
              34.6006984357
            ],
            [
              133.6412797016,
              34.6009399129
            ],
            [
              133.6418481191,
              34.6013794863
            ],
            [
              133.6421788476,
              34.6019808384
            ],
            [
              133.6422453249,
              34.6021505234
            ],
            [
              133.6412247211,
              34.6029372667
            ],
            [
              133.6409181085,
              34.6033610789
            ],
            [
              133.639825914,
              34.6043836331
            ],
            [
              133.6396309535,
              34.6050117547
            ],
            [
              133.6392868815,
              34.6053542191
            ],
            [
              133.6388838016,
              34.6060973766
            ],
            [
              133.6386605607,
              34.6063260007
            ],
            [
              133.6385449897,
              34.6069825995
            ],
            [
              133.6381998458,
              34.6073142079
            ],
            [
              133.6377680628,
              34.6081005843
            ],
            [
              133.6377075641,
              34.608296742
            ],
            [
              133.6378824536,
              34.6091568325
            ],
            [
              133.6378464927,
              34.6095461059
            ],
            [
              133.6373300484,
              34.6100236612
            ],
            [
              133.6370576439,
              34.6103945544
            ],
            [
              133.6369438132,
              34.6116199516
            ],
            [
              133.6367092413,
              34.6127688644
            ],
            [
              133.6364897967,
              34.6133404891
            ],
            [
              133.6363292387,
              34.6144692541
            ],
            [
              133.6355300366,
              34.6144162723
            ],
            [
              133.6339572224,
              34.6141542301
            ],
            [
              133.6334343746,
              34.6141512599
            ],
            [
              133.6317658463,
              34.6142761428
            ],
            [
              133.6310228687,
              34.6144762909
            ],
            [
              133.6306898371,
              34.6138944855
            ],
            [
              133.6300274966,
              34.6132303702
            ],
            [
              133.6296248125,
              34.6129645276
            ],
            [
              133.6281806931,
              34.6123828425
            ],
            [
              133.6277942304,
              34.6119022819
            ],
            [
              133.6273950889,
              34.6110341438
            ],
            [
              133.6270944265,
              34.6107740869
            ],
            [
              133.6264879437,
              34.6104857931
            ],
            [
              133.6259318426,
              34.6100832694
            ],
            [
              133.6257173471,
              34.6098132805
            ],
            [
              133.6253878336,
              34.6086291653
            ],
            [
              133.6252427039,
              34.6084516961
            ],
            [
              133.6242552832,
              34.6081626134
            ],
            [
              133.6224043099,
              34.6067061888
            ],
            [
              133.6218645176,
              34.605296605
            ],
            [
              133.6235635294,
              34.6046290156
            ],
            [
              133.6245722617,
              34.6043256331
            ],
            [
              133.625295683,
              34.6039925725
            ],
            [
              133.625610779,
              34.603713368
            ],
            [
              133.6260805841,
              34.6036260543
            ],
            [
              133.6264594487,
              34.6034398972
            ],
            [
              133.6263918926,
              34.6027888845
            ],
            [
              133.6266798159,
              34.6025038858
            ],
            [
              133.6281521054,
              34.6014563757
            ],
            [
              133.6284840015,
              34.6010030059
            ],
            [
              133.628746654,
              34.6003039149
            ],
            [
              133.6286860577,
              34.5997538222
            ]
          ]
        ]
      }
    },
    {
      "type": "Feature",
      "properties": {
        "key_code": "33461008003",
        "pref": "岡山県",
        "city": "小田郡",
        "ward": "矢掛町",
        "district": "横谷井三，平木，御土井，川原",
        "name": "小田郡 矢掛町 横谷井三，平木，御土井，川原"
      },
      "geometry": {
        "type": "Polygon",
        "coordinates": [
          [
            [
              133.6281521054,
              34.6014563757
            ],
            [
              133.6263918926,
              34.6027888845
            ],
            [
              133.6264594487,
              34.6034398972
            ],
            [
              133.6260805841,
              34.6036260543
            ],
            [
              133.625610779,
              34.603713368
            ],
            [
              133.625295683,
              34.6039925725
            ],
            [
              133.6245722617,
              34.6043256331
            ],
            [
              133.6235635294,
              34.6046290156
            ],
            [
              133.6218645176,
              34.605296605
            ],
            [
              133.6211535599,
              34.6014098714
            ],
            [
              133.6221010758,
              34.6011495532
            ],
            [
              133.6220046851,
              34.600982078
            ],
            [
              133.6226763719,
              34.5999920542
            ],
            [
              133.6226989203,
              34.5997751197
            ],
            [
              133.6231825485,
              34.5997721296
            ],
            [
              133.6233221501,
              34.5996016486
            ],
            [
              133.6239333525,
              34.5996251671
            ],
            [
              133.6242106982,
              34.5995067498
            ],
            [
              133.6246998631,
              34.5996638004
            ],
            [
              133.6247566436,
              34.5994869264
            ],
            [
              133.6253827796,
              34.598970751
            ],
            [
              133.6254831263,
              34.5985428342
            ],
            [
              133.6256855708,
              34.5982927032
            ],
            [
              133.62562728,
              34.5978354223
            ],
            [
              133.6257862717,
              34.5974164339
            ],
            [
              133.6257886004,
              34.5971421945
            ],
            [
              133.6256605161,
              34.5967701555
            ],
            [
              133.6268576944,
              34.5957087428
            ],
            [
              133.6276121051,
              34.5970915064
            ],
            [
              133.6287558192,
              34.6000633602
            ],
            [
              133.6286353959,
              34.6006417806
            ],
            [
              133.6283509482,
              34.6012192638
            ],
            [
              133.6281521054,
              34.6014563757
            ]
          ]
        ]
      }
    },
    {
      "type": "Feature",
      "properties": {
        "key_code": "33461008004",
        "pref": "岡山県",
        "city": "小田郡",
        "ward": "矢掛町",
        "district": "横谷原",
        "name": "小田郡 矢掛町 横谷原"
      },
      "geometry": {
        "type": "Polygon",
        "coordinates": [
          [
            [
              133.6211535599,
              34.6014098714
            ],
            [
              133.6207196041,
              34.6007778581
            ],
            [
              133.620699537,
              34.6005749048
            ],
            [
              133.6208459293,
              34.6000396439
            ],
            [
              133.6205597568,
              34.5993824272
            ],
            [
              133.6203280663,
              34.5981868813
            ],
            [
              133.6205171495,
              34.5968329128
            ],
            [
              133.6211482372,
              34.5965299189
            ],
            [
              133.621812478,
              34.5960442781
            ],
            [
              133.6223349871,
              34.595783893
            ],
            [
              133.6224735654,
              34.5950739175
            ],
            [
              133.6232496756,
              34.5947206024
            ],
            [
              133.6235142517,
              34.5957088464
            ],
            [
              133.62536931,
              34.5957195071
            ],
            [
              133.6262367421,
              34.5949408834
            ],
            [
              133.6263784708,
              34.5942523205
            ],
            [
              133.6266057971,
              34.5940643053
            ],
            [
              133.6271753052,
              34.594595516
            ],
            [
              133.6270182839,
              34.5948587326
            ],
            [
              133.6268250061,
              34.5955962912
            ],
            [
              133.6268576944,
              34.5957087428
            ],
            [
              133.6256605161,
              34.5967701555
            ],
            [
              133.6257886004,
              34.5971421945
            ],
            [
              133.6257862717,
              34.5974164339
            ],
            [
              133.62562728,
              34.5978354223
            ],
            [
              133.6256855708,
              34.5982927032
            ],
            [
              133.6254831263,
              34.5985428342
            ],
            [
              133.6253827796,
              34.598970751
            ],
            [
              133.6247566436,
              34.5994869264
            ],
            [
              133.6246998631,
              34.5996638004
            ],
            [
              133.6242106982,
              34.5995067498
            ],
            [
              133.6239333525,
              34.5996251671
            ],
            [
              133.6233221501,
              34.5996016486
            ],
            [
              133.6231825485,
              34.5997721296
            ],
            [
              133.6226989203,
              34.5997751197
            ],
            [
              133.6226763719,
              34.5999920542
            ],
            [
              133.6220046851,
              34.600982078
            ],
            [
              133.6221010758,
              34.6011495532
            ],
            [
              133.6211535599,
              34.6014098714
            ]
          ]
        ]
      }
    },
    {
      "type": "Feature",
      "properties": {
        "key_code": "33461008005",
        "pref": "岡山県",
        "city": "小田郡",
        "ward": "矢掛町",
        "district": "横谷長谷，慶知庵",
        "name": "小田郡 矢掛町 横谷長谷，慶知庵"
      },
      "geometry": {
        "type": "Polygon",
        "coordinates": [
          [
            [
              133.6240745696,
              34.6080429709
            ],
            [
              133.6237206812,
              34.6082139076
            ],
            [
              133.6232596294,
              34.6080456038
            ],
            [
              133.6226819342,
              34.6081010129
            ],
            [
              133.6220060667,
              34.6083560066
            ],
            [
              133.6216560667,
              34.6084051142
            ],
            [
              133.6210826826,
              34.6081700858
            ],
            [
              133.6205538479,
              34.6078358666
            ],
            [
              133.6172863542,
              34.6070971088
            ],
            [
              133.616616897,
              34.6070270077
            ],
            [
              133.6136083122,
              34.6064284031
            ],
            [
              133.6143493267,
              34.605702809
            ],
            [
              133.614218299,
              34.6056168241
            ],
            [
              133.6140613155,
              34.6052226302
            ],
            [
              133.6130280223,
              34.6044658085
            ],
            [
              133.612770614,
              34.6040924349
            ],
            [
              133.6133556154,
              34.6033521291
            ],
            [
              133.6140351098,
              34.6019563895
            ],
            [
              133.6139363417,
              34.601115024
            ],
            [
              133.6140741563,
              34.6004147745
            ],
            [
              133.6137531156,
              34.5997876225
            ],
            [
              133.6135976587,
              34.5992087675
            ],
            [
              133.613825431,
              34.5987032895
            ],
            [
              133.613859706,
              34.5983837393
            ],
            [
              133.6145901372,
              34.5987566387
            ],
            [
              133.615352922,
              34.5988254678
            ],
            [
              133.6184434763,
              34.5985096357
            ],
            [
              133.6204154784,
              34.5984869956
            ],
            [
              133.6205597568,
              34.5993824272
            ],
            [
              133.6208459293,
              34.6000396439
            ],
            [
              133.620699537,
              34.6005749048
            ],
            [
              133.6207196041,
              34.6007778581
            ],
            [
              133.6211535599,
              34.6014098714
            ],
            [
              133.6218941699,
              34.6054050958
            ],
            [
              133.6224545671,
              34.6067908526
            ],
            [
              133.6236255855,
              34.6076080943
            ],
            [
              133.6240745696,
              34.6080429709
            ]
          ]
        ]
      }
    },
    {
      "type": "Feature",
      "properties": {
        "key_code": "33461008006",
        "pref": "岡山県",
        "city": "小田郡",
        "ward": "矢掛町",
        "district": "横谷柏木",
        "name": "小田郡 矢掛町 横谷柏木"
      },
      "geometry": {
        "type": "Polygon",
        "coordinates": [
          [
            [
              133.6204154784,
              34.5984869956
            ],
            [
              133.6184434763,
              34.5985096357
            ],
            [
              133.615352922,
              34.5988254678
            ],
            [
              133.6145901372,
              34.5987566387
            ],
            [
              133.613859706,
              34.5983837393
            ],
            [
              133.6135477534,
              34.5980265258
            ],
            [
              133.6126319448,
              34.5972870038
            ],
            [
              133.6126748431,
              34.5966311334
            ],
            [
              133.612779777,
              34.5964138389
            ],
            [
              133.6130975859,
              34.5961031339
            ],
            [
              133.6133286722,
              34.5952138348
            ],
            [
              133.6133831287,
              34.5938807761
            ],
            [
              133.6139573933,
              34.5924918769
            ],
            [
              133.6142669073,
              34.5920547664
            ],
            [
              133.6140880338,
              34.5919203265
            ],
            [
              133.6148330018,
              34.5912144617
            ],
            [
              133.6150681858,
              34.5913368334
            ],
            [
              133.6157127053,
              34.5907527819
            ],
            [
              133.6162697402,
              34.5905264255
            ],
            [
              133.61676443,
              34.5901323601
            ],
            [
              133.6168714302,
              34.5896878632
            ],
            [
              133.6169810557,
              34.5895860959
            ],
            [
              133.6172191366,
              34.5893766115
            ],
            [
              133.6177800647,
              34.5891316754
            ],
            [
              133.6183068783,
              34.5894622363
            ],
            [
              133.6186747129,
              34.5895681857
            ],
            [
              133.6190043368,
              34.5895571388
            ],
            [
              133.6196615562,
              34.5893047231
            ],
            [
              133.6199835675,
              34.5892675693
            ],
            [
              133.6204453909,
              34.589387018
            ],
            [
              133.6208509979,
              34.5896619315
            ],
            [
              133.621060436,
              34.5899421904
            ],
            [
              133.6213458089,
              34.5909722711
            ],
            [
              133.6216668281,
              34.5910518828
            ],
            [
              133.6218987768,
              34.5914490445
            ],
            [
              133.6220199728,
              34.5919558617
            ],
            [
              133.6232496756,
              34.5947206024
            ],
            [
              133.6224735654,
              34.5950739175
            ],
            [
              133.6223349871,
              34.595783893
            ],
            [
              133.621812478,
              34.5960442781
            ],
            [
              133.6211482372,
              34.5965299189
            ],
            [
              133.6205171495,
              34.5968329128
            ],
            [
              133.6204665476,
              34.5974909945
            ],
            [
              133.62032001,
              34.5979938572
            ],
            [
              133.6204154784,
              34.5984869956
            ]
          ]
        ]
      }
    },
    {
      "type": "Feature",
      "properties": {
        "key_code": "33461008007",
        "pref": "岡山県",
        "city": "小田郡",
        "ward": "矢掛町",
        "district": "横谷原，大渡，弥高",
        "name": "小田郡 矢掛町 横谷原，大渡，弥高"
      },
      "geometry": {
        "type": "Polygon",
        "coordinates": [
          [
            [
              133.6437292753,
              34.6009277304
            ],
            [
              133.6422453249,
              34.6021505234
            ],
            [
              133.6418481191,
              34.6013794863
            ],
            [
              133.6412797016,
              34.6009399129
            ],
            [
              133.6400690665,
              34.6006984357
            ],
            [
              133.6389124125,
              34.6013346599
            ],
            [
              133.6383063152,
              34.6013099729
            ],
            [
              133.6380321197,
              34.6009296555
            ],
            [
              133.6372555958,
              34.6004559288
            ],
            [
              133.6370882119,
              34.6004176555
            ],
            [
              133.6363931893,
              34.6006137451
            ],
            [
              133.6361486111,
              34.6005482702
            ],
            [
              133.635327276,
              34.6000369507
            ],
            [
              133.6345176467,
              34.5996696526
            ],
            [
              133.6338045859,
              34.5997109691
            ],
            [
              133.6329803581,
              34.5995462779
            ],
            [
              133.6323289144,
              34.5995425785
            ],
            [
              133.631157481,
              34.5992478614
            ],
            [
              133.6304335667,
              34.5994251656
            ],
            [
              133.6291690727,
              34.5994606348
            ],
            [
              133.6286860577,
              34.5997538222
            ],
            [
              133.6281064279,
              34.5985051762
            ],
            [
              133.6276121051,
              34.5970915064
            ],
            [
              133.6268576944,
              34.5957087428
            ],
            [
              133.6268250061,
              34.5955962912
            ],
            [
              133.6270182839,
              34.5948587326
            ],
            [
              133.6271753052,
              34.594595516
            ],
            [
              133.6266057971,
              34.5940643053
            ],
            [
              133.6263784708,
              34.5942523205
            ],
            [
              133.6262367421,
              34.5949408834
            ],
            [
              133.62536931,
              34.5957195071
            ],
            [
              133.6235142517,
              34.5957088464
            ],
            [
              133.6232496756,
              34.5947206024
            ],
            [
              133.6220199728,
              34.5919558617
            ],
            [
              133.6218987768,
              34.5914490445
            ],
            [
              133.6216668281,
              34.5910518828
            ],
            [
              133.6213458089,
              34.5909722711
            ],
            [
              133.6209754063,
              34.5897925259
            ],
            [
              133.6204453909,
              34.589387018
            ],
            [
              133.6199835675,
              34.5892675693
            ],
            [
              133.6196615562,
              34.5893047231
            ],
            [
              133.6190043368,
              34.5895571388
            ],
            [
              133.6186747129,
              34.5895681857
            ],
            [
              133.6183068783,
              34.5894622363
            ],
            [
              133.6177800647,
              34.5891316754
            ],
            [
              133.6180616874,
              34.5888742677
            ],
            [
              133.6184607555,
              34.5886998037
            ],
            [
              133.6216237815,
              34.5860186388
            ],
            [
              133.6231991083,
              34.5850528095
            ],
            [
              133.623331089,
              34.5845397005
            ],
            [
              133.6236694881,
              34.5838855087
            ],
            [
              133.6236707283,
              34.5834153138
            ],
            [
              133.6234409703,
              34.5830377446
            ],
            [
              133.6227183992,
              34.5824508289
            ],
            [
              133.6223647546,
              34.5817792657
            ],
            [
              133.6221093993,
              34.5810099474
            ],
            [
              133.6230632578,
              34.5804201591
            ],
            [
              133.6230074925,
              34.5801148677
            ],
            [
              133.6236402056,
              34.580612381
            ],
            [
              133.6238902257,
              34.5814743546
            ],
            [
              133.624344517,
              34.5818826553
            ],
            [
              133.625980619,
              34.582061093
            ],
            [
              133.6273576399,
              34.5819450294
            ],
            [
              133.6281356243,
              34.5821004887
            ],
            [
              133.6287412131,
              34.582342856
            ],
            [
              133.6288355148,
              34.5831141971
            ],
            [
              133.6293798345,
              34.5831916827
            ],
            [
              133.6298014763,
              34.5835184975
            ],
            [
              133.6299870974,
              34.583560266
            ],
            [
              133.6307232992,
              34.5834321942
            ],
            [
              133.632003947,
              34.5838684151
            ],
            [
              133.6331259553,
              34.5829358027
            ],
            [
              133.6343768613,
              34.5832381502
            ],
            [
              133.6353490352,
              34.5833112729
            ],
            [
              133.6363327713,
              34.583632371
            ],
            [
              133.6366506422,
              34.5838323615
            ],
            [
              133.6369257421,
              34.584086482
            ],
            [
              133.6369052968,
              34.5842508937
            ],
            [
              133.6364097708,
              34.5851811661
            ],
            [
              133.6372285027,
              34.5853593339
            ],
            [
              133.6372876983,
              34.58544982
            ],
            [
              133.6372841866,
              34.5858712603
            ],
            [
              133.6370191675,
              34.5863989835
            ],
            [
              133.6369799784,
              34.5867327459
            ],
            [
              133.6370132391,
              34.5869921187
            ],
            [
              133.6374096083,
              34.5878237484
            ],
            [
              133.6385245396,
              34.5877781995
            ],
            [
              133.6383626829,
              34.5882348052
            ],
            [
              133.6383682486,
              34.5885481124
            ],
            [
              133.6389405584,
              34.5891981728
            ],
            [
              133.6409654524,
              34.5901674192
            ],
            [
              133.6415941456,
              34.5905946599
            ],
            [
              133.6424754908,
              34.5915142158
            ],
            [
              133.6426203921,
              34.5920495976
            ],
            [
              133.6441637556,
              34.5932617571
            ],
            [
              133.644632637,
              34.5935754001
            ],
            [
              133.6454802998,
              34.5938934095
            ],
            [
              133.6461731026,
              34.593491592
            ],
            [
              133.6466536904,
              34.5939362946
            ],
            [
              133.6473674105,
              34.5948905211
            ],
            [
              133.6477334383,
              34.5950949766
            ],
            [
              133.6485766684,
              34.5953240629
            ],
            [
              133.649485742,
              34.5961142702
            ],
            [
              133.6495307384,
              34.5967868426
            ],
            [
              133.6483839991,
              34.5974239089
            ],
            [
              133.6470593896,
              34.598291126
            ],
            [
              133.6440257983,
              34.6005570987
            ],
            [
              133.643692722,
              34.6008573784
            ],
            [
              133.6437292753,
              34.6009277304
            ]
          ]
        ]
      }
    },
    {
      "type": "Feature",
      "properties": {
        "key_code": "33461009001",
        "pref": "岡山県",
        "city": "小田郡",
        "ward": "矢掛町",
        "district": "里山田土井，畑ケ中",
        "name": "小田郡 矢掛町 里山田土井，畑ケ中"
      },
      "geometry": {
        "type": "Polygon",
        "coordinates": [
          [
            [
              133.5931896958,
              34.6230085978
            ],
            [
              133.5912196896,
              34.6229530106
            ],
            [
              133.589447459,
              34.6226454754
            ],
            [
              133.5870804505,
              34.6225044442
            ],
            [
              133.5873655715,
              34.6203934749
            ],
            [
              133.5868596586,
              34.6195884941
            ],
            [
              133.586536121,
              34.6187489842
            ],
            [
              133.5865012425,
              34.6182014013
            ],
            [
              133.5863007364,
              34.6176746396
            ],
            [
              133.5855220994,
              34.6173797184
            ],
            [
              133.5854512291,
              34.6171603936
            ],
            [
              133.5856959193,
              34.6168252397
            ],
            [
              133.5846683281,
              34.6151303607
            ],
            [
              133.5851119729,
              34.6146007735
            ],
            [
              133.5855764453,
              34.6143693685
            ],
            [
              133.5869089269,
              34.6140477589
            ],
            [
              133.5875904143,
              34.6138010492
            ],
            [
              133.5884405319,
              34.6137584783
            ],
            [
              133.5892521155,
              34.6141486616
            ],
            [
              133.5900418176,
              34.6142326244
            ],
            [
              133.5902309026,
              34.6145036547
            ],
            [
              133.5908365822,
              34.614743126
            ],
            [
              133.5910958061,
              34.6150016215
            ],
            [
              133.5912738797,
              34.6148067699
            ],
            [
              133.5914102735,
              34.6144229184
            ],
            [
              133.5913651631,
              34.6139686636
            ],
            [
              133.5915048877,
              34.614186853
            ],
            [
              133.5918051134,
              34.6142221967
            ],
            [
              133.5917841796,
              34.6147943703
            ],
            [
              133.5921802105,
              34.6154371035
            ],
            [
              133.5955323684,
              34.6155242703
            ],
            [
              133.5998196961,
              34.6159614661
            ],
            [
              133.5990611822,
              34.6172187097
            ],
            [
              133.5980894151,
              34.6195477096
            ],
            [
              133.5964627958,
              34.6217703543
            ],
            [
              133.5960087595,
              34.6221403254
            ],
            [
              133.5954720873,
              34.6224130282
            ],
            [
              133.5941420738,
              34.6228965943
            ],
            [
              133.5931896958,
              34.6230085978
            ]
          ]
        ]
      }
    },
    {
      "type": "Feature",
      "properties": {
        "key_code": "33461009002",
        "pref": "岡山県",
        "city": "小田郡",
        "ward": "矢掛町",
        "district": "里山田土生",
        "name": "小田郡 矢掛町 里山田土生"
      },
      "geometry": {
        "type": "Polygon",
        "coordinates": [
          [
            [
              133.5998196961,
              34.6159614661
            ],
            [
              133.5955323684,
              34.6155242703
            ],
            [
              133.5936901676,
              34.6154666657
            ],
            [
              133.5941349679,
              34.6138778179
            ],
            [
              133.5940556754,
              34.612713583
            ],
            [
              133.5941596368,
              34.6117487822
            ],
            [
              133.5949373306,
              34.610994121
            ],
            [
              133.5952714161,
              34.6105525794
            ],
            [
              133.5961331811,
              34.6106239796
            ],
            [
              133.5964576709,
              34.6105632541
            ],
            [
              133.5983233026,
              34.6105588365
            ],
            [
              133.6010290947,
              34.6106881512
            ],
            [
              133.6013601569,
              34.6111194634
            ],
            [
              133.6020258737,
              34.6117002497
            ],
            [
              133.6029502688,
              34.6120426919
            ],
            [
              133.6036626244,
              34.6124754194
            ],
            [
              133.6041944573,
              34.613027641
            ],
            [
              133.6044365138,
              34.6134122081
            ],
            [
              133.6037045695,
              34.613435318
            ],
            [
              133.6026984921,
              34.6138089268
            ],
            [
              133.6005010789,
              34.6153840908
            ],
            [
              133.5998196961,
              34.6159614661
            ]
          ]
        ]
      }
    },
    {
      "type": "Feature",
      "properties": {
        "key_code": "33461009003",
        "pref": "岡山県",
        "city": "小田郡",
        "ward": "矢掛町",
        "district": "里山田清水谷",
        "name": "小田郡 矢掛町 里山田清水谷"
      },
      "geometry": {
        "type": "Polygon",
        "coordinates": [
          [
            [
              133.5936901676,
              34.6154666657
            ],
            [
              133.5921053542,
              34.6154056615
            ],
            [
              133.5917841796,
              34.6147943703
            ],
            [
              133.5918051134,
              34.6142221967
            ],
            [
              133.5915048877,
              34.614186853
            ],
            [
              133.5913651631,
              34.6139686636
            ],
            [
              133.5914102735,
              34.6144229184
            ],
            [
              133.5912738797,
              34.6148067699
            ],
            [
              133.5910958061,
              34.6150016215
            ],
            [
              133.5908365822,
              34.614743126
            ],
            [
              133.5902309026,
              34.6145036547
            ],
            [
              133.5900418176,
              34.6142326244
            ],
            [
              133.5892521155,
              34.6141486616
            ],
            [
              133.5885576009,
              34.6137845454
            ],
            [
              133.5882383101,
              34.6137476684
            ],
            [
              133.5875904143,
              34.6138010492
            ],
            [
              133.5853329461,
              34.6144491543
            ],
            [
              133.5849311604,
              34.6147765843
            ],
            [
              133.5846683281,
              34.6151303607
            ],
            [
              133.5837734823,
              34.6133978351
            ],
            [
              133.583704291,
              34.6129924464
            ],
            [
              133.5837727266,
              34.6120129206
            ],
            [
              133.5832887159,
              34.6117172548
            ],
            [
              133.5832505977,
              34.6115417948
            ],
            [
              133.5837662663,
              34.6108934891
            ],
            [
              133.5838665357,
              34.6104096955
            ],
            [
              133.5842012217,
              34.6100122734
            ],
            [
              133.5846602714,
              34.6110185457
            ],
            [
              133.5851698041,
              34.6111939306
            ],
            [
              133.5860489278,
              34.6116756846
            ],
            [
              133.586576461,
              34.6117153885
            ],
            [
              133.5869432651,
              34.6116202962
            ],
            [
              133.5872405649,
              34.6113056047
            ],
            [
              133.5875509317,
              34.6114152531
            ],
            [
              133.5876942282,
              34.6113848572
            ],
            [
              133.5877968772,
              34.6111941989
            ],
            [
              133.5877119705,
              34.6105729247
            ],
            [
              133.5878007058,
              34.6105282509
            ],
            [
              133.5916968317,
              34.6109101406
            ],
            [
              133.5919991719,
              34.6109745142
            ],
            [
              133.5920025096,
              34.6110684863
            ],
            [
              133.5922200436,
              34.6112054493
            ],
            [
              133.5923675366,
              34.6111819751
            ],
            [
              133.5926731617,
              34.6108674622
            ],
            [
              133.5945216698,
              34.6113741781
            ],
            [
              133.5941596368,
              34.6117487822
            ],
            [
              133.5940556754,
              34.612713583
            ],
            [
              133.5941349679,
              34.6138778179
            ],
            [
              133.5936901676,
              34.6154666657
            ]
          ]
        ]
      }
    },
    {
      "type": "Feature",
      "properties": {
        "key_code": "33461009004",
        "pref": "岡山県",
        "city": "小田郡",
        "ward": "矢掛町",
        "district": "里山田下谷，三宅",
        "name": "小田郡 矢掛町 里山田下谷，三宅"
      },
      "geometry": {
        "type": "Polygon",
        "coordinates": [
          [
            [
              133.6010290947,
              34.6106881512
            ],
            [
              133.5983233026,
              34.6105588365
            ],
            [
              133.5964576709,
              34.6105632541
            ],
            [
              133.5961331811,
              34.6106239796
            ],
            [
              133.5952714161,
              34.6105525794
            ],
            [
              133.5949373306,
              34.610994121
            ],
            [
              133.5945216698,
              34.6113741781
            ],
            [
              133.5926731617,
              34.6108674622
            ],
            [
              133.5923675366,
              34.6111819751
            ],
            [
              133.5922200436,
              34.6112054493
            ],
            [
              133.5920025096,
              34.6110684863
            ],
            [
              133.5919991719,
              34.6109745142
            ],
            [
              133.5916968317,
              34.6109101406
            ],
            [
              133.5878007058,
              34.6105282509
            ],
            [
              133.5877119705,
              34.6105729247
            ],
            [
              133.5877968772,
              34.6111941989
            ],
            [
              133.5876942282,
              34.6113848572
            ],
            [
              133.5875509317,
              34.6114152531
            ],
            [
              133.5872405649,
              34.6113056047
            ],
            [
              133.5869432651,
              34.6116202962
            ],
            [
              133.5863703252,
              34.6117141295
            ],
            [
              133.5858432919,
              34.611618789
            ],
            [
              133.5851698041,
              34.6111939306
            ],
            [
              133.5846602714,
              34.6110185457
            ],
            [
              133.5842012217,
              34.6100122734
            ],
            [
              133.5847074893,
              34.6096595659
            ],
            [
              133.5849485724,
              34.6093545358
            ],
            [
              133.5853574529,
              34.6084237191
            ],
            [
              133.5854115551,
              34.6079286564
            ],
            [
              133.5853569292,
              34.6073809527
            ],
            [
              133.5854828675,
              34.6066263068
            ],
            [
              133.5856314139,
              34.6063042303
            ],
            [
              133.585497879,
              34.6060543787
            ],
            [
              133.5894431913,
              34.606542
            ],
            [
              133.5914134569,
              34.6070704914
            ],
            [
              133.5925083865,
              34.607642388
            ],
            [
              133.5945743083,
              34.6080512572
            ],
            [
              133.5958524975,
              34.6076416119
            ],
            [
              133.5959092849,
              34.6071637444
            ],
            [
              133.5960893554,
              34.606778741
            ],
            [
              133.596772702,
              34.6060908277
            ],
            [
              133.5979154712,
              34.6062437664
            ],
            [
              133.5995765203,
              34.6059648237
            ],
            [
              133.5995823943,
              34.6070674901
            ],
            [
              133.5999373695,
              34.6080695616
            ],
            [
              133.5998696229,
              34.6086048367
            ],
            [
              133.6002305507,
              34.6094156586
            ],
            [
              133.6010290947,
              34.6106881512
            ]
          ]
        ]
      }
    },
    {
      "type": "Feature",
      "properties": {
        "key_code": "33461009005",
        "pref": "岡山県",
        "city": "小田郡",
        "ward": "矢掛町",
        "district": "里山田上谷",
        "name": "小田郡 矢掛町 里山田上谷"
      },
      "geometry": {
        "type": "Polygon",
        "coordinates": [
          [
            [
              133.5995765203,
              34.6059648237
            ],
            [
              133.5979154712,
              34.6062437664
            ],
            [
              133.596772702,
              34.6060908277
            ],
            [
              133.5960893554,
              34.606778741
            ],
            [
              133.5959092849,
              34.6071637444
            ],
            [
              133.5958524975,
              34.6076416119
            ],
            [
              133.5945743083,
              34.6080512572
            ],
            [
              133.5925083865,
              34.607642388
            ],
            [
              133.5914134569,
              34.6070704914
            ],
            [
              133.5894431913,
              34.606542
            ],
            [
              133.585497879,
              34.6060543787
            ],
            [
              133.5865279735,
              34.6048728256
            ],
            [
              133.586811112,
              34.6043108449
            ],
            [
              133.5876535612,
              34.6037439641
            ],
            [
              133.5879766252,
              34.6031547543
            ],
            [
              133.5882037914,
              34.602926256
            ],
            [
              133.5890050679,
              34.6025233485
            ],
            [
              133.5891022863,
              34.6020148742
            ],
            [
              133.5905157132,
              34.6030797712
            ],
            [
              133.5927343027,
              34.604477853
            ],
            [
              133.5932523675,
              34.6047350952
            ],
            [
              133.5939988532,
              34.6047652466
            ],
            [
              133.5946601668,
              34.6049581317
            ],
            [
              133.5951855524,
              34.6053128831
            ],
            [
              133.5954569994,
              34.6052570514
            ],
            [
              133.5969587257,
              34.605455555
            ],
            [
              133.5974455961,
              34.6037015734
            ],
            [
              133.5996939958,
              34.6037194155
            ],
            [
              133.5995765203,
              34.6059648237
            ]
          ]
        ]
      }
    },
    {
      "type": "Feature",
      "properties": {
        "key_code": "33461009006",
        "pref": "岡山県",
        "city": "小田郡",
        "ward": "矢掛町",
        "district": "里山田池尻，橋本",
        "name": "小田郡 矢掛町 里山田池尻，橋本"
      },
      "geometry": {
        "type": "Polygon",
        "coordinates": [
          [
            [
              133.5996939958,
              34.6037194155
            ],
            [
              133.5974455961,
              34.6037015734
            ],
            [
              133.5969587257,
              34.605455555
            ],
            [
              133.5954569994,
              34.6052570514
            ],
            [
              133.5951855524,
              34.6053128831
            ],
            [
              133.5946601668,
              34.6049581317
            ],
            [
              133.5939988532,
              34.6047652466
            ],
            [
              133.5932523675,
              34.6047350952
            ],
            [
              133.5927343027,
              34.604477853
            ],
            [
              133.5905157132,
              34.6030797712
            ],
            [
              133.5891022863,
              34.6020148742
            ],
            [
              133.5904239186,
              34.6007967315
            ],
            [
              133.5899427493,
              34.6001889568
            ],
            [
              133.589494455,
              34.5992392336
            ],
            [
              133.5894642973,
              34.598916059
            ],
            [
              133.5895288384,
              34.5987275596
            ],
            [
              133.5905030557,
              34.5974936408
            ],
            [
              133.5894865932,
              34.5971646092
            ],
            [
              133.5893995104,
              34.5965400716
            ],
            [
              133.5891372793,
              34.5962537984
            ],
            [
              133.5886396149,
              34.5960182075
            ],
            [
              133.5878912879,
              34.5953183622
            ],
            [
              133.5871218169,
              34.5947552989
            ],
            [
              133.5869693172,
              34.5940482423
            ],
            [
              133.587042513,
              34.593635409
            ],
            [
              133.586229448,
              34.5935100071
            ],
            [
              133.5861136459,
              34.5931371496
            ],
            [
              133.5856146162,
              34.5926961673
            ],
            [
              133.5851722799,
              34.592562039
            ],
            [
              133.5848347499,
              34.592554619
            ],
            [
              133.5847802108,
              34.5915537646
            ],
            [
              133.5853939471,
              34.59169162
            ],
            [
              133.5856163422,
              34.5917924277
            ],
            [
              133.5857293947,
              34.5919493315
            ],
            [
              133.586374826,
              34.5921048424
            ],
            [
              133.5866752375,
              34.5924333301
            ],
            [
              133.5874055923,
              34.5923786296
            ],
            [
              133.5882858178,
              34.592525985
            ],
            [
              133.5886305777,
              34.592696131
            ],
            [
              133.5895508327,
              34.5934922361
            ],
            [
              133.5902538087,
              34.593939233
            ],
            [
              133.5929533745,
              34.5938774423
            ],
            [
              133.5934816416,
              34.5943304048
            ],
            [
              133.5986497735,
              34.596227798
            ],
            [
              133.5997892555,
              34.5967286091
            ],
            [
              133.5999277521,
              34.5969593189
            ],
            [
              133.59999618,
              34.5975156978
            ],
            [
              133.6000159961,
              34.5985629607
            ],
            [
              133.5998476961,
              34.5991141204
            ],
            [
              133.5998571994,
              34.599427447
            ],
            [
              133.599958302,
              34.5997362505
            ],
            [
              133.6001820181,
              34.6000104313
            ],
            [
              133.6001981034,
              34.6002632276
            ],
            [
              133.6001898792,
              34.6005006666
            ],
            [
              133.6000651254,
              34.6007879765
            ],
            [
              133.5996090672,
              34.6014110837
            ],
            [
              133.599447854,
              34.6017757879
            ],
            [
              133.599478501,
              34.6021831939
            ],
            [
              133.5997056345,
              34.6026982639
            ],
            [
              133.5996939958,
              34.6037194155
            ]
          ]
        ]
      }
    },
    {
      "type": "Feature",
      "properties": {
        "key_code": "33461010001",
        "pref": "岡山県",
        "city": "小田郡",
        "ward": "矢掛町",
        "district": "南山田広石，小迫",
        "name": "小田郡 矢掛町 南山田広石，小迫"
      },
      "geometry": {
        "type": "Polygon",
        "coordinates": [
          [
            [
              133.60832319,
              34.5977343754
            ],
            [
              133.607700346,
              34.5976851953
            ],
            [
              133.6074395544,
              34.5981637
            ],
            [
              133.6065192037,
              34.5982416379
            ],
            [
              133.6058813894,
              34.5992030224
            ],
            [
              133.6044610538,
              34.5991466971
            ],
            [
              133.6038273774,
              34.5982434038
            ],
            [
              133.5998941103,
              34.5988729657
            ],
            [
              133.6000159961,
              34.5985629607
            ],
            [
              133.5999509695,
              34.5970984855
            ],
            [
              133.5997892555,
              34.5967286091
            ],
            [
              133.5995885626,
              34.5966264132
            ],
            [
              133.6003928866,
              34.5959021371
            ],
            [
              133.6005280063,
              34.5956650341
            ],
            [
              133.6006083346,
              34.5953246356
            ],
            [
              133.6004260259,
              34.5947306714
            ],
            [
              133.6004482701,
              34.5944871174
            ],
            [
              133.6005907201,
              34.5940748286
            ],
            [
              133.6008824246,
              34.5937737231
            ],
            [
              133.6017760238,
              34.5931103979
            ],
            [
              133.6020427241,
              34.5929983147
            ],
            [
              133.6037794253,
              34.5925886142
            ],
            [
              133.605951447,
              34.5911875706
            ],
            [
              133.6064730256,
              34.5912320748
            ],
            [
              133.6073871104,
              34.5908873132
            ],
            [
              133.6078557296,
              34.5909106509
            ],
            [
              133.6084981114,
              34.5907154151
            ],
            [
              133.6094750316,
              34.5906939989
            ],
            [
              133.6097396915,
              34.5908145862
            ],
            [
              133.6100527039,
              34.5911136416
            ],
            [
              133.610467838,
              34.5911858048
            ],
            [
              133.6107359634,
              34.591436841
            ],
            [
              133.6140880338,
              34.5919203265
            ],
            [
              133.6142669073,
              34.5920547664
            ],
            [
              133.6139573933,
              34.5924918769
            ],
            [
              133.6133831287,
              34.5938807761
            ],
            [
              133.6133286722,
              34.5952138348
            ],
            [
              133.6131796502,
              34.5958809163
            ],
            [
              133.6130975859,
              34.5961031339
            ],
            [
              133.6127181173,
              34.5965415184
            ],
            [
              133.6124407128,
              34.5964448132
            ],
            [
              133.6114722598,
              34.5964365959
            ],
            [
              133.6111938007,
              34.5968442984
            ],
            [
              133.6102437542,
              34.5971773411
            ],
            [
              133.6098105001,
              34.5971090103
            ],
            [
              133.6094312023,
              34.5971624119
            ],
            [
              133.60832319,
              34.5977343754
            ]
          ]
        ]
      }
    },
    {
      "type": "Feature",
      "properties": {
        "key_code": "33461010002",
        "pref": "岡山県",
        "city": "小田郡",
        "ward": "矢掛町",
        "district": "南山田神の脇",
        "name": "小田郡 矢掛町 南山田神の脇"
      },
      "geometry": {
        "type": "Polygon",
        "coordinates": [
          [
            [
              133.5991946612,
              34.5890196603
            ],
            [
              133.6002369867,
              34.5898818697
            ],
            [
              133.6006765268,
              34.5904990657
            ],
            [
              133.6015309207,
              34.5927225587
            ],
            [
              133.6017760238,
              34.5931103979
            ],
            [
              133.6005907201,
              34.5940748286
            ],
            [
              133.6004260259,
              34.5947306714
            ],
            [
              133.6006083346,
              34.5953246356
            ],
            [
              133.6005280063,
              34.5956650341
            ],
            [
              133.6003928866,
              34.5959021371
            ],
            [
              133.5995885626,
              34.5966264132
            ],
            [
              133.5934816416,
              34.5943304048
            ],
            [
              133.5929533745,
              34.5938774423
            ],
            [
              133.5902538087,
              34.593939233
            ],
            [
              133.5895508327,
              34.5934922361
            ],
            [
              133.5886305777,
              34.592696131
            ],
            [
              133.5882858178,
              34.592525985
            ],
            [
              133.5874055923,
              34.5923786296
            ],
            [
              133.5866752375,
              34.5924333301
            ],
            [
              133.586374826,
              34.5921048424
            ],
            [
              133.5857293947,
              34.5919493315
            ],
            [
              133.5856163422,
              34.5917924277
            ],
            [
              133.5853939471,
              34.59169162
            ],
            [
              133.5847802108,
              34.5915537646
            ],
            [
              133.5848203046,
              34.590854787
            ],
            [
              133.5847381379,
              34.5898388323
            ],
            [
              133.5848241862,
              34.5898163994
            ],
            [
              133.5846127091,
              34.5888417688
            ],
            [
              133.5846795353,
              34.5883142393
            ],
            [
              133.5845246452,
              34.5877337955
            ],
            [
              133.5840564601,
              34.5870473348
            ],
            [
              133.5838536978,
              34.5864402524
            ],
            [
              133.5837227207,
              34.5856531522
            ],
            [
              133.5840203505,
              34.5848291014
            ],
            [
              133.5838056522,
              34.5837682138
            ],
            [
              133.5835653427,
              34.5831129952
            ],
            [
              133.5833239212,
              34.5827052651
            ],
            [
              133.5833251706,
              34.582566241
            ],
            [
              133.5834165054,
              34.5824759455
            ],
            [
              133.58439262,
              34.5821496377
            ],
            [
              133.5855552699,
              34.5818161496
            ],
            [
              133.5858467096,
              34.5818024361
            ],
            [
              133.5860586288,
              34.5816920272
            ],
            [
              133.586583743,
              34.5812777169
            ],
            [
              133.586616857,
              34.5809554837
            ],
            [
              133.586884114,
              34.5803704198
            ],
            [
              133.5872889493,
              34.5803785247
            ],
            [
              133.5872488971,
              34.5808197458
            ],
            [
              133.5873157637,
              34.5810269409
            ],
            [
              133.5883618562,
              34.5818217291
            ],
            [
              133.588055149,
              34.5832673698
            ],
            [
              133.5890632831,
              34.5844729608
            ],
            [
              133.5911039605,
              34.5852513809
            ],
            [
              133.5911104554,
              34.5855259635
            ],
            [
              133.5917683132,
              34.5860701659
            ],
            [
              133.5950362066,
              34.5863381479
            ],
            [
              133.5952378103,
              34.5864209255
            ],
            [
              133.5955234412,
              34.5867133215
            ],
            [
              133.5960066259,
              34.5867035818
            ],
            [
              133.5961547162,
              34.5868897813
            ],
            [
              133.5976022426,
              34.5879568042
            ],
            [
              133.5988637694,
              34.5885512187
            ],
            [
              133.5991946612,
              34.5890196603
            ]
          ]
        ]
      }
    },
    {
      "type": "Feature",
      "properties": {
        "key_code": "33461010003",
        "pref": "岡山県",
        "city": "小田郡",
        "ward": "矢掛町",
        "district": "南山田上山，宇根",
        "name": "小田郡 矢掛町 南山田上山，宇根"
      },
      "geometry": {
        "type": "Polygon",
        "coordinates": [
          [
            [
              133.5954227809,
              34.5866413645
            ],
            [
              133.5952378103,
              34.5864209255
            ],
            [
              133.5950362066,
              34.5863381479
            ],
            [
              133.5917683132,
              34.5860701659
            ],
            [
              133.5911104554,
              34.5855259635
            ],
            [
              133.5911039605,
              34.5852513809
            ],
            [
              133.5890632831,
              34.5844729608
            ],
            [
              133.588055149,
              34.5832673698
            ],
            [
              133.5883618562,
              34.5818217291
            ],
            [
              133.5873157637,
              34.5810269409
            ],
            [
              133.5872488971,
              34.5808197458
            ],
            [
              133.5872889493,
              34.5803785247
            ],
            [
              133.5876884409,
              34.5803367305
            ],
            [
              133.5880251152,
              34.5801300231
            ],
            [
              133.5881118223,
              34.5799467252
            ],
            [
              133.5885917056,
              34.57983724
            ],
            [
              133.5895973918,
              34.5798444869
            ],
            [
              133.5901232585,
              34.5799543171
            ],
            [
              133.590824437,
              34.5794933041
            ],
            [
              133.590854319,
              34.579369808
            ],
            [
              133.5906616885,
              34.578817158
            ],
            [
              133.590729369,
              34.5786086683
            ],
            [
              133.5908746438,
              34.578474462
            ],
            [
              133.5912196007,
              34.5782541328
            ],
            [
              133.5922422482,
              34.5778938039
            ],
            [
              133.5930227834,
              34.5774490318
            ],
            [
              133.5938110493,
              34.5772167257
            ],
            [
              133.594501341,
              34.5767397036
            ],
            [
              133.5962008894,
              34.5766319114
            ],
            [
              133.5968327549,
              34.5768581428
            ],
            [
              133.596973498,
              34.5767727809
            ],
            [
              133.5971802614,
              34.5763562199
            ],
            [
              133.597742198,
              34.5762655024
            ],
            [
              133.5988653626,
              34.5766365265
            ],
            [
              133.6003822023,
              34.5768601585
            ],
            [
              133.6009565883,
              34.577076865
            ],
            [
              133.6019896004,
              34.5761582749
            ],
            [
              133.6024286462,
              34.5761562506
            ],
            [
              133.6028730579,
              34.5763189256
            ],
            [
              133.6037976933,
              34.5763381063
            ],
            [
              133.6041841732,
              34.5765435341
            ],
            [
              133.6048618923,
              34.5773294995
            ],
            [
              133.6053411585,
              34.5774413793
            ],
            [
              133.605855945,
              34.5777077117
            ],
            [
              133.6061753128,
              34.5794346084
            ],
            [
              133.6050442331,
              34.5814671533
            ],
            [
              133.6056241903,
              34.5818105004
            ],
            [
              133.6059267125,
              34.5821837506
            ],
            [
              133.6064511679,
              34.5823212462
            ],
            [
              133.6067245159,
              34.5827496794
            ],
            [
              133.6067413253,
              34.583018544
            ],
            [
              133.6068918907,
              34.5832803133
            ],
            [
              133.6073599008,
              34.5838561133
            ],
            [
              133.6079138932,
              34.5838989754
            ],
            [
              133.6081136141,
              34.5840028463
            ],
            [
              133.6081509511,
              34.5841057553
            ],
            [
              133.6079837216,
              34.584650183
            ],
            [
              133.6080591532,
              34.5847692346
            ],
            [
              133.6085458082,
              34.5848590253
            ],
            [
              133.6090240144,
              34.5848143806
            ],
            [
              133.6096038022,
              34.5851815099
            ],
            [
              133.6097066103,
              34.5854428518
            ],
            [
              133.6095998628,
              34.5861813218
            ],
            [
              133.609271816,
              34.5865350615
            ],
            [
              133.6091324722,
              34.5871544414
            ],
            [
              133.6090124225,
              34.5873179746
            ],
            [
              133.6083616724,
              34.5875482368
            ],
            [
              133.6075531799,
              34.5881522485
            ],
            [
              133.6073653397,
              34.588364397
            ],
            [
              133.6072934626,
              34.5887258394
            ],
            [
              133.6068074057,
              34.5889064998
            ],
            [
              133.6058768458,
              34.5897061347
            ],
            [
              133.605752576,
              34.590156429
            ],
            [
              133.6059184693,
              34.5904881503
            ],
            [
              133.605951447,
              34.5911875706
            ],
            [
              133.6037794253,
              34.5925886142
            ],
            [
              133.6022558595,
              34.5929245075
            ],
            [
              133.6017760238,
              34.5931103979
            ],
            [
              133.6015309207,
              34.5927225587
            ],
            [
              133.6007959735,
              34.5907355772
            ],
            [
              133.6002369867,
              34.5898818697
            ],
            [
              133.5991946612,
              34.5890196603
            ],
            [
              133.5988637694,
              34.5885512187
            ],
            [
              133.5976022426,
              34.5879568042
            ],
            [
              133.5961547162,
              34.5868897813
            ],
            [
              133.5960066259,
              34.5867035818
            ],
            [
              133.5956608615,
              34.5867466925
            ],
            [
              133.5954227809,
              34.5866413645
            ]
          ]
        ]
      }
    },
    {
      "type": "Feature",
      "properties": {
        "key_code": "33461010004",
        "pref": "岡山県",
        "city": "小田郡",
        "ward": "矢掛町",
        "district": "南山田南原，猪又",
        "name": "小田郡 矢掛町 南山田南原，猪又"
      },
      "geometry": {
        "type": "Polygon",
        "coordinates": [
          [
            [
              133.6092332909,
              34.5849263346
            ],
            [
              133.6088426747,
              34.5847896442
            ],
            [
              133.6085458082,
              34.5848590253
            ],
            [
              133.6080591532,
              34.5847692346
            ],
            [
              133.6079837216,
              34.584650183
            ],
            [
              133.6081509511,
              34.5841057553
            ],
            [
              133.6081136141,
              34.5840028463
            ],
            [
              133.6079138932,
              34.5838989754
            ],
            [
              133.6073599008,
              34.5838561133
            ],
            [
              133.6068918907,
              34.5832803133
            ],
            [
              133.6067413253,
              34.583018544
            ],
            [
              133.6067245159,
              34.5827496794
            ],
            [
              133.6064511679,
              34.5823212462
            ],
            [
              133.6059267125,
              34.5821837506
            ],
            [
              133.6056241903,
              34.5818105004
            ],
            [
              133.6050442331,
              34.5814671533
            ],
            [
              133.6061753128,
              34.5794346084
            ],
            [
              133.605855945,
              34.5777077117
            ],
            [
              133.6071756577,
              34.5757022089
            ],
            [
              133.6080359655,
              34.5749152476
            ],
            [
              133.609485262,
              34.5732828005
            ],
            [
              133.6108311508,
              34.5732601307
            ],
            [
              133.6110877094,
              34.5745314969
            ],
            [
              133.6113326808,
              34.5749222697
            ],
            [
              133.6120026951,
              34.5755389309
            ],
            [
              133.6123921867,
              34.5760943695
            ],
            [
              133.6132682992,
              34.5765608037
            ],
            [
              133.6138578578,
              34.5771606509
            ],
            [
              133.6140617227,
              34.5772663591
            ],
            [
              133.6146649278,
              34.5772833942
            ],
            [
              133.6159759902,
              34.5775044261
            ],
            [
              133.6167386586,
              34.5777859329
            ],
            [
              133.6168554339,
              34.5778953573
            ],
            [
              133.6169575594,
              34.578920165
            ],
            [
              133.6172987924,
              34.5792517641
            ],
            [
              133.6181286242,
              34.5796271865
            ],
            [
              133.6188364383,
              34.5797156639
            ],
            [
              133.6194304223,
              34.579614158
            ],
            [
              133.6199029773,
              34.579418415
            ],
            [
              133.6202652824,
              34.5794093805
            ],
            [
              133.6208355688,
              34.5795339582
            ],
            [
              133.6209894968,
              34.5800588581
            ],
            [
              133.6208652931,
              34.5801746343
            ],
            [
              133.6208614297,
              34.5806259377
            ],
            [
              133.6210657507,
              34.5808496813
            ],
            [
              133.6221093993,
              34.5810099474
            ],
            [
              133.6223647546,
              34.5817792657
            ],
            [
              133.6227183992,
              34.5824508289
            ],
            [
              133.6234409703,
              34.5830377446
            ],
            [
              133.6236707283,
              34.5834153138
            ],
            [
              133.6236694881,
              34.5838855087
            ],
            [
              133.623331089,
              34.5845397005
            ],
            [
              133.6231991083,
              34.5850528095
            ],
            [
              133.623031433,
              34.5852032716
            ],
            [
              133.6216237815,
              34.5860186388
            ],
            [
              133.6184607555,
              34.5886998037
            ],
            [
              133.6180616874,
              34.5888742677
            ],
            [
              133.6176403434,
              34.589242566
            ],
            [
              133.6172191366,
              34.5893766115
            ],
            [
              133.6168714302,
              34.5896878632
            ],
            [
              133.61676443,
              34.5901323601
            ],
            [
              133.6162697402,
              34.5905264255
            ],
            [
              133.6157127053,
              34.5907527819
            ],
            [
              133.6150681858,
              34.5913368334
            ],
            [
              133.6148330018,
              34.5912144617
            ],
            [
              133.6140880338,
              34.5919203265
            ],
            [
              133.6107359634,
              34.591436841
            ],
            [
              133.610467838,
              34.5911858048
            ],
            [
              133.6100527039,
              34.5911136416
            ],
            [
              133.6097396915,
              34.5908145862
            ],
            [
              133.6094750316,
              34.5906939989
            ],
            [
              133.6084981114,
              34.5907154151
            ],
            [
              133.6078557296,
              34.5909106509
            ],
            [
              133.6073871104,
              34.5908873132
            ],
            [
              133.6064730256,
              34.5912320748
            ],
            [
              133.605951447,
              34.5911875706
            ],
            [
              133.6059184693,
              34.5904881503
            ],
            [
              133.605752576,
              34.590156429
            ],
            [
              133.605943383,
              34.5896056742
            ],
            [
              133.6068074057,
              34.5889064998
            ],
            [
              133.6072934626,
              34.5887258394
            ],
            [
              133.6073653397,
              34.588364397
            ],
            [
              133.6075531799,
              34.5881522485
            ],
            [
              133.6083616724,
              34.5875482368
            ],
            [
              133.6090124225,
              34.5873179746
            ],
            [
              133.6091324722,
              34.5871544414
            ],
            [
              133.609271816,
              34.5865350615
            ],
            [
              133.6095998628,
              34.5861813218
            ],
            [
              133.6097066103,
              34.5854428518
            ],
            [
              133.6096038022,
              34.5851815099
            ],
            [
              133.6092332909,
              34.5849263346
            ]
          ]
        ]
      }
    },
    {
      "type": "Feature",
      "properties": {
        "key_code": "33461011001",
        "pref": "岡山県",
        "city": "小田郡",
        "ward": "矢掛町",
        "district": "中中原",
        "name": "小田郡 矢掛町 中中原"
      },
      "geometry": {
        "type": "Polygon",
        "coordinates": [
          [
            [
              133.6117902239,
              34.613876706
            ],
            [
              133.6113767243,
              34.6139069588
            ],
            [
              133.6089100885,
              34.6145624833
            ],
            [
              133.6085164785,
              34.6145679027
            ],
            [
              133.6074497405,
              34.6143756589
            ],
            [
              133.6068799732,
              34.6141553651
            ],
            [
              133.6057003463,
              34.6134781763
            ],
            [
              133.6044365138,
              34.6134122081
            ],
            [
              133.6041944573,
              34.613027641
            ],
            [
              133.6035493208,
              34.6123886824
            ],
            [
              133.6029502688,
              34.6120426919
            ],
            [
              133.6021876548,
              34.6118051666
            ],
            [
              133.6017726,
              34.6115184414
            ],
            [
              133.6013601569,
              34.6111194634
            ],
            [
              133.6006491476,
              34.6101206187
            ],
            [
              133.5998696229,
              34.6086048367
            ],
            [
              133.5999373695,
              34.6080695616
            ],
            [
              133.5995823943,
              34.6070674901
            ],
            [
              133.5995765203,
              34.6059648237
            ],
            [
              133.600206943,
              34.6057785799
            ],
            [
              133.6022732788,
              34.6058264182
            ],
            [
              133.6026794301,
              34.6057364374
            ],
            [
              133.6028009859,
              34.605522072
            ],
            [
              133.6030130499,
              34.6057292702
            ],
            [
              133.6040384017,
              34.6063636012
            ],
            [
              133.6058004578,
              34.6078096981
            ],
            [
              133.6060297072,
              34.6078744446
            ],
            [
              133.6062151792,
              34.6078411759
            ],
            [
              133.6062671675,
              34.6077306298
            ],
            [
              133.6062830172,
              34.606100996
            ],
            [
              133.6065563284,
              34.6056844095
            ],
            [
              133.608525282,
              34.6060972327
            ],
            [
              133.6100807821,
              34.6059823208
            ],
            [
              133.6110719022,
              34.606012794
            ],
            [
              133.6134864229,
              34.6065465742
            ],
            [
              133.6140316247,
              34.6079889109
            ],
            [
              133.6132375458,
              34.6083962755
            ],
            [
              133.6131921094,
              34.6088237956
            ],
            [
              133.6128965834,
              34.6091229385
            ],
            [
              133.6117980031,
              34.6097320518
            ],
            [
              133.6119803196,
              34.6101711894
            ],
            [
              133.6118729644,
              34.6106655362
            ],
            [
              133.6122256514,
              34.6110062266
            ],
            [
              133.6117036559,
              34.6121363576
            ],
            [
              133.6117902239,
              34.613876706
            ]
          ]
        ]
      }
    },
    {
      "type": "Feature",
      "properties": {
        "key_code": "33461011002",
        "pref": "岡山県",
        "city": "小田郡",
        "ward": "矢掛町",
        "district": "中城江",
        "name": "小田郡 矢掛町 中城江"
      },
      "geometry": {
        "type": "Polygon",
        "coordinates": [
          [
            [
              133.6068247346,
              34.6052927248
            ],
            [
              133.6062830172,
              34.606100996
            ],
            [
              133.6062671675,
              34.6077306298
            ],
            [
              133.6062151792,
              34.6078411759
            ],
            [
              133.6060297072,
              34.6078744446
            ],
            [
              133.6058004578,
              34.6078096981
            ],
            [
              133.6040384017,
              34.6063636012
            ],
            [
              133.6030130499,
              34.6057292702
            ],
            [
              133.6028009859,
              34.605522072
            ],
            [
              133.6026794301,
              34.6057364374
            ],
            [
              133.6022732788,
              34.6058264182
            ],
            [
              133.600206943,
              34.6057785799
            ],
            [
              133.5995765203,
              34.6059648237
            ],
            [
              133.5997150042,
              34.6028334036
            ],
            [
              133.5994377243,
              34.6020261735
            ],
            [
              133.599447854,
              34.6017757879
            ],
            [
              133.6001898792,
              34.6005006666
            ],
            [
              133.6001820181,
              34.6000104313
            ],
            [
              133.5998803069,
              34.5995791492
            ],
            [
              133.5998941103,
              34.5988729657
            ],
            [
              133.6038273774,
              34.5982434038
            ],
            [
              133.6044610538,
              34.5991466971
            ],
            [
              133.6058813894,
              34.5992030224
            ],
            [
              133.6065192037,
              34.5982416379
            ],
            [
              133.6074395544,
              34.5981637
            ],
            [
              133.607700346,
              34.5976851953
            ],
            [
              133.60832319,
              34.5977343754
            ],
            [
              133.6086680286,
              34.6007088235
            ],
            [
              133.6086153177,
              34.6008933191
            ],
            [
              133.6080712757,
              34.6010642045
            ],
            [
              133.6075026434,
              34.6014858115
            ],
            [
              133.6073342011,
              34.6017751246
            ],
            [
              133.6074596433,
              34.6031244519
            ],
            [
              133.6076926019,
              34.6034953028
            ],
            [
              133.607770314,
              34.6040975092
            ],
            [
              133.6074675317,
              34.6044177183
            ],
            [
              133.6070336856,
              34.6043834559
            ],
            [
              133.6069306891,
              34.6044831367
            ],
            [
              133.6068247346,
              34.6052927248
            ]
          ]
        ]
      }
    },
    {
      "type": "Feature",
      "properties": {
        "key_code": "33461011003",
        "pref": "岡山県",
        "city": "小田郡",
        "ward": "矢掛町",
        "district": "中江本",
        "name": "小田郡 矢掛町 中江本"
      },
      "geometry": {
        "type": "Polygon",
        "coordinates": [
          [
            [
              133.6143493267,
              34.605702809
            ],
            [
              133.6134864229,
              34.6065465742
            ],
            [
              133.6110719022,
              34.606012794
            ],
            [
              133.6100807821,
              34.6059823208
            ],
            [
              133.608525282,
              34.6060972327
            ],
            [
              133.6065563284,
              34.6056844095
            ],
            [
              133.6068247346,
              34.6052927248
            ],
            [
              133.6069306891,
              34.6044831367
            ],
            [
              133.6070336856,
              34.6043834559
            ],
            [
              133.6074675317,
              34.6044177183
            ],
            [
              133.607770314,
              34.6040975092
            ],
            [
              133.6076926019,
              34.6034953028
            ],
            [
              133.6074596433,
              34.6031244519
            ],
            [
              133.6073342011,
              34.6017751246
            ],
            [
              133.6075026434,
              34.6014858115
            ],
            [
              133.6080712757,
              34.6010642045
            ],
            [
              133.6086153177,
              34.6008933191
            ],
            [
              133.6086680286,
              34.6007088235
            ],
            [
              133.60832319,
              34.5977343754
            ],
            [
              133.6094312023,
              34.5971624119
            ],
            [
              133.6098105001,
              34.5971090103
            ],
            [
              133.6102437542,
              34.5971773411
            ],
            [
              133.6111938007,
              34.5968442984
            ],
            [
              133.6114722598,
              34.5964365959
            ],
            [
              133.6124407128,
              34.5964448132
            ],
            [
              133.6127181173,
              34.5965415184
            ],
            [
              133.6126331722,
              34.5968109069
            ],
            [
              133.6126319448,
              34.5972870038
            ],
            [
              133.6135477534,
              34.5980265258
            ],
            [
              133.613859706,
              34.5983837393
            ],
            [
              133.613825431,
              34.5987032895
            ],
            [
              133.6135976587,
              34.5992087675
            ],
            [
              133.6137531156,
              34.5997876225
            ],
            [
              133.6140741563,
              34.6004147745
            ],
            [
              133.6139363417,
              34.601115024
            ],
            [
              133.6140351098,
              34.6019563895
            ],
            [
              133.6133556154,
              34.6033521291
            ],
            [
              133.612770614,
              34.6040924349
            ],
            [
              133.6130280223,
              34.6044658085
            ],
            [
              133.6140613155,
              34.6052226302
            ],
            [
              133.614218299,
              34.6056168241
            ],
            [
              133.6143493267,
              34.605702809
            ]
          ]
        ]
      }
    },
    {
      "type": "Feature",
      "properties": {
        "key_code": "33461012001",
        "pref": "岡山県",
        "city": "小田郡",
        "ward": "矢掛町",
        "district": "宇内平矢，今石",
        "name": "小田郡 矢掛町 宇内平矢，今石"
      },
      "geometry": {
        "type": "Polygon",
        "coordinates": [
          [
            [
              133.526338112,
              34.6507015717
            ],
            [
              133.5223332087,
              34.6511052605
            ],
            [
              133.5222339738,
              34.6506007527
            ],
            [
              133.5222966544,
              34.6502815621
            ],
            [
              133.5225289935,
              34.649903632
            ],
            [
              133.5230448184,
              34.649435458
            ],
            [
              133.5230429228,
              34.6492448639
            ],
            [
              133.5229957544,
              34.6487405619
            ],
            [
              133.5227188348,
              34.6479721773
            ],
            [
              133.5221581359,
              34.6469404782
            ],
            [
              133.5225062889,
              34.6461239797
            ],
            [
              133.5228468854,
              34.6462768139
            ],
            [
              133.5234252672,
              34.6452973145
            ],
            [
              133.5240490376,
              34.6459606586
            ],
            [
              133.5251022786,
              34.6462439851
            ],
            [
              133.5253977201,
              34.6464487725
            ],
            [
              133.525410993,
              34.6466178899
            ],
            [
              133.5256190734,
              34.6468236495
            ],
            [
              133.5259758745,
              34.6468353011
            ],
            [
              133.5263501801,
              34.6465795781
            ],
            [
              133.5264862008,
              34.6463591869
            ],
            [
              133.5265053585,
              34.6461057684
            ],
            [
              133.5263743352,
              34.6458192437
            ],
            [
              133.5259597903,
              34.6452326514
            ],
            [
              133.5259986838,
              34.6448687896
            ],
            [
              133.5263078781,
              34.6444190937
            ],
            [
              133.5263507755,
              34.6442135815
            ],
            [
              133.5262182973,
              34.6440774826
            ],
            [
              133.5259217262,
              34.6426450987
            ],
            [
              133.5257726873,
              34.6424859295
            ],
            [
              133.5250154695,
              34.642165966
            ],
            [
              133.5249358125,
              34.64194415
            ],
            [
              133.5249851205,
              34.6414558338
            ],
            [
              133.525243531,
              34.6410751088
            ],
            [
              133.5257427846,
              34.6409645922
            ],
            [
              133.526225243,
              34.6410569409
            ],
            [
              133.527251362,
              34.6420239458
            ],
            [
              133.5280908859,
              34.6424872687
            ],
            [
              133.5304315233,
              34.6426625299
            ],
            [
              133.5323631171,
              34.6422710698
            ],
            [
              133.5328850457,
              34.6423191385
            ],
            [
              133.5336349418,
              34.6428278962
            ],
            [
              133.5340174217,
              34.6428795556
            ],
            [
              133.5344709603,
              34.6428794191
            ],
            [
              133.5347903397,
              34.6427930452
            ],
            [
              133.5349683789,
              34.6425336193
            ],
            [
              133.5350698299,
              34.6421739645
            ],
            [
              133.5356948367,
              34.6416034804
            ],
            [
              133.5359898524,
              34.6412218458
            ],
            [
              133.536273673,
              34.6410746669
            ],
            [
              133.5366910328,
              34.6411318988
            ],
            [
              133.536524247,
              34.6394506501
            ],
            [
              133.5364162753,
              34.639166116
            ],
            [
              133.5365782763,
              34.6384352698
            ],
            [
              133.5361422666,
              34.6380399961
            ],
            [
              133.5361190726,
              34.6377746077
            ],
            [
              133.5357580409,
              34.6373098137
            ],
            [
              133.535254726,
              34.637020868
            ],
            [
              133.5350827123,
              34.6367774679
            ],
            [
              133.5350110183,
              34.6366116321
            ],
            [
              133.5350269029,
              34.6361991629
            ],
            [
              133.5352915457,
              34.6359708688
            ],
            [
              133.5354108742,
              34.635505126
            ],
            [
              133.5363027034,
              34.6346236785
            ],
            [
              133.5367083295,
              34.6334279012
            ],
            [
              133.5372010062,
              34.6328580987
            ],
            [
              133.5373158825,
              34.6325536067
            ],
            [
              133.5371180777,
              34.6323165221
            ],
            [
              133.5361103116,
              34.6315511555
            ],
            [
              133.5353354225,
              34.6314896175
            ],
            [
              133.5347183994,
              34.6311909153
            ],
            [
              133.5343682067,
              34.6308701483
            ],
            [
              133.5340254043,
              34.6302412315
            ],
            [
              133.5337155995,
              34.6300631336
            ],
            [
              133.5331884573,
              34.629927139
            ],
            [
              133.5332555055,
              34.6288991739
            ],
            [
              133.534252653,
              34.6270873646
            ],
            [
              133.5356184245,
              34.6265215816
            ],
            [
              133.5365503269,
              34.6267849994
            ],
            [
              133.5369900022,
              34.6275222911
            ],
            [
              133.5372495495,
              34.6278149905
            ],
            [
              133.5383525971,
              34.6286282919
            ],
            [
              133.5387697354,
              34.6288544036
            ],
            [
              133.5399998595,
              34.6291122695
            ],
            [
              133.5415561555,
              34.6295587323
            ],
            [
              133.5418477371,
              34.6297104926
            ],
            [
              133.5425537506,
              34.6303032838
            ],
            [
              133.543579215,
              34.6308154499
            ],
            [
              133.5441963829,
              34.6314616076
            ],
            [
              133.5447788504,
              34.6315980525
            ],
            [
              133.5448453224,
              34.6320830347
            ],
            [
              133.5451414254,
              34.6326137269
            ],
            [
              133.5450858407,
              34.6331838455
            ],
            [
              133.5453476829,
              34.6336437456
            ],
            [
              133.5448667362,
              34.6344107198
            ],
            [
              133.5440619843,
              34.6353387158
            ],
            [
              133.5450456039,
              34.6367316717
            ],
            [
              133.545240003,
              34.6374129888
            ],
            [
              133.5455508424,
              34.637694314
            ],
            [
              133.5457896814,
              34.6380744795
            ],
            [
              133.5469774885,
              34.6388593797
            ],
            [
              133.5487916151,
              34.6397130619
            ],
            [
              133.5487885625,
              34.6400370157
            ],
            [
              133.5489023418,
              34.6404425701
            ],
            [
              133.5496206914,
              34.6411434251
            ],
            [
              133.5506475336,
              34.6423806599
            ],
            [
              133.5501561965,
              34.6425395082
            ],
            [
              133.5506029211,
              34.6440078437
            ],
            [
              133.550678039,
              34.6443483539
            ],
            [
              133.5506171929,
              34.6445747458
            ],
            [
              133.5509689637,
              34.6449312475
            ],
            [
              133.5505484298,
              34.6454976329
            ],
            [
              133.550603305,
              34.6459876075
            ],
            [
              133.5499762979,
              34.6468763653
            ],
            [
              133.5496262431,
              34.6469075131
            ],
            [
              133.5493633475,
              34.6470317599
            ],
            [
              133.5492769607,
              34.6471098072
            ],
            [
              133.5492940745,
              34.6473104991
            ],
            [
              133.549140352,
              34.647470799
            ],
            [
              133.5489078475,
              34.647390572
            ],
            [
              133.5484175247,
              34.6474110991
            ],
            [
              133.5477177708,
              34.6476877721
            ],
            [
              133.5470546759,
              34.6483599202
            ],
            [
              133.5465579445,
              34.6485533649
            ],
            [
              133.5464913405,
              34.6485489925
            ],
            [
              133.5462826126,
              34.6479735107
            ],
            [
              133.5452285248,
              34.6479765841
            ],
            [
              133.5446604531,
              34.6481616734
            ],
            [
              133.5438587662,
              34.6488957275
            ],
            [
              133.5424085335,
              34.6470164628
            ],
            [
              133.5419836393,
              34.6466636817
            ],
            [
              133.5402930054,
              34.6465445537
            ],
            [
              133.5392404034,
              34.6466439329
            ],
            [
              133.5381399356,
              34.6470163973
            ],
            [
              133.5373297696,
              34.6466453186
            ],
            [
              133.536857481,
              34.6467680308
            ],
            [
              133.5359815718,
              34.6468017649
            ],
            [
              133.5345470303,
              34.6461954475
            ],
            [
              133.5333348406,
              34.6461937241
            ],
            [
              133.5326668118,
              34.6460663845
            ],
            [
              133.5312287547,
              34.645590018
            ],
            [
              133.5292792272,
              34.6457124442
            ],
            [
              133.5291741439,
              34.6458100722
            ],
            [
              133.5292850047,
              34.6466587682
            ],
            [
              133.5289680515,
              34.6471361662
            ],
            [
              133.5287130729,
              34.6473556373
            ],
            [
              133.529374105,
              34.6482080913
            ],
            [
              133.5280063752,
              34.6489180345
            ],
            [
              133.5275380826,
              34.6496647387
            ],
            [
              133.5272557283,
              34.6496383684
            ],
            [
              133.5270913907,
              34.6497110949
            ],
            [
              133.5267864735,
              34.6504833825
            ],
            [
              133.526338112,
              34.6507015717
            ]
          ]
        ]
      }
    },
    {
      "type": "Feature",
      "properties": {
        "key_code": "33461012002",
        "pref": "岡山県",
        "city": "小田郡",
        "ward": "矢掛町",
        "district": "宇内金原，谷，天満",
        "name": "小田郡 矢掛町 宇内金原，谷，天満"
      },
      "geometry": {
        "type": "Polygon",
        "coordinates": [
          [
            [
              133.5515158102,
              34.6440900122
            ],
            [
              133.5511564481,
              34.6443512645
            ],
            [
              133.5509689637,
              34.6449312475
            ],
            [
              133.5506171929,
              34.6445747458
            ],
            [
              133.550678039,
              34.6443483539
            ],
            [
              133.5506029211,
              34.6440078437
            ],
            [
              133.5501561965,
              34.6425395082
            ],
            [
              133.5506475336,
              34.6423806599
            ],
            [
              133.5496206914,
              34.6411434251
            ],
            [
              133.5489023418,
              34.6404425701
            ],
            [
              133.5487885625,
              34.6400370157
            ],
            [
              133.5487916151,
              34.6397130619
            ],
            [
              133.5469774885,
              34.6388593797
            ],
            [
              133.5457896814,
              34.6380744795
            ],
            [
              133.5455508424,
              34.637694314
            ],
            [
              133.545240003,
              34.6374129888
            ],
            [
              133.5450456039,
              34.6367316717
            ],
            [
              133.5440619843,
              34.6353387158
            ],
            [
              133.5448667362,
              34.6344107198
            ],
            [
              133.5456152469,
              34.6332110614
            ],
            [
              133.5459555886,
              34.632966328
            ],
            [
              133.5469726753,
              34.6326207249
            ],
            [
              133.5475829959,
              34.6325699925
            ],
            [
              133.5490802497,
              34.6327374923
            ],
            [
              133.5513157256,
              34.6333084605
            ],
            [
              133.5521723472,
              34.6333625241
            ],
            [
              133.5528890294,
              34.6332010209
            ],
            [
              133.5535757124,
              34.6326302696
            ],
            [
              133.5560433929,
              34.6341621552
            ],
            [
              133.5555453007,
              34.6348956825
            ],
            [
              133.5553121856,
              34.6359509205
            ],
            [
              133.5548571816,
              34.6366766885
            ],
            [
              133.5542735024,
              34.6371924594
            ],
            [
              133.5541138836,
              34.6374579462
            ],
            [
              133.5540115201,
              34.6377881695
            ],
            [
              133.5540852037,
              34.6382192386
            ],
            [
              133.5539768403,
              34.638489136
            ],
            [
              133.5532505565,
              34.6390341402
            ],
            [
              133.5528193296,
              34.6400471164
            ],
            [
              133.5518216009,
              34.6409647837
            ],
            [
              133.5516983664,
              34.6414015019
            ],
            [
              133.5516431033,
              34.6425316715
            ],
            [
              133.5517276226,
              34.6433962305
            ],
            [
              133.5515158102,
              34.6440900122
            ]
          ]
        ]
      }
    },
    {
      "type": "Feature",
      "properties": {
        "key_code": "33461012003",
        "pref": "岡山県",
        "city": "小田郡",
        "ward": "矢掛町",
        "district": "宇内原，大桜",
        "name": "小田郡 矢掛町 宇内原，大桜"
      },
      "geometry": {
        "type": "Polygon",
        "coordinates": [
          [
            [
              133.5560433929,
              34.6341621552
            ],
            [
              133.5535757124,
              34.6326302696
            ],
            [
              133.5528890294,
              34.6332010209
            ],
            [
              133.5521723472,
              34.6333625241
            ],
            [
              133.5513157256,
              34.6333084605
            ],
            [
              133.5490802497,
              34.6327374923
            ],
            [
              133.5472865998,
              34.6325741469
            ],
            [
              133.5459555886,
              34.632966328
            ],
            [
              133.5456152469,
              34.6332110614
            ],
            [
              133.5453476829,
              34.6336437456
            ],
            [
              133.5450858407,
              34.6331838455
            ],
            [
              133.5451414254,
              34.6326137269
            ],
            [
              133.5448453224,
              34.6320830347
            ],
            [
              133.5447788504,
              34.6315980525
            ],
            [
              133.5460685943,
              34.631216041
            ],
            [
              133.5476399429,
              34.6303187309
            ],
            [
              133.5479856234,
              34.6294156489
            ],
            [
              133.5486320077,
              34.6286911309
            ],
            [
              133.5506048313,
              34.6273870184
            ],
            [
              133.5511455735,
              34.627255814
            ],
            [
              133.5525230879,
              34.6266803282
            ],
            [
              133.553140647,
              34.6260518128
            ],
            [
              133.5540214092,
              34.6261132009
            ],
            [
              133.5545337761,
              34.6260356086
            ],
            [
              133.5551437371,
              34.6254705612
            ],
            [
              133.5557367625,
              34.6254685532
            ],
            [
              133.5562663279,
              34.6258485683
            ],
            [
              133.5566669618,
              34.6260118294
            ],
            [
              133.5573426814,
              34.6271028316
            ],
            [
              133.5578673374,
              34.6283049978
            ],
            [
              133.5582285095,
              34.6294049933
            ],
            [
              133.5582606239,
              34.6297721331
            ],
            [
              133.5579947794,
              34.6297263608
            ],
            [
              133.5580013591,
              34.6307862202
            ],
            [
              133.5577657898,
              34.631441833
            ],
            [
              133.5568002869,
              34.6331608054
            ],
            [
              133.5560433929,
              34.6341621552
            ]
          ]
        ]
      }
    },
    {
      "type": "Feature",
      "properties": {
        "key_code": "33461013001",
        "pref": "岡山県",
        "city": "小田郡",
        "ward": "矢掛町",
        "district": "西川面下三，奥山，正清，仏田",
        "name": "小田郡 矢掛町 西川面下三，奥山，正清，仏田"
      },
      "geometry": {
        "type": "Polygon",
        "coordinates": [
          [
            [
              133.5543004745,
              34.6432287845
            ],
            [
              133.5528755505,
              34.6434596028
            ],
            [
              133.5526313436,
              34.6436193306
            ],
            [
              133.5523679998,
              34.6443019384
            ],
            [
              133.5522385341,
              34.6444033768
            ],
            [
              133.5519388147,
              34.6443935796
            ],
            [
              133.5515158102,
              34.6440900122
            ],
            [
              133.5517276226,
              34.6433962305
            ],
            [
              133.5516431033,
              34.6425316715
            ],
            [
              133.5517404618,
              34.6411475227
            ],
            [
              133.551893476,
              34.6408791787
            ],
            [
              133.5528193296,
              34.6400471164
            ],
            [
              133.5532505565,
              34.6390341402
            ],
            [
              133.5539768403,
              34.638489136
            ],
            [
              133.5540852037,
              34.6382192386
            ],
            [
              133.5540222485,
              34.6376979476
            ],
            [
              133.5541947739,
              34.6372916857
            ],
            [
              133.5548571816,
              34.6366766885
            ],
            [
              133.555137366,
              34.6362478661
            ],
            [
              133.55537995,
              34.6357845747
            ],
            [
              133.5555453007,
              34.6348956825
            ],
            [
              133.5568002869,
              34.6331608054
            ],
            [
              133.5577657898,
              34.631441833
            ],
            [
              133.5580013591,
              34.6307862202
            ],
            [
              133.5579947794,
              34.6297263608
            ],
            [
              133.5582606239,
              34.6297721331
            ],
            [
              133.5582285095,
              34.6294049933
            ],
            [
              133.5578673374,
              34.6283049978
            ],
            [
              133.5573426814,
              34.6271028316
            ],
            [
              133.5566669618,
              34.6260118294
            ],
            [
              133.5562311722,
              34.6258176386
            ],
            [
              133.5564743373,
              34.6256808585
            ],
            [
              133.5567871325,
              34.6253040756
            ],
            [
              133.5566574463,
              34.6239979223
            ],
            [
              133.556826754,
              34.6237953156
            ],
            [
              133.55678995,
              34.6232830633
            ],
            [
              133.5575411199,
              34.6233603657
            ],
            [
              133.5589094946,
              34.6236745465
            ],
            [
              133.5603759232,
              34.6236133831
            ],
            [
              133.5608571023,
              34.6236709333
            ],
            [
              133.5619551972,
              34.6244196163
            ],
            [
              133.5642524009,
              34.6282911761
            ],
            [
              133.5649579039,
              34.6296384021
            ],
            [
              133.5651215735,
              34.6298150787
            ],
            [
              133.565188093,
              34.6302800453
            ],
            [
              133.565393263,
              34.6305672726
            ],
            [
              133.5648549347,
              34.631093381
            ],
            [
              133.5652549868,
              34.6316287552
            ],
            [
              133.5656105491,
              34.6315001266
            ],
            [
              133.5656829104,
              34.631636649
            ],
            [
              133.5649129141,
              34.6319114239
            ],
            [
              133.5665598898,
              34.6340784146
            ],
            [
              133.5663648048,
              34.6342955225
            ],
            [
              133.5659900117,
              34.6344940393
            ],
            [
              133.5655820236,
              34.634327666
            ],
            [
              133.5652882604,
              34.6343417416
            ],
            [
              133.5649333565,
              34.6344806564
            ],
            [
              133.5643487595,
              34.6357234388
            ],
            [
              133.5637915221,
              34.6363087262
            ],
            [
              133.5635811251,
              34.637195226
            ],
            [
              133.5634039522,
              34.6373444071
            ],
            [
              133.5630432556,
              34.6374445426
            ],
            [
              133.5625058911,
              34.6384037775
            ],
            [
              133.5625788015,
              34.6389879453
            ],
            [
              133.5625338403,
              34.6403297428
            ],
            [
              133.5626690868,
              34.6409833217
            ],
            [
              133.5626540017,
              34.6414073457
            ],
            [
              133.5625525299,
              34.6417182819
            ],
            [
              133.562549465,
              34.6428144075
            ],
            [
              133.5621980502,
              34.6433454784
            ],
            [
              133.5621966101,
              34.6438233947
            ],
            [
              133.5620286114,
              34.6439923512
            ],
            [
              133.5617541832,
              34.6450433865
            ],
            [
              133.5611599932,
              34.6450828866
            ],
            [
              133.560732525,
              34.6453852924
            ],
            [
              133.5594948103,
              34.6454803116
            ],
            [
              133.5588862738,
              34.6458508737
            ],
            [
              133.5584223723,
              34.6457534273
            ],
            [
              133.5574497045,
              34.6453803416
            ],
            [
              133.555747561,
              34.6442015712
            ],
            [
              133.5552785772,
              34.6439743525
            ],
            [
              133.5543004745,
              34.6432287845
            ]
          ]
        ]
      }
    },
    {
      "type": "Feature",
      "properties": {
        "key_code": "33461013002",
        "pref": "岡山県",
        "city": "小田郡",
        "ward": "矢掛町",
        "district": "西川面東組，宇山",
        "name": "小田郡 矢掛町 西川面東組，宇山"
      },
      "geometry": {
        "type": "Polygon",
        "coordinates": [
          [
            [
              133.5626258721,
              34.6255819745
            ],
            [
              133.5619551972,
              34.6244196163
            ],
            [
              133.5608571023,
              34.6236709333
            ],
            [
              133.5603759232,
              34.6236133831
            ],
            [
              133.5589094946,
              34.6236745465
            ],
            [
              133.5575411199,
              34.6233603657
            ],
            [
              133.55678995,
              34.6232830633
            ],
            [
              133.5569595424,
              34.6227753593
            ],
            [
              133.5572403077,
              34.6225888116
            ],
            [
              133.5575854236,
              34.6224909882
            ],
            [
              133.5581815694,
              34.6218949891
            ],
            [
              133.558597744,
              34.620156052
            ],
            [
              133.5587343181,
              34.619972391
            ],
            [
              133.5598739491,
              34.6192048765
            ],
            [
              133.5608349923,
              34.6188764134
            ],
            [
              133.5614545276,
              34.6187556644
            ],
            [
              133.5621506068,
              34.6194789894
            ],
            [
              133.5625065738,
              34.6196975895
            ],
            [
              133.5646649007,
              34.6202044529
            ],
            [
              133.5659977058,
              34.6200822441
            ],
            [
              133.5663131442,
              34.6198918111
            ],
            [
              133.5666322996,
              34.6192964351
            ],
            [
              133.566809085,
              34.6193790995
            ],
            [
              133.5675300452,
              34.6200235296
            ],
            [
              133.5679236382,
              34.6209710045
            ],
            [
              133.566535912,
              34.6210607754
            ],
            [
              133.5655491069,
              34.6212716486
            ],
            [
              133.5648082485,
              34.6215112454
            ],
            [
              133.5643623302,
              34.6218069207
            ],
            [
              133.5632832083,
              34.6249074578
            ],
            [
              133.5626258721,
              34.6255819745
            ]
          ]
        ]
      }
    },
    {
      "type": "Feature",
      "properties": {
        "key_code": "33461013003",
        "pref": "岡山県",
        "city": "小田郡",
        "ward": "矢掛町",
        "district": "西川面石田，宮本",
        "name": "小田郡 矢掛町 西川面石田，宮本"
      },
      "geometry": {
        "type": "Polygon",
        "coordinates": [
          [
            [
              133.5649579039,
              34.6296384021
            ],
            [
              133.5642524009,
              34.6282911761
            ],
            [
              133.5626258721,
              34.6255819745
            ],
            [
              133.5632832083,
              34.6249074578
            ],
            [
              133.5643623302,
              34.6218069207
            ],
            [
              133.5648082485,
              34.6215112454
            ],
            [
              133.5655491069,
              34.6212716486
            ],
            [
              133.566535912,
              34.6210607754
            ],
            [
              133.5679236382,
              34.6209710045
            ],
            [
              133.5675300452,
              34.6200235296
            ],
            [
              133.5681318549,
              34.6190115726
            ],
            [
              133.5726044557,
              34.6205788908
            ],
            [
              133.5721497472,
              34.6213562709
            ],
            [
              133.5711838077,
              34.6234898766
            ],
            [
              133.5698702065,
              34.624654325
            ],
            [
              133.5693564941,
              34.6249101565
            ],
            [
              133.5687313403,
              34.625527856
            ],
            [
              133.5683113853,
              34.6260014705
            ],
            [
              133.5675054139,
              34.6273706354
            ],
            [
              133.5667014242,
              34.6285211988
            ],
            [
              133.566073424,
              34.6290168886
            ],
            [
              133.5649579039,
              34.6296384021
            ]
          ]
        ]
      }
    },
    {
      "type": "Feature",
      "properties": {
        "key_code": "33461013004",
        "pref": "岡山県",
        "city": "小田郡",
        "ward": "矢掛町",
        "district": "西川面清田井，川田",
        "name": "小田郡 矢掛町 西川面清田井，川田"
      },
      "geometry": {
        "type": "Polygon",
        "coordinates": [
          [
            [
              133.5711345815,
              34.6316435048
            ],
            [
              133.5707662619,
              34.6318915158
            ],
            [
              133.5706393314,
              34.632251461
            ],
            [
              133.5696371881,
              34.6324946766
            ],
            [
              133.5683981869,
              34.6326418901
            ],
            [
              133.5680557054,
              34.6329790768
            ],
            [
              133.5674651305,
              34.6331080747
            ],
            [
              133.5668993623,
              34.6338471378
            ],
            [
              133.5665598898,
              34.6340784146
            ],
            [
              133.5649129141,
              34.6319114239
            ],
            [
              133.5656829104,
              34.631636649
            ],
            [
              133.5656105491,
              34.6315001266
            ],
            [
              133.5652549868,
              34.6316287552
            ],
            [
              133.5648549347,
              34.631093381
            ],
            [
              133.565393263,
              34.6305672726
            ],
            [
              133.565188093,
              34.6302800453
            ],
            [
              133.5651215735,
              34.6298150787
            ],
            [
              133.5649579039,
              34.6296384021
            ],
            [
              133.566073424,
              34.6290168886
            ],
            [
              133.5667014242,
              34.6285211988
            ],
            [
              133.5675054139,
              34.6273706354
            ],
            [
              133.5683113853,
              34.6260014705
            ],
            [
              133.5693564941,
              34.6249101565
            ],
            [
              133.5695438512,
              34.6248168103
            ],
            [
              133.5697878861,
              34.6261542211
            ],
            [
              133.5696986457,
              34.6263441032
            ],
            [
              133.5697319046,
              34.6266199677
            ],
            [
              133.5702016128,
              34.6289853517
            ],
            [
              133.5704949158,
              34.6293825657
            ],
            [
              133.5714430299,
              34.6303292532
            ],
            [
              133.5711345815,
              34.6316435048
            ]
          ]
        ]
      }
    },
    {
      "type": "Feature",
      "properties": {
        "key_code": "33461013005",
        "pref": "岡山県",
        "city": "小田郡",
        "ward": "矢掛町",
        "district": "西川面西組，大鳥居",
        "name": "小田郡 矢掛町 西川面西組，大鳥居"
      },
      "geometry": {
        "type": "Polygon",
        "coordinates": [
          [
            [
              133.5713269135,
              34.6201263978
            ],
            [
              133.5681318549,
              34.6190115726
            ],
            [
              133.5675300452,
              34.6200235296
            ],
            [
              133.5672374121,
              34.6198275955
            ],
            [
              133.566861644,
              34.6194167558
            ],
            [
              133.5666322996,
              34.6192964351
            ],
            [
              133.5663131442,
              34.6198918111
            ],
            [
              133.5659977058,
              34.6200822441
            ],
            [
              133.5646649007,
              34.6202044529
            ],
            [
              133.5625065738,
              34.6196975895
            ],
            [
              133.5621506068,
              34.6194789894
            ],
            [
              133.5614545276,
              34.6187556644
            ],
            [
              133.5616526225,
              34.6187257848
            ],
            [
              133.5625164251,
              34.6180249294
            ],
            [
              133.563254025,
              34.6175647969
            ],
            [
              133.5632866695,
              34.6173921928
            ],
            [
              133.5629728655,
              34.6170174772
            ],
            [
              133.5631545772,
              34.6164727998
            ],
            [
              133.5631336511,
              34.6159707932
            ],
            [
              133.5645506877,
              34.6132629887
            ],
            [
              133.5733757199,
              34.6164461364
            ],
            [
              133.5713269135,
              34.6201263978
            ]
          ]
        ]
      }
    },
    {
      "type": "Feature",
      "properties": {
        "key_code": "33461014001",
        "pref": "岡山県",
        "city": "小田郡",
        "ward": "矢掛町",
        "district": "東川面郷",
        "name": "小田郡 矢掛町 東川面郷"
      },
      "geometry": {
        "type": "Polygon",
        "coordinates": [
          [
            [
              133.5731992281,
              34.631437862
            ],
            [
              133.5712709875,
              34.6315701214
            ],
            [
              133.5711345815,
              34.6316435048
            ],
            [
              133.5714430299,
              34.6303292532
            ],
            [
              133.5704503942,
              34.6293222827
            ],
            [
              133.5705790308,
              34.6288219138
            ],
            [
              133.5704782109,
              34.6286288743
            ],
            [
              133.5705244428,
              34.6283160369
            ],
            [
              133.5707094603,
              34.6281067482
            ],
            [
              133.5710573292,
              34.6279873543
            ],
            [
              133.571416334,
              34.6276189947
            ],
            [
              133.5717771696,
              34.6270497824
            ],
            [
              133.5722704358,
              34.6266730994
            ],
            [
              133.5727977819,
              34.6264167769
            ],
            [
              133.5731970219,
              34.6263617858
            ],
            [
              133.5735015919,
              34.6264390334
            ],
            [
              133.5740571947,
              34.6267654642
            ],
            [
              133.5746207468,
              34.6267431795
            ],
            [
              133.5753587082,
              34.6263454618
            ],
            [
              133.5754245004,
              34.6258841401
            ],
            [
              133.5758588866,
              34.6258333018
            ],
            [
              133.5762318257,
              34.6259439272
            ],
            [
              133.5775627186,
              34.6234640531
            ],
            [
              133.5775933691,
              34.6233629659
            ],
            [
              133.577415388,
              34.6232317159
            ],
            [
              133.5774317326,
              34.6231298365
            ],
            [
              133.5775203963,
              34.6230575609
            ],
            [
              133.577812406,
              34.6230720393
            ],
            [
              133.577906106,
              34.6229328873
            ],
            [
              133.579581763,
              34.6234797344
            ],
            [
              133.5826306321,
              34.6242480996
            ],
            [
              133.5821070384,
              34.6248966335
            ],
            [
              133.5811403142,
              34.6267064834
            ],
            [
              133.5805561552,
              34.6272373052
            ],
            [
              133.5797644547,
              34.6277944546
            ],
            [
              133.5789831233,
              34.6276563951
            ],
            [
              133.5779152287,
              34.6277946141
            ],
            [
              133.5769800218,
              34.6273751467
            ],
            [
              133.5765435863,
              34.6273224465
            ],
            [
              133.5764807615,
              34.6274103757
            ],
            [
              133.5759481253,
              34.6275180782
            ],
            [
              133.575080546,
              34.6278521746
            ],
            [
              133.5753457386,
              34.6286909281
            ],
            [
              133.5751839625,
              34.6288851541
            ],
            [
              133.5745795976,
              34.6291774937
            ],
            [
              133.5742663412,
              34.6296413673
            ],
            [
              133.5738456121,
              34.6299211777
            ],
            [
              133.5742197567,
              34.6307620179
            ],
            [
              133.5737292093,
              34.6315312969
            ],
            [
              133.5731992281,
              34.631437862
            ]
          ]
        ]
      }
    },
    {
      "type": "Feature",
      "properties": {
        "key_code": "33461014002",
        "pref": "岡山県",
        "city": "小田郡",
        "ward": "矢掛町",
        "district": "東川面第一，台",
        "name": "小田郡 矢掛町 東川面第一，台"
      },
      "geometry": {
        "type": "Polygon",
        "coordinates": [
          [
            [
              133.5704503942,
              34.6293222827
            ],
            [
              133.5702016128,
              34.6289853517
            ],
            [
              133.5697319046,
              34.6266199677
            ],
            [
              133.5696986457,
              34.6263441032
            ],
            [
              133.5697878861,
              34.6261542211
            ],
            [
              133.5695438512,
              34.6248168103
            ],
            [
              133.5698702065,
              34.624654325
            ],
            [
              133.5711838077,
              34.6234898766
            ],
            [
              133.5737946243,
              34.6229743656
            ],
            [
              133.5757137731,
              34.6223181684
            ],
            [
              133.5767198888,
              34.6223243881
            ],
            [
              133.5774935665,
              34.6224926997
            ],
            [
              133.5780049195,
              34.6227558765
            ],
            [
              133.577812406,
              34.6230720393
            ],
            [
              133.5775203963,
              34.6230575609
            ],
            [
              133.5774317326,
              34.6231298365
            ],
            [
              133.577415388,
              34.6232317159
            ],
            [
              133.5775933691,
              34.6233629659
            ],
            [
              133.5775627186,
              34.6234640531
            ],
            [
              133.5762318257,
              34.6259439272
            ],
            [
              133.5758588866,
              34.6258333018
            ],
            [
              133.5754245004,
              34.6258841401
            ],
            [
              133.5753587082,
              34.6263454618
            ],
            [
              133.5746207468,
              34.6267431795
            ],
            [
              133.5740571947,
              34.6267654642
            ],
            [
              133.5735015919,
              34.6264390334
            ],
            [
              133.5731970219,
              34.6263617858
            ],
            [
              133.5727977819,
              34.6264167769
            ],
            [
              133.5722704358,
              34.6266730994
            ],
            [
              133.5717771696,
              34.6270497824
            ],
            [
              133.571416334,
              34.6276189947
            ],
            [
              133.5710573292,
              34.6279873543
            ],
            [
              133.5707094603,
              34.6281067482
            ],
            [
              133.5705244428,
              34.6283160369
            ],
            [
              133.5704782109,
              34.6286288743
            ],
            [
              133.5705790308,
              34.6288219138
            ],
            [
              133.5704503942,
              34.6293222827
            ]
          ]
        ]
      }
    },
    {
      "type": "Feature",
      "properties": {
        "key_code": "33461014003",
        "pref": "岡山県",
        "city": "小田郡",
        "ward": "矢掛町",
        "district": "東川面田寺",
        "name": "小田郡 矢掛町 東川面田寺"
      },
      "geometry": {
        "type": "Polygon",
        "coordinates": [
          [
            [
              133.5780049195,
              34.6227558765
            ],
            [
              133.5774935665,
              34.6224926997
            ],
            [
              133.5767198888,
              34.6223243881
            ],
            [
              133.5757137731,
              34.6223181684
            ],
            [
              133.5737946243,
              34.6229743656
            ],
            [
              133.5711838077,
              34.6234898766
            ],
            [
              133.5721497472,
              34.6213562709
            ],
            [
              133.5726044557,
              34.6205788908
            ],
            [
              133.5758163849,
              34.6216483245
            ],
            [
              133.5765676659,
              34.6218146727
            ],
            [
              133.5773110294,
              34.6222063383
            ],
            [
              133.5781350821,
              34.6225227163
            ],
            [
              133.5780049195,
              34.6227558765
            ]
          ]
        ]
      }
    },
    {
      "type": "Feature",
      "properties": {
        "key_code": "33461014004",
        "pref": "岡山県",
        "city": "小田郡",
        "ward": "矢掛町",
        "district": "東川面有森，高通",
        "name": "小田郡 矢掛町 東川面有森，高通"
      },
      "geometry": {
        "type": "Polygon",
        "coordinates": [
          [
            [
              133.5826306321,
              34.6242480996
            ],
            [
              133.579581763,
              34.6234797344
            ],
            [
              133.577906106,
              34.6229328873
            ],
            [
              133.5781350821,
              34.6225227163
            ],
            [
              133.5773110294,
              34.6222063383
            ],
            [
              133.5765676659,
              34.6218146727
            ],
            [
              133.5758163849,
              34.6216483245
            ],
            [
              133.5777763624,
              34.6179287046
            ],
            [
              133.5803277473,
              34.6193101712
            ],
            [
              133.5829349163,
              34.6218390603
            ],
            [
              133.5857746179,
              34.6224994374
            ],
            [
              133.5848267025,
              34.622806349
            ],
            [
              133.5826306321,
              34.6242480996
            ]
          ]
        ]
      }
    },
    {
      "type": "Feature",
      "properties": {
        "key_code": "33461014005",
        "pref": "岡山県",
        "city": "小田郡",
        "ward": "矢掛町",
        "district": "東川面向山，大恭",
        "name": "小田郡 矢掛町 東川面向山，大恭"
      },
      "geometry": {
        "type": "Polygon",
        "coordinates": [
          [
            [
              133.5870804505,
              34.6225044442
            ],
            [
              133.5862826587,
              34.6224497163
            ],
            [
              133.5857746179,
              34.6224994374
            ],
            [
              133.5829349163,
              34.6218390603
            ],
            [
              133.5803277473,
              34.6193101712
            ],
            [
              133.5777763624,
              34.6179287046
            ],
            [
              133.5758163849,
              34.6216483245
            ],
            [
              133.5713269135,
              34.6201263978
            ],
            [
              133.5733757199,
              34.6164461364
            ],
            [
              133.5743971767,
              34.616799825
            ],
            [
              133.574795018,
              34.6161254701
            ],
            [
              133.5751054324,
              34.6160338631
            ],
            [
              133.5762610555,
              34.6164731634
            ],
            [
              133.5762596437,
              34.6151082466
            ],
            [
              133.5766495547,
              34.6149957168
            ],
            [
              133.5770461628,
              34.6147081411
            ],
            [
              133.5785401528,
              34.6144318404
            ],
            [
              133.57945584,
              34.6136975571
            ],
            [
              133.580337684,
              34.6136057906
            ],
            [
              133.5807264771,
              34.6130305246
            ],
            [
              133.5814735904,
              34.6123385741
            ],
            [
              133.5832712937,
              34.6116370005
            ],
            [
              133.5832887159,
              34.6117172548
            ],
            [
              133.5837727266,
              34.6120129206
            ],
            [
              133.583704291,
              34.6129924464
            ],
            [
              133.5837734823,
              34.6133978351
            ],
            [
              133.5846683281,
              34.6151303607
            ],
            [
              133.5856959193,
              34.6168252397
            ],
            [
              133.5854512291,
              34.6171603936
            ],
            [
              133.5855220994,
              34.6173797184
            ],
            [
              133.5863007364,
              34.6176746396
            ],
            [
              133.5865012425,
              34.6182014013
            ],
            [
              133.586536121,
              34.6187489842
            ],
            [
              133.5868596586,
              34.6195884941
            ],
            [
              133.5873655715,
              34.6203934749
            ],
            [
              133.5870804505,
              34.6225044442
            ]
          ]
        ]
      }
    },
    {
      "type": "Feature",
      "properties": {
        "key_code": "33461015001",
        "pref": "岡山県",
        "city": "小田郡",
        "ward": "矢掛町",
        "district": "本堀上，中",
        "name": "小田郡 矢掛町 本堀上，中"
      },
      "geometry": {
        "type": "Polygon",
        "coordinates": [
          [
            [
              133.5562311722,
              34.6258176386
            ],
            [
              133.5557367625,
              34.6254685532
            ],
            [
              133.5551437371,
              34.6254705612
            ],
            [
              133.5545337761,
              34.6260356086
            ],
            [
              133.5540214092,
              34.6261132009
            ],
            [
              133.553140647,
              34.6260518128
            ],
            [
              133.5529102115,
              34.6253471826
            ],
            [
              133.552278552,
              34.6248169111
            ],
            [
              133.5523297378,
              34.6234279583
            ],
            [
              133.5522388212,
              34.6229378976
            ],
            [
              133.5520513528,
              34.6225683586
            ],
            [
              133.5517987792,
              34.6223457416
            ],
            [
              133.5512915636,
              34.6221214986
            ],
            [
              133.550859287,
              34.6220556335
            ],
            [
              133.5494990169,
              34.6193990898
            ],
            [
              133.5487919065,
              34.6196327551
            ],
            [
              133.548360888,
              34.6195705509
            ],
            [
              133.547613239,
              34.6186089032
            ],
            [
              133.5475140292,
              34.6183241545
            ],
            [
              133.5475927261,
              34.6180825228
            ],
            [
              133.5477858038,
              34.6178627541
            ],
            [
              133.5486216813,
              34.6175238544
            ],
            [
              133.5486195156,
              34.6162421662
            ],
            [
              133.5493241718,
              34.6153781463
            ],
            [
              133.5494622011,
              34.6147779859
            ],
            [
              133.5488810007,
              34.6137213427
            ],
            [
              133.5489537261,
              34.6135248887
            ],
            [
              133.549355926,
              34.6131510912
            ],
            [
              133.551083916,
              34.613049321
            ],
            [
              133.5536803972,
              34.6135863622
            ],
            [
              133.555412543,
              34.6129202803
            ],
            [
              133.5573774289,
              34.6130203692
            ],
            [
              133.5581339693,
              34.6127933119
            ],
            [
              133.5584722582,
              34.6131599937
            ],
            [
              133.558411583,
              34.6136028884
            ],
            [
              133.5590406172,
              34.6139618304
            ],
            [
              133.5595130986,
              34.6145667018
            ],
            [
              133.5574181121,
              34.615316184
            ],
            [
              133.5578913655,
              34.6162134871
            ],
            [
              133.5575346842,
              34.6163213786
            ],
            [
              133.5569312622,
              34.616678994
            ],
            [
              133.5568858536,
              34.6167889978
            ],
            [
              133.5571570568,
              34.6170969422
            ],
            [
              133.5573409091,
              34.6176463251
            ],
            [
              133.5575186426,
              34.6176535074
            ],
            [
              133.5580273118,
              34.6219824717
            ],
            [
              133.5575854236,
              34.6224909882
            ],
            [
              133.5570626481,
              34.6226914979
            ],
            [
              133.5568791564,
              34.6229171167
            ],
            [
              133.5567749636,
              34.6233643846
            ],
            [
              133.556826754,
              34.6237953156
            ],
            [
              133.5566574463,
              34.6239979223
            ],
            [
              133.5567871325,
              34.6253040756
            ],
            [
              133.5564743373,
              34.6256808585
            ],
            [
              133.5562311722,
              34.6258176386
            ]
          ]
        ]
      }
    },
    {
      "type": "Feature",
      "properties": {
        "key_code": "33461015002",
        "pref": "岡山県",
        "city": "小田郡",
        "ward": "矢掛町",
        "district": "本堀片山，石井",
        "name": "小田郡 矢掛町 本堀片山，石井"
      },
      "geometry": {
        "type": "Polygon",
        "coordinates": [
          [
            [
              133.5616526225,
              34.6187257848
            ],
            [
              133.5608349923,
              34.6188764134
            ],
            [
              133.5598739491,
              34.6192048765
            ],
            [
              133.5587343181,
              34.619972391
            ],
            [
              133.558597744,
              34.620156052
            ],
            [
              133.5581815694,
              34.6218949891
            ],
            [
              133.5580273118,
              34.6219824717
            ],
            [
              133.5575186426,
              34.6176535074
            ],
            [
              133.5573409091,
              34.6176463251
            ],
            [
              133.5571570568,
              34.6170969422
            ],
            [
              133.5568858536,
              34.6167889978
            ],
            [
              133.5569312622,
              34.616678994
            ],
            [
              133.5575346842,
              34.6163213786
            ],
            [
              133.5578913655,
              34.6162134871
            ],
            [
              133.5574181121,
              34.615316184
            ],
            [
              133.5595130986,
              34.6145667018
            ],
            [
              133.5597214286,
              34.6148293092
            ],
            [
              133.5599968627,
              34.6150117701
            ],
            [
              133.5631628445,
              34.6160845075
            ],
            [
              133.5631545772,
              34.6164727998
            ],
            [
              133.5629728655,
              34.6170174772
            ],
            [
              133.5632866695,
              34.6173921928
            ],
            [
              133.563254025,
              34.6175647969
            ],
            [
              133.5625164251,
              34.6180249294
            ],
            [
              133.5616526225,
              34.6187257848
            ]
          ]
        ]
      }
    },
    {
      "type": "Feature",
      "properties": {
        "key_code": "33461015003",
        "pref": "岡山県",
        "city": "小田郡",
        "ward": "矢掛町",
        "district": "本堀大井",
        "name": "小田郡 矢掛町 本堀大井"
      },
      "geometry": {
        "type": "Polygon",
        "coordinates": [
          [
            [
              133.549355926,
              34.6131510912
            ],
            [
              133.5511100152,
              34.6122827954
            ],
            [
              133.5511850072,
              34.6120073327
            ],
            [
              133.5510104148,
              34.61111247
            ],
            [
              133.5510459976,
              34.6109243693
            ],
            [
              133.5525213572,
              34.6103674024
            ],
            [
              133.5527862345,
              34.6100176506
            ],
            [
              133.5532025094,
              34.6092093838
            ],
            [
              133.5583487701,
              34.6111276205
            ],
            [
              133.5580265513,
              34.6117742313
            ],
            [
              133.5580552688,
              34.6120485217
            ],
            [
              133.558252666,
              34.6124322008
            ],
            [
              133.5581031927,
              34.6125571811
            ],
            [
              133.5581339693,
              34.6127933119
            ],
            [
              133.5575812321,
              34.6129894051
            ],
            [
              133.555412543,
              34.6129202803
            ],
            [
              133.5536803972,
              34.6135863622
            ],
            [
              133.551083916,
              34.613049321
            ],
            [
              133.549355926,
              34.6131510912
            ]
          ]
        ]
      }
    },
    {
      "type": "Feature",
      "properties": {
        "key_code": "33461015004",
        "pref": "岡山県",
        "city": "小田郡",
        "ward": "矢掛町",
        "district": "本堀六反",
        "name": "小田郡 矢掛町 本堀六反"
      },
      "geometry": {
        "type": "Polygon",
        "coordinates": [
          [
            [
              133.5631628445,
              34.6160845075
            ],
            [
              133.5599968627,
              34.6150117701
            ],
            [
              133.5597214286,
              34.6148293092
            ],
            [
              133.5591760612,
              34.6140821342
            ],
            [
              133.558411583,
              34.6136028884
            ],
            [
              133.5584722582,
              34.6131599937
            ],
            [
              133.5580782653,
              34.6127280238
            ],
            [
              133.5581031927,
              34.6125571811
            ],
            [
              133.558252666,
              34.6124322008
            ],
            [
              133.5580552688,
              34.6120485217
            ],
            [
              133.5580265513,
              34.6117742313
            ],
            [
              133.5583487701,
              34.6111276205
            ],
            [
              133.5546195859,
              34.6097725482
            ],
            [
              133.5555689655,
              34.6078996744
            ],
            [
              133.5549253086,
              34.6076724617
            ],
            [
              133.55594878,
              34.6071151107
            ],
            [
              133.5563146083,
              34.6070268619
            ],
            [
              133.5575504908,
              34.6070668187
            ],
            [
              133.5586358293,
              34.6074127415
            ],
            [
              133.5594484652,
              34.608010899
            ],
            [
              133.5620532465,
              34.6103467255
            ],
            [
              133.563526013,
              34.6110859301
            ],
            [
              133.5632258507,
              34.6117193116
            ],
            [
              133.5641631761,
              34.6120226983
            ],
            [
              133.5638184695,
              34.612618612
            ],
            [
              133.563832372,
              34.6128756233
            ],
            [
              133.5645506877,
              34.6132629887
            ],
            [
              133.5631336511,
              34.6159707932
            ],
            [
              133.5631628445,
              34.6160845075
            ]
          ]
        ]
      }
    },
    {
      "type": "Feature",
      "properties": {
        "key_code": "33461016001",
        "pref": "岡山県",
        "city": "小田郡",
        "ward": "矢掛町",
        "district": "浅海毎戸",
        "name": "小田郡 矢掛町 浅海毎戸"
      },
      "geometry": {
        "type": "Polygon",
        "coordinates": [
          [
            [
              133.5493735297,
              34.6130999314
            ],
            [
              133.5492024905,
              34.6125813199
            ],
            [
              133.5480788267,
              34.6115713388
            ],
            [
              133.5472980984,
              34.6114343415
            ],
            [
              133.5469092883,
              34.6112009771
            ],
            [
              133.5465716897,
              34.6097737456
            ],
            [
              133.5465333975,
              34.6087574896
            ],
            [
              133.5479807782,
              34.6067282862
            ],
            [
              133.5479648805,
              34.6059916365
            ],
            [
              133.5480756127,
              34.6058019067
            ],
            [
              133.5484279081,
              34.6055769616
            ],
            [
              133.5494516006,
              34.6055964821
            ],
            [
              133.5507738445,
              34.6058076399
            ],
            [
              133.5527912221,
              34.6065239714
            ],
            [
              133.5529895286,
              34.6067879369
            ],
            [
              133.5534750946,
              34.6071496575
            ],
            [
              133.5555689655,
              34.6078996744
            ],
            [
              133.5546195859,
              34.6097725482
            ],
            [
              133.5532025094,
              34.6092093838
            ],
            [
              133.5527862345,
              34.6100176506
            ],
            [
              133.5525213572,
              34.6103674024
            ],
            [
              133.5510459976,
              34.6109243693
            ],
            [
              133.5510104148,
              34.61111247
            ],
            [
              133.5511850072,
              34.6120073327
            ],
            [
              133.5511100152,
              34.6122827954
            ],
            [
              133.5493735297,
              34.6130999314
            ]
          ]
        ]
      }
    },
    {
      "type": "Feature",
      "properties": {
        "key_code": "33461016002",
        "pref": "岡山県",
        "city": "小田郡",
        "ward": "矢掛町",
        "district": "浅海宮ノ谷，田鶴",
        "name": "小田郡 矢掛町 浅海宮ノ谷，田鶴"
      },
      "geometry": {
        "type": "Polygon",
        "coordinates": [
          [
            [
              133.5586358293,
              34.6074127415
            ],
            [
              133.5575504908,
              34.6070668187
            ],
            [
              133.5563146083,
              34.6070268619
            ],
            [
              133.55594878,
              34.6071151107
            ],
            [
              133.5549253086,
              34.6076724617
            ],
            [
              133.5534750946,
              34.6071496575
            ],
            [
              133.5529895286,
              34.6067879369
            ],
            [
              133.5527912221,
              34.6065239714
            ],
            [
              133.5515889146,
              34.6060562526
            ],
            [
              133.5507738445,
              34.6058076399
            ],
            [
              133.5494516006,
              34.6055964821
            ],
            [
              133.5484279081,
              34.6055769616
            ],
            [
              133.5481535711,
              34.6053020782
            ],
            [
              133.5481310825,
              34.6050304997
            ],
            [
              133.5483859453,
              34.6043689737
            ],
            [
              133.5485954137,
              34.6041593107
            ],
            [
              133.5501472503,
              34.6037469581
            ],
            [
              133.5505488418,
              34.6034592183
            ],
            [
              133.5507115511,
              34.6031303672
            ],
            [
              133.5506180179,
              34.6020412075
            ],
            [
              133.5512820459,
              34.6019427654
            ],
            [
              133.5514599329,
              34.6005205164
            ],
            [
              133.5519320445,
              34.5997127426
            ],
            [
              133.5524935708,
              34.6006083889
            ],
            [
              133.5533275902,
              34.601595216
            ],
            [
              133.5540809568,
              34.6022271217
            ],
            [
              133.5553577873,
              34.6029834913
            ],
            [
              133.5571287001,
              34.6044433281
            ],
            [
              133.5578692538,
              34.6051768251
            ],
            [
              133.5580431385,
              34.6054578133
            ],
            [
              133.5586358293,
              34.6074127415
            ]
          ]
        ]
      }
    },
    {
      "type": "Feature",
      "properties": {
        "key_code": "33461016003",
        "pref": "岡山県",
        "city": "小田郡",
        "ward": "矢掛町",
        "district": "浅海大仁五",
        "name": "小田郡 矢掛町 浅海大仁五"
      },
      "geometry": {
        "type": "Polygon",
        "coordinates": [
          [
            [
              133.561095322,
              34.6095290561
            ],
            [
              133.5599535848,
              34.6084451203
            ],
            [
              133.5586358293,
              34.6074127415
            ],
            [
              133.5583635993,
              34.6064019061
            ],
            [
              133.5592292178,
              34.6057863386
            ],
            [
              133.5596244415,
              34.6056779818
            ],
            [
              133.5601088035,
              34.6053443917
            ],
            [
              133.560848861,
              34.6045425096
            ],
            [
              133.5617725537,
              34.6039615223
            ],
            [
              133.5620612144,
              34.6039534822
            ],
            [
              133.5617452849,
              34.6043313856
            ],
            [
              133.561665162,
              34.6054890212
            ],
            [
              133.562726102,
              34.6065483459
            ],
            [
              133.561095322,
              34.6095290561
            ]
          ]
        ]
      }
    },
    {
      "type": "Feature",
      "properties": {
        "key_code": "33461016004",
        "pref": "岡山県",
        "city": "小田郡",
        "ward": "矢掛町",
        "district": "浅海日妻東",
        "name": "小田郡 矢掛町 浅海日妻東"
      },
      "geometry": {
        "type": "Polygon",
        "coordinates": [
          [
            [
              133.5628099227,
              34.606603527
            ],
            [
              133.561665162,
              34.6054890212
            ],
            [
              133.5617452849,
              34.6043313856
            ],
            [
              133.5619097164,
              34.6040787363
            ],
            [
              133.5620612144,
              34.6039534822
            ],
            [
              133.5625811599,
              34.6039429559
            ],
            [
              133.563005932,
              34.6032524653
            ],
            [
              133.5643963983,
              34.6028537057
            ],
            [
              133.565359408,
              34.6020320599
            ],
            [
              133.5660358285,
              34.6016217524
            ],
            [
              133.5664839976,
              34.6016530172
            ],
            [
              133.5669796225,
              34.6014883584
            ],
            [
              133.5686976453,
              34.6012555624
            ],
            [
              133.5690506734,
              34.6010729598
            ],
            [
              133.5694576652,
              34.6008199806
            ],
            [
              133.5694086271,
              34.6003618781
            ],
            [
              133.5706618774,
              34.5989871518
            ],
            [
              133.5707791377,
              34.5983847182
            ],
            [
              133.5705481037,
              34.5977471513
            ],
            [
              133.5699357026,
              34.5971708736
            ],
            [
              133.5692560085,
              34.5969773133
            ],
            [
              133.5689550924,
              34.5966893453
            ],
            [
              133.568689962,
              34.5957036355
            ],
            [
              133.5688655821,
              34.5951280501
            ],
            [
              133.5684600453,
              34.5943614847
            ],
            [
              133.5683094421,
              34.5933611317
            ],
            [
              133.5671425212,
              34.5923060983
            ],
            [
              133.5668951945,
              34.5917034913
            ],
            [
              133.566668341,
              34.5914775349
            ],
            [
              133.566594894,
              34.590776992
            ],
            [
              133.5664517885,
              34.5907056633
            ],
            [
              133.5662641174,
              34.5908498549
            ],
            [
              133.5661822642,
              34.5907766565
            ],
            [
              133.5662779223,
              34.5905063795
            ],
            [
              133.5660134119,
              34.5903286422
            ],
            [
              133.5660330227,
              34.5899281543
            ],
            [
              133.5659544367,
              34.589786799
            ],
            [
              133.5660017961,
              34.5892675979
            ],
            [
              133.5662175074,
              34.5886855024
            ],
            [
              133.5662111533,
              34.5882187875
            ],
            [
              133.5653019921,
              34.5869274267
            ],
            [
              133.5649608289,
              34.586594677
            ],
            [
              133.5654447168,
              34.5866877319
            ],
            [
              133.5659573738,
              34.5869308427
            ],
            [
              133.5666484891,
              34.5859095792
            ],
            [
              133.5670929969,
              34.5856724844
            ],
            [
              133.5680689294,
              34.5856095811
            ],
            [
              133.568811763,
              34.5856593082
            ],
            [
              133.5697508015,
              34.5851423087
            ],
            [
              133.5702519995,
              34.5852419307
            ],
            [
              133.5705038185,
              34.5854936719
            ],
            [
              133.5707000797,
              34.5860752431
            ],
            [
              133.5708333989,
              34.5870118131
            ],
            [
              133.5709962202,
              34.5871434079
            ],
            [
              133.5722218079,
              34.5879173343
            ],
            [
              133.5730366709,
              34.5881208828
            ],
            [
              133.5738534113,
              34.5887730786
            ],
            [
              133.5748543612,
              34.5893613341
            ],
            [
              133.5755718722,
              34.5893991714
            ],
            [
              133.576046236,
              34.5891746243
            ],
            [
              133.5756466485,
              34.5900361826
            ],
            [
              133.5756435711,
              34.5903747913
            ],
            [
              133.575668579,
              34.5907249837
            ],
            [
              133.5763010996,
              34.5925733265
            ],
            [
              133.5762496572,
              34.5935767757
            ],
            [
              133.5758634546,
              34.5941348651
            ],
            [
              133.5754222719,
              34.5945289329
            ],
            [
              133.5747297982,
              34.5946180279
            ],
            [
              133.5742056739,
              34.594813246
            ],
            [
              133.5738497502,
              34.5951495233
            ],
            [
              133.5736631337,
              34.595486852
            ],
            [
              133.5739423691,
              34.5966033569
            ],
            [
              133.5740133025,
              34.5981097376
            ],
            [
              133.5731174677,
              34.5995925034
            ],
            [
              133.5733374824,
              34.6002359137
            ],
            [
              133.5732773951,
              34.6006323441
            ],
            [
              133.572993031,
              34.6008522914
            ],
            [
              133.5725400907,
              34.6009896302
            ],
            [
              133.5717598275,
              34.6014051025
            ],
            [
              133.5713327241,
              34.6017992473
            ],
            [
              133.5711152218,
              34.6024282423
            ],
            [
              133.5710241752,
              34.6031163426
            ],
            [
              133.5706483318,
              34.6033065543
            ],
            [
              133.570092216,
              34.6039101859
            ],
            [
              133.5694774863,
              34.6037790127
            ],
            [
              133.5691749552,
              34.6037950124
            ],
            [
              133.5688383385,
              34.6039982802
            ],
            [
              133.5687270662,
              34.6043546613
            ],
            [
              133.5671464649,
              34.604782419
            ],
            [
              133.566224434,
              34.6052318952
            ],
            [
              133.5634410898,
              34.6060895639
            ],
            [
              133.5629618539,
              34.6065240534
            ],
            [
              133.5628099227,
              34.606603527
            ]
          ]
        ]
      }
    },
    {
      "type": "Feature",
      "properties": {
        "key_code": "33461016005",
        "pref": "岡山県",
        "city": "小田郡",
        "ward": "矢掛町",
        "district": "浅海日妻西，高柳",
        "name": "小田郡 矢掛町 浅海日妻西，高柳"
      },
      "geometry": {
        "type": "Polygon",
        "coordinates": [
          [
            [
              133.5625811599,
              34.6039429559
            ],
            [
              133.5617725537,
              34.6039615223
            ],
            [
              133.560848861,
              34.6045425096
            ],
            [
              133.5601088035,
              34.6053443917
            ],
            [
              133.5596244415,
              34.6056779818
            ],
            [
              133.5592292178,
              34.6057863386
            ],
            [
              133.5583635993,
              34.6064019061
            ],
            [
              133.5580431385,
              34.6054578133
            ],
            [
              133.5576047321,
              34.6048873751
            ],
            [
              133.5553577873,
              34.6029834913
            ],
            [
              133.5545544165,
              34.6024872039
            ],
            [
              133.555333979,
              34.6013342928
            ],
            [
              133.5559375155,
              34.5997002067
            ],
            [
              133.5563532042,
              34.5988181033
            ],
            [
              133.5575756915,
              34.5994522595
            ],
            [
              133.5584258374,
              34.5985421913
            ],
            [
              133.5588798029,
              34.5992134452
            ],
            [
              133.5591288398,
              34.5988292032
            ],
            [
              133.5594427413,
              34.5985590451
            ],
            [
              133.5617303459,
              34.5969562744
            ],
            [
              133.5624143134,
              34.59642743
            ],
            [
              133.5627146957,
              34.5960329407
            ],
            [
              133.563519739,
              34.5941315941
            ],
            [
              133.5632202392,
              34.5925771241
            ],
            [
              133.5630309412,
              34.5920664327
            ],
            [
              133.562366842,
              34.5909563348
            ],
            [
              133.5626889895,
              34.5907207322
            ],
            [
              133.563144795,
              34.5897989848
            ],
            [
              133.5631830799,
              34.5895356724
            ],
            [
              133.562985413,
              34.5890005573
            ],
            [
              133.5632063776,
              34.588377367
            ],
            [
              133.5636659725,
              34.5875043812
            ],
            [
              133.5636674555,
              34.5873712759
            ],
            [
              133.5638769504,
              34.5870858003
            ],
            [
              133.5645169721,
              34.5866397763
            ],
            [
              133.5649608289,
              34.586594677
            ],
            [
              133.5653019921,
              34.5869274267
            ],
            [
              133.5662111533,
              34.5882187875
            ],
            [
              133.5662175074,
              34.5886855024
            ],
            [
              133.5660017961,
              34.5892675979
            ],
            [
              133.5659544367,
              34.589786799
            ],
            [
              133.5660330227,
              34.5899281543
            ],
            [
              133.5660134119,
              34.5903286422
            ],
            [
              133.5662779223,
              34.5905063795
            ],
            [
              133.5661822642,
              34.5907766565
            ],
            [
              133.5662641174,
              34.5908498549
            ],
            [
              133.5664517885,
              34.5907056633
            ],
            [
              133.566594894,
              34.590776992
            ],
            [
              133.566668341,
              34.5914775349
            ],
            [
              133.5668951945,
              34.5917034913
            ],
            [
              133.5671425212,
              34.5923060983
            ],
            [
              133.5683094421,
              34.5933611317
            ],
            [
              133.5684600453,
              34.5943614847
            ],
            [
              133.5688655821,
              34.5951280501
            ],
            [
              133.568689962,
              34.5957036355
            ],
            [
              133.5689550924,
              34.5966893453
            ],
            [
              133.5692560085,
              34.5969773133
            ],
            [
              133.5698404119,
              34.597113089
            ],
            [
              133.5703901408,
              34.5975479751
            ],
            [
              133.5707384467,
              34.5981775397
            ],
            [
              133.5707676856,
              34.5984728251
            ],
            [
              133.5706618774,
              34.5989871518
            ],
            [
              133.5694086271,
              34.6003618781
            ],
            [
              133.5694576652,
              34.6008199806
            ],
            [
              133.5686976453,
              34.6012555624
            ],
            [
              133.5669796225,
              34.6014883584
            ],
            [
              133.5664839976,
              34.6016530172
            ],
            [
              133.5660358285,
              34.6016217524
            ],
            [
              133.565359408,
              34.6020320599
            ],
            [
              133.5643963983,
              34.6028537057
            ],
            [
              133.563005932,
              34.6032524653
            ],
            [
              133.5625811599,
              34.6039429559
            ]
          ]
        ]
      }
    },
    {
      "type": "Feature",
      "properties": {
        "key_code": "33461016006",
        "pref": "岡山県",
        "city": "小田郡",
        "ward": "矢掛町",
        "district": "浅海山手",
        "name": "小田郡 矢掛町 浅海山手"
      },
      "geometry": {
        "type": "Polygon",
        "coordinates": [
          [
            [
              133.5545544165,
              34.6024872039
            ],
            [
              133.5540809568,
              34.6022271217
            ],
            [
              133.5531263432,
              34.6013827846
            ],
            [
              133.5524935708,
              34.6006083889
            ],
            [
              133.5519320445,
              34.5997127426
            ],
            [
              133.5520579248,
              34.5997135459
            ],
            [
              133.5522110405,
              34.5990978388
            ],
            [
              133.5524668648,
              34.5987652107
            ],
            [
              133.5526999321,
              34.5981607177
            ],
            [
              133.5533578107,
              34.5980605327
            ],
            [
              133.553400685,
              34.597984178
            ],
            [
              133.5531865995,
              34.5974605063
            ],
            [
              133.5540888838,
              34.5959862352
            ],
            [
              133.5542119736,
              34.5954368197
            ],
            [
              133.5544652435,
              34.5949195021
            ],
            [
              133.5555414546,
              34.5942159734
            ],
            [
              133.5561775857,
              34.5938958865
            ],
            [
              133.5562768056,
              34.5937040977
            ],
            [
              133.5565582114,
              34.5934837424
            ],
            [
              133.5572659539,
              34.5931733987
            ],
            [
              133.5582822397,
              34.5930389668
            ],
            [
              133.558993353,
              34.5930434613
            ],
            [
              133.5598955491,
              34.5928680086
            ],
            [
              133.5602806267,
              34.592883121
            ],
            [
              133.5607127573,
              34.5927008997
            ],
            [
              133.5610460933,
              34.592242385
            ],
            [
              133.5615415267,
              34.5920570389
            ],
            [
              133.5620423308,
              34.5915209777
            ],
            [
              133.5621770426,
              34.5910996629
            ],
            [
              133.562366842,
              34.5909563348
            ],
            [
              133.5630309412,
              34.5920664327
            ],
            [
              133.5632202392,
              34.5925771241
            ],
            [
              133.563519739,
              34.5941315941
            ],
            [
              133.5627146957,
              34.5960329407
            ],
            [
              133.5624143134,
              34.59642743
            ],
            [
              133.5617303459,
              34.5969562744
            ],
            [
              133.5594427413,
              34.5985590451
            ],
            [
              133.5591288398,
              34.5988292032
            ],
            [
              133.5588798029,
              34.5992134452
            ],
            [
              133.5584258374,
              34.5985421913
            ],
            [
              133.5575756915,
              34.5994522595
            ],
            [
              133.5563532042,
              34.5988181033
            ],
            [
              133.5559375155,
              34.5997002067
            ],
            [
              133.555333979,
              34.6013342928
            ],
            [
              133.5545544165,
              34.6024872039
            ]
          ]
        ]
      }
    },
    {
      "type": "Feature",
      "properties": {
        "key_code": "33461017001",
        "pref": "岡山県",
        "city": "小田郡",
        "ward": "矢掛町",
        "district": "江良片山，岡田",
        "name": "小田郡 矢掛町 江良片山，岡田"
      },
      "geometry": {
        "type": "Polygon",
        "coordinates": [
          [
            [
              133.5743971767,
              34.616799825
            ],
            [
              133.5712716827,
              34.6157174992
            ],
            [
              133.5741146762,
              34.610529348
            ],
            [
              133.5742027945,
              34.6095426207
            ],
            [
              133.5747647946,
              34.6082362656
            ],
            [
              133.5751802895,
              34.6078737361
            ],
            [
              133.5755118746,
              34.6078301516
            ],
            [
              133.576052166,
              34.6080481631
            ],
            [
              133.5761786006,
              34.6082331873
            ],
            [
              133.5761588526,
              34.6085692931
            ],
            [
              133.5761122981,
              34.6087900109
            ],
            [
              133.5759828504,
              34.6089366884
            ],
            [
              133.5774050707,
              34.6093691793
            ],
            [
              133.5826391106,
              34.6102673761
            ],
            [
              133.5838022719,
              34.6107829963
            ],
            [
              133.5832505977,
              34.6115417948
            ],
            [
              133.5832712937,
              34.6116370005
            ],
            [
              133.5814735904,
              34.6123385741
            ],
            [
              133.5807264771,
              34.6130305246
            ],
            [
              133.580337684,
              34.6136057906
            ],
            [
              133.57945584,
              34.6136975571
            ],
            [
              133.5785401528,
              34.6144318404
            ],
            [
              133.5770461628,
              34.6147081411
            ],
            [
              133.5766495547,
              34.6149957168
            ],
            [
              133.5762596437,
              34.6151082466
            ],
            [
              133.5762610555,
              34.6164731634
            ],
            [
              133.5751054324,
              34.6160338631
            ],
            [
              133.574795018,
              34.6161254701
            ],
            [
              133.5743971767,
              34.616799825
            ]
          ]
        ]
      }
    },
    {
      "type": "Feature",
      "properties": {
        "key_code": "33461017002",
        "pref": "岡山県",
        "city": "小田郡",
        "ward": "矢掛町",
        "district": "江良寺谷，奥山",
        "name": "小田郡 矢掛町 江良寺谷，奥山"
      },
      "geometry": {
        "type": "Polygon",
        "coordinates": [
          [
            [
              133.5755248123,
              34.6064062989
            ],
            [
              133.5758757878,
              34.6042270044
            ],
            [
              133.5766393481,
              34.6037368959
            ],
            [
              133.5763571027,
              34.6028232292
            ],
            [
              133.5764562215,
              34.6023106884
            ],
            [
              133.576285266,
              34.6014865836
            ],
            [
              133.5761167912,
              34.6009895717
            ],
            [
              133.575416875,
              34.599663262
            ],
            [
              133.5756409519,
              34.5977827557
            ],
            [
              133.575923551,
              34.5970244238
            ],
            [
              133.5775565151,
              34.5960337156
            ],
            [
              133.5780476815,
              34.5959227952
            ],
            [
              133.5789733412,
              34.5960614824
            ],
            [
              133.5793421514,
              34.5959371239
            ],
            [
              133.5797905057,
              34.5954837834
            ],
            [
              133.5800409978,
              34.594889911
            ],
            [
              133.5806929205,
              34.5939438304
            ],
            [
              133.5813242113,
              34.5935928913
            ],
            [
              133.581922892,
              34.5934574046
            ],
            [
              133.5823531978,
              34.5901471825
            ],
            [
              133.5832827424,
              34.5900568282
            ],
            [
              133.5836813258,
              34.5902546467
            ],
            [
              133.584161953,
              34.5900043304
            ],
            [
              133.5847381379,
              34.5898388323
            ],
            [
              133.5848347499,
              34.592554619
            ],
            [
              133.5851722799,
              34.592562039
            ],
            [
              133.5856146162,
              34.5926961673
            ],
            [
              133.5861136459,
              34.5931371496
            ],
            [
              133.586229448,
              34.5935100071
            ],
            [
              133.587042513,
              34.593635409
            ],
            [
              133.5869693172,
              34.5940482423
            ],
            [
              133.5871218169,
              34.5947552989
            ],
            [
              133.5878912879,
              34.5953183622
            ],
            [
              133.5886396149,
              34.5960182075
            ],
            [
              133.5891372793,
              34.5962537984
            ],
            [
              133.5893995104,
              34.5965400716
            ],
            [
              133.5894865932,
              34.5971646092
            ],
            [
              133.5905030557,
              34.5974936408
            ],
            [
              133.5895288384,
              34.5987275596
            ],
            [
              133.5894642973,
              34.598916059
            ],
            [
              133.589494455,
              34.5992392336
            ],
            [
              133.5899427493,
              34.6001889568
            ],
            [
              133.5904239186,
              34.6007967315
            ],
            [
              133.5891022863,
              34.6020148742
            ],
            [
              133.5890050679,
              34.6025233485
            ],
            [
              133.5882037914,
              34.602926256
            ],
            [
              133.5879766252,
              34.6031547543
            ],
            [
              133.5876535612,
              34.6037439641
            ],
            [
              133.586811112,
              34.6043108449
            ],
            [
              133.5865279735,
              34.6048728256
            ],
            [
              133.585497879,
              34.6060543787
            ],
            [
              133.5856314139,
              34.6063042303
            ],
            [
              133.5854828675,
              34.6066263068
            ],
            [
              133.5853569292,
              34.6073809527
            ],
            [
              133.5854115551,
              34.6079286564
            ],
            [
              133.5853574529,
              34.6084237191
            ],
            [
              133.5849485724,
              34.6093545358
            ],
            [
              133.5847074893,
              34.6096595659
            ],
            [
              133.5839875584,
              34.6102135186
            ],
            [
              133.5838665357,
              34.6104096955
            ],
            [
              133.5838022719,
              34.6107829963
            ],
            [
              133.5826391106,
              34.6102673761
            ],
            [
              133.5774050707,
              34.6093691793
            ],
            [
              133.5759828504,
              34.6089366884
            ],
            [
              133.5761122981,
              34.6087900109
            ],
            [
              133.5761786006,
              34.6082331873
            ],
            [
              133.5759748116,
              34.6079740164
            ],
            [
              133.5755118746,
              34.6078301516
            ],
            [
              133.5751802895,
              34.6078737361
            ],
            [
              133.5747647946,
              34.6082362656
            ],
            [
              133.5755248123,
              34.6064062989
            ]
          ]
        ]
      }
    },
    {
      "type": "Feature",
      "properties": {
        "key_code": "33461017003",
        "pref": "岡山県",
        "city": "小田郡",
        "ward": "矢掛町",
        "district": "江良郷",
        "name": "小田郡 矢掛町 江良郷"
      },
      "geometry": {
        "type": "Polygon",
        "coordinates": [
          [
            [
              133.5754405591,
              34.606717558
            ],
            [
              133.5741800401,
              34.6096185429
            ],
            [
              133.5741146762,
              34.610529348
            ],
            [
              133.5712716827,
              34.6157174992
            ],
            [
              133.5678106826,
              34.6144876184
            ],
            [
              133.5684965161,
              34.6129286717
            ],
            [
              133.569751611,
              34.61084111
            ],
            [
              133.570834183,
              34.6084614394
            ],
            [
              133.571075497,
              34.6083227897
            ],
            [
              133.5708818515,
              34.6078780195
            ],
            [
              133.570873153,
              34.6072826984
            ],
            [
              133.5710549203,
              34.6067060297
            ],
            [
              133.5710866115,
              34.6063326708
            ],
            [
              133.5703842242,
              34.6044023356
            ],
            [
              133.570092216,
              34.6039101859
            ],
            [
              133.5706483318,
              34.6033065543
            ],
            [
              133.5710241752,
              34.6031163426
            ],
            [
              133.5711152218,
              34.6024282423
            ],
            [
              133.5713327241,
              34.6017992473
            ],
            [
              133.5717598275,
              34.6014051025
            ],
            [
              133.5725400907,
              34.6009896302
            ],
            [
              133.572993031,
              34.6008522914
            ],
            [
              133.5732773951,
              34.6006323441
            ],
            [
              133.5733374824,
              34.6002359137
            ],
            [
              133.5731174677,
              34.5995925034
            ],
            [
              133.5740133025,
              34.5981097376
            ],
            [
              133.5739423691,
              34.5966033569
            ],
            [
              133.5736631337,
              34.595486852
            ],
            [
              133.5738497502,
              34.5951495233
            ],
            [
              133.5742056739,
              34.594813246
            ],
            [
              133.5747297982,
              34.5946180279
            ],
            [
              133.5754222719,
              34.5945289329
            ],
            [
              133.5758634546,
              34.5941348651
            ],
            [
              133.5762496572,
              34.5935767757
            ],
            [
              133.5763010996,
              34.5925733265
            ],
            [
              133.575668579,
              34.5907249837
            ],
            [
              133.5756435711,
              34.5903747913
            ],
            [
              133.5756466485,
              34.5900361826
            ],
            [
              133.5760415461,
              34.5891847371
            ],
            [
              133.5760710591,
              34.5894703031
            ],
            [
              133.5769532206,
              34.5894208336
            ],
            [
              133.577335221,
              34.5894919383
            ],
            [
              133.577450098,
              34.5896715418
            ],
            [
              133.5780978145,
              34.5901375687
            ],
            [
              133.578317446,
              34.5901951297
            ],
            [
              133.578661872,
              34.5901840168
            ],
            [
              133.5795210799,
              34.589904645
            ],
            [
              133.580259184,
              34.5899638513
            ],
            [
              133.5812054259,
              34.5897975508
            ],
            [
              133.5817047539,
              34.5899197919
            ],
            [
              133.5819893568,
              34.5900919821
            ],
            [
              133.5823531978,
              34.5901471825
            ],
            [
              133.581922892,
              34.5934574046
            ],
            [
              133.5813242113,
              34.5935928913
            ],
            [
              133.5806929205,
              34.5939438304
            ],
            [
              133.5800409978,
              34.594889911
            ],
            [
              133.5797905057,
              34.5954837834
            ],
            [
              133.5793421514,
              34.5959371239
            ],
            [
              133.5789733412,
              34.5960614824
            ],
            [
              133.5780476815,
              34.5959227952
            ],
            [
              133.5775565151,
              34.5960337156
            ],
            [
              133.575923551,
              34.5970244238
            ],
            [
              133.5756409519,
              34.5977827557
            ],
            [
              133.575416875,
              34.599663262
            ],
            [
              133.5761167912,
              34.6009895717
            ],
            [
              133.576285266,
              34.6014865836
            ],
            [
              133.5764562215,
              34.6023106884
            ],
            [
              133.5763571027,
              34.6028232292
            ],
            [
              133.5766393481,
              34.6037368959
            ],
            [
              133.5758757878,
              34.6042270044
            ],
            [
              133.5754405591,
              34.606717558
            ]
          ]
        ]
      }
    },
    {
      "type": "Feature",
      "properties": {
        "key_code": "33461017004",
        "pref": "岡山県",
        "city": "小田郡",
        "ward": "矢掛町",
        "district": "江良山の神，八池",
        "name": "小田郡 矢掛町 江良山の神，八池"
      },
      "geometry": {
        "type": "Polygon",
        "coordinates": [
          [
            [
              133.5678106826,
              34.6144876184
            ],
            [
              133.5645506877,
              34.6132629887
            ],
            [
              133.563832372,
              34.6128756233
            ],
            [
              133.5638184695,
              34.612618612
            ],
            [
              133.5641631761,
              34.6120226983
            ],
            [
              133.5632258507,
              34.6117193116
            ],
            [
              133.563526013,
              34.6110859301
            ],
            [
              133.5620532465,
              34.6103467255
            ],
            [
              133.561095322,
              34.6095290561
            ],
            [
              133.562726102,
              34.6065483459
            ],
            [
              133.5628099227,
              34.606603527
            ],
            [
              133.5629618539,
              34.6065240534
            ],
            [
              133.5634410898,
              34.6060895639
            ],
            [
              133.566224434,
              34.6052318952
            ],
            [
              133.5671464649,
              34.604782419
            ],
            [
              133.5687270662,
              34.6043546613
            ],
            [
              133.5688383385,
              34.6039982802
            ],
            [
              133.5691749552,
              34.6037950124
            ],
            [
              133.569822549,
              34.6038346932
            ],
            [
              133.570092216,
              34.6039101859
            ],
            [
              133.5703842242,
              34.6044023356
            ],
            [
              133.5710866115,
              34.6063326708
            ],
            [
              133.5710549203,
              34.6067060297
            ],
            [
              133.570873153,
              34.6072826984
            ],
            [
              133.5708818515,
              34.6078780195
            ],
            [
              133.571075497,
              34.6083227897
            ],
            [
              133.570834183,
              34.6084614394
            ],
            [
              133.569751611,
              34.61084111
            ],
            [
              133.5684965161,
              34.6129286717
            ],
            [
              133.5678106826,
              34.6144876184
            ]
          ]
        ]
      }
    },
    {
      "type": "Feature",
      "properties": {
        "key_code": "33461018001",
        "pref": "岡山県",
        "city": "小田郡",
        "ward": "矢掛町",
        "district": "小田山の上",
        "name": "小田郡 矢掛町 小田山の上"
      },
      "geometry": {
        "type": "Polygon",
        "coordinates": [
          [
            [
              133.5331884573,
              34.629927139
            ],
            [
              133.5300792476,
              34.6306997888
            ],
            [
              133.5289700069,
              34.6312573373
            ],
            [
              133.5277345182,
              34.6314138675
            ],
            [
              133.5271838739,
              34.6317075896
            ],
            [
              133.5264962268,
              34.6324393172
            ],
            [
              133.5260570894,
              34.6325330469
            ],
            [
              133.5256395815,
              34.6324173228
            ],
            [
              133.5249593496,
              34.631786717
            ],
            [
              133.5241216246,
              34.6315897512
            ],
            [
              133.5238225953,
              34.631085193
            ],
            [
              133.5236908978,
              34.6304860996
            ],
            [
              133.5231205702,
              34.6303327327
            ],
            [
              133.5226934274,
              34.6303417342
            ],
            [
              133.5222680716,
              34.6301763648
            ],
            [
              133.5212673823,
              34.6303380528
            ],
            [
              133.5193457755,
              34.6301878087
            ],
            [
              133.5190166524,
              34.6298020641
            ],
            [
              133.5186501092,
              34.6295576317
            ],
            [
              133.5190458332,
              34.6290748707
            ],
            [
              133.5192668862,
              34.6286443316
            ],
            [
              133.5198670279,
              34.6268853547
            ],
            [
              133.5200322976,
              34.6267043252
            ],
            [
              133.5209673535,
              34.6266899713
            ],
            [
              133.5211532324,
              34.6265795047
            ],
            [
              133.5217682898,
              34.6254788428
            ],
            [
              133.5220063502,
              34.6247604997
            ],
            [
              133.5222439795,
              34.6244447236
            ],
            [
              133.5233100046,
              34.6237524308
            ],
            [
              133.5235625403,
              34.6233663232
            ],
            [
              133.5245041404,
              34.6230435112
            ],
            [
              133.5245700035,
              34.6228499865
            ],
            [
              133.5247202323,
              34.6227509707
            ],
            [
              133.5267603343,
              34.6215688453
            ],
            [
              133.5271673967,
              34.6215344844
            ],
            [
              133.5293630195,
              34.6222046265
            ],
            [
              133.5306641675,
              34.6227877291
            ],
            [
              133.531865049,
              34.6235573595
            ],
            [
              133.5330007898,
              34.624716021
            ],
            [
              133.5341568773,
              34.6266083886
            ],
            [
              133.534252653,
              34.6270873646
            ],
            [
              133.5332555055,
              34.6288991739
            ],
            [
              133.5331884573,
              34.629927139
            ]
          ]
        ]
      }
    },
    {
      "type": "Feature",
      "properties": {
        "key_code": "33461018002",
        "pref": "岡山県",
        "city": "小田郡",
        "ward": "矢掛町",
        "district": "小田日置谷第１，第２",
        "name": "小田郡 矢掛町 小田日置谷第１，第２"
      },
      "geometry": {
        "type": "Polygon",
        "coordinates": [
          [
            [
              133.5447788504,
              34.6315980525
            ],
            [
              133.5441963829,
              34.6314616076
            ],
            [
              133.543579215,
              34.6308154499
            ],
            [
              133.5425537506,
              34.6303032838
            ],
            [
              133.5418477371,
              34.6297104926
            ],
            [
              133.5415561555,
              34.6295587323
            ],
            [
              133.5399998595,
              34.6291122695
            ],
            [
              133.5387697354,
              34.6288544036
            ],
            [
              133.5383525971,
              34.6286282919
            ],
            [
              133.5372495495,
              34.6278149905
            ],
            [
              133.5369900022,
              34.6275222911
            ],
            [
              133.5365503269,
              34.6267849994
            ],
            [
              133.5361931825,
              34.626684073
            ],
            [
              133.538714513,
              34.6251200576
            ],
            [
              133.5395199904,
              34.6257392828
            ],
            [
              133.5404421246,
              34.6254445317
            ],
            [
              133.5407611815,
              34.6254650514
            ],
            [
              133.54096267,
              34.6253500089
            ],
            [
              133.541303031,
              34.6255225088
            ],
            [
              133.5435005366,
              34.6239961578
            ],
            [
              133.5465922911,
              34.6211518792
            ],
            [
              133.5477071016,
              34.6200306289
            ],
            [
              133.548360888,
              34.6195705509
            ],
            [
              133.5487919065,
              34.6196327551
            ],
            [
              133.5494990169,
              34.6193990898
            ],
            [
              133.550859287,
              34.6220556335
            ],
            [
              133.5512915636,
              34.6221214986
            ],
            [
              133.5517987792,
              34.6223457416
            ],
            [
              133.5520513528,
              34.6225683586
            ],
            [
              133.5522388212,
              34.6229378976
            ],
            [
              133.5523297378,
              34.6234279583
            ],
            [
              133.552278552,
              34.6248169111
            ],
            [
              133.5529102115,
              34.6253471826
            ],
            [
              133.553140647,
              34.6260518128
            ],
            [
              133.5525230879,
              34.6266803282
            ],
            [
              133.5511455735,
              34.627255814
            ],
            [
              133.5506048313,
              34.6273870184
            ],
            [
              133.5488898188,
              34.6284851567
            ],
            [
              133.5479856234,
              34.6294156489
            ],
            [
              133.5476399429,
              34.6303187309
            ],
            [
              133.5460685943,
              34.631216041
            ],
            [
              133.5447788504,
              34.6315980525
            ]
          ]
        ]
      }
    },
    {
      "type": "Feature",
      "properties": {
        "key_code": "33461018003",
        "pref": "岡山県",
        "city": "小田郡",
        "ward": "矢掛町",
        "district": "小田亀麓",
        "name": "小田郡 矢掛町 小田亀麓"
      },
      "geometry": {
        "type": "Polygon",
        "coordinates": [
          [
            [
              133.548360888,
              34.6195705509
            ],
            [
              133.5477071016,
              34.6200306289
            ],
            [
              133.5465922911,
              34.6211518792
            ],
            [
              133.5435005366,
              34.6239961578
            ],
            [
              133.541303031,
              34.6255225088
            ],
            [
              133.54096267,
              34.6253500089
            ],
            [
              133.5407611815,
              34.6254650514
            ],
            [
              133.5404421246,
              34.6254445317
            ],
            [
              133.5395199904,
              34.6257392828
            ],
            [
              133.538714513,
              34.6251200576
            ],
            [
              133.5389782963,
              34.6249055554
            ],
            [
              133.5401488014,
              34.6232570899
            ],
            [
              133.5409732584,
              34.6224702501
            ],
            [
              133.5410995366,
              34.6224061327
            ],
            [
              133.5414447958,
              34.6224473848
            ],
            [
              133.5413823728,
              34.6193055746
            ],
            [
              133.5418291135,
              34.6190032234
            ],
            [
              133.5425585338,
              34.6182870236
            ],
            [
              133.5431945642,
              34.6183171904
            ],
            [
              133.5429325808,
              34.6179858888
            ],
            [
              133.5432815876,
              34.6180433591
            ],
            [
              133.54559073,
              34.6162090483
            ],
            [
              133.5457399697,
              34.6166256838
            ],
            [
              133.5461982404,
              34.617174038
            ],
            [
              133.547079873,
              34.617809767
            ],
            [
              133.5475927261,
              34.6180825228
            ],
            [
              133.5475140292,
              34.6183241545
            ],
            [
              133.547613239,
              34.6186089032
            ],
            [
              133.548360888,
              34.6195705509
            ]
          ]
        ]
      }
    },
    {
      "type": "Feature",
      "properties": {
        "key_code": "33461018004",
        "pref": "岡山県",
        "city": "小田郡",
        "ward": "矢掛町",
        "district": "小田八幡谷第１，第２",
        "name": "小田郡 矢掛町 小田八幡谷第１，第２"
      },
      "geometry": {
        "type": "Polygon",
        "coordinates": [
          [
            [
              133.5361931825,
              34.626684073
            ],
            [
              133.5356184245,
              34.6265215816
            ],
            [
              133.534252653,
              34.6270873646
            ],
            [
              133.5341568773,
              34.6266083886
            ],
            [
              133.5330007898,
              34.624716021
            ],
            [
              133.531865049,
              34.6235573595
            ],
            [
              133.5312267111,
              34.6231793406
            ],
            [
              133.5321750377,
              34.6231107606
            ],
            [
              133.5322098097,
              34.6229943587
            ],
            [
              133.5323882814,
              34.6229077734
            ],
            [
              133.5328539078,
              34.6221963943
            ],
            [
              133.5330317944,
              34.6216203264
            ],
            [
              133.5338939326,
              34.6209511179
            ],
            [
              133.5343142221,
              34.6207362403
            ],
            [
              133.5346185005,
              34.6203049512
            ],
            [
              133.5352346388,
              34.6201626213
            ],
            [
              133.5357700484,
              34.6197138172
            ],
            [
              133.5363957357,
              34.6187775199
            ],
            [
              133.5371870498,
              34.6184986992
            ],
            [
              133.5387122919,
              34.618542982
            ],
            [
              133.5395067415,
              34.6184257318
            ],
            [
              133.5400571604,
              34.618490856
            ],
            [
              133.5414834927,
              34.618275142
            ],
            [
              133.5417792733,
              34.618034496
            ],
            [
              133.5420852798,
              34.6176048833
            ],
            [
              133.5422761089,
              34.6167885718
            ],
            [
              133.5425122088,
              34.6163811849
            ],
            [
              133.5426973794,
              34.6162594108
            ],
            [
              133.5433386273,
              34.6160970571
            ],
            [
              133.5436657937,
              34.6161390318
            ],
            [
              133.5442309684,
              34.6165428573
            ],
            [
              133.5446874204,
              34.6169402046
            ],
            [
              133.5432815876,
              34.6180433591
            ],
            [
              133.5429325808,
              34.6179858888
            ],
            [
              133.5431945642,
              34.6183171904
            ],
            [
              133.5425585338,
              34.6182870236
            ],
            [
              133.5418291135,
              34.6190032234
            ],
            [
              133.5413823728,
              34.6193055746
            ],
            [
              133.5414447958,
              34.6224473848
            ],
            [
              133.5410995366,
              34.6224061327
            ],
            [
              133.5409732584,
              34.6224702501
            ],
            [
              133.5401488014,
              34.6232570899
            ],
            [
              133.5389782963,
              34.6249055554
            ],
            [
              133.538714513,
              34.6251200576
            ],
            [
              133.5361931825,
              34.626684073
            ]
          ]
        ]
      }
    },
    {
      "type": "Feature",
      "properties": {
        "key_code": "33461018005",
        "pref": "岡山県",
        "city": "小田郡",
        "ward": "矢掛町",
        "district": "小田八幡谷第３，第４",
        "name": "小田郡 矢掛町 小田八幡谷第３，第４"
      },
      "geometry": {
        "type": "Polygon",
        "coordinates": [
          [
            [
              133.5312267111,
              34.6231793406
            ],
            [
              133.5306641675,
              34.6227877291
            ],
            [
              133.5293630195,
              34.6222046265
            ],
            [
              133.5275082148,
              34.6215930733
            ],
            [
              133.5267603343,
              34.6215688453
            ],
            [
              133.5271862409,
              34.6214184007
            ],
            [
              133.5273841899,
              34.6210358695
            ],
            [
              133.5274395866,
              34.6205406992
            ],
            [
              133.527612146,
              34.6201578587
            ],
            [
              133.5274780912,
              34.6196160819
            ],
            [
              133.5276693382,
              34.619045035
            ],
            [
              133.5279176113,
              34.6186907222
            ],
            [
              133.5288778386,
              34.6180548682
            ],
            [
              133.5289115029,
              34.6178770447
            ],
            [
              133.5288280886,
              34.6175780172
            ],
            [
              133.529564869,
              34.6164088058
            ],
            [
              133.5300499234,
              34.6160140667
            ],
            [
              133.5312553465,
              34.6162035415
            ],
            [
              133.5317536324,
              34.6161858194
            ],
            [
              133.5323825288,
              34.6157501779
            ],
            [
              133.5323654379,
              34.615560752
            ],
            [
              133.5356799737,
              34.6143229838
            ],
            [
              133.5365957405,
              34.6147534985
            ],
            [
              133.5374148414,
              34.6152626805
            ],
            [
              133.5393444869,
              34.6167939562
            ],
            [
              133.539752545,
              34.617207206
            ],
            [
              133.5405237585,
              34.6174174366
            ],
            [
              133.5420852798,
              34.6176048833
            ],
            [
              133.5417792733,
              34.618034496
            ],
            [
              133.5414834927,
              34.618275142
            ],
            [
              133.5400571604,
              34.618490856
            ],
            [
              133.5395067415,
              34.6184257318
            ],
            [
              133.5387122919,
              34.618542982
            ],
            [
              133.5371870498,
              34.6184986992
            ],
            [
              133.5363957357,
              34.6187775199
            ],
            [
              133.5357700484,
              34.6197138172
            ],
            [
              133.5352346388,
              34.6201626213
            ],
            [
              133.5346185005,
              34.6203049512
            ],
            [
              133.5343142221,
              34.6207362403
            ],
            [
              133.5338939326,
              34.6209511179
            ],
            [
              133.5330317944,
              34.6216203264
            ],
            [
              133.5328539078,
              34.6221963943
            ],
            [
              133.5323882814,
              34.6229077734
            ],
            [
              133.5322098097,
              34.6229943587
            ],
            [
              133.5321750377,
              34.6231107606
            ],
            [
              133.5312267111,
              34.6231793406
            ]
          ]
        ]
      }
    },
    {
      "type": "Feature",
      "properties": {
        "key_code": "33461018006",
        "pref": "岡山県",
        "city": "小田郡",
        "ward": "矢掛町",
        "district": "小田熊林田",
        "name": "小田郡 矢掛町 小田熊林田"
      },
      "geometry": {
        "type": "Polygon",
        "coordinates": [
          [
            [
              133.5475927261,
              34.6180825228
            ],
            [
              133.547079873,
              34.617809767
            ],
            [
              133.5461982404,
              34.617174038
            ],
            [
              133.5457399697,
              34.6166256838
            ],
            [
              133.54559073,
              34.6162090483
            ],
            [
              133.5446874204,
              34.6169402046
            ],
            [
              133.5436657937,
              34.6161390318
            ],
            [
              133.5433386273,
              34.6160970571
            ],
            [
              133.5426973794,
              34.6162594108
            ],
            [
              133.5425122088,
              34.6163811849
            ],
            [
              133.5422761089,
              34.6167885718
            ],
            [
              133.5420852798,
              34.6176048833
            ],
            [
              133.5409125775,
              34.6174806644
            ],
            [
              133.5398536452,
              34.617254486
            ],
            [
              133.5374148414,
              34.6152626805
            ],
            [
              133.5365957405,
              34.6147534985
            ],
            [
              133.5356799737,
              34.6143229838
            ],
            [
              133.5384984069,
              34.613492083
            ],
            [
              133.5386348313,
              34.6133809858
            ],
            [
              133.5387967601,
              34.6129715746
            ],
            [
              133.5390819082,
              34.6126653667
            ],
            [
              133.5398955371,
              34.6125586612
            ],
            [
              133.5419332656,
              34.6125112862
            ],
            [
              133.5422167205,
              34.6123731045
            ],
            [
              133.5426152513,
              34.6120117003
            ],
            [
              133.5433150964,
              34.6108125844
            ],
            [
              133.5450779271,
              34.6105530804
            ],
            [
              133.5454035459,
              34.6102785317
            ],
            [
              133.5453466805,
              34.6099496844
            ],
            [
              133.5460233515,
              34.6098820613
            ],
            [
              133.5463119829,
              34.6101957772
            ],
            [
              133.5466831741,
              34.6101919658
            ],
            [
              133.5469092883,
              34.6112009771
            ],
            [
              133.5472980984,
              34.6114343415
            ],
            [
              133.5480788267,
              34.6115713388
            ],
            [
              133.5492024905,
              34.6125813199
            ],
            [
              133.549382411,
              34.6130070215
            ],
            [
              133.5493335072,
              34.6132160239
            ],
            [
              133.5489537261,
              34.6135248887
            ],
            [
              133.5488810007,
              34.6137213427
            ],
            [
              133.5494772613,
              34.6148886562
            ],
            [
              133.5493241718,
              34.6153781463
            ],
            [
              133.5486195156,
              34.6162421662
            ],
            [
              133.5486216813,
              34.6175238544
            ],
            [
              133.5477858038,
              34.6178627541
            ],
            [
              133.5475927261,
              34.6180825228
            ]
          ]
        ]
      }
    },
    {
      "type": "Feature",
      "properties": {
        "key_code": "33461018007",
        "pref": "岡山県",
        "city": "小田郡",
        "ward": "矢掛町",
        "district": "小田中小田東，中小田中",
        "name": "小田郡 矢掛町 小田中小田東，中小田中"
      },
      "geometry": {
        "type": "Polygon",
        "coordinates": [
          [
            [
              133.5356799737,
              34.6143229838
            ],
            [
              133.5323654379,
              34.615560752
            ],
            [
              133.5323609179,
              34.6153661959
            ],
            [
              133.5312351151,
              34.6148004576
            ],
            [
              133.5310308064,
              34.6145374034
            ],
            [
              133.5309328807,
              34.6141878549
            ],
            [
              133.5304896451,
              34.613745187
            ],
            [
              133.5304838326,
              34.6134730102
            ],
            [
              133.5308557385,
              34.6125470504
            ],
            [
              133.5315988395,
              34.6120946937
            ],
            [
              133.5317839347,
              34.611635861
            ],
            [
              133.5324726232,
              34.6116940369
            ],
            [
              133.5332853883,
              34.6116235695
            ],
            [
              133.5347030944,
              34.6111674321
            ],
            [
              133.5361648179,
              34.6112295017
            ],
            [
              133.5373112689,
              34.6110949789
            ],
            [
              133.5379269432,
              34.6107524708
            ],
            [
              133.5386974803,
              34.610034311
            ],
            [
              133.5397491987,
              34.6096296887
            ],
            [
              133.5416533902,
              34.6091221133
            ],
            [
              133.5424300872,
              34.608809359
            ],
            [
              133.5425218882,
              34.6090550454
            ],
            [
              133.5451355643,
              34.6083742354
            ],
            [
              133.5465333975,
              34.6087574896
            ],
            [
              133.5465716897,
              34.6097737456
            ],
            [
              133.5466831741,
              34.6101919658
            ],
            [
              133.5463119829,
              34.6101957772
            ],
            [
              133.5460233515,
              34.6098820613
            ],
            [
              133.5453466805,
              34.6099496844
            ],
            [
              133.5454035459,
              34.6102785317
            ],
            [
              133.5450779271,
              34.6105530804
            ],
            [
              133.5433150964,
              34.6108125844
            ],
            [
              133.5426152513,
              34.6120117003
            ],
            [
              133.5422167205,
              34.6123731045
            ],
            [
              133.5419332656,
              34.6125112862
            ],
            [
              133.5398955371,
              34.6125586612
            ],
            [
              133.5390819082,
              34.6126653667
            ],
            [
              133.5387967601,
              34.6129715746
            ],
            [
              133.5386348313,
              34.6133809858
            ],
            [
              133.5384984069,
              34.613492083
            ],
            [
              133.5356799737,
              34.6143229838
            ]
          ]
        ]
      }
    },
    {
      "type": "Feature",
      "properties": {
        "key_code": "33461018008",
        "pref": "岡山県",
        "city": "小田郡",
        "ward": "矢掛町",
        "district": "小田中小田西",
        "name": "小田郡 矢掛町 小田中小田西"
      },
      "geometry": {
        "type": "Polygon",
        "coordinates": [
          [
            [
              133.5424300872,
              34.608809359
            ],
            [
              133.5416533902,
              34.6091221133
            ],
            [
              133.5397491987,
              34.6096296887
            ],
            [
              133.5386974803,
              34.610034311
            ],
            [
              133.5376314063,
              34.6109515545
            ],
            [
              133.5369790861,
              34.6111794458
            ],
            [
              133.5361648179,
              34.6112295017
            ],
            [
              133.5347030944,
              34.6111674321
            ],
            [
              133.5332853883,
              34.6116235695
            ],
            [
              133.5324726232,
              34.6116940369
            ],
            [
              133.5317839347,
              34.611635861
            ],
            [
              133.5318581917,
              34.6114614018
            ],
            [
              133.531817753,
              34.6112726685
            ],
            [
              133.5315347362,
              34.6108589462
            ],
            [
              133.5312785646,
              34.6102849627
            ],
            [
              133.531587656,
              34.6093063336
            ],
            [
              133.5319745112,
              34.6085761235
            ],
            [
              133.5320189737,
              34.6083459707
            ],
            [
              133.531937125,
              34.6079456793
            ],
            [
              133.5330265898,
              34.6075846034
            ],
            [
              133.5342234608,
              34.6068679876
            ],
            [
              133.5364211251,
              34.6050083377
            ],
            [
              133.5390240523,
              34.6050454019
            ],
            [
              133.5408746976,
              34.6048552671
            ],
            [
              133.540528597,
              34.6056366204
            ],
            [
              133.5405743005,
              34.6059544105
            ],
            [
              133.5416448583,
              34.6065650592
            ],
            [
              133.5418614406,
              34.6071165112
            ],
            [
              133.5430700932,
              34.6068559868
            ],
            [
              133.5434371109,
              34.607795345
            ],
            [
              133.5421858536,
              34.6079840417
            ],
            [
              133.5424300872,
              34.608809359
            ]
          ],
          [
            [
              133.5390189407,
              34.6051259397
            ],
            [
              133.5386115899,
              34.6053066922
            ],
            [
              133.5387650762,
              34.6056564538
            ],
            [
              133.5386239403,
              34.6057092042
            ],
            [
              133.5386598422,
              34.6059195979
            ],
            [
              133.5388911371,
              34.6060508306
            ],
            [
              133.5392270292,
              34.6059948354
            ],
            [
              133.5390189407,
              34.6051259397
            ]
          ]
        ]
      }
    },
    {
      "type": "Feature",
      "properties": {
        "key_code": "33461018009",
        "pref": "岡山県",
        "city": "小田郡",
        "ward": "矢掛町",
        "district": "小田有木谷",
        "name": "小田郡 矢掛町 小田有木谷"
      },
      "geometry": {
        "type": "Polygon",
        "coordinates": [
          [
            [
              133.5352222006,
              34.6021409291
            ],
            [
              133.5346174696,
              34.6065344704
            ],
            [
              133.5342234608,
              34.6068679876
            ],
            [
              133.5330265898,
              34.6075846034
            ],
            [
              133.531937125,
              34.6079456793
            ],
            [
              133.5319060431,
              34.6077939126
            ],
            [
              133.5316425851,
              34.6075444181
            ],
            [
              133.530383881,
              34.6067614501
            ],
            [
              133.5301183378,
              34.6062781154
            ],
            [
              133.5299174025,
              34.6061093161
            ],
            [
              133.5290074475,
              34.6059288193
            ],
            [
              133.5285876242,
              34.6056957576
            ],
            [
              133.5283622537,
              34.6054290403
            ],
            [
              133.5276612559,
              34.6050370707
            ],
            [
              133.5280070617,
              34.6037516216
            ],
            [
              133.5275913952,
              34.6032395447
            ],
            [
              133.5275702232,
              34.6021950798
            ],
            [
              133.5279166562,
              34.6018492969
            ],
            [
              133.5290847162,
              34.6014486249
            ],
            [
              133.5300849512,
              34.6005012955
            ],
            [
              133.5299014457,
              34.6000363848
            ],
            [
              133.5299158522,
              34.599619397
            ],
            [
              133.5306361166,
              34.599510307
            ],
            [
              133.5315964922,
              34.5992143158
            ],
            [
              133.5338366944,
              34.5987394803
            ],
            [
              133.5343124048,
              34.5988445672
            ],
            [
              133.5344674976,
              34.5989612239
            ],
            [
              133.5347990919,
              34.5995206236
            ],
            [
              133.5351364819,
              34.600338395
            ],
            [
              133.5354295031,
              34.6006393486
            ],
            [
              133.5358128711,
              34.6007381944
            ],
            [
              133.5355970188,
              34.6015951807
            ],
            [
              133.5352222006,
              34.6021409291
            ]
          ]
        ]
      }
    },
    {
      "type": "Feature",
      "properties": {
        "key_code": "33461018010",
        "pref": "岡山県",
        "city": "小田郡",
        "ward": "矢掛町",
        "district": "小田岩屋山，黒住",
        "name": "小田郡 矢掛町 小田岩屋山，黒住"
      },
      "geometry": {
        "type": "Polygon",
        "coordinates": [
          [
            [
              133.5390241906,
              34.6050419616
            ],
            [
              133.5364211251,
              34.6050083377
            ],
            [
              133.5346174696,
              34.6065344704
            ],
            [
              133.5352222006,
              34.6021409291
            ],
            [
              133.5355970188,
              34.6015951807
            ],
            [
              133.5358128711,
              34.6007381944
            ],
            [
              133.5364459271,
              34.6009313504
            ],
            [
              133.5369032046,
              34.601247033
            ],
            [
              133.5375095967,
              34.6014412767
            ],
            [
              133.5395591725,
              34.6018023671
            ],
            [
              133.5391188,
              34.6025907136
            ],
            [
              133.5390654611,
              34.6036483731
            ],
            [
              133.5384833283,
              34.6033202224
            ],
            [
              133.5383507789,
              34.6035072595
            ],
            [
              133.5384700411,
              34.6040453566
            ],
            [
              133.5384132104,
              34.6043192526
            ],
            [
              133.5385193475,
              34.6045612426
            ],
            [
              133.5385273698,
              34.6048909403
            ],
            [
              133.5390241906,
              34.6050419616
            ]
          ]
        ]
      }
    },
    {
      "type": "Feature",
      "properties": {
        "key_code": "33461018011",
        "pref": "岡山県",
        "city": "小田郡",
        "ward": "矢掛町",
        "district": "小田中小田",
        "name": "小田郡 矢掛町 小田中小田"
      },
      "geometry": {
        "type": "Polygon",
        "coordinates": [
          [
            [
              133.5390189407,
              34.6051259397
            ],
            [
              133.5392270292,
              34.6059948354
            ],
            [
              133.5388911371,
              34.6060508306
            ],
            [
              133.5386598422,
              34.6059195979
            ],
            [
              133.5386239403,
              34.6057092042
            ],
            [
              133.5387650762,
              34.6056564538
            ],
            [
              133.5386115899,
              34.6053066922
            ],
            [
              133.5390189407,
              34.6051259397
            ]
          ]
        ]
      }
    },
    {
      "type": "Feature",
      "properties": {
        "key_code": "33461018012",
        "pref": "岡山県",
        "city": "小田郡",
        "ward": "矢掛町",
        "district": "小田上明神，下明神",
        "name": "小田郡 矢掛町 小田上明神，下明神"
      },
      "geometry": {
        "type": "Polygon",
        "coordinates": [
          [
            [
              133.5390654611,
              34.6036483731
            ],
            [
              133.5391188,
              34.6025907136
            ],
            [
              133.5394574055,
              34.602820961
            ],
            [
              133.5392227122,
              34.6030386146
            ],
            [
              133.5410438461,
              34.604067837
            ],
            [
              133.5407324574,
              34.6043968383
            ],
            [
              133.5410341481,
              34.6045240145
            ],
            [
              133.5409702087,
              34.6047002373
            ],
            [
              133.5408746976,
              34.6048552671
            ],
            [
              133.5390326147,
              34.6050445223
            ],
            [
              133.5385273698,
              34.6048909403
            ],
            [
              133.5385193475,
              34.6045612426
            ],
            [
              133.5384132104,
              34.6043192526
            ],
            [
              133.5384700411,
              34.6040453566
            ],
            [
              133.5383654308,
              34.6037268987
            ],
            [
              133.5383809454,
              34.6034375706
            ],
            [
              133.5384833283,
              34.6033202224
            ],
            [
              133.5390654611,
              34.6036483731
            ]
          ]
        ]
      }
    },
    {
      "type": "Feature",
      "properties": {
        "key_code": "33461018013",
        "pref": "岡山県",
        "city": "小田郡",
        "ward": "矢掛町",
        "district": "小田小田，西元町，東元町",
        "name": "小田郡 矢掛町 小田小田，西元町，東元町"
      },
      "geometry": {
        "type": "Polygon",
        "coordinates": [
          [
            [
              133.541701631,
              34.6033104733
            ],
            [
              133.5410438461,
              34.604067837
            ],
            [
              133.5392227122,
              34.6030386146
            ],
            [
              133.5394574055,
              34.602820961
            ],
            [
              133.5391188,
              34.6025907136
            ],
            [
              133.5395591725,
              34.6018023671
            ],
            [
              133.5396430544,
              34.6018220678
            ],
            [
              133.5405107889,
              34.6021947694
            ],
            [
              133.5407545221,
              34.6024953915
            ],
            [
              133.541701631,
              34.6033104733
            ]
          ]
        ]
      }
    },
    {
      "type": "Feature",
      "properties": {
        "key_code": "33461018014",
        "pref": "岡山県",
        "city": "小田郡",
        "ward": "矢掛町",
        "district": "小田東町，大正町",
        "name": "小田郡 矢掛町 小田東町，大正町"
      },
      "geometry": {
        "type": "Polygon",
        "coordinates": [
          [
            [
              133.5430700932,
              34.6068559868
            ],
            [
              133.5418614406,
              34.6071165112
            ],
            [
              133.5416448583,
              34.6065650592
            ],
            [
              133.5412041028,
              34.6062714759
            ],
            [
              133.5407730201,
              34.6060988095
            ],
            [
              133.5405370348,
              34.6058871206
            ],
            [
              133.5405565758,
              34.6055428489
            ],
            [
              133.5410341481,
              34.6045240145
            ],
            [
              133.5407324574,
              34.6043968383
            ],
            [
              133.541701631,
              34.6033104733
            ],
            [
              133.5423632349,
              34.6036136519
            ],
            [
              133.5428720565,
              34.6036984964
            ],
            [
              133.5440303713,
              34.6035759596
            ],
            [
              133.5438224605,
              34.6047003581
            ],
            [
              133.5436594974,
              34.604989757
            ],
            [
              133.5435847451,
              34.6053460684
            ],
            [
              133.5428982975,
              34.6064855467
            ],
            [
              133.5430700932,
              34.6068559868
            ]
          ]
        ]
      }
    },
    {
      "type": "Feature",
      "properties": {
        "key_code": "33461018015",
        "pref": "岡山県",
        "city": "小田郡",
        "ward": "矢掛町",
        "district": "小田寺迫第１",
        "name": "小田郡 矢掛町 小田寺迫第１"
      },
      "geometry": {
        "type": "Polygon",
        "coordinates": [
          [
            [
              133.5465333975,
              34.6087574896
            ],
            [
              133.5451355643,
              34.6083742354
            ],
            [
              133.5425218882,
              34.6090550454
            ],
            [
              133.5421858536,
              34.6079840417
            ],
            [
              133.5434371109,
              34.607795345
            ],
            [
              133.5428982975,
              34.6064855467
            ],
            [
              133.5435847451,
              34.6053460684
            ],
            [
              133.5436594974,
              34.604989757
            ],
            [
              133.5438224605,
              34.6047003581
            ],
            [
              133.5440303713,
              34.6035759596
            ],
            [
              133.5447983199,
              34.6033982168
            ],
            [
              133.5466684741,
              34.6026601783
            ],
            [
              133.547294421,
              34.6035492151
            ],
            [
              133.5477250778,
              34.6039662453
            ],
            [
              133.5483859453,
              34.6043689737
            ],
            [
              133.5481299165,
              34.6051544476
            ],
            [
              133.5481535711,
              34.6053020782
            ],
            [
              133.5484279081,
              34.6055769616
            ],
            [
              133.5480756127,
              34.6058019067
            ],
            [
              133.5479648805,
              34.6059916365
            ],
            [
              133.5479807782,
              34.6067282862
            ],
            [
              133.5465333975,
              34.6087574896
            ]
          ]
        ]
      }
    },
    {
      "type": "Feature",
      "properties": {
        "key_code": "33461018016",
        "pref": "岡山県",
        "city": "小田郡",
        "ward": "矢掛町",
        "district": "小田寺迫第２",
        "name": "小田郡 矢掛町 小田寺迫第２"
      },
      "geometry": {
        "type": "Polygon",
        "coordinates": [
          [
            [
              133.5483859453,
              34.6043689737
            ],
            [
              133.5477250778,
              34.6039662453
            ],
            [
              133.547294421,
              34.6035492151
            ],
            [
              133.5466684741,
              34.6026601783
            ],
            [
              133.5484889591,
              34.6016481007
            ],
            [
              133.5493875996,
              34.6004848673
            ],
            [
              133.5498357626,
              34.6000255768
            ],
            [
              133.5506277115,
              34.5997179341
            ],
            [
              133.5519047051,
              34.5997125681
            ],
            [
              133.5514599329,
              34.6005205164
            ],
            [
              133.5512820459,
              34.6019427654
            ],
            [
              133.5506180179,
              34.6020412075
            ],
            [
              133.5507115511,
              34.6031303672
            ],
            [
              133.5505488418,
              34.6034592183
            ],
            [
              133.5501472503,
              34.6037469581
            ],
            [
              133.5485954137,
              34.6041593107
            ],
            [
              133.5483859453,
              34.6043689737
            ]
          ]
        ]
      }
    }
  ]
}
