{
  "type": "FeatureCollection",
  "features": [
    {
      "type": "Feature",
      "properties": {
        "key_code": "33622001001",
        "pref": "岡山県",
        "city": "勝田郡",
        "ward": "勝央町",
        "district": "勝間田１区",
        "name": "勝田郡 勝央町 勝間田１区"
      },
      "geometry": {
        "type": "Polygon",
        "coordinates": [
          [
            [
              134.1072368302,
              35.0435650034
            ],
            [
              134.1054169538,
              35.0437686995
            ],
            [
              134.1035729641,
              35.0438721755
            ],
            [
              134.1042527361,
              35.0429394369
            ],
            [
              134.103944129,
              35.0425425675
            ],
            [
              134.1039110247,
              35.0420695164
            ],
            [
              134.1032607738,
              35.0408153304
            ],
            [
              134.1037787163,
              35.0403847186
            ],
            [
              134.1034384989,
              35.0393380971
            ],
            [
              134.1034778807,
              35.0382457723
            ],
            [
              134.1047854623,
              35.0384009601
            ],
            [
              134.1049374634,
              35.038905925
            ],
            [
              134.1052427268,
              35.0394709663
            ],
            [
              134.1070156221,
              35.0421936545
            ],
            [
              134.1072315389,
              35.0429510765
            ],
            [
              134.1072368302,
              35.0435650034
            ]
          ]
        ]
      }
    },
    {
      "type": "Feature",
      "properties": {
        "key_code": "33622001002",
        "pref": "岡山県",
        "city": "勝田郡",
        "ward": "勝央町",
        "district": "勝間田八幡",
        "name": "勝田郡 勝央町 勝間田八幡"
      },
      "geometry": {
        "type": "Polygon",
        "coordinates": [
          [
            [
              134.1126985268,
              35.04215225
            ],
            [
              134.1128177815,
              35.0431142275
            ],
            [
              134.1072368302,
              35.0435650034
            ],
            [
              134.1072315389,
              35.0429510765
            ],
            [
              134.1070156221,
              35.0421936545
            ],
            [
              134.1052427268,
              35.0394709663
            ],
            [
              134.1049374634,
              35.038905925
            ],
            [
              134.1047854623,
              35.0384009601
            ],
            [
              134.1054153484,
              35.0383688844
            ],
            [
              134.1054239531,
              35.0381763523
            ],
            [
              134.1055694496,
              35.0381168283
            ],
            [
              134.1057550801,
              35.0381437924
            ],
            [
              134.1063514522,
              35.0385499204
            ],
            [
              134.106530485,
              35.0387882946
            ],
            [
              134.1068874492,
              35.038843251
            ],
            [
              134.1098184114,
              35.039199893
            ],
            [
              134.1107462148,
              35.0391389061
            ],
            [
              134.1113231623,
              35.0389794505
            ],
            [
              134.1117000488,
              35.0390380968
            ],
            [
              134.1104949908,
              35.0394905168
            ],
            [
              134.1091219824,
              35.0396341531
            ],
            [
              134.1091478238,
              35.0405208149
            ],
            [
              134.1094597992,
              35.0415904746
            ],
            [
              134.1096852727,
              35.0418167463
            ],
            [
              134.11004843,
              35.0418904429
            ],
            [
              134.1100574557,
              35.0415384613
            ],
            [
              134.1102030645,
              35.0414391423
            ],
            [
              134.1108331476,
              35.0413407067
            ],
            [
              134.1109460367,
              35.0413940155
            ],
            [
              134.1110165457,
              35.0421976541
            ],
            [
              134.1109032743,
              35.0422771716
            ],
            [
              134.1126985268,
              35.04215225
            ]
          ]
        ]
      }
    },
    {
      "type": "Feature",
      "properties": {
        "key_code": "33622001003",
        "pref": "岡山県",
        "city": "勝田郡",
        "ward": "勝央町",
        "district": "勝間田新町，上之町，北横町一部",
        "name": "勝田郡 勝央町 勝間田新町，上之町，北横町一部"
      },
      "geometry": {
        "type": "Polygon",
        "coordinates": [
          [
            [
              134.1159472788,
              35.0387126719
            ],
            [
              134.1162705313,
              35.0394175257
            ],
            [
              134.1164717524,
              35.0401687849
            ],
            [
              134.1182546267,
              35.0403511046
            ],
            [
              134.1181166939,
              35.0420992366
            ],
            [
              134.1179353694,
              35.0426802285
            ],
            [
              134.1172415715,
              35.0426971028
            ],
            [
              134.1168235368,
              35.0425332519
            ],
            [
              134.1135544237,
              35.0425111438
            ],
            [
              134.1134052403,
              35.0421066903
            ],
            [
              134.1132671807,
              35.0421064416
            ],
            [
              134.1132644051,
              35.0420081189
            ],
            [
              134.113529293,
              35.040216982
            ],
            [
              134.1135523006,
              35.0397134649
            ],
            [
              134.1133801282,
              35.0392541061
            ],
            [
              134.1134759442,
              35.0388865743
            ],
            [
              134.1134897974,
              35.0377546122
            ],
            [
              134.1139174466,
              35.0368930618
            ],
            [
              134.1142490425,
              35.0364880615
            ],
            [
              134.1146343384,
              35.0362703513
            ],
            [
              134.1150339527,
              35.0367791357
            ],
            [
              134.1155158136,
              35.0379454361
            ],
            [
              134.1168043262,
              35.0373304245
            ],
            [
              134.116846855,
              35.0376425663
            ],
            [
              134.1170466946,
              35.0378924455
            ],
            [
              134.1159472788,
              35.0387126719
            ]
          ]
        ]
      }
    },
    {
      "type": "Feature",
      "properties": {
        "key_code": "33622001004",
        "pref": "岡山県",
        "city": "勝田郡",
        "ward": "勝央町",
        "district": "勝間田中之町，下之町一部，桜道",
        "name": "勝田郡 勝央町 勝間田中之町，下之町一部，桜道"
      },
      "geometry": {
        "type": "Polygon",
        "coordinates": [
          [
            [
              134.1182546267,
              35.0403511046
            ],
            [
              134.1164717524,
              35.0401687849
            ],
            [
              134.1162705313,
              35.0394175257
            ],
            [
              134.1159472788,
              35.0387126719
            ],
            [
              134.1170466946,
              35.0378924455
            ],
            [
              134.1178542722,
              35.0378092173
            ],
            [
              134.1188206081,
              35.0374356761
            ],
            [
              134.1182546267,
              35.0403511046
            ]
          ]
        ]
      }
    },
    {
      "type": "Feature",
      "properties": {
        "key_code": "33622001005",
        "pref": "岡山県",
        "city": "勝田郡",
        "ward": "勝央町",
        "district": "勝間田下之町，南横町の一部",
        "name": "勝田郡 勝央町 勝間田下之町，南横町の一部"
      },
      "geometry": {
        "type": "Polygon",
        "coordinates": [
          [
            [
              134.1195368773,
              35.0375594758
            ],
            [
              134.1195398046,
              35.0376606152
            ],
            [
              134.1192246754,
              35.037998752
            ],
            [
              134.1192223246,
              35.040429289
            ],
            [
              134.1182546267,
              35.0403511046
            ],
            [
              134.1188206081,
              35.0374356761
            ],
            [
              134.1178542722,
              35.0378092173
            ],
            [
              134.1170466946,
              35.0378924455
            ],
            [
              134.116846855,
              35.0376425663
            ],
            [
              134.1168043262,
              35.0373304245
            ],
            [
              134.1178070694,
              35.0372119047
            ],
            [
              134.1189909294,
              35.036197918
            ],
            [
              134.1191372779,
              35.0361757778
            ],
            [
              134.1193156857,
              35.0367247278
            ],
            [
              134.1191462713,
              35.0374592771
            ],
            [
              134.1195368773,
              35.0375594758
            ]
          ]
        ]
      }
    },
    {
      "type": "Feature",
      "properties": {
        "key_code": "33622001006",
        "pref": "岡山県",
        "city": "勝田郡",
        "ward": "勝央町",
        "district": "勝間田ほたる町",
        "name": "勝田郡 勝央町 勝間田ほたる町"
      },
      "geometry": {
        "type": "Polygon",
        "coordinates": [
          [
            [
              134.1152842966,
              35.0373880094
            ],
            [
              134.1150339527,
              35.0367791357
            ],
            [
              134.1146343384,
              35.0362703513
            ],
            [
              134.1150169803,
              35.0360281265
            ],
            [
              134.116736347,
              35.0353671821
            ],
            [
              134.1172248315,
              35.035051611
            ],
            [
              134.1176450847,
              35.0349253697
            ],
            [
              134.118930961,
              35.0342635604
            ],
            [
              134.1197009639,
              35.0340286199
            ],
            [
              134.1200199093,
              35.0343099764
            ],
            [
              134.1205317306,
              35.0343156571
            ],
            [
              134.1206704479,
              35.0346526884
            ],
            [
              134.1197491404,
              35.0353011388
            ],
            [
              134.1171475796,
              35.0366135815
            ],
            [
              134.1152842966,
              35.0373880094
            ]
          ]
        ]
      }
    },
    {
      "type": "Feature",
      "properties": {
        "key_code": "33622001007",
        "pref": "岡山県",
        "city": "勝田郡",
        "ward": "勝央町",
        "district": "勝間田光町",
        "name": "勝田郡 勝央町 勝間田光町"
      },
      "geometry": {
        "type": "Polygon",
        "coordinates": [
          [
            [
              134.119532089,
              35.0426920488
            ],
            [
              134.1188049545,
              35.0428176144
            ],
            [
              134.1179353694,
              35.0426802285
            ],
            [
              134.1181166939,
              35.0420992366
            ],
            [
              134.1181882594,
              35.0406398132
            ],
            [
              134.1182546267,
              35.0403511046
            ],
            [
              134.1192223246,
              35.040429289
            ],
            [
              134.1192246754,
              35.037998752
            ],
            [
              134.1195398046,
              35.0376606152
            ],
            [
              134.1195368773,
              35.0375594758
            ],
            [
              134.1203793081,
              35.0374728398
            ],
            [
              134.1204228171,
              35.0404544166
            ],
            [
              134.1215585781,
              35.0404358959
            ],
            [
              134.1216161297,
              35.0416088333
            ],
            [
              134.1213726683,
              35.0420794339
            ],
            [
              134.1212513559,
              35.0421516238
            ],
            [
              134.119995386,
              35.0423848778
            ],
            [
              134.119532089,
              35.0426920488
            ]
          ]
        ]
      }
    },
    {
      "type": "Feature",
      "properties": {
        "key_code": "33622001008",
        "pref": "岡山県",
        "city": "勝田郡",
        "ward": "勝央町",
        "district": "勝間田旭町",
        "name": "勝田郡 勝央町 勝間田旭町"
      },
      "geometry": {
        "type": "Polygon",
        "coordinates": [
          [
            [
              134.1227212512,
              35.0400711152
            ],
            [
              134.1215585781,
              35.0404358959
            ],
            [
              134.1204228171,
              35.0404544166
            ],
            [
              134.1203793081,
              35.0374728398
            ],
            [
              134.121281968,
              35.0374974386
            ],
            [
              134.1227378027,
              35.0378974515
            ],
            [
              134.1227212512,
              35.0400711152
            ]
          ]
        ]
      }
    },
    {
      "type": "Feature",
      "properties": {
        "key_code": "33622001009",
        "pref": "岡山県",
        "city": "勝田郡",
        "ward": "勝央町",
        "district": "勝間田川西",
        "name": "勝田郡 勝央町 勝間田川西"
      },
      "geometry": {
        "type": "Polygon",
        "coordinates": [
          [
            [
              134.1132671807,
              35.0421064416
            ],
            [
              134.1109032743,
              35.0422771716
            ],
            [
              134.1110165457,
              35.0421976541
            ],
            [
              134.1109460367,
              35.0413940155
            ],
            [
              134.1108331476,
              35.0413407067
            ],
            [
              134.1102030645,
              35.0414391423
            ],
            [
              134.1100574557,
              35.0415384613
            ],
            [
              134.11004843,
              35.0418904429
            ],
            [
              134.1096852727,
              35.0418167463
            ],
            [
              134.1094597992,
              35.0415904746
            ],
            [
              134.1091478238,
              35.0405208149
            ],
            [
              134.1091219824,
              35.0396341531
            ],
            [
              134.1104949908,
              35.0394905168
            ],
            [
              134.1117000488,
              35.0390380968
            ],
            [
              134.1119998045,
              35.0391372391
            ],
            [
              134.1122895946,
              35.0390171208
            ],
            [
              134.1126098575,
              35.0390289681
            ],
            [
              134.1128979787,
              35.0392361228
            ],
            [
              134.1133801282,
              35.0392541061
            ],
            [
              134.1135523006,
              35.0397134649
            ],
            [
              134.1132671807,
              35.0421064416
            ]
          ]
        ]
      }
    },
    {
      "type": "Feature",
      "properties": {
        "key_code": "33622001010",
        "pref": "岡山県",
        "city": "勝田郡",
        "ward": "勝央町",
        "district": "勝間田南横町の一部",
        "name": "勝田郡 勝央町 勝間田南横町の一部"
      },
      "geometry": {
        "type": "Polygon",
        "coordinates": [
          [
            [
              134.1168043262,
              35.0373304245
            ],
            [
              134.1155158136,
              35.0379454361
            ],
            [
              134.1152842966,
              35.0373880094
            ],
            [
              134.118644948,
              35.0358986233
            ],
            [
              134.1197491404,
              35.0353011388
            ],
            [
              134.1206704479,
              35.0346526884
            ],
            [
              134.1207071375,
              35.0348594603
            ],
            [
              134.1199519778,
              35.0353863588
            ],
            [
              134.1196432355,
              35.0360210863
            ],
            [
              134.1189909294,
              35.036197918
            ],
            [
              134.1178070694,
              35.0372119047
            ],
            [
              134.1168043262,
              35.0373304245
            ]
          ]
        ]
      }
    },
    {
      "type": "Feature",
      "properties": {
        "key_code": "33622002001",
        "pref": "岡山県",
        "city": "勝田郡",
        "ward": "勝央町",
        "district": "畑屋東，新屋敷，笠尾",
        "name": "勝田郡 勝央町 畑屋東，新屋敷，笠尾"
      },
      "geometry": {
        "type": "Polygon",
        "coordinates": [
          [
            [
              134.1133801282,
              35.0392541061
            ],
            [
              134.1128979787,
              35.0392361228
            ],
            [
              134.1126098575,
              35.0390289681
            ],
            [
              134.1122895946,
              35.0390171208
            ],
            [
              134.1119998045,
              35.0391372391
            ],
            [
              134.1113231623,
              35.0389794505
            ],
            [
              134.1102214086,
              35.0392053478
            ],
            [
              134.1092606591,
              35.0391628916
            ],
            [
              134.1089555736,
              35.0383503054
            ],
            [
              134.1089292255,
              35.0380739699
            ],
            [
              134.1089557142,
              35.0373096656
            ],
            [
              134.1093215658,
              35.0362763061
            ],
            [
              134.1093138868,
              35.0361091641
            ],
            [
              134.1090440509,
              35.0357120186
            ],
            [
              134.1097707634,
              35.0354727518
            ],
            [
              134.1102221663,
              35.0348540839
            ],
            [
              134.110085725,
              35.0342232137
            ],
            [
              134.1098042879,
              35.0341023369
            ],
            [
              134.1097774883,
              35.0339998142
            ],
            [
              134.1097978666,
              35.0334805784
            ],
            [
              134.1099066697,
              35.0333159036
            ],
            [
              134.1109219176,
              35.0325645189
            ],
            [
              134.1113324479,
              35.0320193712
            ],
            [
              134.1132602847,
              35.0313922401
            ],
            [
              134.1131145505,
              35.0311868886
            ],
            [
              134.1128726041,
              35.0304868116
            ],
            [
              134.1127848959,
              35.0298604695
            ],
            [
              134.1127857447,
              35.0295440346
            ],
            [
              134.1129446111,
              35.0288891215
            ],
            [
              134.1132119398,
              35.0285341492
            ],
            [
              134.1136868618,
              35.0282610366
            ],
            [
              134.1144084357,
              35.0282001437
            ],
            [
              134.1145847496,
              35.0284308327
            ],
            [
              134.114718479,
              35.0292215655
            ],
            [
              134.115051666,
              35.0300832954
            ],
            [
              134.1155167866,
              35.030658825
            ],
            [
              134.1165442377,
              35.0313038081
            ],
            [
              134.1179209679,
              35.0315012607
            ],
            [
              134.1197009639,
              35.0340286199
            ],
            [
              134.118930961,
              35.0342635604
            ],
            [
              134.1176450847,
              35.0349253697
            ],
            [
              134.1172248315,
              35.035051611
            ],
            [
              134.116736347,
              35.0353671821
            ],
            [
              134.1157005161,
              35.0357173456
            ],
            [
              134.1142490425,
              35.0364880615
            ],
            [
              134.1139174466,
              35.0368930618
            ],
            [
              134.1135472733,
              35.037538572
            ],
            [
              134.1134337728,
              35.0384453383
            ],
            [
              134.1134759442,
              35.0388865743
            ],
            [
              134.1133801282,
              35.0392541061
            ]
          ]
        ]
      }
    },
    {
      "type": "Feature",
      "properties": {
        "key_code": "33622002002",
        "pref": "岡山県",
        "city": "勝田郡",
        "ward": "勝央町",
        "district": "畑屋日南平，中土居，七十",
        "name": "勝田郡 勝央町 畑屋日南平，中土居，七十"
      },
      "geometry": {
        "type": "Polygon",
        "coordinates": [
          [
            [
              134.1047854623,
              35.0384009601
            ],
            [
              134.1031307925,
              35.0382052635
            ],
            [
              134.1031361879,
              35.0377237618
            ],
            [
              134.1031449445,
              35.0374781277
            ],
            [
              134.1037639215,
              35.0370110803
            ],
            [
              134.1036759585,
              35.0367054732
            ],
            [
              134.1045238136,
              35.0366738066
            ],
            [
              134.1047099576,
              35.0365147739
            ],
            [
              134.1048004178,
              35.0359239015
            ],
            [
              134.1048576047,
              35.0342339228
            ],
            [
              134.1048118968,
              35.0332509316
            ],
            [
              134.1051876865,
              35.0331154876
            ],
            [
              134.105108829,
              35.0324446466
            ],
            [
              134.1049003092,
              35.0319394958
            ],
            [
              134.1046669183,
              35.0316734046
            ],
            [
              134.1044330271,
              35.0315866952
            ],
            [
              134.1031544161,
              35.0312156899
            ],
            [
              134.1020245335,
              35.0310741264
            ],
            [
              134.1012262266,
              35.0307339318
            ],
            [
              134.0998857191,
              35.0308442991
            ],
            [
              134.0990985732,
              35.0307748415
            ],
            [
              134.0981583809,
              35.0301451054
            ],
            [
              134.0975671273,
              35.0296029383
            ],
            [
              134.0972438477,
              35.0290679039
            ],
            [
              134.0972780253,
              35.0284734061
            ],
            [
              134.0973680745,
              35.0282198214
            ],
            [
              134.0976203662,
              35.0280266221
            ],
            [
              134.0977593812,
              35.027692837
            ],
            [
              134.0976921834,
              35.0270548216
            ],
            [
              134.098092112,
              35.0263474096
            ],
            [
              134.0981500287,
              35.0259668443
            ],
            [
              134.0980940444,
              35.0256727611
            ],
            [
              134.0976166702,
              35.0250707251
            ],
            [
              134.097134327,
              35.0247925879
            ],
            [
              134.096066515,
              35.0233944012
            ],
            [
              134.0959266102,
              35.0226359487
            ],
            [
              134.0960250022,
              35.0223020863
            ],
            [
              134.095847531,
              35.0219009259
            ],
            [
              134.0962707676,
              35.0215544465
            ],
            [
              134.0968237986,
              35.0212482199
            ],
            [
              134.096961824,
              35.0212484843
            ],
            [
              134.0970761073,
              35.0210350175
            ],
            [
              134.0969870828,
              35.0209345542
            ],
            [
              134.0969796635,
              35.0206940904
            ],
            [
              134.0971545594,
              35.0205775103
            ],
            [
              134.0972444483,
              35.0203839994
            ],
            [
              134.0972304494,
              35.0196024097
            ],
            [
              134.0969070534,
              35.019120826
            ],
            [
              134.0964920072,
              35.0180412575
            ],
            [
              134.096071797,
              35.0173457298
            ],
            [
              134.096122241,
              35.0167446386
            ],
            [
              134.0960467396,
              35.0161800696
            ],
            [
              134.0966238768,
              35.0159474252
            ],
            [
              134.096754454,
              35.0157137795
            ],
            [
              134.0968375518,
              35.0150526043
            ],
            [
              134.0981414149,
              35.0156723493
            ],
            [
              134.0984263786,
              35.0161120937
            ],
            [
              134.0993029517,
              35.0165869817
            ],
            [
              134.099840841,
              35.017126932
            ],
            [
              134.1000497404,
              35.0172179013
            ],
            [
              134.1008919607,
              35.0172013956
            ],
            [
              134.1017307758,
              35.0174135635
            ],
            [
              134.1019403793,
              35.01725549
            ],
            [
              134.1019907411,
              35.0169657661
            ],
            [
              134.1021452715,
              35.0168166045
            ],
            [
              134.1024153029,
              35.0166993528
            ],
            [
              134.1029988954,
              35.0166551597
            ],
            [
              134.1031976091,
              35.0164562154
            ],
            [
              134.1037069975,
              35.0179512684
            ],
            [
              134.103626594,
              35.0187457803
            ],
            [
              134.1040100002,
              35.0205350661
            ],
            [
              134.1047649969,
              35.0211257604
            ],
            [
              134.1052025759,
              35.0215788747
            ],
            [
              134.1055275418,
              35.0217226612
            ],
            [
              134.1057482911,
              35.0221546645
            ],
            [
              134.1071649352,
              35.0233710655
            ],
            [
              134.1092688626,
              35.0241405558
            ],
            [
              134.1091789817,
              35.024731791
            ],
            [
              134.1092438939,
              35.0249767927
            ],
            [
              134.1095462772,
              35.0250810854
            ],
            [
              134.1105451905,
              35.0250455123
            ],
            [
              134.1108552955,
              35.0260213179
            ],
            [
              134.111647709,
              35.0268049517
            ],
            [
              134.1120686181,
              35.0269157267
            ],
            [
              134.1138148481,
              35.0266242748
            ],
            [
              134.1144084357,
              35.0282001437
            ],
            [
              134.1136868618,
              35.0282610366
            ],
            [
              134.1132119398,
              35.0285341492
            ],
            [
              134.1129446111,
              35.0288891215
            ],
            [
              134.1127857447,
              35.0295440346
            ],
            [
              134.1127848959,
              35.0298604695
            ],
            [
              134.1128726041,
              35.0304868116
            ],
            [
              134.1131145505,
              35.0311868886
            ],
            [
              134.1132602847,
              35.0313922401
            ],
            [
              134.1113324479,
              35.0320193712
            ],
            [
              134.1109219176,
              35.0325645189
            ],
            [
              134.1102597263,
              35.0329956742
            ],
            [
              134.1097978666,
              35.0334805784
            ],
            [
              134.1098042879,
              35.0341023369
            ],
            [
              134.110085725,
              35.0342232137
            ],
            [
              134.1102332884,
              35.0347471226
            ],
            [
              134.1100751271,
              35.0351301075
            ],
            [
              134.1097707634,
              35.0354727518
            ],
            [
              134.1090440509,
              35.0357120186
            ],
            [
              134.1093138868,
              35.0361091641
            ],
            [
              134.1093215658,
              35.0362763061
            ],
            [
              134.1089557142,
              35.0373096656
            ],
            [
              134.1089292255,
              35.0380739699
            ],
            [
              134.1089555736,
              35.0383503054
            ],
            [
              134.1092606591,
              35.0391628916
            ],
            [
              134.106530485,
              35.0387882946
            ],
            [
              134.1063514522,
              35.0385499204
            ],
            [
              134.1057550801,
              35.0381437924
            ],
            [
              134.1054239531,
              35.0381763523
            ],
            [
              134.1054153484,
              35.0383688844
            ],
            [
              134.1047854623,
              35.0384009601
            ]
          ]
        ]
      }
    },
    {
      "type": "Feature",
      "properties": {
        "key_code": "336220030",
        "pref": "岡山県",
        "city": "勝田郡",
        "ward": "勝央町",
        "district": "東吉田",
        "name": "勝田郡 勝央町 東吉田"
      },
      "geometry": {
        "type": "Polygon",
        "coordinates": [
          [
            [
              134.1205317306,
              35.0343156571
            ],
            [
              134.1201390137,
              35.0343503283
            ],
            [
              134.1198360378,
              35.0341759821
            ],
            [
              134.1179209679,
              35.0315012607
            ],
            [
              134.1165442377,
              35.0313038081
            ],
            [
              134.1155167866,
              35.030658825
            ],
            [
              134.115051666,
              35.0300832954
            ],
            [
              134.1148861936,
              35.0297094451
            ],
            [
              134.114718479,
              35.0292215655
            ],
            [
              134.1145847496,
              35.0284308327
            ],
            [
              134.1144084357,
              35.0282001437
            ],
            [
              134.1138148481,
              35.0266242748
            ],
            [
              134.1120686181,
              35.0269157267
            ],
            [
              134.111647709,
              35.0268049517
            ],
            [
              134.1108552955,
              35.0260213179
            ],
            [
              134.1105451905,
              35.0250455123
            ],
            [
              134.1095462772,
              35.0250810854
            ],
            [
              134.1092438939,
              35.0249767927
            ],
            [
              134.1091789817,
              35.024731791
            ],
            [
              134.1092688626,
              35.0241405558
            ],
            [
              134.1071649352,
              35.0233710655
            ],
            [
              134.1057482911,
              35.0221546645
            ],
            [
              134.1055275418,
              35.0217226612
            ],
            [
              134.1052025759,
              35.0215788747
            ],
            [
              134.1047649969,
              35.0211257604
            ],
            [
              134.1040100002,
              35.0205350661
            ],
            [
              134.103626594,
              35.0187457803
            ],
            [
              134.1037069975,
              35.0179512684
            ],
            [
              134.1031976091,
              35.0164562154
            ],
            [
              134.1045081018,
              35.0152971964
            ],
            [
              134.1048609029,
              35.0151031128
            ],
            [
              134.1053678088,
              35.0149183277
            ],
            [
              134.1063975237,
              35.0147617616
            ],
            [
              134.1071210803,
              35.0148513411
            ],
            [
              134.1072418912,
              35.0149511515
            ],
            [
              134.1073350819,
              35.015087323
            ],
            [
              134.1072997393,
              35.0159295335
            ],
            [
              134.1075248787,
              35.0161246163
            ],
            [
              134.1085869077,
              35.0162307262
            ],
            [
              134.1087741724,
              35.0161902883
            ],
            [
              134.1093654096,
              35.0163612437
            ],
            [
              134.1098553719,
              35.0163303708
            ],
            [
              134.110129936,
              35.0152902693
            ],
            [
              134.110324899,
              35.0150063012
            ],
            [
              134.1112411579,
              35.0155434669
            ],
            [
              134.1114773108,
              35.0155777064
            ],
            [
              134.1123102902,
              35.0153046236
            ],
            [
              134.1143321324,
              35.015654743
            ],
            [
              134.1149312427,
              35.0159728285
            ],
            [
              134.1150707411,
              35.016292408
            ],
            [
              134.115334755,
              35.0163698632
            ],
            [
              134.116465494,
              35.0165145116
            ],
            [
              134.1174512161,
              35.016335127
            ],
            [
              134.1180207186,
              35.016410866
            ],
            [
              134.1190622744,
              35.0176976899
            ],
            [
              134.1191436718,
              35.0181049127
            ],
            [
              134.1198914583,
              35.0191375201
            ],
            [
              134.1216882152,
              35.0211387307
            ],
            [
              134.1229830433,
              35.0227320433
            ],
            [
              134.1227592066,
              35.0231928943
            ],
            [
              134.123930044,
              35.0249148661
            ],
            [
              134.1249468822,
              35.0255849135
            ],
            [
              134.1243768226,
              35.0259706595
            ],
            [
              134.1240703222,
              35.0264993359
            ],
            [
              134.124918658,
              35.0269553393
            ],
            [
              134.1246124164,
              35.0273822474
            ],
            [
              134.1265483914,
              35.0272601179
            ],
            [
              134.1258979418,
              35.0277529983
            ],
            [
              134.1260151983,
              35.027861025
            ],
            [
              134.124905787,
              35.0286857519
            ],
            [
              134.125546437,
              35.0292456252
            ],
            [
              134.1246794282,
              35.0298870863
            ],
            [
              134.1257240478,
              35.0307653519
            ],
            [
              134.1248942854,
              35.0313915948
            ],
            [
              134.1253586743,
              35.0317444597
            ],
            [
              134.1238431555,
              35.0330623306
            ],
            [
              134.1233324667,
              35.032625077
            ],
            [
              134.1215981445,
              35.0339693099
            ],
            [
              134.120980679,
              35.0334362213
            ],
            [
              134.1205317306,
              35.0343156571
            ]
          ]
        ]
      }
    },
    {
      "type": "Feature",
      "properties": {
        "key_code": "33622004001",
        "pref": "岡山県",
        "city": "勝田郡",
        "ward": "勝央町",
        "district": "小矢田畝平，城谷",
        "name": "勝田郡 勝央町 小矢田畝平，城谷"
      },
      "geometry": {
        "type": "Polygon",
        "coordinates": [
          [
            [
              134.1395451107,
              35.0254869368
            ],
            [
              134.1386570365,
              35.0243729047
            ],
            [
              134.1382835679,
              35.0245545718
            ],
            [
              134.1381240489,
              35.0237926409
            ],
            [
              134.136017436,
              35.0243960417
            ],
            [
              134.1335176935,
              35.0248613582
            ],
            [
              134.13272126,
              35.0245613602
            ],
            [
              134.129084149,
              35.0240514537
            ],
            [
              134.1282227104,
              35.0240878919
            ],
            [
              134.1260783699,
              35.0248685452
            ],
            [
              134.1249468822,
              35.0255849135
            ],
            [
              134.123930044,
              35.0249148661
            ],
            [
              134.1227592066,
              35.0231928943
            ],
            [
              134.1229830433,
              35.0227320433
            ],
            [
              134.1216882152,
              35.0211387307
            ],
            [
              134.1198914583,
              35.0191375201
            ],
            [
              134.1191436718,
              35.0181049127
            ],
            [
              134.1190622744,
              35.0176976899
            ],
            [
              134.1196622937,
              35.0180168043
            ],
            [
              134.1201137473,
              35.0179813978
            ],
            [
              134.1209483366,
              35.0187798317
            ],
            [
              134.1218086782,
              35.0192092569
            ],
            [
              134.122795384,
              35.0186539541
            ],
            [
              134.1235282565,
              35.0183473845
            ],
            [
              134.1243141303,
              35.0177577091
            ],
            [
              134.1254041359,
              35.0176962728
            ],
            [
              134.1262791547,
              35.0177655959
            ],
            [
              134.12656787,
              35.0178634923
            ],
            [
              134.1273257204,
              35.0185531523
            ],
            [
              134.1278646139,
              35.0187759172
            ],
            [
              134.1285420635,
              35.01860508
            ],
            [
              134.1287248508,
              35.0181524647
            ],
            [
              134.1290309296,
              35.0179152864
            ],
            [
              134.1295482183,
              35.0179613746
            ],
            [
              134.1300538469,
              35.0182657002
            ],
            [
              134.1303838564,
              35.0183703474
            ],
            [
              134.1308941158,
              35.0190369607
            ],
            [
              134.1311305184,
              35.019150463
            ],
            [
              134.1315405815,
              35.0191580502
            ],
            [
              134.1317995194,
              35.0190633331
            ],
            [
              134.1325658306,
              35.0185755538
            ],
            [
              134.133120575,
              35.0190610188
            ],
            [
              134.1340476939,
              35.019214181
            ],
            [
              134.1344546928,
              35.019355284
            ],
            [
              134.13662048,
              35.0194380579
            ],
            [
              134.1367302345,
              35.0195785991
            ],
            [
              134.136983159,
              35.0196877507
            ],
            [
              134.1371483944,
              35.0196471702
            ],
            [
              134.1372093109,
              35.0194933139
            ],
            [
              134.1371774911,
              35.0189906889
            ],
            [
              134.1375868467,
              35.0181490353
            ],
            [
              134.1373917931,
              35.0179969474
            ],
            [
              134.1372823649,
              35.0177206222
            ],
            [
              134.1376511116,
              35.0177393201
            ],
            [
              134.1379700769,
              35.0178575918
            ],
            [
              134.1381789091,
              35.0180028696
            ],
            [
              134.1381782935,
              35.0182609161
            ],
            [
              134.1383975671,
              35.0186326357
            ],
            [
              134.1389356744,
              35.0191905157
            ],
            [
              134.1386679685,
              35.0195092631
            ],
            [
              134.1386995589,
              35.0201116115
            ],
            [
              134.1402502754,
              35.0219322503
            ],
            [
              134.1403982211,
              35.0222177166
            ],
            [
              134.1403392094,
              35.0227271654
            ],
            [
              134.1396608484,
              35.0232785167
            ],
            [
              134.1395668345,
              35.0234549288
            ],
            [
              134.1395056749,
              35.0237129477
            ],
            [
              134.1395451107,
              35.0254869368
            ]
          ]
        ]
      }
    },
    {
      "type": "Feature",
      "properties": {
        "key_code": "33622004002",
        "pref": "岡山県",
        "city": "勝田郡",
        "ward": "勝央町",
        "district": "小矢田田中",
        "name": "勝田郡 勝央町 小矢田田中"
      },
      "geometry": {
        "type": "Polygon",
        "coordinates": [
          [
            [
              134.1302500672,
              35.0255531112
            ],
            [
              134.1266186644,
              35.0284054773
            ],
            [
              134.1258979418,
              35.0277529983
            ],
            [
              134.1265483914,
              35.0272601179
            ],
            [
              134.1246124164,
              35.0273822474
            ],
            [
              134.124918658,
              35.0269553393
            ],
            [
              134.1240703222,
              35.0264993359
            ],
            [
              134.1243768226,
              35.0259706595
            ],
            [
              134.1260783699,
              35.0248685452
            ],
            [
              134.1279497271,
              35.0241424355
            ],
            [
              134.1290118197,
              35.024045979
            ],
            [
              134.1310501452,
              35.0243412468
            ],
            [
              134.1305022174,
              35.0253128075
            ],
            [
              134.1302500672,
              35.0255531112
            ]
          ]
        ]
      }
    },
    {
      "type": "Feature",
      "properties": {
        "key_code": "33622005001",
        "pref": "岡山県",
        "city": "勝田郡",
        "ward": "勝央町",
        "district": "黒土桜台",
        "name": "勝田郡 勝央町 黒土桜台"
      },
      "geometry": {
        "type": "Polygon",
        "coordinates": [
          [
            [
              134.1302036821,
              35.0314655599
            ],
            [
              134.1309749837,
              35.0313033071
            ],
            [
              134.1310772392,
              35.0313629186
            ],
            [
              134.1310034679,
              35.0319672113
            ],
            [
              134.1307196131,
              35.0322887375
            ],
            [
              134.1308687747,
              35.0328586787
            ],
            [
              134.1307215132,
              35.0333507277
            ],
            [
              134.1299980626,
              35.0332239509
            ],
            [
              134.1294975435,
              35.033265162
            ],
            [
              134.1292026599,
              35.0331705769
            ],
            [
              134.1286988182,
              35.0323275513
            ],
            [
              134.1294797184,
              35.0319498838
            ],
            [
              134.1302036821,
              35.0314655599
            ]
          ]
        ]
      }
    },
    {
      "type": "Feature",
      "properties": {
        "key_code": "33622005002",
        "pref": "岡山県",
        "city": "勝田郡",
        "ward": "勝央町",
        "district": "黒土西",
        "name": "勝田郡 勝央町 黒土西"
      },
      "geometry": {
        "type": "Polygon",
        "coordinates": [
          [
            [
              134.133401483,
              35.0321716026
            ],
            [
              134.13348826,
              35.0323475333
            ],
            [
              134.1334401085,
              35.0324227424
            ],
            [
              134.1327298635,
              35.0331407179
            ],
            [
              134.1316088651,
              35.0333216319
            ],
            [
              134.1307215132,
              35.0333507277
            ],
            [
              134.1308687747,
              35.0328586787
            ],
            [
              134.1307196131,
              35.0322887375
            ],
            [
              134.1310034679,
              35.0319672113
            ],
            [
              134.1310712992,
              35.0313232571
            ],
            [
              134.1302036821,
              35.0314655599
            ],
            [
              134.1294797184,
              35.0319498838
            ],
            [
              134.1286988182,
              35.0323275513
            ],
            [
              134.128265146,
              35.0323366123
            ],
            [
              134.1280399192,
              35.032533926
            ],
            [
              134.1271574085,
              35.0318732282
            ],
            [
              134.1299420879,
              35.0294150974
            ],
            [
              134.1314557047,
              35.0282216723
            ],
            [
              134.1316817138,
              35.0285089016
            ],
            [
              134.1314848095,
              35.0287990913
            ],
            [
              134.131636979,
              35.0289715406
            ],
            [
              134.1318990355,
              35.0296694246
            ],
            [
              134.1319066369,
              35.0301320798
            ],
            [
              134.1326163895,
              35.0305027168
            ],
            [
              134.133214508,
              35.0310721245
            ],
            [
              134.1327778543,
              35.0322280484
            ],
            [
              134.133401483,
              35.0321716026
            ]
          ]
        ]
      }
    },
    {
      "type": "Feature",
      "properties": {
        "key_code": "33622005003",
        "pref": "岡山県",
        "city": "勝田郡",
        "ward": "勝央町",
        "district": "黒土久保田",
        "name": "勝田郡 勝央町 黒土久保田"
      },
      "geometry": {
        "type": "Polygon",
        "coordinates": [
          [
            [
              134.128965491,
              35.0302832535
            ],
            [
              134.1263519619,
              35.0325419909
            ],
            [
              134.1248942854,
              35.0313915948
            ],
            [
              134.1257240478,
              35.0307653519
            ],
            [
              134.1246794282,
              35.0298870863
            ],
            [
              134.125546437,
              35.0292456252
            ],
            [
              134.124905787,
              35.0286857519
            ],
            [
              134.1260151983,
              35.027861025
            ],
            [
              134.1277512069,
              35.0293642339
            ],
            [
              134.128965491,
              35.0302832535
            ]
          ]
        ]
      }
    },
    {
      "type": "Feature",
      "properties": {
        "key_code": "33622005004",
        "pref": "岡山県",
        "city": "勝田郡",
        "ward": "勝央町",
        "district": "黒土中，東の一部",
        "name": "勝田郡 勝央町 黒土中，東の一部"
      },
      "geometry": {
        "type": "Polygon",
        "coordinates": [
          [
            [
              134.1382835679,
              35.0245545718
            ],
            [
              134.1334256622,
              35.0271154682
            ],
            [
              134.1336470744,
              35.0276383378
            ],
            [
              134.1337521913,
              35.0285001266
            ],
            [
              134.133672373,
              35.0291003959
            ],
            [
              134.1337040774,
              35.0296364055
            ],
            [
              134.1339667334,
              35.0301660319
            ],
            [
              134.1333963862,
              35.0306671094
            ],
            [
              134.133214508,
              35.0310721245
            ],
            [
              134.1326163895,
              35.0305027168
            ],
            [
              134.1319066369,
              35.0301320798
            ],
            [
              134.1318990355,
              35.0296694246
            ],
            [
              134.131636979,
              35.0289715406
            ],
            [
              134.1314848095,
              35.0287990913
            ],
            [
              134.1316817138,
              35.0285089016
            ],
            [
              134.1314557047,
              35.0282216723
            ],
            [
              134.1311472636,
              35.0279462801
            ],
            [
              134.1308750902,
              35.0279458279
            ],
            [
              134.1307104191,
              35.0278368831
            ],
            [
              134.1290518942,
              35.0264739277
            ],
            [
              134.1297872294,
              35.0259527219
            ],
            [
              134.1305022174,
              35.0253128075
            ],
            [
              134.1310501452,
              35.0243412468
            ],
            [
              134.13272126,
              35.0245613602
            ],
            [
              134.1335176935,
              35.0248613582
            ],
            [
              134.136017436,
              35.0243960417
            ],
            [
              134.1381240489,
              35.0237926409
            ],
            [
              134.1382835679,
              35.0245545718
            ]
          ]
        ]
      }
    },
    {
      "type": "Feature",
      "properties": {
        "key_code": "33622005005",
        "pref": "岡山県",
        "city": "勝田郡",
        "ward": "勝央町",
        "district": "黒土星町，エクセルピア",
        "name": "勝田郡 勝央町 黒土星町，エクセルピア"
      },
      "geometry": {
        "type": "Polygon",
        "coordinates": [
          [
            [
              134.1314557047,
              35.0282216723
            ],
            [
              134.128965491,
              35.0302832535
            ],
            [
              134.1266186644,
              35.0284054773
            ],
            [
              134.1290518942,
              35.0264739277
            ],
            [
              134.1307104191,
              35.0278368831
            ],
            [
              134.1308750902,
              35.0279458279
            ],
            [
              134.1311472636,
              35.0279462801
            ],
            [
              134.1314557047,
              35.0282216723
            ]
          ]
        ]
      }
    },
    {
      "type": "Feature",
      "properties": {
        "key_code": "33622005006",
        "pref": "岡山県",
        "city": "勝田郡",
        "ward": "勝央町",
        "district": "黒土東の一部，天神",
        "name": "勝田郡 勝央町 黒土東の一部，天神"
      },
      "geometry": {
        "type": "Polygon",
        "coordinates": [
          [
            [
              134.1394818628,
              35.0339085262
            ],
            [
              134.1390193342,
              35.0344604386
            ],
            [
              134.1381813267,
              35.0345665024
            ],
            [
              134.1373895732,
              35.0350509041
            ],
            [
              134.1368110333,
              35.0352492142
            ],
            [
              134.136719208,
              35.035443799
            ],
            [
              134.1364491229,
              35.0345613235
            ],
            [
              134.1361047184,
              35.0338233856
            ],
            [
              134.1357474269,
              35.0338282304
            ],
            [
              134.136034988,
              35.0318300901
            ],
            [
              134.1363020662,
              35.0315050738
            ],
            [
              134.1362773869,
              35.0312905099
            ],
            [
              134.1360043789,
              35.0308844028
            ],
            [
              134.1357261777,
              35.0308145104
            ],
            [
              134.1352863516,
              35.0309662026
            ],
            [
              134.1349137468,
              35.0313791501
            ],
            [
              134.1347045636,
              35.0319608981
            ],
            [
              134.1346847053,
              35.0326940214
            ],
            [
              134.1341126505,
              35.0326485783
            ],
            [
              134.1342169763,
              35.03184615
            ],
            [
              134.133401483,
              35.0321716026
            ],
            [
              134.1327778543,
              35.0322280484
            ],
            [
              134.1333963862,
              35.0306671094
            ],
            [
              134.1339667334,
              35.0301660319
            ],
            [
              134.1337040774,
              35.0296364055
            ],
            [
              134.133672373,
              35.0291003959
            ],
            [
              134.1337521913,
              35.0285001266
            ],
            [
              134.1336470744,
              35.0276383378
            ],
            [
              134.1334256622,
              35.0271154682
            ],
            [
              134.1386570365,
              35.0243729047
            ],
            [
              134.1395451107,
              35.0254869368
            ],
            [
              134.1394830285,
              35.0264306359
            ],
            [
              134.1395694327,
              35.0269375697
            ],
            [
              134.139829025,
              35.0275130928
            ],
            [
              134.1392794984,
              35.0285625063
            ],
            [
              134.1384909887,
              35.030560701
            ],
            [
              134.1384874382,
              35.0325023956
            ],
            [
              134.1386362557,
              35.032806107
            ],
            [
              134.1392488427,
              35.0333819879
            ],
            [
              134.1394818628,
              35.0339085262
            ]
          ]
        ]
      }
    },
    {
      "type": "Feature",
      "properties": {
        "key_code": "33622006001",
        "pref": "岡山県",
        "city": "勝田郡",
        "ward": "勝央町",
        "district": "岡西の一部，金比羅",
        "name": "勝田郡 勝央町 岡西の一部，金比羅"
      },
      "geometry": {
        "type": "Polygon",
        "coordinates": [
          [
            [
              134.1242690792,
              35.0441357045
            ],
            [
              134.1241372692,
              35.0440086388
            ],
            [
              134.1233448093,
              35.0438443122
            ],
            [
              134.1230030888,
              35.0439795811
            ],
            [
              134.1226279407,
              35.0442687471
            ],
            [
              134.1223635402,
              35.0443135776
            ],
            [
              134.1220999254,
              35.0440504953
            ],
            [
              134.1216485597,
              35.0439953437
            ],
            [
              134.119532089,
              35.0426920488
            ],
            [
              134.119995386,
              35.0423848778
            ],
            [
              134.1213726683,
              35.0420794339
            ],
            [
              134.1216161297,
              35.0416088333
            ],
            [
              134.1215585781,
              35.0404358959
            ],
            [
              134.1246389063,
              35.0394223793
            ],
            [
              134.1248028697,
              35.0399025556
            ],
            [
              134.1248458288,
              35.0403282961
            ],
            [
              134.1247674353,
              35.0408534844
            ],
            [
              134.1251950387,
              35.0415787052
            ],
            [
              134.1260745724,
              35.0421417905
            ],
            [
              134.1263707439,
              35.0426041573
            ],
            [
              134.1264026862,
              35.0430388927
            ],
            [
              134.126583865,
              35.0432430173
            ],
            [
              134.1250638289,
              35.0433944666
            ],
            [
              134.1246448146,
              35.0436201088
            ],
            [
              134.1242690792,
              35.0441357045
            ]
          ]
        ]
      }
    },
    {
      "type": "Feature",
      "properties": {
        "key_code": "33622006002",
        "pref": "岡山県",
        "city": "勝田郡",
        "ward": "勝央町",
        "district": "岡立石上",
        "name": "勝田郡 勝央町 岡立石上"
      },
      "geometry": {
        "type": "Polygon",
        "coordinates": [
          [
            [
              134.1216446427,
              35.0376052583
            ],
            [
              134.121281968,
              35.0374974386
            ],
            [
              134.1192391867,
              35.0375129651
            ],
            [
              134.1191462713,
              35.0374592771
            ],
            [
              134.1193156857,
              35.0367247278
            ],
            [
              134.1191372779,
              35.0361757778
            ],
            [
              134.1200902193,
              35.0359146744
            ],
            [
              134.1216071069,
              35.0359096331
            ],
            [
              134.1216446427,
              35.0376052583
            ]
          ]
        ]
      }
    },
    {
      "type": "Feature",
      "properties": {
        "key_code": "33622006003",
        "pref": "岡山県",
        "city": "勝田郡",
        "ward": "勝央町",
        "district": "岡東，小中",
        "name": "勝田郡 勝央町 岡東，小中"
      },
      "geometry": {
        "type": "Polygon",
        "coordinates": [
          [
            [
              134.1352799725,
              35.0475115731
            ],
            [
              134.1343881066,
              35.0473715944
            ],
            [
              134.1338638735,
              35.0474374381
            ],
            [
              134.133832432,
              35.0475399296
            ],
            [
              134.1335610553,
              35.0473346836
            ],
            [
              134.1332762493,
              35.0467093145
            ],
            [
              134.1330784648,
              35.046527852
            ],
            [
              134.132848926,
              35.0458300312
            ],
            [
              134.1326401844,
              35.0456215048
            ],
            [
              134.1319031119,
              35.0453213304
            ],
            [
              134.1314965297,
              35.0449584515
            ],
            [
              134.1309434132,
              35.0437393509
            ],
            [
              134.1307344571,
              35.0436303353
            ],
            [
              134.1299192002,
              35.0437739241
            ],
            [
              134.1293906103,
              35.0437820597
            ],
            [
              134.1292036656,
              35.0436731484
            ],
            [
              134.1290391524,
              35.0434011639
            ],
            [
              134.1287879849,
              35.0425493429
            ],
            [
              134.1282167867,
              35.0419778509
            ],
            [
              134.1279152047,
              35.0414837163
            ],
            [
              134.127838522,
              35.0413206177
            ],
            [
              134.1281052303,
              35.0403429632
            ],
            [
              134.1280840575,
              35.0400077613
            ],
            [
              134.12777704,
              35.0394729097
            ],
            [
              134.128063719,
              35.03932845
            ],
            [
              134.1268521248,
              35.0372569558
            ],
            [
              134.1267202988,
              35.0371390487
            ],
            [
              134.127013098,
              35.0367364837
            ],
            [
              134.1271796075,
              35.0361933413
            ],
            [
              134.1274664832,
              35.0359583128
            ],
            [
              134.1248125317,
              35.0339025121
            ],
            [
              134.1271574085,
              35.0318732282
            ],
            [
              134.1280399192,
              35.032533926
            ],
            [
              134.1283555707,
              35.0323071145
            ],
            [
              134.1286988182,
              35.0323275513
            ],
            [
              134.1290825594,
              35.0330217018
            ],
            [
              134.1292026599,
              35.0331705769
            ],
            [
              134.1293711439,
              35.0332302997
            ],
            [
              134.1299980626,
              35.0332239509
            ],
            [
              134.1307215132,
              35.0333507277
            ],
            [
              134.1316088651,
              35.0333216319
            ],
            [
              134.1327298635,
              35.0331407179
            ],
            [
              134.1334401085,
              35.0324227424
            ],
            [
              134.13348826,
              35.0323475333
            ],
            [
              134.133401483,
              35.0321716026
            ],
            [
              134.1341868577,
              35.0318461009
            ],
            [
              134.1341126505,
              35.0326485783
            ],
            [
              134.1346847053,
              35.0326940214
            ],
            [
              134.1346676939,
              35.0322580439
            ],
            [
              134.1347927541,
              35.0315969281
            ],
            [
              134.1352863516,
              35.0309662026
            ],
            [
              134.1357261777,
              35.0308145104
            ],
            [
              134.1359003855,
              35.0308346531
            ],
            [
              134.1360262476,
              35.0309051443
            ],
            [
              134.1362773869,
              35.0312905099
            ],
            [
              134.1362909577,
              35.0315673137
            ],
            [
              134.136034988,
              35.0318300901
            ],
            [
              134.1359175163,
              35.0323653639
            ],
            [
              134.1357474269,
              35.0338282304
            ],
            [
              134.1361047184,
              35.0338233856
            ],
            [
              134.1364491229,
              35.0345613235
            ],
            [
              134.136719208,
              35.035443799
            ],
            [
              134.1366562742,
              35.0355070831
            ],
            [
              134.1372991894,
              35.0360152701
            ],
            [
              134.1384405143,
              35.0376383466
            ],
            [
              134.1385662779,
              35.0380007561
            ],
            [
              134.1378443734,
              35.038284904
            ],
            [
              134.138093378,
              35.0389169681
            ],
            [
              134.1383132363,
              35.039066767
            ],
            [
              134.1387246142,
              35.039728599
            ],
            [
              134.1383158045,
              35.0403165794
            ],
            [
              134.1383946844,
              35.0407175095
            ],
            [
              134.1382068565,
              35.0409799039
            ],
            [
              134.1382449079,
              35.0411927972
            ],
            [
              134.1378072169,
              35.0423376714
            ],
            [
              134.137310833,
              35.0426991542
            ],
            [
              134.1367030272,
              35.0436039455
            ],
            [
              134.1366802867,
              35.0439027327
            ],
            [
              134.1368220179,
              35.04450068
            ],
            [
              134.1367273314,
              35.0449578844
            ],
            [
              134.136130524,
              35.0458535349
            ],
            [
              134.1361298297,
              35.0461433431
            ],
            [
              134.1358200244,
              35.0467497177
            ],
            [
              134.1354185053,
              35.0469883797
            ],
            [
              134.1352799725,
              35.0475115731
            ]
          ]
        ]
      }
    },
    {
      "type": "Feature",
      "properties": {
        "key_code": "33622006004",
        "pref": "岡山県",
        "city": "勝田郡",
        "ward": "勝央町",
        "district": "岡西の一部，中",
        "name": "勝田郡 勝央町 岡西の一部，中"
      },
      "geometry": {
        "type": "Polygon",
        "coordinates": [
          [
            [
              134.133832432,
              35.0475399296
            ],
            [
              134.1337409863,
              35.0480731288
            ],
            [
              134.133508975,
              35.048380661
            ],
            [
              134.132715377,
              35.0486600895
            ],
            [
              134.1323630014,
              35.0486504977
            ],
            [
              134.1315708603,
              35.0483322022
            ],
            [
              134.1309765312,
              35.0481863521
            ],
            [
              134.1304038545,
              35.0481944201
            ],
            [
              134.1302383469,
              35.0483300019
            ],
            [
              134.1288598107,
              35.0468921813
            ],
            [
              134.1276304867,
              35.0452600016
            ],
            [
              134.1270798587,
              35.0452680905
            ],
            [
              134.1264194226,
              35.0451492215
            ],
            [
              134.1246644392,
              35.0445621161
            ],
            [
              134.1243896085,
              35.0443805064
            ],
            [
              134.1242690792,
              35.0441357045
            ],
            [
              134.1246448146,
              35.0436201088
            ],
            [
              134.1250638289,
              35.0433944666
            ],
            [
              134.126583865,
              35.0432430173
            ],
            [
              134.1264026862,
              35.0430388927
            ],
            [
              134.1263707439,
              35.0426041573
            ],
            [
              134.1260745724,
              35.0421417905
            ],
            [
              134.1251950387,
              35.0415787052
            ],
            [
              134.1247674353,
              35.0408534844
            ],
            [
              134.1248458288,
              35.0403282961
            ],
            [
              134.1248028697,
              35.0399025556
            ],
            [
              134.1246389063,
              35.0394223793
            ],
            [
              134.1227212512,
              35.0400711152
            ],
            [
              134.1227621638,
              35.036982773
            ],
            [
              134.1255982862,
              35.0345061558
            ],
            [
              134.1274664832,
              35.0359583128
            ],
            [
              134.1271796075,
              35.0361933413
            ],
            [
              134.127013098,
              35.0367364837
            ],
            [
              134.1267202988,
              35.0371390487
            ],
            [
              134.1268521248,
              35.0372569558
            ],
            [
              134.128063719,
              35.03932845
            ],
            [
              134.12777704,
              35.0394729097
            ],
            [
              134.1280840575,
              35.0400077613
            ],
            [
              134.1281052303,
              35.0403429632
            ],
            [
              134.127838522,
              35.0413206177
            ],
            [
              134.1282167867,
              35.0419778509
            ],
            [
              134.1287879849,
              35.0425493429
            ],
            [
              134.1290391524,
              35.0434011639
            ],
            [
              134.1292036656,
              35.0436731484
            ],
            [
              134.1293906103,
              35.0437820597
            ],
            [
              134.1299192002,
              35.0437739241
            ],
            [
              134.1307344571,
              35.0436303353
            ],
            [
              134.1309434132,
              35.0437393509
            ],
            [
              134.1314965297,
              35.0449584515
            ],
            [
              134.1319031119,
              35.0453213304
            ],
            [
              134.1326401844,
              35.0456215048
            ],
            [
              134.132848926,
              35.0458300312
            ],
            [
              134.1330784648,
              35.046527852
            ],
            [
              134.1332762493,
              35.0467093145
            ],
            [
              134.1335610553,
              35.0473346836
            ],
            [
              134.133832432,
              35.0475399296
            ]
          ]
        ]
      }
    },
    {
      "type": "Feature",
      "properties": {
        "key_code": "33622006005",
        "pref": "岡山県",
        "city": "勝田郡",
        "ward": "勝央町",
        "district": "岡立石下",
        "name": "勝田郡 勝央町 岡立石下"
      },
      "geometry": {
        "type": "Polygon",
        "coordinates": [
          [
            [
              134.1248125317,
              35.0339025121
            ],
            [
              134.1255982862,
              35.0345061558
            ],
            [
              134.1227621638,
              35.036982773
            ],
            [
              134.1227378027,
              35.0378974515
            ],
            [
              134.1216446427,
              35.0376052583
            ],
            [
              134.1216071069,
              35.0359096331
            ],
            [
              134.1200902193,
              35.0359146744
            ],
            [
              134.1196432355,
              35.0360210863
            ],
            [
              134.1199519778,
              35.0353863588
            ],
            [
              134.1207071375,
              35.0348594603
            ],
            [
              134.1207352488,
              35.0347830235
            ],
            [
              134.1205317306,
              35.0343156571
            ],
            [
              134.120980679,
              35.0334362213
            ],
            [
              134.1215981445,
              35.0339693099
            ],
            [
              134.1233324667,
              35.032625077
            ],
            [
              134.1238431555,
              35.0330623306
            ],
            [
              134.1253586743,
              35.0317444597
            ],
            [
              134.1263519619,
              35.0325419909
            ],
            [
              134.1248125317,
              35.0339025121
            ]
          ]
        ]
      }
    },
    {
      "type": "Feature",
      "properties": {
        "key_code": "33622007001",
        "pref": "岡山県",
        "city": "勝田郡",
        "ward": "勝央町",
        "district": "平宮ノ谷，宮ノ前，才勝",
        "name": "勝田郡 勝央町 平宮ノ谷，宮ノ前，才勝"
      },
      "geometry": {
        "type": "Polygon",
        "coordinates": [
          [
            [
              134.1160990344,
              35.050316023
            ],
            [
              134.1136245381,
              35.0504448904
            ],
            [
              134.1129669967,
              35.0507447041
            ],
            [
              134.1125804739,
              35.0503455268
            ],
            [
              134.1137825649,
              35.0497235829
            ],
            [
              134.114421651,
              35.0492666075
            ],
            [
              134.1145352231,
              35.0490763773
            ],
            [
              134.1142562551,
              35.0487128948
            ],
            [
              134.114251163,
              35.0486066822
            ],
            [
              134.1145803942,
              35.0482796478
            ],
            [
              134.114545934,
              35.0480826724
            ],
            [
              134.1142395849,
              35.0479050673
            ],
            [
              134.1137890802,
              35.0472800627
            ],
            [
              134.1129921323,
              35.0473848269
            ],
            [
              134.1128093033,
              35.0473180131
            ],
            [
              134.112436307,
              35.0469035099
            ],
            [
              134.1116390173,
              35.0471367232
            ],
            [
              134.111574472,
              35.0471188586
            ],
            [
              134.1115747943,
              35.046999274
            ],
            [
              134.1121889977,
              35.046787913
            ],
            [
              134.1130075724,
              35.0466477678
            ],
            [
              134.1130087572,
              35.0462050666
            ],
            [
              134.1134017719,
              35.0461703513
            ],
            [
              134.1133962145,
              35.0459265944
            ],
            [
              134.1131904983,
              35.0456369795
            ],
            [
              134.1131910197,
              35.0454419685
            ],
            [
              134.1135297008,
              35.0446187222
            ],
            [
              134.1148342541,
              35.0443474517
            ],
            [
              134.1151314579,
              35.0447316742
            ],
            [
              134.1159211511,
              35.045409115
            ],
            [
              134.1175106097,
              35.0458521779
            ],
            [
              134.118198586,
              35.0459603023
            ],
            [
              134.1185655439,
              35.0461799084
            ],
            [
              134.119112923,
              35.0469009223
            ],
            [
              134.1191561362,
              35.0471203094
            ],
            [
              134.1193148091,
              35.0473234899
            ],
            [
              134.1194979146,
              35.0473107824
            ],
            [
              134.1199761915,
              35.0470497006
            ],
            [
              134.1215947765,
              35.0459920224
            ],
            [
              134.1221611202,
              35.0455283208
            ],
            [
              134.1224016896,
              35.0452939295
            ],
            [
              134.1225177006,
              35.0443138431
            ],
            [
              134.1230030888,
              35.0439795811
            ],
            [
              134.1233448093,
              35.0438443122
            ],
            [
              134.1241372692,
              35.0440086388
            ],
            [
              134.1243896085,
              35.0443805064
            ],
            [
              134.1246644392,
              35.0445621161
            ],
            [
              134.1264194226,
              35.0451492215
            ],
            [
              134.1270798587,
              35.0452680905
            ],
            [
              134.1276304867,
              35.0452600016
            ],
            [
              134.1288598107,
              35.0468921813
            ],
            [
              134.1302383469,
              35.0483300019
            ],
            [
              134.1301863811,
              35.0484883779
            ],
            [
              134.1294072198,
              35.0494440557
            ],
            [
              134.1292310279,
              35.0500543711
            ],
            [
              134.1291825417,
              35.0507341294
            ],
            [
              134.1288414894,
              35.0511364076
            ],
            [
              134.1286603032,
              35.0512285065
            ],
            [
              134.1285286847,
              35.0514745021
            ],
            [
              134.1285084289,
              35.0520953589
            ],
            [
              134.128332999,
              35.0523773401
            ],
            [
              134.127440923,
              35.052314221
            ],
            [
              134.1266887622,
              35.0524232461
            ],
            [
              134.1255579915,
              35.0529857438
            ],
            [
              134.1249206445,
              35.0533490519
            ],
            [
              134.124551714,
              35.0536613966
            ],
            [
              134.1240081676,
              35.0539273136
            ],
            [
              134.1233936994,
              35.0538774573
            ],
            [
              134.1228391764,
              35.0535635348
            ],
            [
              134.1224470432,
              35.0531882664
            ],
            [
              134.1218518625,
              35.0528365715
            ],
            [
              134.1211677711,
              35.0526324739
            ],
            [
              134.1205400054,
              35.0521993704
            ],
            [
              134.120668474,
              35.0517740018
            ],
            [
              134.1206294312,
              35.0514794751
            ],
            [
              134.120502549,
              35.0512893797
            ],
            [
              134.1200931693,
              35.0510693499
            ],
            [
              134.1199508858,
              35.0506763255
            ],
            [
              134.1201593465,
              35.0501006646
            ],
            [
              134.1204387335,
              35.049799935
            ],
            [
              134.1205516587,
              35.0492241053
            ],
            [
              134.1204169556,
              35.048988218
            ],
            [
              134.1197132242,
              35.0487021754
            ],
            [
              134.1183365502,
              35.0485295978
            ],
            [
              134.1174805475,
              35.0486426672
            ],
            [
              134.116254761,
              35.0486142175
            ],
            [
              134.1162523467,
              35.0495307518
            ],
            [
              134.1160990344,
              35.050316023
            ]
          ]
        ]
      }
    },
    {
      "type": "Feature",
      "properties": {
        "key_code": "33622007002",
        "pref": "岡山県",
        "city": "勝田郡",
        "ward": "勝央町",
        "district": "平中，南，西",
        "name": "勝田郡 勝央町 平中，南，西"
      },
      "geometry": {
        "type": "Polygon",
        "coordinates": [
          [
            [
              134.1135297008,
              35.0446187222
            ],
            [
              134.1134762929,
              35.0445683408
            ],
            [
              134.1112429491,
              35.0447152238
            ],
            [
              134.1099659336,
              35.0446940194
            ],
            [
              134.1096280169,
              35.0452216751
            ],
            [
              134.1094659278,
              35.0457810585
            ],
            [
              134.1093127588,
              35.0458625442
            ],
            [
              134.109159882,
              35.0458371226
            ],
            [
              134.1091227255,
              35.0454409062
            ],
            [
              134.1088707372,
              35.0453020587
            ],
            [
              134.1088556911,
              35.0452139272
            ],
            [
              134.1092080416,
              35.0450007564
            ],
            [
              134.1093847531,
              35.0446929598
            ],
            [
              134.1077600529,
              35.0445799104
            ],
            [
              134.1041391594,
              35.0445700405
            ],
            [
              134.1033931866,
              35.0447102053
            ],
            [
              134.1033411419,
              35.0441817624
            ],
            [
              134.1033720654,
              35.0440560375
            ],
            [
              134.1035729641,
              35.0438721755
            ],
            [
              134.1128177815,
              35.0431142275
            ],
            [
              134.1126985268,
              35.04215225
            ],
            [
              134.1134052403,
              35.0421066903
            ],
            [
              134.1135544237,
              35.0425111438
            ],
            [
              134.1168235368,
              35.0425332519
            ],
            [
              134.1172415715,
              35.0426971028
            ],
            [
              134.1180014342,
              35.042680345
            ],
            [
              134.1188049545,
              35.0428176144
            ],
            [
              134.119532089,
              35.0426920488
            ],
            [
              134.1216485597,
              35.0439953437
            ],
            [
              134.1220999254,
              35.0440504953
            ],
            [
              134.1223635402,
              35.0443135776
            ],
            [
              134.1225177006,
              35.0443138431
            ],
            [
              134.1224016896,
              35.0452939295
            ],
            [
              134.1221611202,
              35.0455283208
            ],
            [
              134.1215947765,
              35.0459920224
            ],
            [
              134.1199761915,
              35.0470497006
            ],
            [
              134.1194979146,
              35.0473107824
            ],
            [
              134.1193148091,
              35.0473234899
            ],
            [
              134.1191561362,
              35.0471203094
            ],
            [
              134.119112923,
              35.0469009223
            ],
            [
              134.1185655439,
              35.0461799084
            ],
            [
              134.118198586,
              35.0459603023
            ],
            [
              134.1175106097,
              35.0458521779
            ],
            [
              134.1159211511,
              35.045409115
            ],
            [
              134.1151314579,
              35.0447316742
            ],
            [
              134.1148342541,
              35.0443474517
            ],
            [
              134.1135297008,
              35.0446187222
            ]
          ]
        ]
      }
    },
    {
      "type": "Feature",
      "properties": {
        "key_code": "33622007003",
        "pref": "岡山県",
        "city": "勝田郡",
        "ward": "勝央町",
        "district": "平長良台東",
        "name": "勝田郡 勝央町 平長良台東"
      },
      "geometry": {
        "type": "Polygon",
        "coordinates": [
          [
            [
              134.1130180597,
              35.0577281101
            ],
            [
              134.1129889459,
              35.0574066345
            ],
            [
              134.1137623472,
              35.0572888066
            ],
            [
              134.115389786,
              35.0566808006
            ],
            [
              134.1156379551,
              35.0564776452
            ],
            [
              134.1157357575,
              35.0561413972
            ],
            [
              134.1154854286,
              35.0551272396
            ],
            [
              134.1151564201,
              35.0543542181
            ],
            [
              134.1148224151,
              35.0544377045
            ],
            [
              134.1148232998,
              35.0541057193
            ],
            [
              134.1147611481,
              35.0539269371
            ],
            [
              134.1146186849,
              35.0538279434
            ],
            [
              134.1150027997,
              35.0534110105
            ],
            [
              134.1149684444,
              35.053174177
            ],
            [
              134.1160437419,
              35.0531700531
            ],
            [
              134.1167366326,
              35.053053469
            ],
            [
              134.1173107434,
              35.0526878502
            ],
            [
              134.1173311921,
              35.0524751255
            ],
            [
              134.1166367519,
              35.048647647
            ],
            [
              134.1187345054,
              35.0485499496
            ],
            [
              134.1197132242,
              35.0487021754
            ],
            [
              134.1204169556,
              35.048988218
            ],
            [
              134.1205516587,
              35.0492241053
            ],
            [
              134.1205510512,
              35.049459755
            ],
            [
              134.1204387335,
              35.049799935
            ],
            [
              134.1201593465,
              35.0501006646
            ],
            [
              134.119999312,
              35.0504211107
            ],
            [
              134.1199584993,
              35.0508203636
            ],
            [
              134.1200931693,
              35.0510693499
            ],
            [
              134.120502549,
              35.0512893797
            ],
            [
              134.1206294312,
              35.0514794751
            ],
            [
              134.120668474,
              35.0517740018
            ],
            [
              134.1205400054,
              35.0521993704
            ],
            [
              134.1211677711,
              35.0526324739
            ],
            [
              134.1218518625,
              35.0528365715
            ],
            [
              134.1210621144,
              35.0534767794
            ],
            [
              134.1204651855,
              35.0534299557
            ],
            [
              134.1202340591,
              35.0535342023
            ],
            [
              134.1185181657,
              35.0552987169
            ],
            [
              134.117783655,
              35.0554557299
            ],
            [
              134.1166512304,
              35.055918872
            ],
            [
              134.1167454582,
              35.0566908359
            ],
            [
              134.1140175488,
              35.0574923769
            ],
            [
              134.1138246465,
              35.0576206249
            ],
            [
              134.1130180597,
              35.0577281101
            ]
          ]
        ]
      }
    },
    {
      "type": "Feature",
      "properties": {
        "key_code": "33622007004",
        "pref": "岡山県",
        "city": "勝田郡",
        "ward": "勝央町",
        "district": "平長良台西",
        "name": "勝田郡 勝央町 平長良台西"
      },
      "geometry": {
        "type": "Polygon",
        "coordinates": [
          [
            [
              134.1149684444,
              35.053174177
            ],
            [
              134.1149219874,
              35.0524215103
            ],
            [
              134.1144966476,
              35.0504198436
            ],
            [
              134.1160990344,
              35.050316023
            ],
            [
              134.1162523467,
              35.0495307518
            ],
            [
              134.116254761,
              35.0486142175
            ],
            [
              134.1166367519,
              35.048647647
            ],
            [
              134.1173311921,
              35.0524751255
            ],
            [
              134.1173107434,
              35.0526878502
            ],
            [
              134.1167366326,
              35.053053469
            ],
            [
              134.1160437419,
              35.0531700531
            ],
            [
              134.1149684444,
              35.053174177
            ]
          ]
        ]
      }
    },
    {
      "type": "Feature",
      "properties": {
        "key_code": "33622008001",
        "pref": "岡山県",
        "city": "勝田郡",
        "ward": "勝央町",
        "district": "植月東堀池上，下",
        "name": "勝田郡 勝央町 植月東堀池上，下"
      },
      "geometry": {
        "type": "Polygon",
        "coordinates": [
          [
            [
              134.1287195116,
              35.0730332949
            ],
            [
              134.1285793265,
              35.0728943902
            ],
            [
              134.1286923927,
              35.0726404843
            ],
            [
              134.1287029986,
              35.0721399147
            ],
            [
              134.128829966,
              35.0719360347
            ],
            [
              134.1288033456,
              35.0713430044
            ],
            [
              134.1280287861,
              35.0701710782
            ],
            [
              134.1280388578,
              35.0698861518
            ],
            [
              134.1282321283,
              35.0693897628
            ],
            [
              134.1284294038,
              35.0691667045
            ],
            [
              134.1285342971,
              35.0684198712
            ],
            [
              134.1285276704,
              35.0673262828
            ],
            [
              134.1286267472,
              35.0670377732
            ],
            [
              134.1287302714,
              35.0668375847
            ],
            [
              134.129772442,
              35.0658536493
            ],
            [
              134.1299361975,
              35.0656022197
            ],
            [
              134.1300310283,
              35.0643806936
            ],
            [
              134.131335013,
              35.0654749665
            ],
            [
              134.1318188016,
              35.0659609357
            ],
            [
              134.1322808795,
              35.0666048332
            ],
            [
              134.1333159436,
              35.0685164328
            ],
            [
              134.1338329126,
              35.0697071362
            ],
            [
              134.1347867811,
              35.0703633095
            ],
            [
              134.1361577424,
              35.0709162006
            ],
            [
              134.1365196358,
              35.0723492529
            ],
            [
              134.1335396229,
              35.0728295516
            ],
            [
              134.133818884,
              35.0735538484
            ],
            [
              134.1329063519,
              35.0732173994
            ],
            [
              134.1311272956,
              35.0728986604
            ],
            [
              134.1288227176,
              35.0729719168
            ],
            [
              134.1287195116,
              35.0730332949
            ]
          ]
        ]
      }
    },
    {
      "type": "Feature",
      "properties": {
        "key_code": "33622008002",
        "pref": "岡山県",
        "city": "勝田郡",
        "ward": "勝央町",
        "district": "植月東神五郎，大鳴",
        "name": "勝田郡 勝央町 植月東神五郎，大鳴"
      },
      "geometry": {
        "type": "Polygon",
        "coordinates": [
          [
            [
              134.1311796207,
              35.102092164
            ],
            [
              134.1308888241,
              35.1022190096
            ],
            [
              134.1290673548,
              35.1021082767
            ],
            [
              134.1286899028,
              35.1019057286
            ],
            [
              134.1283004584,
              35.101428639
            ],
            [
              134.1287749586,
              35.1014236642
            ],
            [
              134.1281484663,
              35.1012202018
            ],
            [
              134.1274391102,
              35.1007784841
            ],
            [
              134.1274234437,
              35.1005846445
            ],
            [
              134.1272171215,
              35.1004462587
            ],
            [
              134.1264684694,
              35.1002327192
            ],
            [
              134.1258106697,
              35.0998441105
            ],
            [
              134.1255538024,
              35.0995592889
            ],
            [
              134.1273870281,
              35.0984608097
            ],
            [
              134.1282339425,
              35.0978480593
            ],
            [
              134.1287752466,
              35.0969547724
            ],
            [
              134.1294703505,
              35.0962852766
            ],
            [
              134.1295339024,
              35.0953651253
            ],
            [
              134.1313756667,
              35.0937167989
            ],
            [
              134.1312059045,
              35.0900130393
            ],
            [
              134.1310497608,
              35.0887460315
            ],
            [
              134.1312315938,
              35.0885287902
            ],
            [
              134.1308296221,
              35.0875997665
            ],
            [
              134.1309432846,
              35.0862124282
            ],
            [
              134.1306580363,
              35.085641996
            ],
            [
              134.1310160443,
              35.0855177291
            ],
            [
              134.1313259359,
              35.085038928
            ],
            [
              134.1332845684,
              35.0850376707
            ],
            [
              134.1341608924,
              35.0849036155
            ],
            [
              134.1365212454,
              35.0847719082
            ],
            [
              134.1368203464,
              35.0846707001
            ],
            [
              134.1377048451,
              35.0854261148
            ],
            [
              134.1381977894,
              35.0861554684
            ],
            [
              134.1383576714,
              35.0866580037
            ],
            [
              134.1390613152,
              35.0865711049
            ],
            [
              134.1390397697,
              35.0858905437
            ],
            [
              134.1391812932,
              35.0860240176
            ],
            [
              134.1393404343,
              35.0860528663
            ],
            [
              134.1395955828,
              35.0858889713
            ],
            [
              134.1396106243,
              35.0856415889
            ],
            [
              134.1399333378,
              35.08505433
            ],
            [
              134.1405753251,
              35.0853314255
            ],
            [
              134.1413565862,
              35.0854706327
            ],
            [
              134.1418188878,
              35.0858425821
            ],
            [
              134.1424821497,
              35.085688976
            ],
            [
              134.1426680555,
              35.0854179875
            ],
            [
              134.1430520119,
              35.085873123
            ],
            [
              134.1429319896,
              35.0864416958
            ],
            [
              134.1429297231,
              35.0874220181
            ],
            [
              134.1423631378,
              35.0883324318
            ],
            [
              134.1420211013,
              35.0885175334
            ],
            [
              134.1418120115,
              35.0887979188
            ],
            [
              134.1420093705,
              35.0898237695
            ],
            [
              134.1414865804,
              35.0905606495
            ],
            [
              134.1414863586,
              35.0906557943
            ],
            [
              134.141834951,
              35.0913868723
            ],
            [
              134.1418173133,
              35.0914914971
            ],
            [
              134.1412312926,
              35.0920284077
            ],
            [
              134.1410536714,
              35.0924587787
            ],
            [
              134.1406297324,
              35.0929958738
            ],
            [
              134.1405068308,
              35.0935571818
            ],
            [
              134.1400027861,
              35.093684904
            ],
            [
              134.1398374353,
              35.0938297872
            ],
            [
              134.1398312495,
              35.0939916152
            ],
            [
              134.1399351842,
              35.0941202377
            ],
            [
              134.1398756819,
              35.0948007359
            ],
            [
              134.1382254265,
              35.0960330728
            ],
            [
              134.1372233767,
              35.0973757411
            ],
            [
              134.1367542776,
              35.0974083619
            ],
            [
              134.1367497397,
              35.0980959926
            ],
            [
              134.1365211478,
              35.09830718
            ],
            [
              134.1350636645,
              35.0991562503
            ],
            [
              134.1346182799,
              35.0992815831
            ],
            [
              134.1319765543,
              35.1009157546
            ],
            [
              134.1316660231,
              35.1011858161
            ],
            [
              134.1311427896,
              35.1013201633
            ],
            [
              134.1310642238,
              35.1017657585
            ],
            [
              134.1311796207,
              35.102092164
            ]
          ]
        ]
      }
    },
    {
      "type": "Feature",
      "properties": {
        "key_code": "33622008003",
        "pref": "岡山県",
        "city": "勝田郡",
        "ward": "勝央町",
        "district": "植月東東組，い組",
        "name": "勝田郡 勝央町 植月東東組，い組"
      },
      "geometry": {
        "type": "Polygon",
        "coordinates": [
          [
            [
              134.1419158575,
              35.083982008
            ],
            [
              134.1426680555,
              35.0854179875
            ],
            [
              134.1425807583,
              35.085608282
            ],
            [
              134.1419346579,
              35.0858523435
            ],
            [
              134.1416801067,
              35.0857710211
            ],
            [
              134.1413565862,
              35.0854706327
            ],
            [
              134.1405753251,
              35.0853314255
            ],
            [
              134.1399333378,
              35.08505433
            ],
            [
              134.1396106243,
              35.0856415889
            ],
            [
              134.1395955828,
              35.0858889713
            ],
            [
              134.1393404343,
              35.0860528663
            ],
            [
              134.1391812932,
              35.0860240176
            ],
            [
              134.1390397697,
              35.0858905437
            ],
            [
              134.1390613152,
              35.0865711049
            ],
            [
              134.1383576714,
              35.0866580037
            ],
            [
              134.1381977894,
              35.0861554684
            ],
            [
              134.1375094955,
              35.0852310001
            ],
            [
              134.1368203464,
              35.0846707001
            ],
            [
              134.1365212454,
              35.0847719082
            ],
            [
              134.1363975921,
              35.0847632558
            ],
            [
              134.1363129691,
              35.0846369146
            ],
            [
              134.1364476929,
              35.0839850604
            ],
            [
              134.1363531399,
              35.0835780557
            ],
            [
              134.1363777084,
              35.0829879959
            ],
            [
              134.136106739,
              35.0825164048
            ],
            [
              134.135852617,
              35.0822637945
            ],
            [
              134.1359437246,
              35.0816951835
            ],
            [
              134.1356094553,
              35.0810616486
            ],
            [
              134.1352729555,
              35.0801640828
            ],
            [
              134.1353715887,
              35.0800738176
            ],
            [
              134.135858186,
              35.0799461554
            ],
            [
              134.135951491,
              35.0796655185
            ],
            [
              134.1354822894,
              35.078582024
            ],
            [
              134.1354196143,
              35.0781583794
            ],
            [
              134.1354492381,
              35.0766712437
            ],
            [
              134.1356522752,
              35.0765002992
            ],
            [
              134.1361786975,
              35.0766534173
            ],
            [
              134.1369261502,
              35.0763738426
            ],
            [
              134.1369076464,
              35.0756385651
            ],
            [
              134.137203487,
              35.0753820594
            ],
            [
              134.1370293113,
              35.074384756
            ],
            [
              134.1361577424,
              35.0709162006
            ],
            [
              134.1372713478,
              35.0713800677
            ],
            [
              134.1385898262,
              35.0723602656
            ],
            [
              134.1393462389,
              35.0733549777
            ],
            [
              134.1401204323,
              35.0747655111
            ],
            [
              134.14082055,
              35.0757923125
            ],
            [
              134.1412817056,
              35.0766306942
            ],
            [
              134.1415189887,
              35.0779040951
            ],
            [
              134.1406676882,
              35.0780359907
            ],
            [
              134.1397750583,
              35.0785104363
            ],
            [
              134.1396530461,
              35.0786911658
            ],
            [
              134.1395268682,
              35.079421424
            ],
            [
              134.1396391488,
              35.0796809124
            ],
            [
              134.1402164121,
              35.0803862365
            ],
            [
              134.1403796228,
              35.0811407607
            ],
            [
              134.1407934958,
              35.0824073295
            ],
            [
              134.1416971754,
              35.0834105759
            ],
            [
              134.1419158575,
              35.083982008
            ]
          ]
        ]
      }
    },
    {
      "type": "Feature",
      "properties": {
        "key_code": "33622008004",
        "pref": "岡山県",
        "city": "勝田郡",
        "ward": "勝央町",
        "district": "植月東更生",
        "name": "勝田郡 勝央町 植月東更生"
      },
      "geometry": {
        "type": "Polygon",
        "coordinates": [
          [
            [
              134.1363975921,
              35.0847632558
            ],
            [
              134.1341608924,
              35.0849036155
            ],
            [
              134.1332845684,
              35.0850376707
            ],
            [
              134.1313259359,
              35.085038928
            ],
            [
              134.1311383229,
              35.0846137363
            ],
            [
              134.1310379748,
              35.0835784505
            ],
            [
              134.1310875553,
              35.082344039
            ],
            [
              134.1316104134,
              35.0819199599
            ],
            [
              134.1320315105,
              35.0810405477
            ],
            [
              134.1322191164,
              35.0804608318
            ],
            [
              134.1330321603,
              35.0795741066
            ],
            [
              134.1330522885,
              35.0793646929
            ],
            [
              134.1327211723,
              35.0775134238
            ],
            [
              134.1324175682,
              35.0764516039
            ],
            [
              134.1331258372,
              35.0753209601
            ],
            [
              134.1335482687,
              35.0738101764
            ],
            [
              134.133818884,
              35.0735538484
            ],
            [
              134.1335396229,
              35.0728295516
            ],
            [
              134.1365196358,
              35.0723492529
            ],
            [
              134.1371352835,
              35.0748488946
            ],
            [
              134.137203487,
              35.0753820594
            ],
            [
              134.1369076464,
              35.0756385651
            ],
            [
              134.1369261502,
              35.0763738426
            ],
            [
              134.1361786975,
              35.0766534173
            ],
            [
              134.1356522752,
              35.0765002992
            ],
            [
              134.1354492381,
              35.0766712437
            ],
            [
              134.1354196143,
              35.0781583794
            ],
            [
              134.1354822894,
              35.078582024
            ],
            [
              134.135951491,
              35.0796655185
            ],
            [
              134.135858186,
              35.0799461554
            ],
            [
              134.1353715887,
              35.0800738176
            ],
            [
              134.1352729555,
              35.0801640828
            ],
            [
              134.1356094553,
              35.0810616486
            ],
            [
              134.1359437246,
              35.0816951835
            ],
            [
              134.135852617,
              35.0822637945
            ],
            [
              134.136106739,
              35.0825164048
            ],
            [
              134.1363777084,
              35.0829879959
            ],
            [
              134.1363531399,
              35.0835780557
            ],
            [
              134.1364476929,
              35.0839850604
            ],
            [
              134.1363129691,
              35.0846369146
            ],
            [
              134.1363975921,
              35.0847632558
            ]
          ]
        ]
      }
    },
    {
      "type": "Feature",
      "properties": {
        "key_code": "33622008005",
        "pref": "岡山県",
        "city": "勝田郡",
        "ward": "勝央町",
        "district": "植月東高屋，堀池畝",
        "name": "勝田郡 勝央町 植月東高屋，堀池畝"
      },
      "geometry": {
        "type": "Polygon",
        "coordinates": [
          [
            [
              134.1313259359,
              35.085038928
            ],
            [
              134.1310160443,
              35.0855177291
            ],
            [
              134.1302289069,
              35.0848075767
            ],
            [
              134.1293849676,
              35.0842845154
            ],
            [
              134.1290628963,
              35.0837563427
            ],
            [
              134.1287206699,
              35.0834456812
            ],
            [
              134.1285528033,
              35.0829760805
            ],
            [
              134.1261030548,
              35.0809621093
            ],
            [
              134.1258979945,
              35.0806838591
            ],
            [
              134.1243934655,
              35.0798415207
            ],
            [
              134.123210326,
              35.0788366162
            ],
            [
              134.1218622697,
              35.0781434688
            ],
            [
              134.1214513903,
              35.0778809786
            ],
            [
              134.1211338336,
              35.0775259706
            ],
            [
              134.1215680944,
              35.0772749577
            ],
            [
              134.1217162541,
              35.0768200547
            ],
            [
              134.1218488575,
              35.0766914076
            ],
            [
              134.1219954591,
              35.0768487832
            ],
            [
              134.122460686,
              35.0769301601
            ],
            [
              134.1233905091,
              35.0773466498
            ],
            [
              134.1251120301,
              35.0785739669
            ],
            [
              134.1257187569,
              35.0779246251
            ],
            [
              134.1268604316,
              35.076917512
            ],
            [
              134.1275900107,
              35.0761192772
            ],
            [
              134.1278064979,
              35.0757571617
            ],
            [
              134.1282822423,
              35.0745677702
            ],
            [
              134.1279652629,
              35.0739751643
            ],
            [
              134.1277723551,
              35.0733983321
            ],
            [
              134.1288227176,
              35.0729719168
            ],
            [
              134.1311272956,
              35.0728986604
            ],
            [
              134.1329063519,
              35.0732173994
            ],
            [
              134.133818884,
              35.0735538484
            ],
            [
              134.1335482687,
              35.0738101764
            ],
            [
              134.1331258372,
              35.0753209601
            ],
            [
              134.1324175682,
              35.0764516039
            ],
            [
              134.1327211723,
              35.0775134238
            ],
            [
              134.1330522885,
              35.0793646929
            ],
            [
              134.1330321603,
              35.0795741066
            ],
            [
              134.1322191164,
              35.0804608318
            ],
            [
              134.1320315105,
              35.0810405477
            ],
            [
              134.1316104134,
              35.0819199599
            ],
            [
              134.1310875553,
              35.082344039
            ],
            [
              134.1310379748,
              35.0835784505
            ],
            [
              134.1311383229,
              35.0846137363
            ],
            [
              134.1313259359,
              35.085038928
            ]
          ]
        ]
      }
    },
    {
      "type": "Feature",
      "properties": {
        "key_code": "33622009001",
        "pref": "岡山県",
        "city": "勝田郡",
        "ward": "勝央町",
        "district": "植月中大沢の一部，大砂，下村",
        "name": "勝田郡 勝央町 植月中大沢の一部，大砂，下村"
      },
      "geometry": {
        "type": "Polygon",
        "coordinates": [
          [
            [
              134.1130180597,
              35.0577281101
            ],
            [
              134.1138246465,
              35.0576206249
            ],
            [
              134.1140175488,
              35.0574923769
            ],
            [
              134.1161431915,
              35.0568975144
            ],
            [
              134.115412507,
              35.0572918546
            ],
            [
              134.1146156484,
              35.057583039
            ],
            [
              134.1141271881,
              35.0581135891
            ],
            [
              134.1140052948,
              35.0581672446
            ],
            [
              134.1134685381,
              35.0580843667
            ],
            [
              134.1133452221,
              35.058189289
            ],
            [
              134.1131027187,
              35.0586866877
            ],
            [
              134.1126200465,
              35.0588192669
            ],
            [
              134.1121746442,
              35.0597249755
            ],
            [
              134.1119233389,
              35.0598378318
            ],
            [
              134.1120149164,
              35.0605623983
            ],
            [
              134.1118931014,
              35.0610133234
            ],
            [
              134.1114093171,
              35.0615507026
            ],
            [
              134.1114150143,
              35.0621759543
            ],
            [
              134.1114979311,
              35.0624512596
            ],
            [
              134.11169902,
              35.0627146681
            ],
            [
              134.1128469535,
              35.0632084743
            ],
            [
              134.1132836739,
              35.0636989386
            ],
            [
              134.1132441597,
              35.0655846603
            ],
            [
              134.1135877548,
              35.066853935
            ],
            [
              134.1138444115,
              35.0675079517
            ],
            [
              134.1149556377,
              35.0698004884
            ],
            [
              134.1148419843,
              35.0699621923
            ],
            [
              134.1144818712,
              35.0702569085
            ],
            [
              134.1132231912,
              35.070645141
            ],
            [
              134.1123852744,
              35.0710645519
            ],
            [
              134.1122371134,
              35.0712504178
            ],
            [
              134.1122203758,
              35.0719787313
            ],
            [
              134.1117388161,
              35.0716703728
            ],
            [
              134.1110550133,
              35.0715193955
            ],
            [
              134.1107890274,
              35.0715917276
            ],
            [
              134.1098982276,
              35.071533397
            ],
            [
              134.1083816461,
              35.0717167307
            ],
            [
              134.107576475,
              35.0709544256
            ],
            [
              134.1072815587,
              35.0708000666
            ],
            [
              134.1067399566,
              35.0708558192
            ],
            [
              134.1055250042,
              35.0705419104
            ],
            [
              134.1052591517,
              35.0705657079
            ],
            [
              134.1047265243,
              35.0709288786
            ],
            [
              134.1035056902,
              35.0709670679
            ],
            [
              134.1031901932,
              35.0711364072
            ],
            [
              134.1024620224,
              35.0710217091
            ],
            [
              134.1012233547,
              35.071042165
            ],
            [
              134.1005936457,
              35.0708549642
            ],
            [
              134.1005152512,
              35.070700862
            ],
            [
              134.1010305045,
              35.0702018256
            ],
            [
              134.1019341653,
              35.0705296244
            ],
            [
              134.1022820543,
              35.0703256287
            ],
            [
              134.1025730929,
              35.0700577193
            ],
            [
              134.103057579,
              35.0692062018
            ],
            [
              134.1040674054,
              35.0686392119
            ],
            [
              134.1044324562,
              35.067851411
            ],
            [
              134.1043630255,
              35.0676531709
            ],
            [
              134.1044513929,
              35.0675723475
            ],
            [
              134.1046398632,
              35.0669035852
            ],
            [
              134.1046410973,
              35.0664603253
            ],
            [
              134.1048166833,
              35.0657638604
            ],
            [
              134.1047965239,
              35.0655592346
            ],
            [
              134.1052535592,
              35.064305032
            ],
            [
              134.1053117912,
              35.0638704019
            ],
            [
              134.1050241396,
              35.0638549289
            ],
            [
              134.1053098205,
              35.0636466545
            ],
            [
              134.1053394101,
              35.0623212901
            ],
            [
              134.1051628201,
              35.0615175358
            ],
            [
              134.1052204731,
              35.0612832698
            ],
            [
              134.1054439532,
              35.0610705847
            ],
            [
              134.1054285966,
              35.0610023139
            ],
            [
              134.1051490162,
              35.0608910079
            ],
            [
              134.1048241541,
              35.0605164374
            ],
            [
              134.1047321872,
              35.0601702655
            ],
            [
              134.1047203276,
              35.0595231779
            ],
            [
              134.1034271261,
              35.0593493162
            ],
            [
              134.1047988504,
              35.0583842702
            ],
            [
              134.1056086851,
              35.0580071168
            ],
            [
              134.1061814871,
              35.058045163
            ],
            [
              134.1064386961,
              35.0584611541
            ],
            [
              134.1067314985,
              35.0581939444
            ],
            [
              134.1069672187,
              35.0582589639
            ],
            [
              134.1072058151,
              35.0572803551
            ],
            [
              134.1073968931,
              35.0572345819
            ],
            [
              134.1075766257,
              35.0572349161
            ],
            [
              134.1079575869,
              35.0575865542
            ],
            [
              134.1081200055,
              35.0583250561
            ],
            [
              134.1089824104,
              35.0572984391
            ],
            [
              134.1093004623,
              35.0571034541
            ],
            [
              134.1097920959,
              35.0569412532
            ],
            [
              134.1111199354,
              35.0570617285
            ],
            [
              134.112576911,
              35.0574387031
            ],
            [
              134.1129889459,
              35.0574066345
            ],
            [
              134.1130180597,
              35.0577281101
            ]
          ]
        ]
      }
    },
    {
      "type": "Feature",
      "properties": {
        "key_code": "33622009002",
        "pref": "岡山県",
        "city": "勝田郡",
        "ward": "勝央町",
        "district": "植月中出雲乢，大谷",
        "name": "勝田郡 勝央町 植月中出雲乢，大谷"
      },
      "geometry": {
        "type": "Polygon",
        "coordinates": [
          [
            [
              134.1287195116,
              35.0730332949
            ],
            [
              134.1277723551,
              35.0733983321
            ],
            [
              134.1278870888,
              35.0737286827
            ],
            [
              134.1272264301,
              35.0738542591
            ],
            [
              134.1262266132,
              35.0742710974
            ],
            [
              134.1259054691,
              35.075053192
            ],
            [
              134.1229927234,
              35.0735732524
            ],
            [
              134.1157689642,
              35.0730176635
            ],
            [
              134.1152192568,
              35.0727995534
            ],
            [
              134.1146307104,
              35.0727080659
            ],
            [
              134.1133416344,
              35.0722057812
            ],
            [
              134.1122203758,
              35.0719787313
            ],
            [
              134.1122371134,
              35.0712504178
            ],
            [
              134.1123852744,
              35.0710645519
            ],
            [
              134.1132231912,
              35.070645141
            ],
            [
              134.1144818712,
              35.0702569085
            ],
            [
              134.1150817543,
              35.0696709905
            ],
            [
              134.1157260375,
              35.0694912248
            ],
            [
              134.1165512854,
              35.0695424948
            ],
            [
              134.1184074159,
              35.0699144785
            ],
            [
              134.1194494033,
              35.0702080955
            ],
            [
              134.1203342861,
              35.0706122773
            ],
            [
              134.1212528341,
              35.0707631201
            ],
            [
              134.1224937046,
              35.0707495085
            ],
            [
              134.1228298884,
              35.0705464911
            ],
            [
              134.123045521,
              35.0701532543
            ],
            [
              134.123304429,
              35.0700360919
            ],
            [
              134.1235046748,
              35.0702649694
            ],
            [
              134.1256709752,
              35.0709410495
            ],
            [
              134.1258592512,
              35.0705717052
            ],
            [
              134.126084516,
              35.0703949692
            ],
            [
              134.1263092922,
              35.0704107755
            ],
            [
              134.1267490407,
              35.0706116754
            ],
            [
              134.1276560659,
              35.0712524701
            ],
            [
              134.1276932732,
              35.0713603557
            ],
            [
              134.1273268083,
              35.0718141217
            ],
            [
              134.1279814296,
              35.072246519
            ],
            [
              134.1287195116,
              35.0730332949
            ]
          ]
        ]
      }
    },
    {
      "type": "Feature",
      "properties": {
        "key_code": "33622009003",
        "pref": "岡山県",
        "city": "勝田郡",
        "ward": "勝央町",
        "district": "植月中明穂，学，畝，城東",
        "name": "勝田郡 勝央町 植月中明穂，学，畝，城東"
      },
      "geometry": {
        "type": "Polygon",
        "coordinates": [
          [
            [
              134.1251046413,
              35.0707822545
            ],
            [
              134.1235046748,
              35.0702649694
            ],
            [
              134.123304429,
              35.0700360919
            ],
            [
              134.123045521,
              35.0701532543
            ],
            [
              134.1228298884,
              35.0705464911
            ],
            [
              134.1224937046,
              35.0707495085
            ],
            [
              134.1212528341,
              35.0707631201
            ],
            [
              134.1203342861,
              35.0706122773
            ],
            [
              134.1194494033,
              35.0702080955
            ],
            [
              134.1184074159,
              35.0699144785
            ],
            [
              134.1165512854,
              35.0695424948
            ],
            [
              134.1157260375,
              35.0694912248
            ],
            [
              134.1150817543,
              35.0696709905
            ],
            [
              134.1149556377,
              35.0698004884
            ],
            [
              134.1135877548,
              35.066853935
            ],
            [
              134.1132441597,
              35.0655846603
            ],
            [
              134.1132836739,
              35.0636989386
            ],
            [
              134.1128469535,
              35.0632084743
            ],
            [
              134.11169902,
              35.0627146681
            ],
            [
              134.1114979311,
              35.0624512596
            ],
            [
              134.1114150143,
              35.0621759543
            ],
            [
              134.1114193431,
              35.0614859292
            ],
            [
              134.1118931014,
              35.0610133234
            ],
            [
              134.111972545,
              35.060758598
            ],
            [
              134.1120149164,
              35.0605623983
            ],
            [
              134.1119233389,
              35.0598378318
            ],
            [
              134.1121746442,
              35.0597249755
            ],
            [
              134.1126200465,
              35.0588192669
            ],
            [
              134.1131027187,
              35.0586866877
            ],
            [
              134.1133452221,
              35.058189289
            ],
            [
              134.1134685381,
              35.0580843667
            ],
            [
              134.1140052948,
              35.0581672446
            ],
            [
              134.1146156484,
              35.057583039
            ],
            [
              134.1167454582,
              35.0566908359
            ],
            [
              134.1170126596,
              35.0578338293
            ],
            [
              134.1173576406,
              35.0601948318
            ],
            [
              134.1173798987,
              35.060637708
            ],
            [
              134.1172755408,
              35.0611458543
            ],
            [
              134.1178929024,
              35.0614549945
            ],
            [
              134.1199824837,
              35.0629103774
            ],
            [
              134.1206741147,
              35.0634814792
            ],
            [
              134.1233852786,
              35.0673099037
            ],
            [
              134.1240228355,
              35.0670721887
            ],
            [
              134.1257655814,
              35.0687271604
            ],
            [
              134.124996539,
              35.0690954395
            ],
            [
              134.1249494118,
              35.0692109276
            ],
            [
              134.1251046413,
              35.0707822545
            ]
          ]
        ]
      }
    },
    {
      "type": "Feature",
      "properties": {
        "key_code": "33622009004",
        "pref": "岡山県",
        "city": "勝田郡",
        "ward": "勝央町",
        "district": "植月中河内，平広",
        "name": "勝田郡 勝央町 植月中河内，平広"
      },
      "geometry": {
        "type": "Polygon",
        "coordinates": [
          [
            [
              134.1285793265,
              35.0728943902
            ],
            [
              134.1279814296,
              35.072246519
            ],
            [
              134.1273268083,
              35.0718141217
            ],
            [
              134.1276932732,
              35.0713603557
            ],
            [
              134.1276560659,
              35.0712524701
            ],
            [
              134.1267490407,
              35.0706116754
            ],
            [
              134.1263092922,
              35.0704107755
            ],
            [
              134.126084516,
              35.0703949692
            ],
            [
              134.1258592512,
              35.0705717052
            ],
            [
              134.1256709752,
              35.0709410495
            ],
            [
              134.1251046413,
              35.0707822545
            ],
            [
              134.1249494118,
              35.0692109276
            ],
            [
              134.124996539,
              35.0690954395
            ],
            [
              134.1257655814,
              35.0687271604
            ],
            [
              134.1240228355,
              35.0670721887
            ],
            [
              134.1233852786,
              35.0673099037
            ],
            [
              134.1206741147,
              35.0634814792
            ],
            [
              134.1199824837,
              35.0629103774
            ],
            [
              134.1178929024,
              35.0614549945
            ],
            [
              134.1172755408,
              35.0611458543
            ],
            [
              134.1173798987,
              35.060637708
            ],
            [
              134.1173576406,
              35.0601948318
            ],
            [
              134.1170126596,
              35.0578338293
            ],
            [
              134.1166150264,
              35.0559583872
            ],
            [
              134.117783655,
              35.0554557299
            ],
            [
              134.1185181657,
              35.0552987169
            ],
            [
              134.1202340591,
              35.0535342023
            ],
            [
              134.1204651855,
              35.0534299557
            ],
            [
              134.1210621144,
              35.0534767794
            ],
            [
              134.1218518625,
              35.0528365715
            ],
            [
              134.1224470432,
              35.0531882664
            ],
            [
              134.1228391764,
              35.0535635348
            ],
            [
              134.1233936994,
              35.0538774573
            ],
            [
              134.1240081676,
              35.0539273136
            ],
            [
              134.124551714,
              35.0536613966
            ],
            [
              134.1249206445,
              35.0533490519
            ],
            [
              134.1255579915,
              35.0529857438
            ],
            [
              134.1266887622,
              35.0524232461
            ],
            [
              134.127440923,
              35.052314221
            ],
            [
              134.128332999,
              35.0523773401
            ],
            [
              134.1285084289,
              35.0520953589
            ],
            [
              134.1285286847,
              35.0514745021
            ],
            [
              134.1286603032,
              35.0512285065
            ],
            [
              134.1288414894,
              35.0511364076
            ],
            [
              134.1291825417,
              35.0507341294
            ],
            [
              134.1292310279,
              35.0500543711
            ],
            [
              134.1294072198,
              35.0494440557
            ],
            [
              134.1304038545,
              35.0481944201
            ],
            [
              134.1309765312,
              35.0481863521
            ],
            [
              134.1315708603,
              35.0483322022
            ],
            [
              134.1323630014,
              35.0486504977
            ],
            [
              134.132715377,
              35.0486600895
            ],
            [
              134.133508975,
              35.048380661
            ],
            [
              134.1337409863,
              35.0480731288
            ],
            [
              134.1338638735,
              35.0474374381
            ],
            [
              134.1343881066,
              35.0473715944
            ],
            [
              134.1349647625,
              35.047504512
            ],
            [
              134.1354796323,
              35.0475118968
            ],
            [
              134.1365703995,
              35.0479703129
            ],
            [
              134.1369561058,
              35.048437869
            ],
            [
              134.1377480684,
              35.048613659
            ],
            [
              134.1381935712,
              35.0488682634
            ],
            [
              134.1384301339,
              35.0488554003
            ],
            [
              134.1387467307,
              35.0496183542
            ],
            [
              134.1388377926,
              35.0507120976
            ],
            [
              134.1387718711,
              35.0508660875
            ],
            [
              134.13832151,
              35.0512196201
            ],
            [
              134.1368601831,
              35.053346724
            ],
            [
              134.1363533875,
              35.0552780021
            ],
            [
              134.1364219118,
              35.0569627953
            ],
            [
              134.1359545144,
              35.0578196293
            ],
            [
              134.1354219603,
              35.058396761
            ],
            [
              134.134927318,
              35.0587268234
            ],
            [
              134.1301388779,
              35.0616107977
            ],
            [
              134.1299563354,
              35.065555631
            ],
            [
              134.129772442,
              35.0658536493
            ],
            [
              134.1287302714,
              35.0668375847
            ],
            [
              134.1286267472,
              35.0670377732
            ],
            [
              134.1285276704,
              35.0673262828
            ],
            [
              134.1285342971,
              35.0684198712
            ],
            [
              134.1284294038,
              35.0691667045
            ],
            [
              134.1282321283,
              35.0693897628
            ],
            [
              134.1280388578,
              35.0698861518
            ],
            [
              134.1280287861,
              35.0701710782
            ],
            [
              134.1288033456,
              35.0713430044
            ],
            [
              134.128829966,
              35.0719360347
            ],
            [
              134.1287029986,
              35.0721399147
            ],
            [
              134.1286923927,
              35.0726404843
            ],
            [
              134.1285793265,
              35.0728943902
            ]
          ]
        ]
      }
    },
    {
      "type": "Feature",
      "properties": {
        "key_code": "33622010001",
        "pref": "岡山県",
        "city": "勝田郡",
        "ward": "勝央町",
        "district": "植月北高根",
        "name": "勝田郡 勝央町 植月北高根"
      },
      "geometry": {
        "type": "Polygon",
        "coordinates": [
          [
            [
              134.1255538024,
              35.0995592889
            ],
            [
              134.1252697598,
              35.0992116001
            ],
            [
              134.1255779423,
              35.0986573098
            ],
            [
              134.1251335761,
              35.0981577176
            ],
            [
              134.1251991774,
              35.0977596394
            ],
            [
              134.1251001849,
              35.0973215583
            ],
            [
              134.1251268022,
              35.0970137698
            ],
            [
              134.1249790989,
              35.0966844837
            ],
            [
              134.1242953396,
              35.0963594843
            ],
            [
              134.1241989309,
              35.0961788151
            ],
            [
              134.123921706,
              35.0959872691
            ],
            [
              134.1237063931,
              35.0955860997
            ],
            [
              134.1234677056,
              35.0954795528
            ],
            [
              134.1229896303,
              35.0955477413
            ],
            [
              134.1226348937,
              35.0953612685
            ],
            [
              134.1221451152,
              35.0947006627
            ],
            [
              134.1206048618,
              35.0937225147
            ],
            [
              134.1198907957,
              35.0930043319
            ],
            [
              134.1196051889,
              35.0930762275
            ],
            [
              134.1194368749,
              35.0928478941
            ],
            [
              134.1190872308,
              35.092767909
            ],
            [
              134.1189439656,
              35.0921925606
            ],
            [
              134.1187396351,
              35.0918947222
            ],
            [
              134.1183784317,
              35.0916164662
            ],
            [
              134.1182389461,
              35.0912205683
            ],
            [
              134.1177875483,
              35.0907858061
            ],
            [
              134.1179461193,
              35.0904536076
            ],
            [
              134.1178030761,
              35.0900927042
            ],
            [
              134.1175264304,
              35.0897005049
            ],
            [
              134.1167392239,
              35.0892145054
            ],
            [
              134.1161775705,
              35.0889993386
            ],
            [
              134.1157948975,
              35.0885139843
            ],
            [
              134.1137392565,
              35.0867716843
            ],
            [
              134.111617043,
              35.0854999531
            ],
            [
              134.1117610849,
              35.084779196
            ],
            [
              134.1116202751,
              35.0843037049
            ],
            [
              134.1115829201,
              35.0827106744
            ],
            [
              134.1126513538,
              35.082611983
            ],
            [
              134.1140566223,
              35.0820606314
            ],
            [
              134.1146888068,
              35.082021489
            ],
            [
              134.1164293616,
              35.0825220299
            ],
            [
              134.1173697016,
              35.0826848409
            ],
            [
              134.118479296,
              35.0827654049
            ],
            [
              134.1196350234,
              35.08301309
            ],
            [
              134.1206174362,
              35.0830128443
            ],
            [
              134.1223695034,
              35.0828728679
            ],
            [
              134.1222485512,
              35.0822644618
            ],
            [
              134.1224054371,
              35.0822325504
            ],
            [
              134.1231861391,
              35.0825500465
            ],
            [
              134.12337745,
              35.0824576983
            ],
            [
              134.1240504658,
              35.0817742546
            ],
            [
              134.1246539288,
              35.0814611255
            ],
            [
              134.1251880805,
              35.0814338029
            ],
            [
              134.1262092985,
              35.0815785862
            ],
            [
              134.1268024171,
              35.0814829029
            ],
            [
              134.1285528033,
              35.0829760805
            ],
            [
              134.1287206699,
              35.0834456812
            ],
            [
              134.1290628963,
              35.0837563427
            ],
            [
              134.1293849676,
              35.0842845154
            ],
            [
              134.1302289069,
              35.0848075767
            ],
            [
              134.1309916298,
              35.0854814194
            ],
            [
              134.1308737604,
              35.0855939741
            ],
            [
              134.1306580363,
              35.085641996
            ],
            [
              134.1309432846,
              35.0862124282
            ],
            [
              134.1308296221,
              35.0875997665
            ],
            [
              134.1312315938,
              35.0885287902
            ],
            [
              134.1310497608,
              35.0887460315
            ],
            [
              134.1312059045,
              35.0900130393
            ],
            [
              134.1313756667,
              35.0937167989
            ],
            [
              134.1295339024,
              35.0953651253
            ],
            [
              134.1294703505,
              35.0962852766
            ],
            [
              134.1287752466,
              35.0969547724
            ],
            [
              134.1282339425,
              35.0978480593
            ],
            [
              134.1273870281,
              35.0984608097
            ],
            [
              134.1255538024,
              35.0995592889
            ]
          ]
        ]
      }
    },
    {
      "type": "Feature",
      "properties": {
        "key_code": "33622010002",
        "pref": "岡山県",
        "city": "勝田郡",
        "ward": "勝央町",
        "district": "植月北鳥羽野，宮代",
        "name": "勝田郡 勝央町 植月北鳥羽野，宮代"
      },
      "geometry": {
        "type": "Polygon",
        "coordinates": [
          [
            [
              134.1115829201,
              35.0827106744
            ],
            [
              134.1114724475,
              35.0818928985
            ],
            [
              134.1125329495,
              35.0792687228
            ],
            [
              134.1127385344,
              35.0784333524
            ],
            [
              134.1136886272,
              35.0785880427
            ],
            [
              134.1138348484,
              35.0779620806
            ],
            [
              134.1140957479,
              35.077507391
            ],
            [
              134.1143719314,
              35.0759068316
            ],
            [
              134.1115724159,
              35.0757225801
            ],
            [
              134.1116670792,
              35.0742304307
            ],
            [
              134.1122203758,
              35.0719787313
            ],
            [
              134.1133416344,
              35.0722057812
            ],
            [
              134.1146307104,
              35.0727080659
            ],
            [
              134.1152192568,
              35.0727995534
            ],
            [
              134.1157689642,
              35.0730176635
            ],
            [
              134.1229927234,
              35.0735732524
            ],
            [
              134.1259054691,
              35.075053192
            ],
            [
              134.1262266132,
              35.0742710974
            ],
            [
              134.1272264301,
              35.0738542591
            ],
            [
              134.1278870888,
              35.0737286827
            ],
            [
              134.1282822423,
              35.0745677702
            ],
            [
              134.1278064979,
              35.0757571617
            ],
            [
              134.1275900107,
              35.0761192772
            ],
            [
              134.1268604316,
              35.076917512
            ],
            [
              134.1257187569,
              35.0779246251
            ],
            [
              134.1251120301,
              35.0785739669
            ],
            [
              134.1233905091,
              35.0773466498
            ],
            [
              134.122460686,
              35.0769301601
            ],
            [
              134.1219954591,
              35.0768487832
            ],
            [
              134.1218488575,
              35.0766914076
            ],
            [
              134.1217162541,
              35.0768200547
            ],
            [
              134.1215680944,
              35.0772749577
            ],
            [
              134.1211338336,
              35.0775259706
            ],
            [
              134.1214513903,
              35.0778809786
            ],
            [
              134.1218622697,
              35.0781434688
            ],
            [
              134.123210326,
              35.0788366162
            ],
            [
              134.1243934655,
              35.0798415207
            ],
            [
              134.1258979945,
              35.0806838591
            ],
            [
              134.1261030548,
              35.0809621093
            ],
            [
              134.1268024171,
              35.0814829029
            ],
            [
              134.1262092985,
              35.0815785862
            ],
            [
              134.1251880805,
              35.0814338029
            ],
            [
              134.1246539288,
              35.0814611255
            ],
            [
              134.1240504658,
              35.0817742546
            ],
            [
              134.12337745,
              35.0824576983
            ],
            [
              134.1231861391,
              35.0825500465
            ],
            [
              134.1224054371,
              35.0822325504
            ],
            [
              134.1222485512,
              35.0822644618
            ],
            [
              134.1223695034,
              35.0828728679
            ],
            [
              134.1206174362,
              35.0830128443
            ],
            [
              134.1196350234,
              35.08301309
            ],
            [
              134.118479296,
              35.0827654049
            ],
            [
              134.1173697016,
              35.0826848409
            ],
            [
              134.1164293616,
              35.0825220299
            ],
            [
              134.1146888068,
              35.082021489
            ],
            [
              134.1140566223,
              35.0820606314
            ],
            [
              134.1126513538,
              35.082611983
            ],
            [
              134.1115829201,
              35.0827106744
            ]
          ]
        ]
      }
    },
    {
      "type": "Feature",
      "properties": {
        "key_code": "33622010003",
        "pref": "岡山県",
        "city": "勝田郡",
        "ward": "勝央町",
        "district": "植月北田中，共栄，新道",
        "name": "勝田郡 勝央町 植月北田中，共栄，新道"
      },
      "geometry": {
        "type": "Polygon",
        "coordinates": [
          [
            [
              134.1114724475,
              35.0818928985
            ],
            [
              134.1105225376,
              35.0816494562
            ],
            [
              134.1100576138,
              35.0814511971
            ],
            [
              134.1096233963,
              35.080769731
            ],
            [
              134.1092984723,
              35.080436863
            ],
            [
              134.1084958999,
              35.0800769111
            ],
            [
              134.1081981969,
              35.0796534524
            ],
            [
              134.1079732388,
              35.0794999289
            ],
            [
              134.1079368352,
              35.0793730243
            ],
            [
              134.1080746444,
              35.0791436909
            ],
            [
              134.1080604953,
              35.0789463314
            ],
            [
              134.1078702485,
              35.0786398371
            ],
            [
              134.1074842241,
              35.0782645944
            ],
            [
              134.1072241444,
              35.0775209072
            ],
            [
              134.1060743158,
              35.0760748206
            ],
            [
              134.10527668,
              35.0757229565
            ],
            [
              134.1044234514,
              35.0751030829
            ],
            [
              134.1038602051,
              35.075045679
            ],
            [
              134.1018037363,
              35.0754585546
            ],
            [
              134.1015141523,
              35.0736547476
            ],
            [
              134.1012851734,
              35.0734260599
            ],
            [
              134.1012103262,
              35.0732287242
            ],
            [
              134.1012556592,
              35.072949854
            ],
            [
              134.1013997112,
              35.0729163248
            ],
            [
              134.1014754978,
              35.0727811806
            ],
            [
              134.1011053509,
              35.0715660488
            ],
            [
              134.1012233547,
              35.071042165
            ],
            [
              134.1024620224,
              35.0710217091
            ],
            [
              134.1031901932,
              35.0711364072
            ],
            [
              134.1035056902,
              35.0709670679
            ],
            [
              134.1047265243,
              35.0709288786
            ],
            [
              134.1052591517,
              35.0705657079
            ],
            [
              134.1055250042,
              35.0705419104
            ],
            [
              134.1067399566,
              35.0708558192
            ],
            [
              134.1072815587,
              35.0708000666
            ],
            [
              134.107576475,
              35.0709544256
            ],
            [
              134.1083816461,
              35.0717167307
            ],
            [
              134.1098982276,
              35.071533397
            ],
            [
              134.1107890274,
              35.0715917276
            ],
            [
              134.1110550133,
              35.0715193955
            ],
            [
              134.1117388161,
              35.0716703728
            ],
            [
              134.1122203758,
              35.0719787313
            ],
            [
              134.1116670792,
              35.0742304307
            ],
            [
              134.1115724159,
              35.0757225801
            ],
            [
              134.1143719314,
              35.0759068316
            ],
            [
              134.1140957479,
              35.077507391
            ],
            [
              134.1138348484,
              35.0779620806
            ],
            [
              134.1136886272,
              35.0785880427
            ],
            [
              134.1127385344,
              35.0784333524
            ],
            [
              134.1125329495,
              35.0792687228
            ],
            [
              134.1114724475,
              35.0818928985
            ]
          ]
        ]
      }
    },
    {
      "type": "Feature",
      "properties": {
        "key_code": "33622010004",
        "pref": "岡山県",
        "city": "勝田郡",
        "ward": "勝央町",
        "district": "植月北畑田，常重，前田",
        "name": "勝田郡 勝央町 植月北畑田，常重，前田"
      },
      "geometry": {
        "type": "Polygon",
        "coordinates": [
          [
            [
              134.111617043,
              35.0854999531
            ],
            [
              134.1104981428,
              35.0848356197
            ],
            [
              134.1104301308,
              35.0846326683
            ],
            [
              134.1097409935,
              35.0846792204
            ],
            [
              134.1095905915,
              35.0845211893
            ],
            [
              134.1094893281,
              35.0839461867
            ],
            [
              134.1092845973,
              35.0835964263
            ],
            [
              134.1071403467,
              35.0842545947
            ],
            [
              134.1059123204,
              35.0845454131
            ],
            [
              134.1044175931,
              35.0845989448
            ],
            [
              134.104368707,
              35.0836886691
            ],
            [
              134.1042667722,
              35.0833672636
            ],
            [
              134.104075159,
              35.0832372481
            ],
            [
              134.1038858062,
              35.0823070578
            ],
            [
              134.1042219056,
              35.0822456474
            ],
            [
              134.1041501621,
              35.0821581839
            ],
            [
              134.1041309228,
              35.0816848153
            ],
            [
              134.104062725,
              35.0815550326
            ],
            [
              134.1033152473,
              35.081632496
            ],
            [
              134.1035354851,
              35.0813286019
            ],
            [
              134.1034263249,
              35.0811424006
            ],
            [
              134.1034962409,
              35.0806579324
            ],
            [
              134.1036512213,
              35.0803904666
            ],
            [
              134.1030523258,
              35.0788283417
            ],
            [
              134.1025926446,
              35.078957053
            ],
            [
              134.1023981379,
              35.078649556
            ],
            [
              134.1022566131,
              35.0777813586
            ],
            [
              134.1018716408,
              35.0769438248
            ],
            [
              134.1018588073,
              35.0766337859
            ],
            [
              134.1016887483,
              35.0761656932
            ],
            [
              134.1018058806,
              35.075951822
            ],
            [
              134.1018037363,
              35.0754585546
            ],
            [
              134.1038602051,
              35.075045679
            ],
            [
              134.1044234514,
              35.0751030829
            ],
            [
              134.10527668,
              35.0757229565
            ],
            [
              134.1060743158,
              35.0760748206
            ],
            [
              134.1072241444,
              35.0775209072
            ],
            [
              134.1074842241,
              35.0782645944
            ],
            [
              134.1078702485,
              35.0786398371
            ],
            [
              134.1080604953,
              35.0789463314
            ],
            [
              134.1080746444,
              35.0791436909
            ],
            [
              134.1079368352,
              35.0793730243
            ],
            [
              134.1079732388,
              35.0794999289
            ],
            [
              134.1081981969,
              35.0796534524
            ],
            [
              134.1084958999,
              35.0800769111
            ],
            [
              134.1092984723,
              35.080436863
            ],
            [
              134.1096233963,
              35.080769731
            ],
            [
              134.1100576138,
              35.0814511971
            ],
            [
              134.1105225376,
              35.0816494562
            ],
            [
              134.1114724475,
              35.0818928985
            ],
            [
              134.1115829201,
              35.0827106744
            ],
            [
              134.1116202751,
              35.0843037049
            ],
            [
              134.1117610849,
              35.084779196
            ],
            [
              134.111617043,
              35.0854999531
            ]
          ]
        ]
      }
    },
    {
      "type": "Feature",
      "properties": {
        "key_code": "33622011001",
        "pref": "岡山県",
        "city": "勝田郡",
        "ward": "勝央町",
        "district": "豊久田豊上",
        "name": "勝田郡 勝央町 豊久田豊上"
      },
      "geometry": {
        "type": "Polygon",
        "coordinates": [
          [
            [
              134.1733197314,
              35.0881374068
            ],
            [
              134.1727568402,
              35.0879824299
            ],
            [
              134.1716492557,
              35.0875106517
            ],
            [
              134.1703665923,
              35.0874318172
            ],
            [
              134.1700896343,
              35.0873432706
            ],
            [
              134.1697859453,
              35.0872106017
            ],
            [
              134.1696699458,
              35.087107482
            ],
            [
              134.1695810744,
              35.0868429124
            ],
            [
              134.1693846256,
              35.0867323594
            ],
            [
              134.168285594,
              35.0864737418
            ],
            [
              134.1668531104,
              35.0853291906
            ],
            [
              134.1663535282,
              35.0848215065
            ],
            [
              134.1653895681,
              35.0841000659
            ],
            [
              134.1651125811,
              35.0840335517
            ],
            [
              134.1648978226,
              35.0841434704
            ],
            [
              134.1646118759,
              35.0840915902
            ],
            [
              134.1644422419,
              35.083988532
            ],
            [
              134.1643354905,
              35.0837311862
            ],
            [
              134.1639919502,
              35.0834331557
            ],
            [
              134.163599031,
              35.0832341446
            ],
            [
              134.1636092408,
              35.0826169431
            ],
            [
              134.1633602223,
              35.0819993786
            ],
            [
              134.1626374279,
              35.0813884691
            ],
            [
              134.1619730496,
              35.0806343212
            ],
            [
              134.1618947995,
              35.0795761253
            ],
            [
              134.1620028023,
              35.0792235834
            ],
            [
              134.1619194746,
              35.0784556069
            ],
            [
              134.1616622304,
              35.0774999745
            ],
            [
              134.1616073187,
              35.0759678335
            ],
            [
              134.1610734122,
              35.0748281311
            ],
            [
              134.1609928985,
              35.0743551007
            ],
            [
              134.1605260297,
              35.0737141135
            ],
            [
              134.1611693527,
              35.073817996
            ],
            [
              134.1614019512,
              35.0737227589
            ],
            [
              134.1618933356,
              35.0738116316
            ],
            [
              134.1633101582,
              35.0737438425
            ],
            [
              134.1644733178,
              35.0731429046
            ],
            [
              134.1644919054,
              35.0727974876
            ],
            [
              134.1652069924,
              35.0727691181
            ],
            [
              134.1651549827,
              35.0719682228
            ],
            [
              134.1662857354,
              35.0719073249
            ],
            [
              134.1663217851,
              35.0717603238
            ],
            [
              134.1703765005,
              35.0710273754
            ],
            [
              134.1708140312,
              35.0712410764
            ],
            [
              134.1715560474,
              35.0711392505
            ],
            [
              134.172789037,
              35.0713540151
            ],
            [
              134.1751527283,
              35.0715371748
            ],
            [
              134.1760288446,
              35.0714280429
            ],
            [
              134.176633298,
              35.0716090575
            ],
            [
              134.1765373181,
              35.0721838212
            ],
            [
              134.1767854284,
              35.0724643012
            ],
            [
              134.177258182,
              35.0727185934
            ],
            [
              134.177338163,
              35.0728372956
            ],
            [
              134.1768564165,
              35.0731037229
            ],
            [
              134.1765417342,
              35.0738641953
            ],
            [
              134.1763635503,
              35.0738977666
            ],
            [
              134.175988203,
              35.0737633235
            ],
            [
              134.174647701,
              35.0745044138
            ],
            [
              134.1742227174,
              35.0745282884
            ],
            [
              134.1736186124,
              35.074887365
            ],
            [
              134.1729044004,
              35.0750400832
            ],
            [
              134.1724915268,
              35.0753888463
            ],
            [
              134.1701592472,
              35.0766998748
            ],
            [
              134.1704391575,
              35.0774857202
            ],
            [
              134.1704784426,
              35.0780394671
            ],
            [
              134.1706093096,
              35.0784833289
            ],
            [
              134.1713640069,
              35.0796215809
            ],
            [
              134.1723036826,
              35.0803690699
            ],
            [
              134.1723915273,
              35.0811753515
            ],
            [
              134.1721936087,
              35.0813143204
            ],
            [
              134.1716593303,
              35.0814053716
            ],
            [
              134.1713695634,
              35.0819620531
            ],
            [
              134.1712557294,
              35.0825890434
            ],
            [
              134.1712809016,
              35.0827567615
            ],
            [
              134.1715862107,
              35.0830995105
            ],
            [
              134.1731925664,
              35.0845783375
            ],
            [
              134.1723388227,
              35.0850987765
            ],
            [
              134.1721407611,
              35.0853168336
            ],
            [
              134.1722509794,
              35.0854636769
            ],
            [
              134.1730637976,
              35.0860114726
            ],
            [
              134.1734412483,
              35.0864312166
            ],
            [
              134.1735677027,
              35.0869728183
            ],
            [
              134.1734739223,
              35.0871194618
            ],
            [
              134.1733197314,
              35.0881374068
            ]
          ]
        ]
      }
    },
    {
      "type": "Feature",
      "properties": {
        "key_code": "33622011002",
        "pref": "岡山県",
        "city": "勝田郡",
        "ward": "勝央町",
        "district": "豊久田豊中",
        "name": "勝田郡 勝央町 豊久田豊中"
      },
      "geometry": {
        "type": "Polygon",
        "coordinates": [
          [
            [
              134.1605260297,
              35.0737141135
            ],
            [
              134.1602095747,
              35.0733132131
            ],
            [
              134.1599516814,
              35.072695622
            ],
            [
              134.1599344614,
              35.0723796632
            ],
            [
              134.1601323697,
              35.0717699804
            ],
            [
              134.1601104104,
              35.0715899375
            ],
            [
              134.159423848,
              35.0708101033
            ],
            [
              134.1592107654,
              35.0701337705
            ],
            [
              134.1593370077,
              35.0696049041
            ],
            [
              134.1601424408,
              35.0690990537
            ],
            [
              134.1601417026,
              35.0694516814
            ],
            [
              134.1604267186,
              35.0699224026
            ],
            [
              134.1617686862,
              35.0692777263
            ],
            [
              134.162385304,
              35.0693079694
            ],
            [
              134.1626629682,
              35.0690143997
            ],
            [
              134.1636921397,
              35.0683472134
            ],
            [
              134.1641207872,
              35.0685167703
            ],
            [
              134.1649477736,
              35.0683820021
            ],
            [
              134.1672491337,
              35.068388852
            ],
            [
              134.1679955618,
              35.0683126881
            ],
            [
              134.1700063591,
              35.068359513
            ],
            [
              134.1714537972,
              35.0685819728
            ],
            [
              134.1722939354,
              35.068561053
            ],
            [
              134.1760684241,
              35.0670449743
            ],
            [
              134.1764215203,
              35.0670050824
            ],
            [
              134.177449211,
              35.0670577683
            ],
            [
              134.1779578601,
              35.0674773378
            ],
            [
              134.1781448558,
              35.0678376801
            ],
            [
              134.1781738808,
              35.0686937725
            ],
            [
              134.1779415089,
              35.069138225
            ],
            [
              134.1779528907,
              35.0695160865
            ],
            [
              134.1783269128,
              35.0699738601
            ],
            [
              134.1786765877,
              35.0701845353
            ],
            [
              134.1785437176,
              35.0704645176
            ],
            [
              134.1784903143,
              35.0711433552
            ],
            [
              134.1772680496,
              35.0706720938
            ],
            [
              134.176656354,
              35.0709161643
            ],
            [
              134.1765809901,
              35.0713534128
            ],
            [
              134.176633298,
              35.0716090575
            ],
            [
              134.1760288446,
              35.0714280429
            ],
            [
              134.1751527283,
              35.0715371748
            ],
            [
              134.172789037,
              35.0713540151
            ],
            [
              134.1715560474,
              35.0711392505
            ],
            [
              134.1708140312,
              35.0712410764
            ],
            [
              134.1703765005,
              35.0710273754
            ],
            [
              134.1663217851,
              35.0717603238
            ],
            [
              134.1662857354,
              35.0719073249
            ],
            [
              134.1651549827,
              35.0719682228
            ],
            [
              134.1652069924,
              35.0727691181
            ],
            [
              134.1644919054,
              35.0727974876
            ],
            [
              134.1644733178,
              35.0731429046
            ],
            [
              134.1633101582,
              35.0737438425
            ],
            [
              134.1618933356,
              35.0738116316
            ],
            [
              134.1614019512,
              35.0737227589
            ],
            [
              134.1611693527,
              35.073817996
            ],
            [
              134.1605260297,
              35.0737141135
            ]
          ]
        ]
      }
    },
    {
      "type": "Feature",
      "properties": {
        "key_code": "33622011003",
        "pref": "岡山県",
        "city": "勝田郡",
        "ward": "勝央町",
        "district": "豊久田後土居，小逧，早婦，勝負",
        "name": "勝田郡 勝央町 豊久田後土居，小逧，早婦，勝負"
      },
      "geometry": {
        "type": "Polygon",
        "coordinates": [
          [
            [
              134.1772258658,
              35.067006135
            ],
            [
              134.1760684241,
              35.0670449743
            ],
            [
              134.1722939354,
              35.068561053
            ],
            [
              134.1714537972,
              35.0685819728
            ],
            [
              134.1700063591,
              35.068359513
            ],
            [
              134.1679955618,
              35.0683126881
            ],
            [
              134.1672491337,
              35.068388852
            ],
            [
              134.1649477736,
              35.0683820021
            ],
            [
              134.1641207872,
              35.0685167703
            ],
            [
              134.1636921397,
              35.0683472134
            ],
            [
              134.1626629682,
              35.0690143997
            ],
            [
              134.162385304,
              35.0693079694
            ],
            [
              134.1617686862,
              35.0692777263
            ],
            [
              134.1604267186,
              35.0699224026
            ],
            [
              134.1601417026,
              35.0694516814
            ],
            [
              134.1601424408,
              35.0690990537
            ],
            [
              134.1603047104,
              35.0684305806
            ],
            [
              134.1602608881,
              35.0680190123
            ],
            [
              134.1608932981,
              35.0668992795
            ],
            [
              134.1609473633,
              35.0666863145
            ],
            [
              134.1608582363,
              35.0665685737
            ],
            [
              134.1603580118,
              35.0664429919
            ],
            [
              134.1593141548,
              35.0655964417
            ],
            [
              134.1581490686,
              35.0650326177
            ],
            [
              134.1574610947,
              35.0649581687
            ],
            [
              134.1564685846,
              35.0651992082
            ],
            [
              134.1550210355,
              35.0650868736
            ],
            [
              134.1548960201,
              35.065042603
            ],
            [
              134.1545131305,
              35.0643954487
            ],
            [
              134.1555805044,
              35.0624999198
            ],
            [
              134.1556103787,
              35.0612751649
            ],
            [
              134.1564910554,
              35.0604705508
            ],
            [
              134.1563054969,
              35.0599458794
            ],
            [
              134.1563920246,
              35.0594918202
            ],
            [
              134.1577142606,
              35.0595193731
            ],
            [
              134.1580566392,
              35.0594559187
            ],
            [
              134.1592439917,
              35.0588980096
            ],
            [
              134.159680201,
              35.0585979789
            ],
            [
              134.159711796,
              35.0583677978
            ],
            [
              134.1602682616,
              35.0582055514
            ],
            [
              134.1610849177,
              35.0582322064
            ],
            [
              134.161319493,
              35.0576377082
            ],
            [
              134.1615761678,
              35.0576380708
            ],
            [
              134.1633292866,
              35.0579050591
            ],
            [
              134.1638737492,
              35.0582143629
            ],
            [
              134.1645871303,
              35.0589575927
            ],
            [
              134.1657037433,
              35.0591722538
            ],
            [
              134.1658554147,
              35.0592900065
            ],
            [
              134.1658998204,
              35.059429656
            ],
            [
              134.1658137976,
              35.0599843682
            ],
            [
              134.165535807,
              35.0604615547
            ],
            [
              134.1653926439,
              35.0605495327
            ],
            [
              134.1650682713,
              35.0618571362
            ],
            [
              134.1651248062,
              35.0626249451
            ],
            [
              134.1649804901,
              35.0632788046
            ],
            [
              134.1661241441,
              35.0634053282
            ],
            [
              134.1679518057,
              35.0633600183
            ],
            [
              134.1711166245,
              35.0627543952
            ],
            [
              134.1734259976,
              35.063158004
            ],
            [
              134.1747655002,
              35.063696162
            ],
            [
              134.1766084974,
              35.0650102391
            ],
            [
              134.1771078618,
              35.0655987561
            ],
            [
              134.1772859836,
              35.0659370437
            ],
            [
              134.1773255299,
              35.0662934615
            ],
            [
              134.1772258658,
              35.067006135
            ]
          ]
        ]
      }
    },
    {
      "type": "Feature",
      "properties": {
        "key_code": "33622011004",
        "pref": "岡山県",
        "city": "勝田郡",
        "ward": "勝央町",
        "district": "豊久田岡芝尾，大畑，すくすく村",
        "name": "勝田郡 勝央町 豊久田岡芝尾，大畑，すくすく村"
      },
      "geometry": {
        "type": "Polygon",
        "coordinates": [
          [
            [
              134.1781738808,
              35.0686937725
            ],
            [
              134.1781448558,
              35.0678376801
            ],
            [
              134.1779578601,
              35.0674773378
            ],
            [
              134.1777437991,
              35.067241899
            ],
            [
              134.1772258658,
              35.067006135
            ],
            [
              134.1773255299,
              35.0662934615
            ],
            [
              134.1772859836,
              35.0659370437
            ],
            [
              134.1771078618,
              35.0655987561
            ],
            [
              134.1766084974,
              35.0650102391
            ],
            [
              134.1760641705,
              35.0645687165
            ],
            [
              134.1747655002,
              35.063696162
            ],
            [
              134.174069037,
              35.0633719743
            ],
            [
              134.1734259976,
              35.063158004
            ],
            [
              134.1711166245,
              35.0627543952
            ],
            [
              134.1679518057,
              35.0633600183
            ],
            [
              134.1661241441,
              35.0634053282
            ],
            [
              134.1649804901,
              35.0632788046
            ],
            [
              134.1651248062,
              35.0626249451
            ],
            [
              134.1650682713,
              35.0618571362
            ],
            [
              134.1653926439,
              35.0605495327
            ],
            [
              134.165535807,
              35.0604615547
            ],
            [
              134.1658137976,
              35.0599843682
            ],
            [
              134.1658998204,
              35.059429656
            ],
            [
              134.1658554147,
              35.0592900065
            ],
            [
              134.1657037433,
              35.0591722538
            ],
            [
              134.1645871303,
              35.0589575927
            ],
            [
              134.1636774823,
              35.0580597821
            ],
            [
              134.1631390956,
              35.0578578182
            ],
            [
              134.1632418683,
              35.0570584675
            ],
            [
              134.1634533612,
              35.0563296254
            ],
            [
              134.1637610208,
              35.0561221515
            ],
            [
              134.1640110325,
              35.0555724589
            ],
            [
              134.1638118691,
              35.0540755222
            ],
            [
              134.1626599169,
              35.0526189555
            ],
            [
              134.1625278326,
              35.0525483435
            ],
            [
              134.1622866769,
              35.0525736411
            ],
            [
              134.1617957498,
              35.0530269983
            ],
            [
              134.1617258152,
              35.052994997
            ],
            [
              134.1615712309,
              35.0525342543
            ],
            [
              134.1612377255,
              35.0520924866
            ],
            [
              134.1606700717,
              35.0520468928
            ],
            [
              134.161614847,
              35.0502765529
            ],
            [
              134.1624021785,
              35.0494014013
            ],
            [
              134.1632866032,
              35.0485744124
            ],
            [
              134.1655795855,
              35.0473016606
            ],
            [
              134.1658517416,
              35.0473211915
            ],
            [
              134.1659369944,
              35.0474620226
            ],
            [
              134.1666360246,
              35.0479106866
            ],
            [
              134.1673084037,
              35.0480810529
            ],
            [
              134.1677745937,
              35.0482928281
            ],
            [
              134.1680617135,
              35.0486065479
            ],
            [
              134.1686094292,
              35.0495134035
            ],
            [
              134.168849561,
              35.0511872148
            ],
            [
              134.169139603,
              35.0513640248
            ],
            [
              134.1706135074,
              35.0515827012
            ],
            [
              134.1713870787,
              35.0523791304
            ],
            [
              134.1714137281,
              35.0524636779
            ],
            [
              134.1711826724,
              35.0529465703
            ],
            [
              134.1715248206,
              35.0539021686
            ],
            [
              134.1716786423,
              35.0540696401
            ],
            [
              134.1721117026,
              35.054239241
            ],
            [
              134.1728226856,
              35.055094347
            ],
            [
              134.1736704757,
              35.0556833444
            ],
            [
              134.1742340757,
              35.0565236006
            ],
            [
              134.1746754613,
              35.0570238751
            ],
            [
              134.1747508668,
              35.0573142807
            ],
            [
              134.1752842743,
              35.0575924025
            ],
            [
              134.1755031254,
              35.0588179338
            ],
            [
              134.1761896992,
              35.0596271419
            ],
            [
              134.1766100943,
              35.06061059
            ],
            [
              134.176642563,
              35.0612887175
            ],
            [
              134.1765128662,
              35.061938742
            ],
            [
              134.1769266793,
              35.0625421473
            ],
            [
              134.1774147094,
              35.062636522
            ],
            [
              134.1777932567,
              35.0629803517
            ],
            [
              134.1791271803,
              35.0629726364
            ],
            [
              134.1807051641,
              35.0625289836
            ],
            [
              134.1809477158,
              35.062575
            ],
            [
              134.1812630346,
              35.0628011941
            ],
            [
              134.1814500462,
              35.0628447447
            ],
            [
              134.1816225807,
              35.0628184117
            ],
            [
              134.1819095664,
              35.0625473425
            ],
            [
              134.1824959171,
              35.0624267322
            ],
            [
              134.1835012042,
              35.0626177975
            ],
            [
              134.1837907929,
              35.0625268833
            ],
            [
              134.1840528372,
              35.0623026132
            ],
            [
              134.1843453976,
              35.0621779659
            ],
            [
              134.1846827403,
              35.0623478361
            ],
            [
              134.1847267268,
              35.0626637629
            ],
            [
              134.1852488637,
              35.0629107587
            ],
            [
              134.1848244295,
              35.0631295588
            ],
            [
              134.1845990892,
              35.0637065132
            ],
            [
              134.1838016786,
              35.064648842
            ],
            [
              134.1838770432,
              35.0650788326
            ],
            [
              134.184190259,
              35.0652574788
            ],
            [
              134.1843953655,
              35.065926525
            ],
            [
              134.1839345607,
              35.065639658
            ],
            [
              134.1838133972,
              35.0656462678
            ],
            [
              134.1838240431,
              35.0660970244
            ],
            [
              134.1836794283,
              35.0663901782
            ],
            [
              134.1835284833,
              35.0665649343
            ],
            [
              134.1829941301,
              35.0668818255
            ],
            [
              134.182916946,
              35.0670095564
            ],
            [
              134.1831484389,
              35.0676731445
            ],
            [
              134.1825232215,
              35.0674192361
            ],
            [
              134.1819103241,
              35.0672809846
            ],
            [
              134.1812274218,
              35.0673373058
            ],
            [
              134.1809066232,
              35.0674973333
            ],
            [
              134.1806271421,
              35.0679208847
            ],
            [
              134.1802504289,
              35.0681839458
            ],
            [
              134.1790493253,
              35.068408898
            ],
            [
              134.1781738808,
              35.0686937725
            ]
          ]
        ]
      }
    },
    {
      "type": "Feature",
      "properties": {
        "key_code": "33622012001",
        "pref": "岡山県",
        "city": "勝田郡",
        "ward": "勝央町",
        "district": "美野天地，塚本，川下の一部",
        "name": "勝田郡 勝央町 美野天地，塚本，川下の一部"
      },
      "geometry": {
        "type": "Polygon",
        "coordinates": [
          [
            [
              134.1604056087,
              35.0736000601
            ],
            [
              134.1597891111,
              35.0734963529
            ],
            [
              134.1587344893,
              35.0734727266
            ],
            [
              134.1558781913,
              35.0737735318
            ],
            [
              134.1556545709,
              35.0738539838
            ],
            [
              134.1551631888,
              35.0737578355
            ],
            [
              134.1539656295,
              35.0736972655
            ],
            [
              134.1534221263,
              35.0729175408
            ],
            [
              134.1530296263,
              35.0725642611
            ],
            [
              134.1520520668,
              35.072052141
            ],
            [
              134.1506976359,
              35.0701984501
            ],
            [
              134.149854835,
              35.0693924821
            ],
            [
              134.1497747292,
              35.0692454501
            ],
            [
              134.1501426942,
              35.0685553285
            ],
            [
              134.1474454338,
              35.0677502645
            ],
            [
              134.1468967012,
              35.0673563018
            ],
            [
              134.1464949582,
              35.0671719426
            ],
            [
              134.1439220686,
              35.0667344912
            ],
            [
              134.142273011,
              35.0667943846
            ],
            [
              134.1414965985,
              35.066544981
            ],
            [
              134.141802847,
              35.0663504514
            ],
            [
              134.1420098367,
              35.0658992703
            ],
            [
              134.1420146523,
              35.0651732492
            ],
            [
              134.1422897798,
              35.0649325396
            ],
            [
              134.1426561761,
              35.0643660364
            ],
            [
              134.1425265067,
              35.0637707275
            ],
            [
              134.1425769787,
              35.0635398066
            ],
            [
              134.1427144614,
              35.0634529033
            ],
            [
              134.1429307184,
              35.063035047
            ],
            [
              134.1429132384,
              35.0625013256
            ],
            [
              134.143482734,
              35.0617992825
            ],
            [
              134.1437055453,
              35.0612378332
            ],
            [
              134.143588049,
              35.0607757899
            ],
            [
              134.1431395914,
              35.0604209853
            ],
            [
              134.1428290432,
              35.0597842635
            ],
            [
              134.1425517205,
              35.0596324824
            ],
            [
              134.1423535089,
              35.058995935
            ],
            [
              134.1423171651,
              35.0585290169
            ],
            [
              134.1461111288,
              35.0586834231
            ],
            [
              134.1480316207,
              35.0589869395
            ],
            [
              134.1482569813,
              35.0590832755
            ],
            [
              134.1485399149,
              35.0595154241
            ],
            [
              134.1485706605,
              35.0596688609
            ],
            [
              134.1484614202,
              35.059828635
            ],
            [
              134.148514751,
              35.0603276216
            ],
            [
              134.1488016161,
              35.0607373803
            ],
            [
              134.1488865776,
              35.0610061186
            ],
            [
              134.1500761579,
              35.0612382138
            ],
            [
              134.151024336,
              35.0615913533
            ],
            [
              134.1514009873,
              35.0618636953
            ],
            [
              134.1516414155,
              35.0621775255
            ],
            [
              134.1517717078,
              35.0630603125
            ],
            [
              134.1519189986,
              35.0632844198
            ],
            [
              134.1522374368,
              35.0635087126
            ],
            [
              134.1526339859,
              35.0635797299
            ],
            [
              134.1531943763,
              35.0634270304
            ],
            [
              134.1536191033,
              35.0630662279
            ],
            [
              134.1537677909,
              35.0626507868
            ],
            [
              134.1554710949,
              35.0627428043
            ],
            [
              134.1545131305,
              35.0643954487
            ],
            [
              134.1548960201,
              35.065042603
            ],
            [
              134.1556642916,
              35.0651833859
            ],
            [
              134.1561201841,
              35.0651325698
            ],
            [
              134.1564685846,
              35.0651992082
            ],
            [
              134.1574610947,
              35.0649581687
            ],
            [
              134.1580240369,
              35.064995745
            ],
            [
              134.1593141548,
              35.0655964417
            ],
            [
              134.1603580118,
              35.0664429919
            ],
            [
              134.1608582363,
              35.0665685737
            ],
            [
              134.1609473633,
              35.0666863145
            ],
            [
              134.1608932981,
              35.0668992795
            ],
            [
              134.1602608881,
              35.0680190123
            ],
            [
              134.1603047104,
              35.0684305806
            ],
            [
              134.1602141809,
              35.068981544
            ],
            [
              134.1601424408,
              35.0690990537
            ],
            [
              134.1593370077,
              35.0696049041
            ],
            [
              134.1592107654,
              35.0701337705
            ],
            [
              134.159423848,
              35.0708101033
            ],
            [
              134.1601104104,
              35.0715899375
            ],
            [
              134.1601323697,
              35.0717699804
            ],
            [
              134.1599344614,
              35.0723796632
            ],
            [
              134.1599516814,
              35.072695622
            ],
            [
              134.1604056087,
              35.0736000601
            ]
          ]
        ]
      }
    },
    {
      "type": "Feature",
      "properties": {
        "key_code": "33622012002",
        "pref": "岡山県",
        "city": "勝田郡",
        "ward": "勝央町",
        "district": "美野多田，清実，川西",
        "name": "勝田郡 勝央町 美野多田，清実，川西"
      },
      "geometry": {
        "type": "Polygon",
        "coordinates": [
          [
            [
              134.1555696097,
              35.0781389043
            ],
            [
              134.1472209876,
              35.0795181495
            ],
            [
              134.1455361566,
              35.0788388214
            ],
            [
              134.1432548048,
              35.0693352277
            ],
            [
              134.1429234761,
              35.0688071435
            ],
            [
              134.1426054458,
              35.0686218458
            ],
            [
              134.1420915425,
              35.0680572031
            ],
            [
              134.1417561426,
              35.0680499852
            ],
            [
              134.1415255597,
              35.06750452
            ],
            [
              134.1413524605,
              35.0668013181
            ],
            [
              134.141215702,
              35.0665752439
            ],
            [
              134.1414965985,
              35.066544981
            ],
            [
              134.142273011,
              35.0667943846
            ],
            [
              134.1439220686,
              35.0667344912
            ],
            [
              134.1464949582,
              35.0671719426
            ],
            [
              134.1468967012,
              35.0673563018
            ],
            [
              134.1474454338,
              35.0677502645
            ],
            [
              134.1501426942,
              35.0685553285
            ],
            [
              134.1497747292,
              35.0692454501
            ],
            [
              134.149854835,
              35.0693924821
            ],
            [
              134.1506976359,
              35.0701984501
            ],
            [
              134.1520520668,
              35.072052141
            ],
            [
              134.1530296263,
              35.0725642611
            ],
            [
              134.1534221263,
              35.0729175408
            ],
            [
              134.1539656295,
              35.0736972655
            ],
            [
              134.1551631888,
              35.0737578355
            ],
            [
              134.1556545709,
              35.0738539838
            ],
            [
              134.1558781913,
              35.0737735318
            ],
            [
              134.1587344893,
              35.0734727266
            ],
            [
              134.1597891111,
              35.0734963529
            ],
            [
              134.1604056087,
              35.0736000601
            ],
            [
              134.1609928985,
              35.0743551007
            ],
            [
              134.1610734122,
              35.0748281311
            ],
            [
              134.1616073187,
              35.0759678335
            ],
            [
              134.1616622304,
              35.0774999745
            ],
            [
              134.1618308212,
              35.0781027855
            ],
            [
              134.1614736233,
              35.0779405781
            ],
            [
              134.160544405,
              35.0777555797
            ],
            [
              134.159476409,
              35.0779158196
            ],
            [
              134.1587864254,
              35.0776929844
            ],
            [
              134.1574547843,
              35.0769278465
            ],
            [
              134.156393739,
              35.0777362117
            ],
            [
              134.1555696097,
              35.0781389043
            ]
          ]
        ]
      }
    },
    {
      "type": "Feature",
      "properties": {
        "key_code": "336220130",
        "pref": "岡山県",
        "city": "勝田郡",
        "ward": "勝央町",
        "district": "田井",
        "name": "勝田郡 勝央町 田井"
      },
      "geometry": {
        "type": "Polygon",
        "coordinates": [
          [
            [
              134.144384375,
              35.0740636657
            ],
            [
              134.1401204323,
              35.0747655111
            ],
            [
              134.1393462389,
              35.0733549777
            ],
            [
              134.1385898262,
              35.0723602656
            ],
            [
              134.1382626864,
              35.0720593725
            ],
            [
              134.1372713478,
              35.0713800677
            ],
            [
              134.1347867811,
              35.0703633095
            ],
            [
              134.1338329126,
              35.0697071362
            ],
            [
              134.1333159436,
              35.0685164328
            ],
            [
              134.1322808795,
              35.0666048332
            ],
            [
              134.1318188016,
              35.0659609357
            ],
            [
              134.131335013,
              35.0654749665
            ],
            [
              134.1300310283,
              35.0643806936
            ],
            [
              134.1301388779,
              35.0616107977
            ],
            [
              134.1333701516,
              35.059717793
            ],
            [
              134.1354219603,
              35.058396761
            ],
            [
              134.1359545144,
              35.0578196293
            ],
            [
              134.13635939,
              35.0571768627
            ],
            [
              134.1364352237,
              35.0566527976
            ],
            [
              134.1363856358,
              35.0550265589
            ],
            [
              134.1368601831,
              35.053346724
            ],
            [
              134.13832151,
              35.0512196201
            ],
            [
              134.1387718711,
              35.0508660875
            ],
            [
              134.1388377926,
              35.0507120976
            ],
            [
              134.1388206784,
              35.0500266694
            ],
            [
              134.1387467307,
              35.0496183542
            ],
            [
              134.1384301339,
              35.0488554003
            ],
            [
              134.1389242068,
              35.0486077908
            ],
            [
              134.1400719259,
              35.0487327195
            ],
            [
              134.140296663,
              35.0486766626
            ],
            [
              134.1406030723,
              35.0483846614
            ],
            [
              134.1412488329,
              35.0483882138
            ],
            [
              134.1420331108,
              35.0491848527
            ],
            [
              134.1421199825,
              35.049400426
            ],
            [
              134.1423379432,
              35.0495803571
            ],
            [
              134.1423247263,
              35.0498881753
            ],
            [
              134.1427449171,
              35.0503121704
            ],
            [
              134.1431000797,
              35.0505179492
            ],
            [
              134.1440667909,
              35.0506990405
            ],
            [
              134.1442597947,
              35.0508789996
            ],
            [
              134.1442276228,
              35.0513048242
            ],
            [
              134.1440895758,
              35.0516381545
            ],
            [
              134.1443463962,
              35.0525596
            ],
            [
              134.1438722955,
              35.0538748697
            ],
            [
              134.1435847425,
              35.0541002836
            ],
            [
              134.1426540958,
              35.0544990019
            ],
            [
              134.1424379545,
              35.0548758021
            ],
            [
              134.1440966225,
              35.0553607369
            ],
            [
              134.1443957789,
              35.0555099419
            ],
            [
              134.1446446033,
              35.0558438692
            ],
            [
              134.1445442682,
              35.0560592207
            ],
            [
              134.1439758,
              35.0563456837
            ],
            [
              134.1437471452,
              35.0567275375
            ],
            [
              134.1436590146,
              35.0570712256
            ],
            [
              134.1432782984,
              35.0571066222
            ],
            [
              134.1433711296,
              35.0574350979
            ],
            [
              134.1423177019,
              35.0582980171
            ],
            [
              134.142298036,
              35.0586982941
            ],
            [
              134.1425517205,
              35.0596324824
            ],
            [
              134.1428290432,
              35.0597842635
            ],
            [
              134.1431395914,
              35.0604209853
            ],
            [
              134.143588049,
              35.0607757899
            ],
            [
              134.1437055453,
              35.0612378332
            ],
            [
              134.143482734,
              35.0617992825
            ],
            [
              134.1429132384,
              35.0625013256
            ],
            [
              134.1429307184,
              35.063035047
            ],
            [
              134.1427144614,
              35.0634529033
            ],
            [
              134.1425769787,
              35.0635398066
            ],
            [
              134.1425265067,
              35.0637707275
            ],
            [
              134.1426561761,
              35.0643660364
            ],
            [
              134.1422897798,
              35.0649325396
            ],
            [
              134.1420146523,
              35.0651732492
            ],
            [
              134.1420538667,
              35.0657504576
            ],
            [
              134.1418969345,
              35.0661505171
            ],
            [
              134.1417152498,
              35.0664478546
            ],
            [
              134.141215702,
              35.0665752439
            ],
            [
              134.1413524605,
              35.0668013181
            ],
            [
              134.1415255597,
              35.06750452
            ],
            [
              134.1417561426,
              35.0680499852
            ],
            [
              134.1420915425,
              35.0680572031
            ],
            [
              134.1426054458,
              35.0686218458
            ],
            [
              134.1429234761,
              35.0688071435
            ],
            [
              134.1432548048,
              35.0693352277
            ],
            [
              134.144384375,
              35.0740636657
            ]
          ]
        ]
      }
    },
    {
      "type": "Feature",
      "properties": {
        "key_code": "33622014001",
        "pref": "岡山県",
        "city": "勝田郡",
        "ward": "勝央町",
        "district": "曽井奥，中，下，間山",
        "name": "勝田郡 勝央町 曽井奥，中，下，間山"
      },
      "geometry": {
        "type": "Polygon",
        "coordinates": [
          [
            [
              134.1554710949,
              35.0627428043
            ],
            [
              134.1537677909,
              35.0626507868
            ],
            [
              134.1536191033,
              35.0630662279
            ],
            [
              134.1531943763,
              35.0634270304
            ],
            [
              134.1526339859,
              35.0635797299
            ],
            [
              134.1522374368,
              35.0635087126
            ],
            [
              134.1519189986,
              35.0632844198
            ],
            [
              134.1517717078,
              35.0630603125
            ],
            [
              134.1516414155,
              35.0621775255
            ],
            [
              134.1514009873,
              35.0618636953
            ],
            [
              134.151024336,
              35.0615913533
            ],
            [
              134.1500761579,
              35.0612382138
            ],
            [
              134.1488865776,
              35.0610061186
            ],
            [
              134.1488016161,
              35.0607373803
            ],
            [
              134.148514751,
              35.0603276216
            ],
            [
              134.1484614202,
              35.059828635
            ],
            [
              134.1485706605,
              35.0596688609
            ],
            [
              134.1485399149,
              35.0595154241
            ],
            [
              134.1482569813,
              35.0590832755
            ],
            [
              134.1480316207,
              35.0589869395
            ],
            [
              134.1461111288,
              35.0586834231
            ],
            [
              134.1423171651,
              35.0585290169
            ],
            [
              134.1423177019,
              35.0582980171
            ],
            [
              134.1433711296,
              35.0574350979
            ],
            [
              134.1432782984,
              35.0571066222
            ],
            [
              134.1436590146,
              35.0570712256
            ],
            [
              134.1437471452,
              35.0567275375
            ],
            [
              134.1439758,
              35.0563456837
            ],
            [
              134.1445442682,
              35.0560592207
            ],
            [
              134.1446444501,
              35.0559106334
            ],
            [
              134.1443957789,
              35.0555099419
            ],
            [
              134.1440966225,
              35.0553607369
            ],
            [
              134.1424379545,
              35.0548758021
            ],
            [
              134.1426540958,
              35.0544990019
            ],
            [
              134.1435847425,
              35.0541002836
            ],
            [
              134.1438722955,
              35.0538748697
            ],
            [
              134.1443463962,
              35.0525596
            ],
            [
              134.1440895758,
              35.0516381545
            ],
            [
              134.1442276228,
              35.0513048242
            ],
            [
              134.1442597947,
              35.0508789996
            ],
            [
              134.1440667909,
              35.0506990405
            ],
            [
              134.1431000797,
              35.0505179492
            ],
            [
              134.1427449171,
              35.0503121704
            ],
            [
              134.1423247263,
              35.0498881753
            ],
            [
              134.1423379432,
              35.0495803571
            ],
            [
              134.1421199825,
              35.049400426
            ],
            [
              134.1420331108,
              35.0491848527
            ],
            [
              134.1412488329,
              35.0483882138
            ],
            [
              134.1428604292,
              35.0478192199
            ],
            [
              134.1434252539,
              35.0479362344
            ],
            [
              134.1446007495,
              35.0477955118
            ],
            [
              134.145464015,
              35.0479896026
            ],
            [
              134.1463042585,
              35.0484345147
            ],
            [
              134.1469210721,
              35.0482875599
            ],
            [
              134.1478681122,
              35.0483549944
            ],
            [
              134.1487666324,
              35.0485887703
            ],
            [
              134.1491386432,
              35.0487899809
            ],
            [
              134.1490692052,
              35.0482565292
            ],
            [
              134.1493229325,
              35.0467887837
            ],
            [
              134.1494130756,
              35.0466779262
            ],
            [
              134.1496507176,
              35.046657157
            ],
            [
              134.1499582925,
              35.0469586268
            ],
            [
              134.1504948121,
              35.0468195647
            ],
            [
              134.1511499362,
              35.0467623733
            ],
            [
              134.1516453057,
              35.0463512535
            ],
            [
              134.1526472976,
              35.0462523846
            ],
            [
              134.1531893528,
              35.0465093313
            ],
            [
              134.1537866336,
              35.0464785208
            ],
            [
              134.1546271956,
              35.0467807635
            ],
            [
              134.1550341872,
              35.0471431458
            ],
            [
              134.1562218539,
              35.0472980581
            ],
            [
              134.1564785149,
              35.0473987198
            ],
            [
              134.1572925339,
              35.0481075547
            ],
            [
              134.1577099162,
              35.0481240736
            ],
            [
              134.1580370535,
              35.048293571
            ],
            [
              134.1587450539,
              35.0490523181
            ],
            [
              134.1589813125,
              35.0496864343
            ],
            [
              134.1593921901,
              35.0497398428
            ],
            [
              134.1597975496,
              35.0493706766
            ],
            [
              134.1600745044,
              35.0489803381
            ],
            [
              134.1606920353,
              35.0484900527
            ],
            [
              134.1607892662,
              35.0480571321
            ],
            [
              134.1609052429,
              35.047877706
            ],
            [
              134.161468351,
              35.0472950099
            ],
            [
              134.1632086746,
              35.0486510692
            ],
            [
              134.1624021785,
              35.0494014013
            ],
            [
              134.161614847,
              35.0502765529
            ],
            [
              134.1606700717,
              35.0520468928
            ],
            [
              134.1612377255,
              35.0520924866
            ],
            [
              134.1615712309,
              35.0525342543
            ],
            [
              134.1617258152,
              35.052994997
            ],
            [
              134.1617957498,
              35.0530269983
            ],
            [
              134.1622866769,
              35.0525736411
            ],
            [
              134.1625278326,
              35.0525483435
            ],
            [
              134.1626599169,
              35.0526189555
            ],
            [
              134.1638118691,
              35.0540755222
            ],
            [
              134.1640110325,
              35.0555724589
            ],
            [
              134.1637610208,
              35.0561221515
            ],
            [
              134.1634533612,
              35.0563296254
            ],
            [
              134.1632418683,
              35.0570584675
            ],
            [
              134.1631390956,
              35.0578578182
            ],
            [
              134.161319493,
              35.0576377082
            ],
            [
              134.1610849177,
              35.0582322064
            ],
            [
              134.1602682616,
              35.0582055514
            ],
            [
              134.159711796,
              35.0583677978
            ],
            [
              134.159680201,
              35.0585979789
            ],
            [
              134.1592439917,
              35.0588980096
            ],
            [
              134.1580566392,
              35.0594559187
            ],
            [
              134.1577142606,
              35.0595193731
            ],
            [
              134.1563920246,
              35.0594918202
            ],
            [
              134.1563054969,
              35.0599458794
            ],
            [
              134.1564910554,
              35.0604705508
            ],
            [
              134.1556103787,
              35.0612751649
            ],
            [
              134.1555805044,
              35.0624999198
            ],
            [
              134.1554710949,
              35.0627428043
            ]
          ]
        ]
      }
    },
    {
      "type": "Feature",
      "properties": {
        "key_code": "33622014002",
        "pref": "岡山県",
        "city": "勝田郡",
        "ward": "勝央町",
        "district": "曽井大岩",
        "name": "勝田郡 勝央町 曽井大岩"
      },
      "geometry": {
        "type": "Polygon",
        "coordinates": [
          [
            [
              134.1685423784,
              35.049368304
            ],
            [
              134.1680617135,
              35.0486065479
            ],
            [
              134.1677745937,
              35.0482928281
            ],
            [
              134.1673084037,
              35.0480810529
            ],
            [
              134.1666360246,
              35.0479106866
            ],
            [
              134.1659369944,
              35.0474620226
            ],
            [
              134.1658517416,
              35.0473211915
            ],
            [
              134.1655795855,
              35.0473016606
            ],
            [
              134.1653071926,
              35.0473972066
            ],
            [
              134.1632086746,
              35.0486510692
            ],
            [
              134.161468351,
              35.0472950099
            ],
            [
              134.1621320539,
              35.0462132643
            ],
            [
              134.162427663,
              35.0461028269
            ],
            [
              134.1626207168,
              35.0459129444
            ],
            [
              134.1635234437,
              35.0456739094
            ],
            [
              134.1637747783,
              35.0452412018
            ],
            [
              134.1640255655,
              35.0450672439
            ],
            [
              134.1645845364,
              35.0449254059
            ],
            [
              134.16573722,
              35.0449139014
            ],
            [
              134.1661479524,
              35.0450306014
            ],
            [
              134.1667964711,
              35.0450578316
            ],
            [
              134.1675599337,
              35.0454021367
            ],
            [
              134.1679648138,
              35.0452442976
            ],
            [
              134.1682674188,
              35.0448486268
            ],
            [
              134.1688480079,
              35.0451319667
            ],
            [
              134.1692536023,
              35.0446043827
            ],
            [
              134.169779764,
              35.0448058087
            ],
            [
              134.1697799224,
              35.0447265781
            ],
            [
              134.1702493358,
              35.0444102875
            ],
            [
              134.1711609841,
              35.0445066543
            ],
            [
              134.1714587476,
              35.0449268666
            ],
            [
              134.1716902097,
              35.0447793487
            ],
            [
              134.1717870589,
              35.0445153758
            ],
            [
              134.1722230397,
              35.0448592859
            ],
            [
              134.1723517302,
              35.0447273361
            ],
            [
              134.1722621261,
              35.0445793901
            ],
            [
              134.1723649596,
              35.0445267072
            ],
            [
              134.1726602842,
              35.0445640738
            ],
            [
              134.1728205692,
              35.0446963381
            ],
            [
              134.1730328471,
              35.044511748
            ],
            [
              134.174757967,
              35.0445606469
            ],
            [
              134.1742744939,
              35.0452314635
            ],
            [
              134.1739628763,
              35.0455061403
            ],
            [
              134.1728028383,
              35.0461505596
            ],
            [
              134.1714668212,
              35.0472968122
            ],
            [
              134.1713420012,
              35.0474885598
            ],
            [
              134.1700377482,
              35.0482894741
            ],
            [
              134.1694921475,
              35.0488899766
            ],
            [
              134.1694916614,
              35.0491329488
            ],
            [
              134.1693980688,
              35.0492671972
            ],
            [
              134.1685423784,
              35.049368304
            ]
          ]
        ]
      }
    },
    {
      "type": "Feature",
      "properties": {
        "key_code": "336220150",
        "pref": "岡山県",
        "city": "勝田郡",
        "ward": "勝央町",
        "district": "上香山",
        "name": "勝田郡 勝央町 上香山"
      },
      "geometry": {
        "type": "Polygon",
        "coordinates": [
          [
            [
              134.1786828558,
              35.0494495174
            ],
            [
              134.1796007269,
              35.0503213879
            ],
            [
              134.1794324705,
              35.0508940993
            ],
            [
              134.1794871723,
              35.0514440661
            ],
            [
              134.1800157815,
              35.0518801235
            ],
            [
              134.1806828679,
              35.0527746271
            ],
            [
              134.1807096724,
              35.0533475203
            ],
            [
              134.1799766745,
              35.0537089394
            ],
            [
              134.1793808298,
              35.0537204307
            ],
            [
              134.1789198735,
              35.0541645232
            ],
            [
              134.1790152032,
              35.0547546961
            ],
            [
              134.1787797042,
              35.0552798589
            ],
            [
              134.178975213,
              35.055776209
            ],
            [
              134.1789679062,
              35.0566713443
            ],
            [
              134.1787983201,
              35.0568055039
            ],
            [
              134.1783492743,
              35.0568919738
            ],
            [
              134.1779796332,
              35.0570713707
            ],
            [
              134.1781317846,
              35.0572797536
            ],
            [
              134.1781311075,
              35.0576420366
            ],
            [
              134.1782124781,
              35.0578461728
            ],
            [
              134.1781707618,
              35.0582900293
            ],
            [
              134.1775944145,
              35.0588147496
            ],
            [
              134.1774821626,
              35.0591321651
            ],
            [
              134.1767311668,
              35.0600065429
            ],
            [
              134.1766145961,
              35.0606360213
            ],
            [
              134.1761896992,
              35.0596271419
            ],
            [
              134.1755031254,
              35.0588179338
            ],
            [
              134.1752842743,
              35.0575924025
            ],
            [
              134.1747508668,
              35.0573142807
            ],
            [
              134.1746754613,
              35.0570238751
            ],
            [
              134.1742340757,
              35.0565236006
            ],
            [
              134.1736704757,
              35.0556833444
            ],
            [
              134.1728226856,
              35.055094347
            ],
            [
              134.1721117026,
              35.054239241
            ],
            [
              134.1716786423,
              35.0540696401
            ],
            [
              134.1715248206,
              35.0539021686
            ],
            [
              134.1711826724,
              35.0529465703
            ],
            [
              134.1714137281,
              35.0524636779
            ],
            [
              134.1713870787,
              35.0523791304
            ],
            [
              134.1705331704,
              35.0515421697
            ],
            [
              134.169139603,
              35.0513640248
            ],
            [
              134.168849561,
              35.0511872148
            ],
            [
              134.1686626067,
              35.0497338414
            ],
            [
              134.1685423784,
              35.049368304
            ],
            [
              134.1693980688,
              35.0492671972
            ],
            [
              134.1694916614,
              35.0491329488
            ],
            [
              134.1694921475,
              35.0488899766
            ],
            [
              134.1700377482,
              35.0482894741
            ],
            [
              134.1713420012,
              35.0474885598
            ],
            [
              134.1714668212,
              35.0472968122
            ],
            [
              134.1728028383,
              35.0461505596
            ],
            [
              134.1739628763,
              35.0455061403
            ],
            [
              134.1742744939,
              35.0452314635
            ],
            [
              134.174757967,
              35.0445606469
            ],
            [
              134.1754244191,
              35.0447447007
            ],
            [
              134.1759952271,
              35.0451097655
            ],
            [
              134.1762773259,
              35.0453477541
            ],
            [
              134.1764052124,
              35.0456331502
            ],
            [
              134.1763914976,
              35.0460873171
            ],
            [
              134.1765608969,
              35.0464967892
            ],
            [
              134.1775875681,
              35.0469153304
            ],
            [
              134.1776451337,
              35.0470421738
            ],
            [
              134.1776121186,
              35.0475226564
            ],
            [
              134.1777270977,
              35.0478450097
            ],
            [
              134.1776845124,
              35.0482859694
            ],
            [
              134.1779014584,
              35.0490203129
            ],
            [
              134.1786828558,
              35.0494495174
            ]
          ]
        ]
      }
    },
    {
      "type": "Feature",
      "properties": {
        "key_code": "33622016001",
        "pref": "岡山県",
        "city": "勝田郡",
        "ward": "勝央町",
        "district": "河原１，２部",
        "name": "勝田郡 勝央町 河原１，２部"
      },
      "geometry": {
        "type": "Polygon",
        "coordinates": [
          [
            [
              134.162604341,
              35.0952446146
            ],
            [
              134.1625524281,
              35.094560351
            ],
            [
              134.1611810034,
              35.0953915513
            ],
            [
              134.1603015208,
              35.0954807259
            ],
            [
              134.1596696792,
              35.0954120001
            ],
            [
              134.1591626341,
              35.0948015201
            ],
            [
              134.1589465224,
              35.0946685268
            ],
            [
              134.1585001365,
              35.0946114714
            ],
            [
              134.1573920954,
              35.0948545941
            ],
            [
              134.1567985174,
              35.0945427992
            ],
            [
              134.1561120501,
              35.0948283582
            ],
            [
              134.1556916416,
              35.0952816371
            ],
            [
              134.1554839154,
              35.0952853459
            ],
            [
              134.1552633763,
              35.0950268395
            ],
            [
              134.1551668934,
              35.0942577177
            ],
            [
              134.1547662999,
              35.0938051348
            ],
            [
              134.1549566253,
              35.093317788
            ],
            [
              134.1547974367,
              35.0931765602
            ],
            [
              134.1536148668,
              35.0928301469
            ],
            [
              134.1529301931,
              35.0924591114
            ],
            [
              134.1533650995,
              35.091246746
            ],
            [
              134.152880088,
              35.0910688326
            ],
            [
              134.1526326258,
              35.0905204816
            ],
            [
              134.1517775231,
              35.0902501058
            ],
            [
              134.1510568373,
              35.0898946413
            ],
            [
              134.1506084979,
              35.0893942253
            ],
            [
              134.1501441493,
              35.0892184457
            ],
            [
              134.1490321591,
              35.0885721536
            ],
            [
              134.1494521754,
              35.0880017809
            ],
            [
              134.1493801206,
              35.0877509563
            ],
            [
              134.149753686,
              35.0873855904
            ],
            [
              134.1503642835,
              35.0870959369
            ],
            [
              134.1508386193,
              35.0865280349
            ],
            [
              134.1521055733,
              35.0860765305
            ],
            [
              134.1524554573,
              35.0857768967
            ],
            [
              134.1527579652,
              35.0853663393
            ],
            [
              134.1540679758,
              35.0855885764
            ],
            [
              134.1543763217,
              35.0857210105
            ],
            [
              134.154680286,
              35.0862790241
            ],
            [
              134.1551610354,
              35.0862114885
            ],
            [
              134.1553359016,
              35.086094345
            ],
            [
              134.1575318401,
              35.0863315748
            ],
            [
              134.1573629249,
              35.0879536618
            ],
            [
              134.1600532764,
              35.0881706476
            ],
            [
              134.1606961959,
              35.0885243287
            ],
            [
              134.1617689619,
              35.0885184574
            ],
            [
              134.1617042606,
              35.0895396828
            ],
            [
              134.1630718881,
              35.0896150668
            ],
            [
              134.1629809894,
              35.0903424393
            ],
            [
              134.1639405075,
              35.0910822715
            ],
            [
              134.1641008461,
              35.0913690583
            ],
            [
              134.1651503023,
              35.0918518113
            ],
            [
              134.1664986164,
              35.0926546296
            ],
            [
              134.1680462149,
              35.0940978781
            ],
            [
              134.1668381867,
              35.0944410995
            ],
            [
              134.1665767515,
              35.0946383554
            ],
            [
              134.1656914874,
              35.0947070663
            ],
            [
              134.1651485777,
              35.0945558136
            ],
            [
              134.1647419218,
              35.0945881368
            ],
            [
              134.1636340926,
              35.0952652881
            ],
            [
              134.1634006713,
              35.0953251052
            ],
            [
              134.1627741179,
              35.0953352105
            ],
            [
              134.162604341,
              35.0952446146
            ]
          ]
        ]
      }
    },
    {
      "type": "Feature",
      "properties": {
        "key_code": "33622016002",
        "pref": "岡山県",
        "city": "勝田郡",
        "ward": "勝央町",
        "district": "河原３，４部",
        "name": "勝田郡 勝央町 河原３，４部"
      },
      "geometry": {
        "type": "Polygon",
        "coordinates": [
          [
            [
              134.1763604192,
              35.0921267041
            ],
            [
              134.1754031159,
              35.0923594193
            ],
            [
              134.173757591,
              35.0925406619
            ],
            [
              134.1734757664,
              35.0926419163
            ],
            [
              134.173276918,
              35.0924554492
            ],
            [
              134.1731190009,
              35.0924156614
            ],
            [
              134.171490865,
              35.0924868866
            ],
            [
              134.1711918095,
              35.0926079008
            ],
            [
              134.1704695061,
              35.093137592
            ],
            [
              134.1688885802,
              35.0936379459
            ],
            [
              134.1680462149,
              35.0940978781
            ],
            [
              134.1664986164,
              35.0926546296
            ],
            [
              134.1651503023,
              35.0918518113
            ],
            [
              134.1641008461,
              35.0913690583
            ],
            [
              134.1639405075,
              35.0910822715
            ],
            [
              134.1629809894,
              35.0903424393
            ],
            [
              134.1630718881,
              35.0896150668
            ],
            [
              134.1617042606,
              35.0895396828
            ],
            [
              134.1617689619,
              35.0885184574
            ],
            [
              134.1606961959,
              35.0885243287
            ],
            [
              134.1602228816,
              35.0882884304
            ],
            [
              134.1614909152,
              35.0868095987
            ],
            [
              134.162375463,
              35.0870313539
            ],
            [
              134.1627163274,
              35.0872091662
            ],
            [
              134.1633152765,
              35.0866670238
            ],
            [
              134.1645747549,
              35.0847528404
            ],
            [
              134.1648978226,
              35.0841434704
            ],
            [
              134.1651125811,
              35.0840335517
            ],
            [
              134.1653895681,
              35.0841000659
            ],
            [
              134.1663535282,
              35.0848215065
            ],
            [
              134.1668531104,
              35.0853291906
            ],
            [
              134.168285594,
              35.0864737418
            ],
            [
              134.1693846256,
              35.0867323594
            ],
            [
              134.1695810744,
              35.0868429124
            ],
            [
              134.1696699458,
              35.087107482
            ],
            [
              134.1697859453,
              35.0872106017
            ],
            [
              134.1703665923,
              35.0874318172
            ],
            [
              134.1716492557,
              35.0875106517
            ],
            [
              134.1722656351,
              35.0877393004
            ],
            [
              134.1727568402,
              35.0879824299
            ],
            [
              134.1733197314,
              35.0881374068
            ],
            [
              134.1736859499,
              35.088466498
            ],
            [
              134.174133951,
              35.0886748429
            ],
            [
              134.1744429017,
              35.0893530972
            ],
            [
              134.1743060969,
              35.0897720929
            ],
            [
              134.1748922743,
              35.0899509672
            ],
            [
              134.1751915449,
              35.0901522817
            ],
            [
              134.1757182702,
              35.0914297853
            ],
            [
              134.1763604192,
              35.0921267041
            ]
          ]
        ]
      }
    },
    {
      "type": "Feature",
      "properties": {
        "key_code": "33622016003",
        "pref": "岡山県",
        "city": "勝田郡",
        "ward": "勝央町",
        "district": "河原５部の北部",
        "name": "勝田郡 勝央町 河原５部の北部"
      },
      "geometry": {
        "type": "Polygon",
        "coordinates": [
          [
            [
              134.1602228816,
              35.0882884304
            ],
            [
              134.1600532764,
              35.0881706476
            ],
            [
              134.1573629249,
              35.0879536618
            ],
            [
              134.1575318401,
              35.0863315748
            ],
            [
              134.1587719667,
              35.0864059058
            ],
            [
              134.1589376566,
              35.084993744
            ],
            [
              134.1592245698,
              35.0840845291
            ],
            [
              134.1588548036,
              35.0835773508
            ],
            [
              134.1585276325,
              35.0828884619
            ],
            [
              134.1586169533,
              35.0823703229
            ],
            [
              134.1589600853,
              35.0821648201
            ],
            [
              134.1597238151,
              35.0820029483
            ],
            [
              134.1602501614,
              35.0816222026
            ],
            [
              134.1607493393,
              35.0813874803
            ],
            [
              134.1609839497,
              35.0810987148
            ],
            [
              134.1619657756,
              35.0802744322
            ],
            [
              134.1619730496,
              35.0806343212
            ],
            [
              134.1620443254,
              35.0807447091
            ],
            [
              134.1626374279,
              35.0813884691
            ],
            [
              134.1633602223,
              35.0819993786
            ],
            [
              134.1636092408,
              35.0826169431
            ],
            [
              134.163599031,
              35.0832341446
            ],
            [
              134.1639919502,
              35.0834331557
            ],
            [
              134.1643354905,
              35.0837311862
            ],
            [
              134.1644422419,
              35.083988532
            ],
            [
              134.1648978226,
              35.0841434704
            ],
            [
              134.1645747549,
              35.0847528404
            ],
            [
              134.1633152765,
              35.0866670238
            ],
            [
              134.1627163274,
              35.0872091662
            ],
            [
              134.162375463,
              35.0870313539
            ],
            [
              134.1614909152,
              35.0868095987
            ],
            [
              134.1602228816,
              35.0882884304
            ]
          ]
        ]
      }
    },
    {
      "type": "Feature",
      "properties": {
        "key_code": "33622017001",
        "pref": "岡山県",
        "city": "勝田郡",
        "ward": "勝央町",
        "district": "石生上石生",
        "name": "勝田郡 勝央町 石生上石生"
      },
      "geometry": {
        "type": "Polygon",
        "coordinates": [
          [
            [
              134.1587719667,
              35.0864059058
            ],
            [
              134.1553359016,
              35.086094345
            ],
            [
              134.1551610354,
              35.0862114885
            ],
            [
              134.154680286,
              35.0862790241
            ],
            [
              134.1543763217,
              35.0857210105
            ],
            [
              134.1540679758,
              35.0855885764
            ],
            [
              134.1527579652,
              35.0853663393
            ],
            [
              134.1524554573,
              35.0857768967
            ],
            [
              134.1521055733,
              35.0860765305
            ],
            [
              134.151838983,
              35.0862181111
            ],
            [
              134.1510372718,
              35.0864239622
            ],
            [
              134.1508386193,
              35.0865280349
            ],
            [
              134.1506069265,
              35.0868257978
            ],
            [
              134.1506556637,
              35.0863393695
            ],
            [
              134.150876931,
              35.0857685453
            ],
            [
              134.1508367643,
              35.0856066455
            ],
            [
              134.1513984854,
              35.0855552331
            ],
            [
              134.1515956035,
              35.0854269305
            ],
            [
              134.1516132046,
              35.0853223032
            ],
            [
              134.1515903132,
              35.085203319
            ],
            [
              134.1513244484,
              35.0849982617
            ],
            [
              134.1512900438,
              35.0848459477
            ],
            [
              134.1513574196,
              35.0844867346
            ],
            [
              134.151787754,
              35.0836212763
            ],
            [
              134.1520280413,
              35.0822985369
            ],
            [
              134.1520054955,
              35.0820177137
            ],
            [
              134.1514304548,
              35.0802512643
            ],
            [
              134.152047291,
              35.080126054
            ],
            [
              134.1517505988,
              35.0788045525
            ],
            [
              134.1555696097,
              35.0781389043
            ],
            [
              134.156393739,
              35.0777362117
            ],
            [
              134.1574547843,
              35.0769278465
            ],
            [
              134.1587864254,
              35.0776929844
            ],
            [
              134.159476409,
              35.0779158196
            ],
            [
              134.1598732736,
              35.0778902592
            ],
            [
              134.1598836668,
              35.0786113014
            ],
            [
              134.1595398171,
              35.0798372849
            ],
            [
              134.1568362311,
              35.0804238363
            ],
            [
              134.1564217086,
              35.081271377
            ],
            [
              134.156437383,
              35.0813626724
            ],
            [
              134.1565246425,
              35.0813823784
            ],
            [
              134.1568739541,
              35.0813372507
            ],
            [
              134.156320069,
              35.0824031923
            ],
            [
              134.1573958937,
              35.0840748478
            ],
            [
              134.1589376566,
              35.084993744
            ],
            [
              134.1587719667,
              35.0864059058
            ]
          ]
        ]
      }
    },
    {
      "type": "Feature",
      "properties": {
        "key_code": "33622017002",
        "pref": "岡山県",
        "city": "勝田郡",
        "ward": "勝央町",
        "district": "石生下石生の一部，中石生",
        "name": "勝田郡 勝央町 石生下石生の一部，中石生"
      },
      "geometry": {
        "type": "Polygon",
        "coordinates": [
          [
            [
              134.1506069265,
              35.0868257978
            ],
            [
              134.150223668,
              35.0871992506
            ],
            [
              134.149753686,
              35.0873855904
            ],
            [
              134.1494432874,
              35.0876556248
            ],
            [
              134.1493654025,
              35.0878386133
            ],
            [
              134.1491857945,
              35.0878293261
            ],
            [
              134.1490323616,
              35.0877533154
            ],
            [
              134.1485899877,
              35.0872302951
            ],
            [
              134.1481971385,
              35.0866901648
            ],
            [
              134.148030225,
              35.086247282
            ],
            [
              134.1473941847,
              35.0858894589
            ],
            [
              134.1467487001,
              35.0846865002
            ],
            [
              134.1460969516,
              35.0847761312
            ],
            [
              134.145576099,
              35.0846848957
            ],
            [
              134.1446795616,
              35.0843123537
            ],
            [
              134.1451388447,
              35.0834802093
            ],
            [
              134.1451494194,
              35.0826592674
            ],
            [
              134.1448156181,
              35.0817878568
            ],
            [
              134.1445013364,
              35.0812519867
            ],
            [
              134.1444848197,
              35.0808807442
            ],
            [
              134.1443003852,
              35.0805188175
            ],
            [
              134.144333289,
              35.0800595492
            ],
            [
              134.1442588146,
              35.0797168094
            ],
            [
              134.1455361566,
              35.0788388214
            ],
            [
              134.1472209876,
              35.0795181495
            ],
            [
              134.1517505988,
              35.0788045525
            ],
            [
              134.152047291,
              35.080126054
            ],
            [
              134.1514304548,
              35.0802512643
            ],
            [
              134.1520054955,
              35.0820177137
            ],
            [
              134.1520280413,
              35.0822985369
            ],
            [
              134.151787754,
              35.0836212763
            ],
            [
              134.1513574196,
              35.0844867346
            ],
            [
              134.1512900438,
              35.0848459477
            ],
            [
              134.1513244484,
              35.0849982617
            ],
            [
              134.1515903132,
              35.085203319
            ],
            [
              134.1516132046,
              35.0853223032
            ],
            [
              134.1515956035,
              35.0854269305
            ],
            [
              134.1513984854,
              35.0855552331
            ],
            [
              134.1508367643,
              35.0856066455
            ],
            [
              134.150876931,
              35.0857685453
            ],
            [
              134.1506556637,
              35.0863393695
            ],
            [
              134.1506069265,
              35.0868257978
            ]
          ]
        ]
      }
    },
    {
      "type": "Feature",
      "properties": {
        "key_code": "33622017003",
        "pref": "岡山県",
        "city": "勝田郡",
        "ward": "勝央町",
        "district": "石生下石生",
        "name": "勝田郡 勝央町 石生下石生"
      },
      "geometry": {
        "type": "Polygon",
        "coordinates": [
          [
            [
              134.1446795616,
              35.0843123537
            ],
            [
              134.1442511315,
              35.0843164036
            ],
            [
              134.1433671977,
              35.0847695478
            ],
            [
              134.1430717728,
              35.0848404252
            ],
            [
              134.1424088506,
              35.0848417744
            ],
            [
              134.1419158575,
              35.083982008
            ],
            [
              134.1416971754,
              35.0834105759
            ],
            [
              134.1408627191,
              35.0825168816
            ],
            [
              134.1407128384,
              35.082240643
            ],
            [
              134.1402164121,
              35.0803862365
            ],
            [
              134.1396391488,
              35.0796809124
            ],
            [
              134.139532953,
              35.0793024138
            ],
            [
              134.1396530461,
              35.0786911658
            ],
            [
              134.1397750583,
              35.0785104363
            ],
            [
              134.1406676882,
              35.0780359907
            ],
            [
              134.1415189887,
              35.0779040951
            ],
            [
              134.1412817056,
              35.0766306942
            ],
            [
              134.14082055,
              35.0757923125
            ],
            [
              134.1401204323,
              35.0747655111
            ],
            [
              134.144384375,
              35.0740636657
            ],
            [
              134.1455361566,
              35.0788388214
            ],
            [
              134.1442588146,
              35.0797168094
            ],
            [
              134.144333289,
              35.0800595492
            ],
            [
              134.1443003852,
              35.0805188175
            ],
            [
              134.1444848197,
              35.0808807442
            ],
            [
              134.1445013364,
              35.0812519867
            ],
            [
              134.1448156181,
              35.0817878568
            ],
            [
              134.1451494194,
              35.0826592674
            ],
            [
              134.1451388447,
              35.0834802093
            ],
            [
              134.1446795616,
              35.0843123537
            ]
          ]
        ]
      }
    },
    {
      "type": "Feature",
      "properties": {
        "key_code": "33622017004",
        "pref": "岡山県",
        "city": "勝田郡",
        "ward": "勝央町",
        "district": "石生上石生東部，５部の南部",
        "name": "勝田郡 勝央町 石生上石生東部，５部の南部"
      },
      "geometry": {
        "type": "Polygon",
        "coordinates": [
          [
            [
              134.1619657756,
              35.0802744322
            ],
            [
              134.1609839497,
              35.0810987148
            ],
            [
              134.1607493393,
              35.0813874803
            ],
            [
              134.1602501614,
              35.0816222026
            ],
            [
              134.1597238151,
              35.0820029483
            ],
            [
              134.1589600853,
              35.0821648201
            ],
            [
              134.1586169533,
              35.0823703229
            ],
            [
              134.1585276325,
              35.0828884619
            ],
            [
              134.1588548036,
              35.0835773508
            ],
            [
              134.1592245698,
              35.0840845291
            ],
            [
              134.1589376566,
              35.084993744
            ],
            [
              134.1573958937,
              35.0840748478
            ],
            [
              134.156320069,
              35.0824031923
            ],
            [
              134.1568739541,
              35.0813372507
            ],
            [
              134.1565246425,
              35.0813823784
            ],
            [
              134.156437383,
              35.0813626724
            ],
            [
              134.1564217086,
              35.081271377
            ],
            [
              134.1568362311,
              35.0804238363
            ],
            [
              134.1595398171,
              35.0798372849
            ],
            [
              134.1598836668,
              35.0786113014
            ],
            [
              134.1598732736,
              35.0778902592
            ],
            [
              134.160544405,
              35.0777555797
            ],
            [
              134.16078569,
              35.077777968
            ],
            [
              134.1618308212,
              35.0781027855
            ],
            [
              134.1620028023,
              35.0792235834
            ],
            [
              134.1618947995,
              35.0795761253
            ],
            [
              134.1619657756,
              35.0802744322
            ]
          ]
        ]
      }
    },
    {
      "type": "Feature",
      "properties": {
        "key_code": "336220180",
        "pref": "岡山県",
        "city": "勝田郡",
        "ward": "勝央町",
        "district": "下町川",
        "name": "勝田郡 勝央町 下町川"
      },
      "geometry": {
        "type": "Polygon",
        "coordinates": [
          [
            [
              134.1476772707,
              35.0985027679
            ],
            [
              134.1474701489,
              35.0989320447
            ],
            [
              134.1471933553,
              35.1010953033
            ],
            [
              134.1473900849,
              35.1015324553
            ],
            [
              134.1472504651,
              35.1021964938
            ],
            [
              134.1473845002,
              35.1028757429
            ],
            [
              134.1465502066,
              35.1030384098
            ],
            [
              134.1463565006,
              35.1027228165
            ],
            [
              134.1453343725,
              35.1031335769
            ],
            [
              134.144878368,
              35.1035148576
            ],
            [
              134.1443052635,
              35.1036971425
            ],
            [
              134.1430389776,
              35.1033050723
            ],
            [
              134.1423465715,
              35.1033159563
            ],
            [
              134.1395471875,
              35.103723294
            ],
            [
              134.1394894602,
              35.1032459949
            ],
            [
              134.1388267136,
              35.1012254046
            ],
            [
              134.1388475675,
              35.1005966772
            ],
            [
              134.1378885064,
              35.1007702825
            ],
            [
              134.1375890797,
              35.0999213095
            ],
            [
              134.1372478359,
              35.0992817142
            ],
            [
              134.1365211478,
              35.09830718
            ],
            [
              134.1367497397,
              35.0980959926
            ],
            [
              134.1367542776,
              35.0974083619
            ],
            [
              134.1372233767,
              35.0973757411
            ],
            [
              134.1382254265,
              35.0960330728
            ],
            [
              134.1398756819,
              35.0948007359
            ],
            [
              134.1399351842,
              35.0941202377
            ],
            [
              134.1398312495,
              35.0939916152
            ],
            [
              134.1398374353,
              35.0938297872
            ],
            [
              134.1400027861,
              35.093684904
            ],
            [
              134.1405068308,
              35.0935571818
            ],
            [
              134.1406297324,
              35.0929958738
            ],
            [
              134.1410536714,
              35.0924587787
            ],
            [
              134.1412312926,
              35.0920284077
            ],
            [
              134.1418173133,
              35.0914914971
            ],
            [
              134.141834951,
              35.0913868723
            ],
            [
              134.1414863586,
              35.0906557943
            ],
            [
              134.1414865804,
              35.0905606495
            ],
            [
              134.1420093705,
              35.0898237695
            ],
            [
              134.1418120115,
              35.0887979188
            ],
            [
              134.1420211013,
              35.0885175334
            ],
            [
              134.1423631378,
              35.0883324318
            ],
            [
              134.1429297231,
              35.0874220181
            ],
            [
              134.1429319896,
              35.0864416958
            ],
            [
              134.1430545457,
              35.0860278535
            ],
            [
              134.1430060004,
              35.0857445933
            ],
            [
              134.1426680555,
              35.0854179875
            ],
            [
              134.1424088506,
              35.0848417744
            ],
            [
              134.1433671977,
              35.0847695478
            ],
            [
              134.1444132943,
              35.0842976418
            ],
            [
              134.1446795616,
              35.0843123537
            ],
            [
              134.14535691,
              35.0846133545
            ],
            [
              134.1460969516,
              35.0847761312
            ],
            [
              134.1467487001,
              35.0846865002
            ],
            [
              134.1473941847,
              35.0858894589
            ],
            [
              134.148030225,
              35.086247282
            ],
            [
              134.1481971385,
              35.0866901648
            ],
            [
              134.1490323616,
              35.0877533154
            ],
            [
              134.1494475473,
              35.0879063466
            ],
            [
              134.1494521754,
              35.0880017809
            ],
            [
              134.1490321591,
              35.0885721536
            ],
            [
              134.1501441493,
              35.0892184457
            ],
            [
              134.1506084979,
              35.0893942253
            ],
            [
              134.1510568373,
              35.0898946413
            ],
            [
              134.1517775231,
              35.0902501058
            ],
            [
              134.1526326258,
              35.0905204816
            ],
            [
              134.152880088,
              35.0910688326
            ],
            [
              134.1533650995,
              35.091246746
            ],
            [
              134.1529301931,
              35.0924591114
            ],
            [
              134.1536148668,
              35.0928301469
            ],
            [
              134.1547974367,
              35.0931765602
            ],
            [
              134.1549566253,
              35.093317788
            ],
            [
              134.1547662999,
              35.0938051348
            ],
            [
              134.1551668934,
              35.0942577177
            ],
            [
              134.1553097874,
              35.0951258569
            ],
            [
              134.1548103,
              35.0952893537
            ],
            [
              134.1542226965,
              35.0957011817
            ],
            [
              134.1538108309,
              35.0957909973
            ],
            [
              134.1535702094,
              35.0955788687
            ],
            [
              134.1529059049,
              35.0952334262
            ],
            [
              134.152527304,
              35.0952179309
            ],
            [
              134.1522978314,
              35.095373792
            ],
            [
              134.1515029232,
              35.0953346392
            ],
            [
              134.1511458853,
              35.0950471169
            ],
            [
              134.150721355,
              35.0952594443
            ],
            [
              134.1501641726,
              35.0964030201
            ],
            [
              134.149953902,
              35.0966381346
            ],
            [
              134.1490027926,
              35.0973736219
            ],
            [
              134.1483273309,
              35.0976720394
            ],
            [
              134.147779096,
              35.0980454398
            ],
            [
              134.1476772707,
              35.0985027679
            ]
          ]
        ]
      }
    },
    {
      "type": "Feature",
      "properties": {
        "key_code": "33622019001",
        "pref": "岡山県",
        "city": "勝田郡",
        "ward": "勝央町",
        "district": "黒坂本村南，小原",
        "name": "勝田郡 勝央町 黒坂本村南，小原"
      },
      "geometry": {
        "type": "Polygon",
        "coordinates": [
          [
            [
              134.0914092734,
              35.0414942725
            ],
            [
              134.0909587227,
              35.0414300792
            ],
            [
              134.0905687499,
              35.0414693171
            ],
            [
              134.0842776825,
              35.042558238
            ],
            [
              134.0840709099,
              35.0420903337
            ],
            [
              134.0837107288,
              35.041820428
            ],
            [
              134.0833199433,
              35.0413306619
            ],
            [
              134.0833644282,
              35.0409428545
            ],
            [
              134.0837790306,
              35.0407220839
            ],
            [
              134.0841458916,
              35.0403744504
            ],
            [
              134.0842788569,
              35.0401748592
            ],
            [
              134.0842553212,
              35.0400006507
            ],
            [
              134.0841788353,
              35.0398302062
            ],
            [
              134.0828665836,
              35.0388922481
            ],
            [
              134.0827962395,
              35.0378579819
            ],
            [
              134.0835201045,
              35.0375836322
            ],
            [
              134.0846526068,
              35.0386222042
            ],
            [
              134.085082331,
              35.0388635032
            ],
            [
              134.0863774762,
              35.038929537
            ],
            [
              134.0867913796,
              35.0390305739
            ],
            [
              134.0869645481,
              35.0381558875
            ],
            [
              134.0887919516,
              35.0381193521
            ],
            [
              134.0888158467,
              35.0369071677
            ],
            [
              134.0887141017,
              35.035617768
            ],
            [
              134.0893476918,
              35.0355721751
            ],
            [
              134.0899411486,
              35.0353662714
            ],
            [
              134.0905248692,
              35.0357014609
            ],
            [
              134.0906881069,
              35.0354278768
            ],
            [
              134.0917741944,
              35.0347719617
            ],
            [
              134.0918996398,
              35.0349159524
            ],
            [
              134.0923539606,
              35.0350704405
            ],
            [
              134.0924303543,
              35.0353276568
            ],
            [
              134.0921917693,
              35.0363760364
            ],
            [
              134.0916719806,
              35.0377743295
            ],
            [
              134.0913866224,
              35.0381545675
            ],
            [
              134.0912307686,
              35.0386818945
            ],
            [
              134.0913044703,
              35.0398543454
            ],
            [
              134.0915698763,
              35.0407365224
            ],
            [
              134.0915608393,
              35.0410504637
            ],
            [
              134.0914092734,
              35.0414942725
            ]
          ]
        ]
      }
    },
    {
      "type": "Feature",
      "properties": {
        "key_code": "33622019002",
        "pref": "岡山県",
        "city": "勝田郡",
        "ward": "勝央町",
        "district": "黒坂本村北",
        "name": "勝田郡 勝央町 黒坂本村北"
      },
      "geometry": {
        "type": "Polygon",
        "coordinates": [
          [
            [
              134.0924211683,
              35.0440327754
            ],
            [
              134.0919885967,
              35.0440157322
            ],
            [
              134.0916842974,
              35.0438413265
            ],
            [
              134.0910917159,
              35.0438987593
            ],
            [
              134.0902256457,
              35.0441719978
            ],
            [
              134.0899940832,
              35.0443413368
            ],
            [
              134.089713811,
              35.0443609958
            ],
            [
              134.0869729748,
              35.0443656227
            ],
            [
              134.086186813,
              35.0442225666
            ],
            [
              134.0848744302,
              35.044223451
            ],
            [
              134.084645384,
              35.0439183975
            ],
            [
              134.0842776825,
              35.042558238
            ],
            [
              134.0909587227,
              35.0414300792
            ],
            [
              134.0924645317,
              35.0416900711
            ],
            [
              134.0930166486,
              35.0417379068
            ],
            [
              134.093552832,
              35.0416854927
            ],
            [
              134.0933898276,
              35.0418856099
            ],
            [
              134.0927719133,
              35.0421115345
            ],
            [
              134.0920226988,
              35.0427979956
            ],
            [
              134.0920462578,
              35.0430719979
            ],
            [
              134.0924339264,
              35.043814128
            ],
            [
              134.0924211683,
              35.0440327754
            ]
          ]
        ]
      }
    },
    {
      "type": "Feature",
      "properties": {
        "key_code": "33622019003",
        "pref": "岡山県",
        "city": "勝田郡",
        "ward": "勝央町",
        "district": "黒坂押田",
        "name": "勝田郡 勝央町 黒坂押田"
      },
      "geometry": {
        "type": "Polygon",
        "coordinates": [
          [
            [
              134.0924211683,
              35.0440327754
            ],
            [
              134.0924339264,
              35.043814128
            ],
            [
              134.0920462578,
              35.0430719979
            ],
            [
              134.0920226988,
              35.0427979956
            ],
            [
              134.0927719133,
              35.0421115345
            ],
            [
              134.0933898276,
              35.0418856099
            ],
            [
              134.093552832,
              35.0416854927
            ],
            [
              134.0930166486,
              35.0417379068
            ],
            [
              134.0924645317,
              35.0416900711
            ],
            [
              134.0914092734,
              35.0414942725
            ],
            [
              134.0915608393,
              35.0410504637
            ],
            [
              134.0915698763,
              35.0407365224
            ],
            [
              134.0913044703,
              35.0398543454
            ],
            [
              134.0912307686,
              35.0386818945
            ],
            [
              134.0913866224,
              35.0381545675
            ],
            [
              134.0916719806,
              35.0377743295
            ],
            [
              134.0921917693,
              35.0363760364
            ],
            [
              134.0924303543,
              35.0353276568
            ],
            [
              134.0923539606,
              35.0350704405
            ],
            [
              134.0918996398,
              35.0349159524
            ],
            [
              134.0917741944,
              35.0347719617
            ],
            [
              134.091807138,
              35.0346117276
            ],
            [
              134.091207604,
              35.0341296661
            ],
            [
              134.091151124,
              35.0340025712
            ],
            [
              134.0913060968,
              35.0323964357
            ],
            [
              134.0918689733,
              35.0315291312
            ],
            [
              134.0941560024,
              35.0297619045
            ],
            [
              134.0948340389,
              35.0297195463
            ],
            [
              134.0950719718,
              35.0297643741
            ],
            [
              134.0953130896,
              35.0299299956
            ],
            [
              134.095714254,
              35.029835474
            ],
            [
              134.0960644334,
              35.0299336195
            ],
            [
              134.0970442499,
              35.0306973959
            ],
            [
              134.0976838234,
              35.031380019
            ],
            [
              134.0980485464,
              35.0316344715
            ],
            [
              134.0982433832,
              35.0316549159
            ],
            [
              134.0990985732,
              35.0307748415
            ],
            [
              134.0998857191,
              35.0308442991
            ],
            [
              134.1009114146,
              35.0307134076
            ],
            [
              134.1012262266,
              35.0307339318
            ],
            [
              134.1020245335,
              35.0310741264
            ],
            [
              134.1031544161,
              35.0312156899
            ],
            [
              134.1046669183,
              35.0316734046
            ],
            [
              134.1049003092,
              35.0319394958
            ],
            [
              134.105108829,
              35.0324446466
            ],
            [
              134.1051876865,
              35.0331154876
            ],
            [
              134.1048118968,
              35.0332509316
            ],
            [
              134.1048576047,
              35.0342339228
            ],
            [
              134.1048004178,
              35.0359239015
            ],
            [
              134.1047099576,
              35.0365147739
            ],
            [
              134.1045238136,
              35.0366738066
            ],
            [
              134.1036759585,
              35.0367054732
            ],
            [
              134.1037639215,
              35.0370110803
            ],
            [
              134.1031449445,
              35.0374781277
            ],
            [
              134.1031307925,
              35.0382052635
            ],
            [
              134.1034778807,
              35.0382457723
            ],
            [
              134.1034384989,
              35.0393380971
            ],
            [
              134.1037787163,
              35.0403847186
            ],
            [
              134.1032607738,
              35.0408153304
            ],
            [
              134.1039110247,
              35.0420695164
            ],
            [
              134.1035576644,
              35.0418544759
            ],
            [
              134.1024496176,
              35.0416604168
            ],
            [
              134.1019143156,
              35.0414612298
            ],
            [
              134.1014655721,
              35.0410783883
            ],
            [
              134.1007484206,
              35.0408707534
            ],
            [
              134.1001635191,
              35.0408252081
            ],
            [
              134.098910751,
              35.0413989206
            ],
            [
              134.0987485239,
              35.0413986114
            ],
            [
              134.098238063,
              35.0411106477
            ],
            [
              134.0979972667,
              35.0410737764
            ],
            [
              134.0977752377,
              35.0413604823
            ],
            [
              134.0975007195,
              35.0419441474
            ],
            [
              134.0974203282,
              35.04254241
            ],
            [
              134.0969166661,
              35.0424584839
            ],
            [
              134.0956151503,
              35.0420274454
            ],
            [
              134.0952218467,
              35.0420266896
            ],
            [
              134.0952366605,
              35.0437046984
            ],
            [
              134.0951373605,
              35.0440400189
            ],
            [
              134.0942967837,
              35.0440020537
            ],
            [
              134.0931878386,
              35.0441231473
            ],
            [
              134.0924211683,
              35.0440327754
            ]
          ]
        ]
      }
    },
    {
      "type": "Feature",
      "properties": {
        "key_code": "336220200",
        "pref": "岡山県",
        "city": "勝田郡",
        "ward": "勝央町",
        "district": "為本",
        "name": "勝田郡 勝央町 為本"
      },
      "geometry": {
        "type": "Polygon",
        "coordinates": [
          [
            [
              134.0835201045,
              35.0375836322
            ],
            [
              134.0835961195,
              35.0375548447
            ],
            [
              134.0830576778,
              35.0366186254
            ],
            [
              134.0826631489,
              35.0365303351
            ],
            [
              134.0824206578,
              35.0363758688
            ],
            [
              134.0821031401,
              35.0359255088
            ],
            [
              134.0823846242,
              35.0352101011
            ],
            [
              134.0822646418,
              35.0349293271
            ],
            [
              134.0822761396,
              35.0346546733
            ],
            [
              134.0819287318,
              35.0343558886
            ],
            [
              134.0814063608,
              35.0343226122
            ],
            [
              134.0813039665,
              35.0340877248
            ],
            [
              134.0813006861,
              35.0335007531
            ],
            [
              134.0811712689,
              35.0327927311
            ],
            [
              134.0812224309,
              35.0326096492
            ],
            [
              134.0834470353,
              35.0320083522
            ],
            [
              134.0828283488,
              35.031250509
            ],
            [
              134.0825267175,
              35.0306914425
            ],
            [
              134.0823899496,
              35.0299773475
            ],
            [
              134.0825888108,
              35.0296713154
            ],
            [
              134.0824509562,
              35.0286327453
            ],
            [
              134.0826389924,
              35.0283161962
            ],
            [
              134.0824117006,
              35.0273038526
            ],
            [
              134.0824044164,
              35.0269477408
            ],
            [
              134.0823213487,
              35.0267156417
            ],
            [
              134.082031824,
              35.0264255762
            ],
            [
              134.0819992949,
              35.0261085011
            ],
            [
              134.0834396059,
              35.0253603195
            ],
            [
              134.0832783645,
              35.0251303144
            ],
            [
              134.0826095353,
              35.0246970616
            ],
            [
              134.0827443744,
              35.0244308996
            ],
            [
              134.0829626469,
              35.0233540409
            ],
            [
              134.0838891614,
              35.0230313922
            ],
            [
              134.0845642777,
              35.0229684658
            ],
            [
              134.0845791339,
              35.0228259442
            ],
            [
              134.0839113413,
              35.0220614651
            ],
            [
              134.0835464907,
              35.0213828247
            ],
            [
              134.0835063675,
              35.021119473
            ],
            [
              134.083663088,
              35.0206219891
            ],
            [
              134.0835279173,
              35.0203653454
            ],
            [
              134.0837022879,
              35.0199895304
            ],
            [
              134.0845067968,
              35.0196943024
            ],
            [
              134.08452151,
              35.0195993206
            ],
            [
              134.0841991456,
              35.0195867623
            ],
            [
              134.0845236956,
              35.0188788168
            ],
            [
              134.0847116454,
              35.0187882011
            ],
            [
              134.0846559209,
              35.0184331158
            ],
            [
              134.0853667867,
              35.0181718435
            ],
            [
              134.0854610114,
              35.0179546831
            ],
            [
              134.0853107605,
              35.0175898298
            ],
            [
              134.0853606667,
              35.0174631546
            ],
            [
              134.0855893526,
              35.0173752946
            ],
            [
              134.0858984127,
              35.0171132797
            ],
            [
              134.0862527537,
              35.0164256012
            ],
            [
              134.0865451971,
              35.0161862304
            ],
            [
              134.0867912839,
              35.0158040024
            ],
            [
              134.0870173526,
              35.0156732439
            ],
            [
              134.0869743427,
              35.0153289622
            ],
            [
              134.087112549,
              35.0151299902
            ],
            [
              134.0871190945,
              35.0147813003
            ],
            [
              134.0872798237,
              35.0144147486
            ],
            [
              134.0871676761,
              35.0141813273
            ],
            [
              134.0872566911,
              35.0138645677
            ],
            [
              134.0871160248,
              35.0130581342
            ],
            [
              134.0871502129,
              35.0126687206
            ],
            [
              134.0873166943,
              35.0122162548
            ],
            [
              134.0875818969,
              35.0118770991
            ],
            [
              134.0878463917,
              35.0117734622
            ],
            [
              134.0884516043,
              35.0118471468
            ],
            [
              134.0889955351,
              35.0121697488
            ],
            [
              134.0891709527,
              35.0124147038
            ],
            [
              134.0894675,
              35.0126371496
            ],
            [
              134.0898263908,
              35.0131834887
            ],
            [
              134.0900900567,
              35.013360651
            ],
            [
              134.0905135907,
              35.0134565713
            ],
            [
              134.0918374178,
              35.0134252368
            ],
            [
              134.0931079156,
              35.0137448073
            ],
            [
              134.0937558976,
              35.0142622556
            ],
            [
              134.0939538887,
              35.0143170133
            ],
            [
              134.0950105741,
              35.0143552692
            ],
            [
              134.0952594061,
              35.0139618376
            ],
            [
              134.0955429567,
              35.0139283698
            ],
            [
              134.0959286456,
              35.0142676021
            ],
            [
              134.096005868,
              35.015162139
            ],
            [
              134.0963742753,
              35.0152187708
            ],
            [
              134.0968375518,
              35.0150526043
            ],
            [
              134.0968536412,
              35.0151060915
            ],
            [
              134.096754454,
              35.0157137795
            ],
            [
              134.0966238768,
              35.0159474252
            ],
            [
              134.0960467396,
              35.0161800696
            ],
            [
              134.096122241,
              35.0167446386
            ],
            [
              134.096071797,
              35.0173457298
            ],
            [
              134.0964920072,
              35.0180412575
            ],
            [
              134.0969070534,
              35.019120826
            ],
            [
              134.0972304494,
              35.0196024097
            ],
            [
              134.0972444483,
              35.0203839994
            ],
            [
              134.0969631118,
              35.020800902
            ],
            [
              134.0970677669,
              35.0211150808
            ],
            [
              134.096961824,
              35.0212484843
            ],
            [
              134.0968237986,
              35.0212482199
            ],
            [
              134.0962707676,
              35.0215544465
            ],
            [
              134.095847531,
              35.0219009259
            ],
            [
              134.0960250022,
              35.0223020863
            ],
            [
              134.0959462917,
              35.0228463618
            ],
            [
              134.096066515,
              35.0233944012
            ],
            [
              134.097134327,
              35.0247925879
            ],
            [
              134.0977461872,
              35.0252112703
            ],
            [
              134.0980940444,
              35.0256727611
            ],
            [
              134.0981500287,
              35.0259668443
            ],
            [
              134.098092112,
              35.0263474096
            ],
            [
              134.0976921834,
              35.0270548216
            ],
            [
              134.0977593812,
              35.027692837
            ],
            [
              134.0976203662,
              35.0280266221
            ],
            [
              134.0973680745,
              35.0282198214
            ],
            [
              134.0972780253,
              35.0284734061
            ],
            [
              134.0972438477,
              35.0290679039
            ],
            [
              134.0975671273,
              35.0296029383
            ],
            [
              134.0981583809,
              35.0301451054
            ],
            [
              134.0990985732,
              35.0307748415
            ],
            [
              134.0982433832,
              35.0316549159
            ],
            [
              134.0980485464,
              35.0316344715
            ],
            [
              134.0976838234,
              35.031380019
            ],
            [
              134.0970442499,
              35.0306973959
            ],
            [
              134.0960644334,
              35.0299336195
            ],
            [
              134.095714254,
              35.029835474
            ],
            [
              134.0953130896,
              35.0299299956
            ],
            [
              134.0950719718,
              35.0297643741
            ],
            [
              134.0948340389,
              35.0297195463
            ],
            [
              134.0941560024,
              35.0297619045
            ],
            [
              134.0918689733,
              35.0315291312
            ],
            [
              134.0913060968,
              35.0323964357
            ],
            [
              134.091151124,
              35.0340025712
            ],
            [
              134.091207604,
              35.0341296661
            ],
            [
              134.091807138,
              35.0346117276
            ],
            [
              134.0917741944,
              35.0347719617
            ],
            [
              134.0906881069,
              35.0354278768
            ],
            [
              134.0905248692,
              35.0357014609
            ],
            [
              134.0899411486,
              35.0353662714
            ],
            [
              134.0893476918,
              35.0355721751
            ],
            [
              134.0887141017,
              35.035617768
            ],
            [
              134.0888158467,
              35.0369071677
            ],
            [
              134.0887919516,
              35.0381193521
            ],
            [
              134.0869645481,
              35.0381558875
            ],
            [
              134.0867913796,
              35.0390305739
            ],
            [
              134.0863774762,
              35.038929537
            ],
            [
              134.085082331,
              35.0388635032
            ],
            [
              134.0846526068,
              35.0386222042
            ],
            [
              134.0835201045,
              35.0375836322
            ]
          ]
        ]
      }
    },
    {
      "type": "Feature",
      "properties": {
        "key_code": "33622021001",
        "pref": "岡山県",
        "city": "勝田郡",
        "ward": "勝央町",
        "district": "福吉下地区，逧",
        "name": "勝田郡 勝央町 福吉下地区，逧"
      },
      "geometry": {
        "type": "Polygon",
        "coordinates": [
          [
            [
              134.0983555246,
              35.0507422379
            ],
            [
              134.0982892987,
              35.0507209826
            ],
            [
              134.0980507964,
              35.0510170129
            ],
            [
              134.0969923471,
              35.0497166198
            ],
            [
              134.0950440847,
              35.047637231
            ],
            [
              134.0930374572,
              35.0459724342
            ],
            [
              134.092485086,
              35.045738531
            ],
            [
              134.0905575775,
              35.0459872927
            ],
            [
              134.0897736723,
              35.0460077886
            ],
            [
              134.0895598963,
              35.0458879257
            ],
            [
              134.0894459368,
              35.0456424107
            ],
            [
              134.0885667537,
              35.0455589047
            ],
            [
              134.0880541368,
              35.0456396483
            ],
            [
              134.0879518282,
              35.0466141912
            ],
            [
              134.088286459,
              35.0472374806
            ],
            [
              134.0867514512,
              35.0476259764
            ],
            [
              134.084736258,
              35.0477817141
            ],
            [
              134.0852156879,
              35.0467485722
            ],
            [
              134.0852621359,
              35.0461767495
            ],
            [
              134.0851039675,
              35.0450835149
            ],
            [
              134.0848744302,
              35.044223451
            ],
            [
              134.086186813,
              35.0442225666
            ],
            [
              134.0869729748,
              35.0443656227
            ],
            [
              134.089713811,
              35.0443609958
            ],
            [
              134.0899940832,
              35.0443413368
            ],
            [
              134.0902256457,
              35.0441719978
            ],
            [
              134.0910917159,
              35.0438987593
            ],
            [
              134.0916842974,
              35.0438413265
            ],
            [
              134.0919885967,
              35.0440157322
            ],
            [
              134.0931878386,
              35.0441231473
            ],
            [
              134.0942967837,
              35.0440020537
            ],
            [
              134.0951373605,
              35.0440400189
            ],
            [
              134.0952366605,
              35.0437046984
            ],
            [
              134.0952218467,
              35.0420266896
            ],
            [
              134.0956151503,
              35.0420274454
            ],
            [
              134.0969166661,
              35.0424584839
            ],
            [
              134.0974203282,
              35.04254241
            ],
            [
              134.0975007195,
              35.0419441474
            ],
            [
              134.0977752377,
              35.0413604823
            ],
            [
              134.0979972667,
              35.0410737764
            ],
            [
              134.098238063,
              35.0411106477
            ],
            [
              134.0987485239,
              35.0413986114
            ],
            [
              134.098910751,
              35.0413989206
            ],
            [
              134.1001635191,
              35.0408252081
            ],
            [
              134.1007484206,
              35.0408707534
            ],
            [
              134.1014655721,
              35.0410783883
            ],
            [
              134.1019143156,
              35.0414612298
            ],
            [
              134.1024496176,
              35.0416604168
            ],
            [
              134.1029705793,
              35.0417139326
            ],
            [
              134.1037736653,
              35.0419640416
            ],
            [
              134.1039110247,
              35.0420695164
            ],
            [
              134.103944129,
              35.0425425675
            ],
            [
              134.1042527361,
              35.0429394369
            ],
            [
              134.1037319631,
              35.0436964752
            ],
            [
              134.1033720654,
              35.0440560375
            ],
            [
              134.1033931866,
              35.0447102053
            ],
            [
              134.1027219859,
              35.0454478571
            ],
            [
              134.1019867051,
              35.0458552938
            ],
            [
              134.1016721258,
              35.0462257026
            ],
            [
              134.1016944565,
              35.0464458953
            ],
            [
              134.1020068425,
              35.0468552344
            ],
            [
              134.1025412927,
              35.047164424
            ],
            [
              134.1025786606,
              35.0474664091
            ],
            [
              134.1027156174,
              35.0477181566
            ],
            [
              134.1032917641,
              35.048156372
            ],
            [
              134.103428689,
              35.0484207258
            ],
            [
              134.1038947441,
              35.0485787902
            ],
            [
              134.1041464337,
              35.0488182865
            ],
            [
              134.1036646162,
              35.0488299903
            ],
            [
              134.102999956,
              35.0485897864
            ],
            [
              134.1021198718,
              35.0488081376
            ],
            [
              134.099420767,
              35.0486458205
            ],
            [
              134.0989154601,
              35.0488461289
            ],
            [
              134.098997249,
              35.0496637812
            ],
            [
              134.0989431281,
              35.0498650236
            ],
            [
              134.0984138579,
              35.0504236761
            ],
            [
              134.0983555246,
              35.0507422379
            ]
          ]
        ]
      }
    },
    {
      "type": "Feature",
      "properties": {
        "key_code": "33622021002",
        "pref": "岡山県",
        "city": "勝田郡",
        "ward": "勝央町",
        "district": "福吉上地区",
        "name": "勝田郡 勝央町 福吉上地区"
      },
      "geometry": {
        "type": "Polygon",
        "coordinates": [
          [
            [
              134.0980507964,
              35.0510170129
            ],
            [
              134.0974169353,
              35.0518318757
            ],
            [
              134.0967822245,
              35.0517273411
            ],
            [
              134.0962023041,
              35.0523951208
            ],
            [
              134.0958234384,
              35.0525081961
            ],
            [
              134.0949636807,
              35.0523737107
            ],
            [
              134.0944108695,
              35.0525105297
            ],
            [
              134.0937408655,
              35.0532608687
            ],
            [
              134.0930715149,
              35.0532633651
            ],
            [
              134.0929673689,
              35.0530961139
            ],
            [
              134.0924247675,
              35.0539466237
            ],
            [
              134.0919187936,
              35.0543732478
            ],
            [
              134.0915309452,
              35.0543978382
            ],
            [
              134.090182646,
              35.053994041
            ],
            [
              134.089442499,
              35.0539913062
            ],
            [
              134.0881737752,
              35.0537319434
            ],
            [
              134.0871244633,
              35.0536918869
            ],
            [
              134.0867431058,
              35.0530951894
            ],
            [
              134.0862636321,
              35.0528892919
            ],
            [
              134.0862841785,
              35.0527134125
            ],
            [
              134.0858595944,
              35.0526745294
            ],
            [
              134.0856148363,
              35.0521958548
            ],
            [
              134.0847002172,
              35.0518863928
            ],
            [
              134.0844227522,
              35.0520528741
            ],
            [
              134.0842329271,
              35.0517286052
            ],
            [
              134.0834270329,
              35.0516004042
            ],
            [
              134.0829479593,
              35.0512704691
            ],
            [
              134.0830343492,
              35.0511997992
            ],
            [
              134.0830042086,
              35.0509871263
            ],
            [
              134.0826319969,
              35.0509382621
            ],
            [
              134.0819420017,
              35.0511544533
            ],
            [
              134.081146582,
              35.0516285995
            ],
            [
              134.081048211,
              35.0515980439
            ],
            [
              134.0809639656,
              35.0510734875
            ],
            [
              134.0807755104,
              35.0508725983
            ],
            [
              134.0803112342,
              35.0513749608
            ],
            [
              134.0793476528,
              35.0516328263
            ],
            [
              134.079243134,
              35.0516448619
            ],
            [
              134.0786674246,
              35.051164914
            ],
            [
              134.078408746,
              35.0511521194
            ],
            [
              134.0781398594,
              35.0512211364
            ],
            [
              134.0781835245,
              35.0515770851
            ],
            [
              134.0780749156,
              35.0520656774
            ],
            [
              134.0769296142,
              35.0512910656
            ],
            [
              134.0763389816,
              35.0510977029
            ],
            [
              134.076253837,
              35.0505276433
            ],
            [
              134.0763139897,
              35.0503521307
            ],
            [
              134.076598092,
              35.0500585641
            ],
            [
              134.0764510106,
              35.0494330905
            ],
            [
              134.0765511357,
              35.0491880817
            ],
            [
              134.076765318,
              35.0490088084
            ],
            [
              134.0770137295,
              35.0490093314
            ],
            [
              134.077168092,
              35.0488994407
            ],
            [
              134.0772581921,
              35.0486830033
            ],
            [
              134.078184855,
              35.0486543131
            ],
            [
              134.0785480778,
              35.0484835191
            ],
            [
              134.0790039139,
              35.0480779091
            ],
            [
              134.0795359032,
              35.047948311
            ],
            [
              134.0802080952,
              35.0474716679
            ],
            [
              134.0806804057,
              35.0473582798
            ],
            [
              134.0810427832,
              35.0474529775
            ],
            [
              134.0812566099,
              35.0473920807
            ],
            [
              134.0817056992,
              35.0475625927
            ],
            [
              134.0835775847,
              35.0479341352
            ],
            [
              134.0838500223,
              35.048200264
            ],
            [
              134.0841529031,
              35.0482621538
            ],
            [
              134.0843543594,
              35.0481788319
            ],
            [
              134.084736258,
              35.0477817141
            ],
            [
              134.0867514512,
              35.0476259764
            ],
            [
              134.088286459,
              35.0472374806
            ],
            [
              134.0879518282,
              35.0466141912
            ],
            [
              134.087968728,
              35.0460734349
            ],
            [
              134.0880541368,
              35.0456396483
            ],
            [
              134.0885667537,
              35.0455589047
            ],
            [
              134.0894459368,
              35.0456424107
            ],
            [
              134.0895598963,
              35.0458879257
            ],
            [
              134.0897736723,
              35.0460077886
            ],
            [
              134.0905575775,
              35.0459872927
            ],
            [
              134.092485086,
              35.045738531
            ],
            [
              134.0930374572,
              35.0459724342
            ],
            [
              134.095482583,
              35.0480758398
            ],
            [
              134.0969923471,
              35.0497166198
            ],
            [
              134.0980507964,
              35.0510170129
            ]
          ]
        ]
      }
    },
    {
      "type": "Feature",
      "properties": {
        "key_code": "336220220",
        "pref": "岡山県",
        "city": "勝田郡",
        "ward": "勝央町",
        "district": "太平台",
        "name": "勝田郡 勝央町 太平台"
      },
      "geometry": {
        "type": "Polygon",
        "coordinates": [
          [
            [
              134.1034271261,
              35.0593493162
            ],
            [
              134.1023990433,
              35.0591363694
            ],
            [
              134.1024626382,
              35.0586421793
            ],
            [
              134.1022183178,
              35.0579746507
            ],
            [
              134.102553278,
              35.0577430967
            ],
            [
              134.1028237738,
              35.0573940925
            ],
            [
              134.1038934485,
              35.0566929247
            ],
            [
              134.1041077844,
              35.0560327419
            ],
            [
              134.1040723703,
              35.0557258338
            ],
            [
              134.1037370545,
              35.0551627163
            ],
            [
              134.1027054453,
              35.0543105266
            ],
            [
              134.1026466395,
              35.0541086481
            ],
            [
              134.1026774564,
              35.0532759324
            ],
            [
              134.1028233361,
              35.0528463312
            ],
            [
              134.1027188413,
              35.0527354955
            ],
            [
              134.102696543,
              35.0525631218
            ],
            [
              134.1020336791,
              35.052025436
            ],
            [
              134.1020911966,
              35.0518167329
            ],
            [
              134.1026175794,
              35.0514956722
            ],
            [
              134.1026117449,
              35.0511103635
            ],
            [
              134.1026935848,
              35.0510080487
            ],
            [
              134.103003293,
              35.0508529213
            ],
            [
              134.1022687324,
              35.0505150414
            ],
            [
              134.1021238073,
              35.0506210399
            ],
            [
              134.1010784346,
              35.0502774235
            ],
            [
              134.1004071197,
              35.0504279135
            ],
            [
              134.1001370515,
              35.0503821145
            ],
            [
              134.0987782488,
              35.0508776318
            ],
            [
              134.0983555246,
              35.0507422379
            ],
            [
              134.0984138579,
              35.0504236761
            ],
            [
              134.0989431281,
              35.0498650236
            ],
            [
              134.098997249,
              35.0496637812
            ],
            [
              134.0989154601,
              35.0488461289
            ],
            [
              134.0996502468,
              35.0486273843
            ],
            [
              134.1021198718,
              35.0488081376
            ],
            [
              134.102999956,
              35.0485897864
            ],
            [
              134.1036646162,
              35.0488299903
            ],
            [
              134.1041464337,
              35.0488182865
            ],
            [
              134.1038947441,
              35.0485787902
            ],
            [
              134.103428689,
              35.0484207258
            ],
            [
              134.1032917641,
              35.048156372
            ],
            [
              134.1027156174,
              35.0477181566
            ],
            [
              134.1025786606,
              35.0474664091
            ],
            [
              134.1025412927,
              35.047164424
            ],
            [
              134.1020068425,
              35.0468552344
            ],
            [
              134.1016944565,
              35.0464458953
            ],
            [
              134.1016721258,
              35.0462257026
            ],
            [
              134.1017490421,
              35.046068658
            ],
            [
              134.1019867051,
              35.0458552938
            ],
            [
              134.1027219859,
              35.0454478571
            ],
            [
              134.1033931866,
              35.0447102053
            ],
            [
              134.1041391594,
              35.0445700405
            ],
            [
              134.1077600529,
              35.0445799104
            ],
            [
              134.1093847531,
              35.0446929598
            ],
            [
              134.1092080416,
              35.0450007564
            ],
            [
              134.1088556911,
              35.0452139272
            ],
            [
              134.1088707372,
              35.0453020587
            ],
            [
              134.1091227255,
              35.0454409062
            ],
            [
              134.109159882,
              35.0458371226
            ],
            [
              134.1093127588,
              35.0458625442
            ],
            [
              134.1094659278,
              35.0457810585
            ],
            [
              134.1096280169,
              35.0452216751
            ],
            [
              134.1099659336,
              35.0446940194
            ],
            [
              134.1112429491,
              35.0447152238
            ],
            [
              134.1134762929,
              35.0445683408
            ],
            [
              134.1135297008,
              35.0446187222
            ],
            [
              134.1131910197,
              35.0454419685
            ],
            [
              134.1131904983,
              35.0456369795
            ],
            [
              134.1133962145,
              35.0459265944
            ],
            [
              134.1134017719,
              35.0461703513
            ],
            [
              134.1130087572,
              35.0462050666
            ],
            [
              134.1130075724,
              35.0466477678
            ],
            [
              134.111855033,
              35.0468758328
            ],
            [
              134.1115747943,
              35.046999274
            ],
            [
              134.111574472,
              35.0471188586
            ],
            [
              134.112436307,
              35.0469035099
            ],
            [
              134.1128093033,
              35.0473180131
            ],
            [
              134.1129921323,
              35.0473848269
            ],
            [
              134.1137890802,
              35.0472800627
            ],
            [
              134.1142395849,
              35.0479050673
            ],
            [
              134.114545934,
              35.0480826724
            ],
            [
              134.1146128661,
              35.0482178007
            ],
            [
              134.114251163,
              35.0486066822
            ],
            [
              134.1142562551,
              35.0487128948
            ],
            [
              134.1145352231,
              35.0490763773
            ],
            [
              134.114421651,
              35.0492666075
            ],
            [
              134.1137825649,
              35.0497235829
            ],
            [
              134.1125804739,
              35.0503455268
            ],
            [
              134.1129669967,
              35.0507447041
            ],
            [
              134.1136245381,
              35.0504448904
            ],
            [
              134.1143890677,
              35.0503930989
            ],
            [
              134.1145502498,
              35.0505041
            ],
            [
              134.1149219874,
              35.0524215103
            ],
            [
              134.1150029765,
              35.0533446001
            ],
            [
              134.1146186849,
              35.0538279434
            ],
            [
              134.1147611481,
              35.0539269371
            ],
            [
              134.1148232998,
              35.0541057193
            ],
            [
              134.1148224151,
              35.0544377045
            ],
            [
              134.1151564201,
              35.0543542181
            ],
            [
              134.1154854286,
              35.0551272396
            ],
            [
              134.1157357575,
              35.0561413972
            ],
            [
              134.1156379551,
              35.0564776452
            ],
            [
              134.115389786,
              35.0566808006
            ],
            [
              134.1135298619,
              35.0573659244
            ],
            [
              134.112576911,
              35.0574387031
            ],
            [
              134.1111199354,
              35.0570617285
            ],
            [
              134.1097920959,
              35.0569412532
            ],
            [
              134.1093004623,
              35.0571034541
            ],
            [
              134.1089824104,
              35.0572984391
            ],
            [
              134.1081200055,
              35.0583250561
            ],
            [
              134.1079575869,
              35.0575865542
            ],
            [
              134.1075766257,
              35.0572349161
            ],
            [
              134.1073968931,
              35.0572345819
            ],
            [
              134.1072058151,
              35.0572803551
            ],
            [
              134.1069672187,
              35.0582589639
            ],
            [
              134.1067314985,
              35.0581939444
            ],
            [
              134.1064386961,
              35.0584611541
            ],
            [
              134.1061814871,
              35.058045163
            ],
            [
              134.1056086851,
              35.0580071168
            ],
            [
              134.1047988504,
              35.0583842702
            ],
            [
              134.1034271261,
              35.0593493162
            ]
          ]
        ]
      }
    }
  ]
}
