{
"type": "FeatureCollection",
"name": "P20-12_33",
"crs": { "type": "name", "properties": { "name": "urn:ogc:def:crs:EPSG::4612" } },
"features": [
{ "type": "Feature", "properties": { "P20_001": "33101", "P20_002": "アイステージ幸町", "P20_003": "岡山県岡山市北区幸町10-110", "P20_004": "避難所", "P20_005": -1, "P20_006": -1, "P20_007": 0, "P20_008": 0, "P20_009": 0, "P20_010": 0, "P20_011": 0, "P20_012": 1, "レベル": 3, "備考": null, "緯度": 34.660392720399997, "経度": 133.92067738, "NO": "1" }, "geometry": { "type": "Point", "coordinates": [ 133.92067738, 34.660392720399997 ] } },
{ "type": "Feature", "properties": { "P20_001": "33101", "P20_002": "コナミスポーツクラブ岡山", "P20_003": "岡山県岡山市北区幸町10-110", "P20_004": "避難所", "P20_005": -1, "P20_006": -1, "P20_007": 0, "P20_008": 0, "P20_009": 0, "P20_010": 0, "P20_011": 0, "P20_012": 1, "レベル": 3, "備考": null, "緯度": 34.66070552, "経度": 133.92056745400001, "NO": "2" }, "geometry": { "type": "Point", "coordinates": [ 133.920567454, 34.66070552 ] } },
{ "type": "Feature", "properties": { "P20_001": "33101", "P20_002": "ゼンセン中央教育センター", "P20_003": "岡山県岡山市北区建部町福渡1188", "P20_004": "避難所", "P20_005": -1, "P20_006": 200, "P20_007": 0, "P20_008": 0, "P20_009": 0, "P20_010": 0, "P20_011": 0, "P20_012": 1, "レベル": 3, "備考": null, "緯度": 34.867098, "経度": 133.909501, "NO": "3" }, "geometry": { "type": "Point", "coordinates": [ 133.909501, 34.867098 ] } },
{ "type": "Feature", "properties": { "P20_001": "33101", "P20_002": "マックスバリュ奥田南店", "P20_003": "岡山県岡山市北区奥田南町7-11", "P20_004": "避難所", "P20_005": -1, "P20_006": -1, "P20_007": 0, "P20_008": 0, "P20_009": 0, "P20_010": 0, "P20_011": 0, "P20_012": 1, "レベル": 3, "備考": null, "緯度": 34.641139, "経度": 133.921171, "NO": "4" }, "geometry": { "type": "Point", "coordinates": [ 133.921171, 34.641139 ] } },
{ "type": "Feature", "properties": { "P20_001": "33101", "P20_002": "マックスバリュ岡山一宮店", "P20_003": "岡山県岡山市北区楢津574-1", "P20_004": "避難所", "P20_005": -1, "P20_006": -1, "P20_007": 0, "P20_008": 0, "P20_009": 0, "P20_010": 0, "P20_011": 0, "P20_012": 1, "レベル": 3, "備考": null, "緯度": 34.678152993300003, "経度": 133.88010308200001, "NO": "5" }, "geometry": { "type": "Point", "coordinates": [ 133.880103082, 34.678152993300003 ] } },
{ "type": "Feature", "properties": { "P20_001": "33101", "P20_002": "まどか西川緑道公園", "P20_003": "岡山県岡山市北区幸町10-110", "P20_004": "避難所", "P20_005": -1, "P20_006": -1, "P20_007": 0, "P20_008": 0, "P20_009": 0, "P20_010": 0, "P20_011": 0, "P20_012": 1, "レベル": 1, "備考": null, "緯度": 34.661072, "経度": 133.921001, "NO": "6" }, "geometry": { "type": "Point", "coordinates": [ 133.921001, 34.661072 ] } },
{ "type": "Feature", "properties": { "P20_001": "33101", "P20_002": "ラポート牧山（旧牧山分校）", "P20_003": "岡山県岡山市北区中牧457", "P20_004": "避難所", "P20_005": -1, "P20_006": 598, "P20_007": 0, "P20_008": 0, "P20_009": 0, "P20_010": 0, "P20_011": 0, "P20_012": 1, "レベル": 1, "備考": null, "緯度": 34.762722, "経度": 133.959615, "NO": "7" }, "geometry": { "type": "Point", "coordinates": [ 133.959615, 34.762722 ] } },
{ "type": "Feature", "properties": { "P20_001": "33101", "P20_002": "旭公民館", "P20_003": "岡山県岡山市北区広瀬町3-26", "P20_004": "避難所", "P20_005": -1, "P20_006": 843, "P20_007": 0, "P20_008": 0, "P20_009": 0, "P20_010": 0, "P20_011": 0, "P20_012": 1, "レベル": 1, "備考": null, "緯度": 34.676152, "経度": 133.927914, "NO": "8" }, "geometry": { "type": "Point", "coordinates": [ 133.927914, 34.676152 ] } },
{ "type": "Feature", "properties": { "P20_001": "33101", "P20_002": "伊島小学校", "P20_003": "岡山県岡山市北区伊島町一丁目6-6", "P20_004": "避難所", "P20_005": 8718, "P20_006": 9969, "P20_007": 0, "P20_008": 0, "P20_009": 0, "P20_010": 0, "P20_011": 0, "P20_012": 1, "レベル": 1, "備考": null, "緯度": 34.676423, "経度": 133.910813, "NO": "9" }, "geometry": { "type": "Point", "coordinates": [ 133.910813, 34.676423 ] } },
{ "type": "Feature", "properties": { "P20_001": "33101", "P20_002": "一宮公民館", "P20_003": "岡山県岡山市北区一宮638-1", "P20_004": "避難所", "P20_005": -1, "P20_006": 702, "P20_007": 0, "P20_008": 0, "P20_009": 0, "P20_010": 0, "P20_011": 0, "P20_012": 1, "レベル": 1, "備考": null, "緯度": 34.676811, "経度": 133.867116, "NO": "10" }, "geometry": { "type": "Point", "coordinates": [ 133.867116, 34.676811 ] } },
{ "type": "Feature", "properties": { "P20_001": "33101", "P20_002": "宇垣コミュニティセンター", "P20_003": "岡山県岡山市北区御津宇垣1850", "P20_004": "避難所", "P20_005": -1, "P20_006": 349, "P20_007": 0, "P20_008": 0, "P20_009": 0, "P20_010": 0, "P20_011": 0, "P20_012": 1, "レベル": 1, "備考": null, "緯度": 34.781896, "経度": 133.922728, "NO": "11" }, "geometry": { "type": "Point", "coordinates": [ 133.922728, 34.781896 ] } },
{ "type": "Feature", "properties": { "P20_001": "33101", "P20_002": "宇垣保育園", "P20_003": "岡山県岡山市北区御津宇垣1889", "P20_004": "避難所", "P20_005": -1, "P20_006": -1, "P20_007": 0, "P20_008": 0, "P20_009": 0, "P20_010": 0, "P20_011": 0, "P20_012": 1, "レベル": 1, "備考": null, "緯度": 34.781968, "経度": 133.919114, "NO": "12" }, "geometry": { "type": "Point", "coordinates": [ 133.919114, 34.781968 ] } },
{ "type": "Feature", "properties": { "P20_001": "33101", "P20_002": "烏城公園一帯", "P20_003": "岡山県岡山市北区丸の内", "P20_004": "広域避難場所", "P20_005": 105000, "P20_006": 42100, "P20_007": 0, "P20_008": 0, "P20_009": 0, "P20_010": 0, "P20_011": 0, "P20_012": 1, "レベル": 1, "備考": null, "緯度": 34.66393734, "経度": 133.93560105, "NO": "13" }, "geometry": { "type": "Point", "coordinates": [ 133.93560105, 34.66393734 ] } },
{ "type": "Feature", "properties": { "P20_001": "33101", "P20_002": "横井小学校", "P20_003": "岡山県岡山市北区横井上178", "P20_004": "避難所", "P20_005": 12855, "P20_006": 14038, "P20_007": 0, "P20_008": 0, "P20_009": 0, "P20_010": 0, "P20_011": 0, "P20_012": 1, "レベル": 1, "備考": null, "緯度": 34.706531, "経度": 133.903868, "NO": "14" }, "geometry": { "type": "Point", "coordinates": [ 133.903868, 34.706531 ] } },
{ "type": "Feature", "properties": { "P20_001": "33101", "P20_002": "岡輝公民館", "P20_003": "岡山県岡山市北区旭本町157-1", "P20_004": "避難所", "P20_005": -1, "P20_006": 945, "P20_007": 0, "P20_008": 0, "P20_009": 0, "P20_010": 0, "P20_011": 0, "P20_012": 1, "レベル": 4, "備考": null, "緯度": 34.644120557699999, "経度": 133.92827238199999, "NO": "15" }, "geometry": { "type": "Point", "coordinates": [ 133.928272381999989, 34.644120557699999 ] } },
{ "type": "Feature", "properties": { "P20_001": "33101", "P20_002": "岡輝中学校", "P20_003": "岡山県岡山市北区岡町12-17", "P20_004": "避難所", "P20_005": 8854, "P20_006": 10092, "P20_007": 0, "P20_008": 0, "P20_009": 0, "P20_010": 0, "P20_011": 0, "P20_012": 1, "レベル": 1, "備考": null, "緯度": 34.648205, "経度": 133.922869, "NO": "16" }, "geometry": { "type": "Point", "coordinates": [ 133.922869, 34.648205 ] } },
{ "type": "Feature", "properties": { "P20_001": "33101", "P20_002": "岡山県総合グラウンド", "P20_003": "岡山県岡山市北区いずみ町", "P20_004": "広域避難場所", "P20_005": 290000, "P20_006": 59800, "P20_007": 0, "P20_008": 0, "P20_009": 0, "P20_010": 0, "P20_011": 0, "P20_012": 1, "レベル": 1, "備考": null, "緯度": 34.6794365, "経度": 133.9169132, "NO": "17" }, "geometry": { "type": "Point", "coordinates": [ 133.91691320000001, 34.6794365 ] } },
{ "type": "Feature", "properties": { "P20_001": "33101", "P20_002": "岡山後楽館中学校・高等学校", "P20_003": "岡山県岡山市北区丸の内一丁目2-12(旧内山下小学校体育館)", "P20_004": "避難所", "P20_005": 7015, "P20_006": 8328, "P20_007": 0, "P20_008": 0, "P20_009": 0, "P20_010": 0, "P20_011": 0, "P20_012": 1, "レベル": 3, "備考": null, "緯度": 34.665303782899997, "経度": 133.93146754, "NO": "18" }, "geometry": { "type": "Point", "coordinates": [ 133.93146754, 34.665303782899997 ] } },
{ "type": "Feature", "properties": { "P20_001": "33101", "P20_002": "岡山後楽館中学校・高等学校", "P20_003": "岡山県岡山市北区天神町9-24", "P20_004": "避難所", "P20_005": 1654, "P20_006": -1, "P20_007": 0, "P20_008": 0, "P20_009": 0, "P20_010": 0, "P20_011": 0, "P20_012": 1, "レベル": 1, "備考": null, "緯度": 34.666896999099997, "経度": 133.930089, "NO": "19" }, "geometry": { "type": "Point", "coordinates": [ 133.930089, 34.666896999099997 ] } },
{ "type": "Feature", "properties": { "P20_001": "33101", "P20_002": "岡山後楽館中学校・高等学校（新校舎）", "P20_003": "岡山県岡山市北区南方一丁目3-15(旧中央北小学校跡地）", "P20_004": "避難所", "P20_005": 12698, "P20_006": 19127, "P20_007": 0, "P20_008": 0, "P20_009": 0, "P20_010": 0, "P20_011": 0, "P20_012": 1, "レベル": 3, "備考": null, "緯度": 34.671858489900004, "経度": 133.923529, "NO": "20" }, "geometry": { "type": "Point", "coordinates": [ 133.923529, 34.671858489900004 ] } },
{ "type": "Feature", "properties": { "P20_001": "33101", "P20_002": "岡山市伊島コミュニティハウス", "P20_003": "岡山県岡山市北区伊島町一丁目9-15", "P20_004": "避難所", "P20_005": -1, "P20_006": 212, "P20_007": 0, "P20_008": 0, "P20_009": 0, "P20_010": 0, "P20_011": 0, "P20_012": 1, "レベル": 1, "備考": null, "緯度": 34.677193, "経度": 133.911708, "NO": "21" }, "geometry": { "type": "Point", "coordinates": [ 133.911708, 34.677193 ] } },
{ "type": "Feature", "properties": { "P20_001": "33101", "P20_002": "岡山市宇甘西地区コミュニティハウス", "P20_003": "岡山県岡山市北区御津紙工2568", "P20_004": "避難所", "P20_005": -1, "P20_006": 152, "P20_007": 0, "P20_008": 0, "P20_009": 0, "P20_010": 0, "P20_011": 0, "P20_012": 1, "レベル": 1, "備考": null, "緯度": 34.822489, "経度": 133.857171, "NO": "22" }, "geometry": { "type": "Point", "coordinates": [ 133.857171, 34.822489 ] } },
{ "type": "Feature", "properties": { "P20_001": "33101", "P20_002": "岡山市宇甘東地区コミュニティハウス", "P20_003": "岡山県岡山市北区御津高津1630", "P20_004": "避難所", "P20_005": -1, "P20_006": 292, "P20_007": 0, "P20_008": 0, "P20_009": 0, "P20_010": 0, "P20_011": 0, "P20_012": 1, "レベル": 1, "備考": null, "緯度": 34.809845999099998, "経度": 133.895163, "NO": "23" }, "geometry": { "type": "Point", "coordinates": [ 133.895163, 34.809845999099998 ] } },
{ "type": "Feature", "properties": { "P20_001": "33101", "P20_002": "岡山市横井コミュニティハウス", "P20_003": "岡山県岡山市北区田益1575-7", "P20_004": "避難所", "P20_005": -1, "P20_006": 210, "P20_007": 0, "P20_008": 0, "P20_009": 0, "P20_010": 0, "P20_011": 0, "P20_012": 1, "レベル": 1, "備考": null, "緯度": 34.710389, "経度": 133.903344, "NO": "24" }, "geometry": { "type": "Point", "coordinates": [ 133.903344, 34.710389 ] } },
{ "type": "Feature", "properties": { "P20_001": "33101", "P20_002": "岡山市岡南コミュニティハウス", "P20_003": "岡山県岡山市北区旭本町1-1", "P20_004": "避難所", "P20_005": -1, "P20_006": 212, "P20_007": 0, "P20_008": 0, "P20_009": 0, "P20_010": 0, "P20_011": 0, "P20_012": 1, "レベル": 1, "備考": null, "緯度": 34.644044, "経度": 133.927915, "NO": "25" }, "geometry": { "type": "Point", "coordinates": [ 133.927915, 34.644044 ] } },
{ "type": "Feature", "properties": { "P20_001": "33101", "P20_002": "岡山市金川地区コミュニティハウス", "P20_003": "岡山県岡山市北区御津金川962-1", "P20_004": "避難所", "P20_005": -1, "P20_006": 448, "P20_007": 0, "P20_008": 0, "P20_009": 0, "P20_010": 0, "P20_011": 0, "P20_012": 1, "レベル": 1, "備考": null, "緯度": 34.798087, "経度": 133.934341, "NO": "26" }, "geometry": { "type": "Point", "coordinates": [ 133.934341, 34.798087 ] } },
{ "type": "Feature", "properties": { "P20_001": "33101", "P20_002": "岡山市五城地区コミュニティハウス", "P20_003": "岡山県岡山市北区御津新庄3047-1", "P20_004": "避難所", "P20_005": -1, "P20_006": 496, "P20_007": 0, "P20_008": 0, "P20_009": 0, "P20_010": 0, "P20_011": 0, "P20_012": 1, "レベル": 1, "備考": null, "緯度": 34.816532, "経度": 133.965436, "NO": "27" }, "geometry": { "type": "Point", "coordinates": [ 133.965436, 34.816532 ] } },
{ "type": "Feature", "properties": { "P20_001": "33101", "P20_002": "岡山市御津南地区コミュニティハウス", "P20_003": "岡山県岡山市北区御津野-口485", "P20_004": "避難所", "P20_005": -1, "P20_006": 230, "P20_007": 0, "P20_008": 0, "P20_009": 0, "P20_010": 0, "P20_011": 0, "P20_012": 1, "レベル": 1, "備考": null, "緯度": 34.767256, "経度": 133.930632, "NO": "28" }, "geometry": { "type": "Point", "coordinates": [ 133.930632, 34.767256 ] } },
{ "type": "Feature", "properties": { "P20_001": "33101", "P20_002": "岡山市御津老人福祉センター", "P20_003": "岡山県岡山市北区御津宇垣1227", "P20_004": "避難所", "P20_005": -1, "P20_006": 834, "P20_007": 0, "P20_008": 0, "P20_009": 0, "P20_010": 0, "P20_011": 0, "P20_012": 1, "レベル": 1, "備考": null, "緯度": 34.79051, "経度": 133.931563, "NO": "29" }, "geometry": { "type": "Point", "coordinates": [ 133.931563, 34.79051 ] } },
{ "type": "Feature", "properties": { "P20_001": "33101", "P20_002": "岡山市御南コミュニティハウス", "P20_003": "岡山県岡山市北区久米91", "P20_004": "避難所", "P20_005": -1, "P20_006": 200, "P20_007": 0, "P20_008": 0, "P20_009": 0, "P20_010": 0, "P20_011": 0, "P20_012": 1, "レベル": 1, "備考": null, "緯度": 34.643443, "経度": 133.872036, "NO": "30" }, "geometry": { "type": "Point", "coordinates": [ 133.872036, 34.643443 ] } },
{ "type": "Feature", "properties": { "P20_001": "33101", "P20_002": "岡山市鯉山コミュニティハウス", "P20_003": "岡山県岡山市北区吉備津288", "P20_004": "避難所", "P20_005": -1, "P20_006": 199, "P20_007": 0, "P20_008": 0, "P20_009": 0, "P20_010": 0, "P20_011": 0, "P20_012": 1, "レベル": 1, "備考": null, "緯度": 34.673081, "経度": 133.838818, "NO": "31" }, "geometry": { "type": "Point", "coordinates": [ 133.838818, 34.673081 ] } },
{ "type": "Feature", "properties": { "P20_001": "33101", "P20_002": "岡山市弘西コミュニティハウス", "P20_003": "岡山県岡山市北区番町二丁目11-20", "P20_004": "避難所", "P20_005": -1, "P20_006": 213, "P20_007": 0, "P20_008": 0, "P20_009": 0, "P20_010": 0, "P20_011": 0, "P20_012": 1, "レベル": 1, "備考": null, "緯度": 34.674635, "経度": 133.929245, "NO": "32" }, "geometry": { "type": "Point", "coordinates": [ 133.929245, 34.674635 ] } },
{ "type": "Feature", "properties": { "P20_001": "33101", "P20_002": "岡山市高田コミュニティハウス", "P20_003": "岡山県岡山市北区下高田309-2", "P20_004": "避難所", "P20_005": -1, "P20_006": 203, "P20_007": 0, "P20_008": 0, "P20_009": 0, "P20_010": 0, "P20_011": 0, "P20_012": 1, "レベル": 1, "備考": null, "緯度": 34.765283, "経度": 133.824853, "NO": "33" }, "geometry": { "type": "Point", "coordinates": [ 133.824853, 34.765283 ] } },
{ "type": "Feature", "properties": { "P20_001": "33101", "P20_002": "岡山市三軒屋ふれあい会館", "P20_003": "岡山県岡山市北区半田町7-5", "P20_004": "避難所", "P20_005": -1, "P20_006": 323, "P20_007": 0, "P20_008": 0, "P20_009": 0, "P20_010": 0, "P20_011": 0, "P20_012": 1, "レベル": 1, "備考": null, "緯度": 34.696524, "経度": 133.933261, "NO": "34" }, "geometry": { "type": "Point", "coordinates": [ 133.933261, 34.696524 ] } },
{ "type": "Feature", "properties": { "P20_001": "33101", "P20_002": "岡山市鹿田コミュニティハウス", "P20_003": "岡山県岡山市北区大供表町11-8", "P20_004": "避難所", "P20_005": -1, "P20_006": 215, "P20_007": 0, "P20_008": 0, "P20_009": 0, "P20_010": 0, "P20_011": 0, "P20_012": 1, "レベル": 1, "備考": null, "緯度": 34.652071, "経度": 133.914314, "NO": "35" }, "geometry": { "type": "Point", "coordinates": [ 133.914314, 34.652071 ] } },
{ "type": "Feature", "properties": { "P20_001": "33101", "P20_002": "岡山市出石コミュニティハウス", "P20_003": "岡山県岡山市北区幸町10-46", "P20_004": "避難所", "P20_005": -1, "P20_006": 200, "P20_007": 0, "P20_008": 0, "P20_009": 0, "P20_010": 0, "P20_011": 0, "P20_012": 1, "レベル": 1, "備考": null, "緯度": 34.661078, "経度": 133.921371, "NO": "36" }, "geometry": { "type": "Point", "coordinates": [ 133.921371, 34.661078 ] } },
{ "type": "Feature", "properties": { "P20_001": "33101", "P20_002": "岡山市庄内コミュニティハウス", "P20_003": "岡山県岡山市北区三手597", "P20_004": "避難所", "P20_005": -1, "P20_006": 230, "P20_007": 0, "P20_008": 0, "P20_009": 0, "P20_010": 0, "P20_011": 0, "P20_012": 1, "レベル": 1, "備考": null, "緯度": 34.691342, "経度": 133.810629, "NO": "37" }, "geometry": { "type": "Point", "coordinates": [ 133.810629, 34.691342 ] } },
{ "type": "Feature", "properties": { "P20_001": "33101", "P20_002": "岡山市深柢コミュニティハウス", "P20_003": "岡山県岡山市北区中山下二丁目6-50", "P20_004": "避難所", "P20_005": -1, "P20_006": 199, "P20_007": 0, "P20_008": 0, "P20_009": 0, "P20_010": 0, "P20_011": 0, "P20_012": 1, "レベル": 4, "備考": null, "緯度": 34.658784006300003, "経度": 133.92801044699999, "NO": "38" }, "geometry": { "type": "Point", "coordinates": [ 133.928010447, 34.658784006300003 ] } },
{ "type": "Feature", "properties": { "P20_001": "33101", "P20_002": "岡山市清輝コミュニティハウス", "P20_003": "岡山県岡山市北区清輝本町7-26", "P20_004": "避難所", "P20_005": -1, "P20_006": 247, "P20_007": 0, "P20_008": 0, "P20_009": 0, "P20_010": 0, "P20_011": 0, "P20_012": 1, "レベル": 1, "備考": null, "緯度": 34.651846, "経度": 133.92634, "NO": "39" }, "geometry": { "type": "Point", "coordinates": [ 133.92634, 34.651846 ] } },
{ "type": "Feature", "properties": { "P20_001": "33101", "P20_002": "岡山市西コミュニティハウス", "P20_003": "岡山県岡山市北区今七丁目16-30", "P20_004": "避難所", "P20_005": -1, "P20_006": 249, "P20_007": 0, "P20_008": 0, "P20_009": 0, "P20_010": 0, "P20_011": 0, "P20_012": 1, "レベル": 1, "備考": null, "緯度": 34.641658, "経度": 133.893844, "NO": "40" }, "geometry": { "type": "Point", "coordinates": [ 133.893844, 34.641658 ] } },
{ "type": "Feature", "properties": { "P20_001": "33101", "P20_002": "岡山市足守コミュニティハウス", "P20_003": "岡山県岡山市北区下足守1960", "P20_004": "避難所", "P20_005": -1, "P20_006": 214, "P20_007": 0, "P20_008": 0, "P20_009": 0, "P20_010": 0, "P20_011": 0, "P20_012": 1, "レベル": 1, "備考": null, "緯度": 34.720073, "経度": 133.806399, "NO": "41" }, "geometry": { "type": "Point", "coordinates": [ 133.806399, 34.720073 ] } },
{ "type": "Feature", "properties": { "P20_001": "33101", "P20_002": "岡山市大野コミュニティハウス", "P20_003": "岡山県岡山市北区大安寺東町23-21", "P20_004": "避難所", "P20_005": -1, "P20_006": 200, "P20_007": 0, "P20_008": 0, "P20_009": 0, "P20_010": 0, "P20_011": 0, "P20_012": 1, "レベル": 1, "備考": null, "緯度": 34.664920999099998, "経度": 133.889808, "NO": "42" }, "geometry": { "type": "Point", "coordinates": [ 133.889808, 34.664920999099998 ] } },
{ "type": "Feature", "properties": { "P20_001": "33101", "P20_002": "岡山市津島コミュニティハウス", "P20_003": "岡山県岡山市北区津島本町17-8", "P20_004": "避難所", "P20_005": -1, "P20_006": 244, "P20_007": 0, "P20_008": 0, "P20_009": 0, "P20_010": 0, "P20_011": 0, "P20_012": 1, "レベル": 1, "備考": null, "緯度": 34.689875042200001, "経度": 133.91089571000001, "NO": "43" }, "geometry": { "type": "Point", "coordinates": [ 133.91089571, 34.689875042200001 ] } },
{ "type": "Feature", "properties": { "P20_001": "33101", "P20_002": "岡山市鶴田連絡所", "P20_003": "岡山県岡山市北区建部町角石谷2063", "P20_004": "避難所", "P20_005": -1, "P20_006": -1, "P20_007": 0, "P20_008": 0, "P20_009": 0, "P20_010": 0, "P20_011": 0, "P20_012": 1, "レベル": 1, "備考": null, "緯度": 34.906537999100003, "経度": 133.879455, "NO": "44" }, "geometry": { "type": "Point", "coordinates": [ 133.879455, 34.906537999100003 ] } },
{ "type": "Feature", "properties": { "P20_001": "33101", "P20_002": "岡山市桃丘コミュニティハウス", "P20_003": "岡山県岡山市北区芳賀5114-89", "P20_004": "避難所", "P20_005": -1, "P20_006": 247, "P20_007": 0, "P20_008": 0, "P20_009": 0, "P20_010": 0, "P20_011": 0, "P20_012": 1, "レベル": 1, "備考": null, "緯度": 34.703394, "経度": 133.87531, "NO": "45" }, "geometry": { "type": "Point", "coordinates": [ 133.87531, 34.703394 ] } },
{ "type": "Feature", "properties": { "P20_001": "33101", "P20_002": "岡山市内山下コミュニティハウス", "P20_003": "岡山県岡山市北区表町二丁目4-55", "P20_004": "避難所", "P20_005": -1, "P20_006": 215, "P20_007": 0, "P20_008": 0, "P20_009": 0, "P20_010": 0, "P20_011": 0, "P20_012": 1, "レベル": 1, "備考": null, "緯度": 34.66019, "経度": 133.930131, "NO": "46" }, "geometry": { "type": "Point", "coordinates": [ 133.930131, 34.66019 ] } },
{ "type": "Feature", "properties": { "P20_001": "33101", "P20_002": "岡山市南方コミュニティハウス", "P20_003": "岡山県岡山市北区南方一丁目3-7", "P20_004": "避難所", "P20_005": -1, "P20_006": 210, "P20_007": 0, "P20_008": 0, "P20_009": 0, "P20_010": 0, "P20_011": 0, "P20_012": 1, "レベル": 4, "備考": null, "緯度": 34.6721133677, "経度": 133.92298941300001, "NO": "47" }, "geometry": { "type": "Point", "coordinates": [ 133.92298941300001, 34.6721133677 ] } },
{ "type": "Feature", "properties": { "P20_001": "33101", "P20_002": "岡山市馬屋下コミュニティハウス", "P20_003": "岡山県岡山市北区大窪415-3", "P20_004": "避難所", "P20_005": -1, "P20_006": 241, "P20_007": 0, "P20_008": 0, "P20_009": 0, "P20_010": 0, "P20_011": 0, "P20_012": 1, "レベル": 1, "備考": null, "緯度": 34.694947, "経度": 133.858163, "NO": "48" }, "geometry": { "type": "Point", "coordinates": [ 133.858163, 34.694947 ] } },
{ "type": "Feature", "properties": { "P20_001": "33101", "P20_002": "岡山市馬屋上コミュニティハウス", "P20_003": "岡山県岡山市北区富吉996-5", "P20_004": "避難所", "P20_005": -1, "P20_006": 250, "P20_007": 0, "P20_008": 0, "P20_009": 0, "P20_010": 0, "P20_011": 0, "P20_012": 1, "レベル": 1, "備考": null, "緯度": 34.732605, "経度": 133.867627, "NO": "49" }, "geometry": { "type": "Point", "coordinates": [ 133.867627, 34.732605 ] } },
{ "type": "Feature", "properties": { "P20_001": "33101", "P20_002": "岡山市福谷コミュニティハウス", "P20_003": "岡山県岡山市北区東山内541-2", "P20_004": "避難所", "P20_005": -1, "P20_006": 198, "P20_007": 0, "P20_008": 0, "P20_009": 0, "P20_010": 0, "P20_011": 0, "P20_012": 1, "レベル": 1, "備考": null, "緯度": 34.780064, "経度": 133.791073, "NO": "50" }, "geometry": { "type": "Point", "coordinates": [ 133.791073, 34.780064 ] } },
{ "type": "Feature", "properties": { "P20_001": "33101", "P20_002": "岡山市平津コミュニティハウス", "P20_003": "岡山県岡山市北区楢津2211", "P20_004": "避難所", "P20_005": -1, "P20_006": 299, "P20_007": 0, "P20_008": 0, "P20_009": 0, "P20_010": 0, "P20_011": 0, "P20_012": 1, "レベル": 1, "備考": null, "緯度": 34.68188, "経度": 133.882651, "NO": "51" }, "geometry": { "type": "Point", "coordinates": [ 133.882651, 34.68188 ] } },
{ "type": "Feature", "properties": { "P20_001": "33101", "P20_002": "岡山市牧山コミュニティハウス", "P20_003": "岡山県岡山市北区中牧453", "P20_004": "避難所", "P20_005": -1, "P20_006": 203, "P20_007": 0, "P20_008": 0, "P20_009": 0, "P20_010": 0, "P20_011": 0, "P20_012": 1, "レベル": 1, "備考": null, "緯度": 34.762527, "経度": 133.960295, "NO": "52" }, "geometry": { "type": "Point", "coordinates": [ 133.960295, 34.762527 ] } },
{ "type": "Feature", "properties": { "P20_001": "33101", "P20_002": "岡山市牧石コミュニティハウス", "P20_003": "岡山県岡山市北区玉柏2127-2", "P20_004": "避難所", "P20_005": -1, "P20_006": 221, "P20_007": 0, "P20_008": 0, "P20_009": 0, "P20_010": 0, "P20_011": 0, "P20_012": 1, "レベル": 1, "備考": null, "緯度": 34.714234, "経度": 133.950384, "NO": "53" }, "geometry": { "type": "Point", "coordinates": [ 133.950384, 34.714234 ] } },
{ "type": "Feature", "properties": { "P20_001": "33101", "P20_002": "岡山市陵南コミュニティハウス", "P20_003": "岡山県岡山市北区東花尻266-1", "P20_004": "避難所", "P20_005": -1, "P20_006": 219, "P20_007": 0, "P20_008": 0, "P20_009": 0, "P20_010": 0, "P20_011": 0, "P20_012": 1, "レベル": 1, "備考": null, "緯度": 34.651161, "経度": 133.862744, "NO": "54" }, "geometry": { "type": "Point", "coordinates": [ 133.862744, 34.651161 ] } },
{ "type": "Feature", "properties": { "P20_001": "33101", "P20_002": "岡山操車場跡地公園（仮称）", "P20_003": "岡山県岡山市北区北長瀬", "P20_004": "広域避難場所", "P20_005": 108000, "P20_006": 37400, "P20_007": 0, "P20_008": 0, "P20_009": 0, "P20_010": 0, "P20_011": 0, "P20_012": 1, "レベル": 1, "備考": null, "緯度": 34.65363182, "経度": 133.8917241, "NO": "55" }, "geometry": { "type": "Point", "coordinates": [ 133.8917241, 34.65363182 ] } },
{ "type": "Feature", "properties": { "P20_001": "33101", "P20_002": "岡山大学", "P20_003": "岡山県岡山市津島中3-1-1", "P20_004": "広域避難場所", "P20_005": 650000, "P20_006": 23900, "P20_007": 0, "P20_008": 0, "P20_009": 0, "P20_010": 0, "P20_011": 0, "P20_012": 1, "レベル": 1, "備考": null, "緯度": 34.687863, "経度": 133.921363, "NO": "56" }, "geometry": { "type": "Point", "coordinates": [ 133.921363, 34.687863 ] } },
{ "type": "Feature", "properties": { "P20_001": "33101", "P20_002": "岡山大学医学部付属病院", "P20_003": "岡山県岡山市鹿田町2-5-1", "P20_004": "広域避難場所", "P20_005": 104000, "P20_006": 61800, "P20_007": 0, "P20_008": 0, "P20_009": 0, "P20_010": 0, "P20_011": 0, "P20_012": 1, "レベル": 1, "備考": null, "緯度": 34.651232, "経度": 133.920674, "NO": "57" }, "geometry": { "type": "Point", "coordinates": [ 133.920674, 34.651232 ] } },
{ "type": "Feature", "properties": { "P20_001": "33101", "P20_002": "岡山中央小学校", "P20_003": "岡山県岡山市北区弓之町9-27", "P20_004": "避難所", "P20_005": 4885, "P20_006": 6338, "P20_007": 0, "P20_008": 0, "P20_009": 0, "P20_010": 0, "P20_011": 0, "P20_012": 1, "レベル": 1, "備考": null, "緯度": 34.670808, "経度": 133.928394, "NO": "58" }, "geometry": { "type": "Point", "coordinates": [ 133.928394, 34.670808 ] } },
{ "type": "Feature", "properties": { "P20_001": "33101", "P20_002": "岡山中央中学校", "P20_003": "岡山県岡山市北区蕃山町6-10", "P20_004": "避難所", "P20_005": 7993, "P20_006": 9853, "P20_007": 0, "P20_008": 0, "P20_009": 0, "P20_010": 0, "P20_011": 0, "P20_012": 1, "レベル": 1, "備考": null, "緯度": 34.668341, "経度": 133.927756, "NO": "59" }, "geometry": { "type": "Point", "coordinates": [ 133.927756, 34.668341 ] } },
{ "type": "Feature", "properties": { "P20_001": "33101", "P20_002": "岡西公民館", "P20_003": "岡山県岡山市北区下伊福西町1-48", "P20_004": "避難所", "P20_005": -1, "P20_006": 717, "P20_007": 0, "P20_008": 0, "P20_009": 0, "P20_010": 0, "P20_011": 0, "P20_012": 1, "レベル": 1, "備考": null, "緯度": 34.66463, "経度": 133.901968, "NO": "60" }, "geometry": { "type": "Point", "coordinates": [ 133.901968, 34.66463 ] } },
{ "type": "Feature", "properties": { "P20_001": "33101", "P20_002": "岡西公民館石井分館", "P20_003": "岡山県岡山市北区昧和町1-5", "P20_004": "避難所", "P20_005": -1, "P20_006": 127, "P20_007": 0, "P20_008": 0, "P20_009": 0, "P20_010": 0, "P20_011": 0, "P20_012": 1, "レベル": 1, "備考": null, "緯度": 34.665555, "経度": 133.914005, "NO": "61" }, "geometry": { "type": "Point", "coordinates": [ 133.914005, 34.665555 ] } },
{ "type": "Feature", "properties": { "P20_001": "33101", "P20_002": "岡南小学校", "P20_003": "岡山県岡山市北区岡南町二丁目4-5", "P20_004": "避難所", "P20_005": 9864, "P20_006": 11294, "P20_007": 0, "P20_008": 0, "P20_009": 0, "P20_010": 0, "P20_011": 0, "P20_012": 1, "レベル": 1, "備考": null, "緯度": 34.641511, "経度": 133.92698, "NO": "62" }, "geometry": { "type": "Point", "coordinates": [ 133.92698, 34.641511 ] } },
{ "type": "Feature", "properties": { "P20_001": "33101", "P20_002": "岡北中学校", "P20_003": "岡山県岡山市北区津島東一丁目1-1", "P20_004": "避難所", "P20_005": 9905, "P20_006": 11587, "P20_007": 0, "P20_008": 0, "P20_009": 0, "P20_010": 0, "P20_011": 0, "P20_012": 1, "レベル": 1, "備考": null, "緯度": 34.686867, "経度": 133.926839, "NO": "63" }, "geometry": { "type": "Point", "coordinates": [ 133.926839, 34.686867 ] } },
{ "type": "Feature", "properties": { "P20_001": "33101", "P20_002": "下神目下集会所", "P20_003": "岡山県岡山市北区建部町下神目1456-1", "P20_004": "避難所", "P20_005": -1, "P20_006": -1, "P20_007": 0, "P20_008": 0, "P20_009": 0, "P20_010": 0, "P20_011": 0, "P20_012": 1, "レベル": 3, "備考": null, "緯度": 34.887746671599999, "経度": 133.915823268, "NO": "64" }, "geometry": { "type": "Point", "coordinates": [ 133.915823268, 34.887746671599999 ] } },
{ "type": "Feature", "properties": { "P20_001": "33101", "P20_002": "下神目上集会所", "P20_003": "岡山県岡山市北区建部町下神目177-4", "P20_004": "避難所", "P20_005": -1, "P20_006": -1, "P20_007": 0, "P20_008": 0, "P20_009": 0, "P20_010": 0, "P20_011": 0, "P20_012": 1, "レベル": 3, "備考": "岡山市北区の回答より", "緯度": 34.8858098193, "経度": 133.92515077100001, "NO": "65" }, "geometry": { "type": "Point", "coordinates": [ 133.925150771, 34.8858098193 ] } },
{ "type": "Feature", "properties": { "P20_001": "33101", "P20_002": "下神目地区集会所", "P20_003": "岡山県岡山市北区建部町下神目1292-1", "P20_004": "避難所", "P20_005": -1, "P20_006": -1, "P20_007": 0, "P20_008": 0, "P20_009": 0, "P20_010": 0, "P20_011": 0, "P20_012": 1, "レベル": 3, "備考": null, "緯度": 34.885966640299998, "経度": 133.91603599199999, "NO": "66" }, "geometry": { "type": "Point", "coordinates": [ 133.916035992, 34.885966640299998 ] } },
{ "type": "Feature", "properties": { "P20_001": "33101", "P20_002": "加茂小学校", "P20_003": "岡山県岡山市北区津寺517", "P20_004": "避難所", "P20_005": 8774, "P20_006": 9991, "P20_007": 0, "P20_008": 0, "P20_009": 0, "P20_010": 0, "P20_011": 0, "P20_012": 1, "レベル": 1, "備考": null, "緯度": 34.675088, "経度": 133.822349, "NO": "67" }, "geometry": { "type": "Point", "coordinates": [ 133.822349, 34.675088 ] } },
{ "type": "Feature", "properties": { "P20_001": "33101", "P20_002": "角石畝集会所（広西）", "P20_003": "岡山県岡山市北区建部町角石畝315-2", "P20_004": "避難所", "P20_005": -1, "P20_006": -1, "P20_007": 0, "P20_008": 0, "P20_009": 0, "P20_010": 0, "P20_011": 0, "P20_012": 1, "レベル": 3, "備考": null, "緯度": 34.941054672999996, "経度": 133.883624645, "NO": "68" }, "geometry": { "type": "Point", "coordinates": [ 133.883624645, 34.941054673 ] } },
{ "type": "Feature", "properties": { "P20_001": "33101", "P20_002": "角石畝集会所（祝木）", "P20_003": "岡山県岡山市北区建部町角石畝806-1", "P20_004": "避難所", "P20_005": -1, "P20_006": -1, "P20_007": 0, "P20_008": 0, "P20_009": 0, "P20_010": 0, "P20_011": 0, "P20_012": 1, "レベル": 3, "備考": null, "緯度": 34.937466691600001, "経度": 133.892660022, "NO": "69" }, "geometry": { "type": "Point", "coordinates": [ 133.892660022, 34.937466691600001 ] } },
{ "type": "Feature", "properties": { "P20_001": "33101", "P20_002": "角石畝集会所（畝東）", "P20_003": "岡山県岡山市北区建部町角石畝431", "P20_004": "避難所", "P20_005": -1, "P20_006": -1, "P20_007": 0, "P20_008": 0, "P20_009": 0, "P20_010": 0, "P20_011": 0, "P20_012": 1, "レベル": 3, "備考": null, "緯度": 34.940202257499998, "経度": 133.890137057, "NO": "70" }, "geometry": { "type": "Point", "coordinates": [ 133.890137057, 34.940202257499998 ] } },
{ "type": "Feature", "properties": { "P20_001": "33101", "P20_002": "角石畝文化振興センター", "P20_003": "岡山県岡山市北区建部町角石畝1195-2", "P20_004": "避難所", "P20_005": -1, "P20_006": 20, "P20_007": 0, "P20_008": 0, "P20_009": 0, "P20_010": 0, "P20_011": 0, "P20_012": 1, "レベル": 3, "備考": null, "緯度": 34.936982010100003, "経度": 133.88802943600001, "NO": "71" }, "geometry": { "type": "Point", "coordinates": [ 133.888029436000011, 34.936982010100003 ] } },
{ "type": "Feature", "properties": { "P20_001": "33101", "P20_002": "角石谷集会所", "P20_003": "岡山県岡山市北区建部町角石谷672-1", "P20_004": "避難所", "P20_005": -1, "P20_006": -1, "P20_007": 0, "P20_008": 0, "P20_009": 0, "P20_010": 0, "P20_011": 0, "P20_012": 1, "レベル": 3, "備考": null, "緯度": 34.941275262600001, "経度": 133.90131857200001, "NO": "72" }, "geometry": { "type": "Point", "coordinates": [ 133.901318572, 34.941275262600001 ] } },
{ "type": "Feature", "properties": { "P20_001": "33101", "P20_002": "学校法人中国学園", "P20_003": "岡山県岡山市北区庭瀬83", "P20_004": "避難所", "P20_005": -1, "P20_006": -1, "P20_007": 0, "P20_008": 0, "P20_009": 0, "P20_010": 0, "P20_011": 0, "P20_012": 1, "レベル": 1, "備考": null, "緯度": 34.650885, "経度": 133.84979, "NO": "73" }, "geometry": { "type": "Point", "coordinates": [ 133.84979, 34.650885 ] } },
{ "type": "Feature", "properties": { "P20_001": "33101", "P20_002": "株式会社イトーヨーカ堂・岡山店", "P20_003": "岡山県岡山市北区下石井2-10-2", "P20_004": "避難所", "P20_005": -1, "P20_006": -1, "P20_007": 0, "P20_008": 0, "P20_009": 0, "P20_010": 0, "P20_011": 0, "P20_012": 1, "レベル": 3, "備考": null, "緯度": 34.657787, "経度": 133.91752539800001, "NO": "74" }, "geometry": { "type": "Point", "coordinates": [ 133.917525398, 34.657787 ] } },
{ "type": "Feature", "properties": { "P20_001": "33101", "P20_002": "吉田集会所", "P20_003": "岡山県岡山市北区建部町吉田786-2", "P20_004": "避難所", "P20_005": -1, "P20_006": -1, "P20_007": 0, "P20_008": 0, "P20_009": 0, "P20_010": 0, "P20_011": 0, "P20_012": 1, "レベル": 3, "備考": null, "緯度": 34.838223280800001, "経度": 133.91358860400001, "NO": "75" }, "geometry": { "type": "Point", "coordinates": [ 133.913588604000012, 34.838223280800001 ] } },
{ "type": "Feature", "properties": { "P20_001": "33101", "P20_002": "吉田生活改善センター", "P20_003": "岡山県岡山市北区建部町吉田1022-1", "P20_004": "避難所", "P20_005": -1, "P20_006": 50, "P20_007": 0, "P20_008": 0, "P20_009": 0, "P20_010": 0, "P20_011": 0, "P20_012": 1, "レベル": 1, "備考": null, "緯度": 34.836994, "経度": 133.914314, "NO": "76" }, "geometry": { "type": "Point", "coordinates": [ 133.914314, 34.836994 ] } },
{ "type": "Feature", "properties": { "P20_001": "33101", "P20_002": "吉備公民館", "P20_003": "岡山県岡山市北区庭瀬416", "P20_004": "避難所", "P20_005": -1, "P20_006": 1800, "P20_007": 0, "P20_008": 0, "P20_009": 0, "P20_010": 0, "P20_011": 0, "P20_012": 1, "レベル": 1, "備考": null, "緯度": 34.646836, "経度": 133.847232, "NO": "77" }, "geometry": { "type": "Point", "coordinates": [ 133.847232, 34.646836 ] } },
{ "type": "Feature", "properties": { "P20_001": "33101", "P20_002": "吉備小学校", "P20_003": "岡山県岡山市北区庭瀬256", "P20_004": "避難所", "P20_005": 12031, "P20_006": 13474, "P20_007": 0, "P20_008": 0, "P20_009": 0, "P20_010": 0, "P20_011": 0, "P20_012": 1, "レベル": 1, "備考": null, "緯度": 34.647118, "経度": 133.849905, "NO": "78" }, "geometry": { "type": "Point", "coordinates": [ 133.849905, 34.647118 ] } },
{ "type": "Feature", "properties": { "P20_001": "33101", "P20_002": "吉備中学校", "P20_003": "岡山県岡山市北区庭瀬103", "P20_004": "避難所", "P20_005": 17781, "P20_006": 19458, "P20_007": 0, "P20_008": 0, "P20_009": 0, "P20_010": 0, "P20_011": 0, "P20_012": 1, "レベル": 1, "備考": null, "緯度": 34.65009, "経度": 133.851071, "NO": "79" }, "geometry": { "type": "Point", "coordinates": [ 133.851071, 34.65009 ] } },
{ "type": "Feature", "properties": { "P20_001": "33101", "P20_002": "久具集会所", "P20_003": "岡山県岡山市北区建部町品田1210", "P20_004": "避難所", "P20_005": -1, "P20_006": 20, "P20_007": 0, "P20_008": 0, "P20_009": 0, "P20_010": 0, "P20_011": 0, "P20_012": 1, "レベル": 3, "備考": null, "緯度": 34.876351299600003, "経度": 133.90052074, "NO": "80" }, "geometry": { "type": "Point", "coordinates": [ 133.90052074, 34.876351299600003 ] } },
{ "type": "Feature", "properties": { "P20_001": "33101", "P20_002": "宮地地区集会所", "P20_003": "岡山県岡山市北区建部町宮地146", "P20_004": "避難所", "P20_005": -1, "P20_006": 50, "P20_007": 0, "P20_008": 0, "P20_009": 0, "P20_010": 0, "P20_011": 0, "P20_012": 1, "レベル": 3, "備考": null, "緯度": 34.853806315299998, "経度": 133.90671075700001, "NO": "81" }, "geometry": { "type": "Point", "coordinates": [ 133.906710757000013, 34.853806315299998 ] } },
{ "type": "Feature", "properties": { "P20_001": "33101", "P20_002": "旧岡山中央南小学校", "P20_003": "岡山県岡山市北区中山下二丁目6-30", "P20_004": "避難所", "P20_005": -1, "P20_006": 756, "P20_007": 0, "P20_008": 0, "P20_009": 0, "P20_010": 0, "P20_011": 0, "P20_012": 1, "レベル": 3, "備考": null, "緯度": 34.659545, "経度": 133.927759, "NO": "82" }, "geometry": { "type": "Point", "coordinates": [ 133.927759, 34.659545 ] } },
{ "type": "Feature", "properties": { "P20_001": "33101", "P20_002": "旧岡山中央北小学校", "P20_003": "岡山県岡山市北区南方一丁目3-15", "P20_004": "避難所", "P20_005": -1, "P20_006": 916, "P20_007": 0, "P20_008": 0, "P20_009": 0, "P20_010": 0, "P20_011": 0, "P20_012": 1, "レベル": 3, "備考": null, "緯度": 34.671966, "経度": 133.923529, "NO": "83" }, "geometry": { "type": "Point", "coordinates": [ 133.923529, 34.671966 ] } },
{ "type": "Feature", "properties": { "P20_001": "33101", "P20_002": "旧大井小学校", "P20_003": "岡山県岡山市北区大井2314", "P20_004": "避難所", "P20_005": -1, "P20_006": 522, "P20_007": 0, "P20_008": 0, "P20_009": 0, "P20_010": 0, "P20_011": 0, "P20_012": 1, "レベル": 1, "備考": null, "緯度": 34.738721, "経度": 133.800346, "NO": "84" }, "geometry": { "type": "Point", "coordinates": [ 133.800346, 34.738721 ] } },
{ "type": "Feature", "properties": { "P20_001": "33101", "P20_002": "旧大田保育園", "P20_003": "岡山県岡山市北区建部町大田1278", "P20_004": "避難所", "P20_005": -1, "P20_006": 30, "P20_007": 0, "P20_008": 0, "P20_009": 0, "P20_010": 0, "P20_011": 0, "P20_012": 1, "レベル": 3, "備考": null, "緯度": 34.861921386900001, "経度": 133.93103945300001, "NO": "85" }, "geometry": { "type": "Point", "coordinates": [ 133.931039453000011, 34.861921386900001 ] } },
{ "type": "Feature", "properties": { "P20_001": "33101", "P20_002": "旧鶴田幼稚園", "P20_003": "岡山県岡山市北区建部町角石谷1500", "P20_004": "避難所", "P20_005": -1, "P20_006": 40, "P20_007": 0, "P20_008": 0, "P20_009": 0, "P20_010": 0, "P20_011": 0, "P20_012": 1, "レベル": 3, "備考": null, "緯度": 34.921558407600003, "経度": 133.88804446399999, "NO": "86" }, "geometry": { "type": "Point", "coordinates": [ 133.888044463999989, 34.921558407600003 ] } },
{ "type": "Feature", "properties": { "P20_001": "33101", "P20_002": "旧福谷小学校", "P20_003": "岡山県岡山市北区河原1303-1", "P20_004": "避難所", "P20_005": -1, "P20_006": 579, "P20_007": 0, "P20_008": 0, "P20_009": 0, "P20_010": 0, "P20_011": 0, "P20_012": 1, "レベル": 1, "備考": null, "緯度": 34.779995, "経度": 133.792929, "NO": "87" }, "geometry": { "type": "Point", "coordinates": [ 133.792929, 34.779995 ] } },
{ "type": "Feature", "properties": { "P20_001": "33101", "P20_002": "旧福渡高等学校", "P20_003": "岡山県岡山市北区建部町福渡425", "P20_004": "避難所", "P20_005": -1, "P20_006": 300, "P20_007": 0, "P20_008": 0, "P20_009": 0, "P20_010": 0, "P20_011": 0, "P20_012": 1, "レベル": 3, "備考": null, "緯度": 34.8694859991, "経度": 133.905084, "NO": "88" }, "geometry": { "type": "Point", "coordinates": [ 133.905084, 34.8694859991 ] } },
{ "type": "Feature", "properties": { "P20_001": "33101", "P20_002": "京山公民館", "P20_003": "岡山県岡山市北区伊島町二丁目9-38", "P20_004": "避難所", "P20_005": -1, "P20_006": 960, "P20_007": 0, "P20_008": 0, "P20_009": 0, "P20_010": 0, "P20_011": 0, "P20_012": 1, "レベル": 1, "備考": null, "緯度": 34.680028, "経度": 133.911763, "NO": "89" }, "geometry": { "type": "Point", "coordinates": [ 133.911763, 34.680028 ] } },
{ "type": "Feature", "properties": { "P20_001": "33101", "P20_002": "京山中学校", "P20_003": "岡山県岡山市北区津島京町一丁目7-1", "P20_004": "避難所", "P20_005": 14720, "P20_006": 15968, "P20_007": 0, "P20_008": 0, "P20_009": 0, "P20_010": 0, "P20_011": 0, "P20_012": 1, "レベル": 1, "備考": null, "緯度": 34.681006, "経度": 133.901591, "NO": "90" }, "geometry": { "type": "Point", "coordinates": [ 133.901591, 34.681006 ] } },
{ "type": "Feature", "properties": { "P20_001": "33101", "P20_002": "金川保育園", "P20_003": "岡山県岡山市北区御津金川476", "P20_004": "避難所", "P20_005": -1, "P20_006": -1, "P20_007": 0, "P20_008": 0, "P20_009": 0, "P20_010": 0, "P20_011": 0, "P20_012": 1, "レベル": 1, "備考": null, "緯度": 34.796633999100003, "経度": 133.931529, "NO": "91" }, "geometry": { "type": "Point", "coordinates": [ 133.931529, 34.796633999100003 ] } },
{ "type": "Feature", "properties": { "P20_001": "33101", "P20_002": "桑田中学校", "P20_003": "岡山県岡山市北区東島田町二丁目3-35", "P20_004": "避難所", "P20_005": 7900, "P20_006": 9478, "P20_007": 0, "P20_008": 0, "P20_009": 0, "P20_010": 0, "P20_011": 0, "P20_012": 1, "レベル": 1, "備考": null, "緯度": 34.657481, "経度": 133.91398, "NO": "92" }, "geometry": { "type": "Point", "coordinates": [ 133.91398, 34.657481 ] } },
{ "type": "Feature", "properties": { "P20_001": "33101", "P20_002": "蛍明小学校", "P20_003": "岡山県岡山市北区下高田2050", "P20_004": "避難所", "P20_005": 5729, "P20_006": 6763, "P20_007": 0, "P20_008": 0, "P20_009": 0, "P20_010": 0, "P20_011": 0, "P20_012": 1, "レベル": 3, "備考": null, "緯度": 34.766378, "経度": 133.823916, "NO": "93" }, "geometry": { "type": "Point", "coordinates": [ 133.823916, 34.766378 ] } },
{ "type": "Feature", "properties": { "P20_001": "33101", "P20_002": "建部小学校", "P20_003": "岡山県岡山市北区建部町富沢366", "P20_004": "避難所", "P20_005": 10421, "P20_006": 11446, "P20_007": 0, "P20_008": 0, "P20_009": 0, "P20_010": 0, "P20_011": 0, "P20_012": 1, "レベル": 1, "備考": null, "緯度": 34.855766, "経度": 133.901363, "NO": "94" }, "geometry": { "type": "Point", "coordinates": [ 133.901363, 34.855766 ] } },
{ "type": "Feature", "properties": { "P20_001": "33101", "P20_002": "建部上集会所", "P20_003": "岡山県岡山市北区建部町建部上438", "P20_004": "避難所", "P20_005": -1, "P20_006": 20, "P20_007": 0, "P20_008": 0, "P20_009": 0, "P20_010": 0, "P20_011": 0, "P20_012": 1, "レベル": 3, "備考": null, "緯度": 34.860410423099999, "経度": 133.90324059, "NO": "95" }, "geometry": { "type": "Point", "coordinates": [ 133.90324059, 34.860410423099999 ] } },
{ "type": "Feature", "properties": { "P20_001": "33101", "P20_002": "建部中学校", "P20_003": "岡山県岡山市北区建部町建部上734", "P20_004": "避難所", "P20_005": 16193, "P20_006": 18121, "P20_007": 0, "P20_008": 0, "P20_009": 0, "P20_010": 0, "P20_011": 0, "P20_012": 1, "レベル": 1, "備考": null, "緯度": 34.856793, "経度": 133.905696, "NO": "96" }, "geometry": { "type": "Point", "coordinates": [ 133.905696, 34.856793 ] } },
{ "type": "Feature", "properties": { "P20_001": "33101", "P20_002": "建部町Ｂ＆Ｇ海洋センター", "P20_003": "岡山県岡山市北区建部町川口48", "P20_004": "避難所", "P20_005": -1, "P20_006": 200, "P20_007": 0, "P20_008": 0, "P20_009": 0, "P20_010": 0, "P20_011": 0, "P20_012": 1, "レベル": 1, "備考": null, "緯度": 34.889626, "経度": 133.889191, "NO": "97" }, "geometry": { "type": "Point", "coordinates": [ 133.889191, 34.889626 ] } },
{ "type": "Feature", "properties": { "P20_001": "33101", "P20_002": "建部町公民館", "P20_003": "岡山県岡山市北区建部町福渡496-1", "P20_004": "避難所", "P20_005": -1, "P20_006": 1678, "P20_007": 0, "P20_008": 0, "P20_009": 0, "P20_010": 0, "P20_011": 0, "P20_012": 1, "レベル": 1, "備考": null, "緯度": 34.869462, "経度": 133.903424, "NO": "98" }, "geometry": { "type": "Point", "coordinates": [ 133.903424, 34.869462 ] } },
{ "type": "Feature", "properties": { "P20_001": "33101", "P20_002": "建部町公民館西原分館", "P20_003": "岡山県岡山市北区建部町西原294-3", "P20_004": "避難所", "P20_005": -1, "P20_006": 135, "P20_007": 0, "P20_008": 0, "P20_009": 0, "P20_010": 0, "P20_011": 0, "P20_012": 1, "レベル": 3, "備考": null, "緯度": 34.835383373200003, "経度": 133.896661408, "NO": "99" }, "geometry": { "type": "Point", "coordinates": [ 133.896661408, 34.835383373200003 ] } },
{ "type": "Feature", "properties": { "P20_001": "33101", "P20_002": "建部町長尾農村活性化センター", "P20_003": "岡山県岡山市北区建部町和田南4315", "P20_004": "避難所", "P20_005": -1, "P20_006": 30, "P20_007": 0, "P20_008": 0, "P20_009": 0, "P20_010": 0, "P20_011": 0, "P20_012": 1, "レベル": 3, "備考": null, "緯度": 34.933126984600001, "経度": 133.87799199, "NO": "100" }, "geometry": { "type": "Point", "coordinates": [ 133.87799199, 34.933126984600001 ] } },
{ "type": "Feature", "properties": { "P20_001": "33101", "P20_002": "建部農村教育文化体育施設", "P20_003": "岡山県岡山市北区建部町中田341-5", "P20_004": "避難所", "P20_005": -1, "P20_006": 120, "P20_007": 0, "P20_008": 0, "P20_009": 0, "P20_010": 0, "P20_011": 0, "P20_012": 1, "レベル": 1, "備考": null, "緯度": 34.843201, "経度": 133.902461, "NO": "101" }, "geometry": { "type": "Point", "coordinates": [ 133.902461, 34.843201 ] } },
{ "type": "Feature", "properties": { "P20_001": "33101", "P20_002": "建部保育園", "P20_003": "岡山県岡山市北区建部町市場330", "P20_004": "避難所", "P20_005": -1, "P20_006": 60, "P20_007": 0, "P20_008": 0, "P20_009": 0, "P20_010": 0, "P20_011": 0, "P20_012": 1, "レベル": 4, "備考": null, "緯度": 34.852279371500003, "経度": 133.901758379, "NO": "102" }, "geometry": { "type": "Point", "coordinates": [ 133.901758379, 34.852279371500003 ] } },
{ "type": "Feature", "properties": { "P20_001": "33101", "P20_002": "県福祉センター一帯", "P20_003": "岡山県岡山市北区田中", "P20_004": "広域避難場所", "P20_005": 117000, "P20_006": 12300, "P20_007": 0, "P20_008": 0, "P20_009": 0, "P20_010": 0, "P20_011": 0, "P20_012": 1, "レベル": 3, "備考": "岡山市北区の回答より", "緯度": 34.635273024100002, "経度": 133.882540785, "NO": "103" }, "geometry": { "type": "Point", "coordinates": [ 133.882540785, 34.635273024100002 ] } },
{ "type": "Feature", "properties": { "P20_001": "33101", "P20_002": "県立烏城高等学校", "P20_003": "岡山県岡山市北区伊島町3-1-1", "P20_004": "避難所", "P20_005": -1, "P20_006": -1, "P20_007": 0, "P20_008": 0, "P20_009": 0, "P20_010": 0, "P20_011": 0, "P20_012": 1, "レベル": 1, "備考": null, "緯度": 34.676479, "経度": 133.908396, "NO": "104" }, "geometry": { "type": "Point", "coordinates": [ 133.908396, 34.676479 ] } },
{ "type": "Feature", "properties": { "P20_001": "33101", "P20_002": "五城小学校", "P20_003": "岡山県岡山市北区御津新庄3055", "P20_004": "避難所", "P20_005": 6948, "P20_006": 7501, "P20_007": 0, "P20_008": 0, "P20_009": 0, "P20_010": 0, "P20_011": 0, "P20_012": 1, "レベル": 1, "備考": null, "緯度": 34.816758, "経度": 133.966277, "NO": "105" }, "geometry": { "type": "Point", "coordinates": [ 133.966277, 34.816758 ] } },
{ "type": "Feature", "properties": { "P20_001": "33101", "P20_002": "御津スポーツパーク（体育館他）", "P20_003": "岡山県岡山市北区御津高津1566", "P20_004": "避難所", "P20_005": -1, "P20_006": 4420, "P20_007": 0, "P20_008": 0, "P20_009": 0, "P20_010": 0, "P20_011": 0, "P20_012": 1, "レベル": 1, "備考": null, "緯度": 34.809477, "経度": 133.889978, "NO": "106" }, "geometry": { "type": "Point", "coordinates": [ 133.889978, 34.809477 ] } },
{ "type": "Feature", "properties": { "P20_001": "33101", "P20_002": "御津公民館", "P20_003": "岡山県岡山市北区御津宇垣1629", "P20_004": "避難所", "P20_005": -1, "P20_006": 1378, "P20_007": 0, "P20_008": 0, "P20_009": 0, "P20_010": 0, "P20_011": 0, "P20_012": 1, "レベル": 4, "備考": null, "緯度": 34.784377475, "経度": 133.928557493, "NO": "107" }, "geometry": { "type": "Point", "coordinates": [ 133.928557493, 34.784377475 ] } },
{ "type": "Feature", "properties": { "P20_001": "33101", "P20_002": "御津公民館矢原分館", "P20_003": "岡山県岡山市北区御津矢原1196-3", "P20_004": "避難所", "P20_005": -1, "P20_006": 119, "P20_007": 0, "P20_008": 0, "P20_009": 0, "P20_010": 0, "P20_011": 0, "P20_012": 1, "レベル": 3, "備考": null, "緯度": 34.807900560599997, "経度": 133.94565426299999, "NO": "108" }, "geometry": { "type": "Point", "coordinates": [ 133.945654263, 34.807900560599997 ] } },
{ "type": "Feature", "properties": { "P20_001": "33101", "P20_002": "御津小学校", "P20_003": "岡山県岡山市北区御津宇垣1212", "P20_004": "避難所", "P20_005": 22131, "P20_006": 23510, "P20_007": 0, "P20_008": 0, "P20_009": 0, "P20_010": 0, "P20_011": 0, "P20_012": 1, "レベル": 1, "備考": null, "緯度": 34.789893, "経度": 133.928243, "NO": "109" }, "geometry": { "type": "Point", "coordinates": [ 133.928243, 34.789893 ] } },
{ "type": "Feature", "properties": { "P20_001": "33101", "P20_002": "御津中学校", "P20_003": "岡山県岡山市北区御津宇垣1227", "P20_004": "避難所", "P20_005": 18095, "P20_006": 19946, "P20_007": 0, "P20_008": 0, "P20_009": 0, "P20_010": 0, "P20_011": 0, "P20_012": 1, "レベル": 1, "備考": null, "緯度": 34.790805, "経度": 133.929952, "NO": "110" }, "geometry": { "type": "Point", "coordinates": [ 133.929952, 34.790805 ] } },
{ "type": "Feature", "properties": { "P20_001": "33101", "P20_002": "御津南小学校", "P20_003": "岡山県岡山市北区御津野之口1616", "P20_004": "避難所", "P20_005": 9362, "P20_006": 10065, "P20_007": 0, "P20_008": 0, "P20_009": 0, "P20_010": 0, "P20_011": 0, "P20_012": 1, "レベル": 1, "備考": null, "緯度": 34.773386, "経度": 133.929419, "NO": "111" }, "geometry": { "type": "Point", "coordinates": [ 133.929419, 34.773386 ] } },
{ "type": "Feature", "properties": { "P20_001": "33101", "P20_002": "御津南保育園", "P20_003": "岡山県岡山市北区御津国ケ原1024", "P20_004": "避難所", "P20_005": -1, "P20_006": -1, "P20_007": 0, "P20_008": 0, "P20_009": 0, "P20_010": 0, "P20_011": 0, "P20_012": 1, "レベル": 1, "備考": null, "緯度": 34.773305, "経度": 133.936542, "NO": "112" }, "geometry": { "type": "Point", "coordinates": [ 133.936542, 34.773305 ] } },
{ "type": "Feature", "properties": { "P20_001": "33101", "P20_002": "御津幼稚園", "P20_003": "岡山県岡山市北区御津金川476", "P20_004": "避難所", "P20_005": -1, "P20_006": -1, "P20_007": 0, "P20_008": 0, "P20_009": 0, "P20_010": 0, "P20_011": 0, "P20_012": 1, "レベル": 4, "備考": null, "緯度": 34.796698595899997, "経度": 133.931259901, "NO": "113" }, "geometry": { "type": "Point", "coordinates": [ 133.931259901, 34.796698595899997 ] } },
{ "type": "Feature", "properties": { "P20_001": "33101", "P20_002": "御南小学校", "P20_003": "岡山県岡山市北区今保243-3", "P20_004": "避難所", "P20_005": 13000, "P20_006": 14405, "P20_007": 0, "P20_008": 0, "P20_009": 0, "P20_010": 0, "P20_011": 0, "P20_012": 1, "レベル": 1, "備考": null, "緯度": 34.640842, "経度": 133.872486, "NO": "114" }, "geometry": { "type": "Point", "coordinates": [ 133.872486, 34.640842 ] } },
{ "type": "Feature", "properties": { "P20_001": "33101", "P20_002": "御南西公民館", "P20_003": "岡山県岡山市北区田中157-110", "P20_004": "避難所", "P20_005": -1, "P20_006": 984, "P20_007": 0, "P20_008": 0, "P20_009": 0, "P20_010": 0, "P20_011": 0, "P20_012": 1, "レベル": 1, "備考": null, "緯度": 34.641523, "経度": 133.879101, "NO": "115" }, "geometry": { "type": "Point", "coordinates": [ 133.879101, 34.641523 ] } },
{ "type": "Feature", "properties": { "P20_001": "33101", "P20_002": "御南中学校", "P20_003": "岡山県岡山市北区田中581", "P20_004": "避難所", "P20_005": 12294, "P20_006": 13541, "P20_007": 0, "P20_008": 0, "P20_009": 0, "P20_010": 0, "P20_011": 0, "P20_012": 1, "レベル": 1, "備考": null, "緯度": 34.638093, "経度": 133.880763, "NO": "116" }, "geometry": { "type": "Point", "coordinates": [ 133.880763, 34.638093 ] } },
{ "type": "Feature", "properties": { "P20_001": "33101", "P20_002": "御野小学校", "P20_003": "岡山県岡山市北区中井町一丁目6-34", "P20_004": "避難所", "P20_005": 7142, "P20_006": 8028, "P20_007": 0, "P20_008": 0, "P20_009": 0, "P20_010": 0, "P20_011": 0, "P20_012": 1, "レベル": 1, "備考": null, "緯度": 34.683006, "経度": 133.929672, "NO": "117" }, "geometry": { "type": "Point", "coordinates": [ 133.929672, 34.683006 ] } },
{ "type": "Feature", "properties": { "P20_001": "33101", "P20_002": "鯉山小学校", "P20_003": "岡山県岡山市北区吉備津1444", "P20_004": "避難所", "P20_005": 9200, "P20_006": 10160, "P20_007": 0, "P20_008": 0, "P20_009": 0, "P20_010": 0, "P20_011": 0, "P20_012": 1, "レベル": 1, "備考": null, "緯度": 34.671588, "経度": 133.84632, "NO": "118" }, "geometry": { "type": "Point", "coordinates": [ 133.84632, 34.671588 ] } },
{ "type": "Feature", "properties": { "P20_001": "33101", "P20_002": "厚生専門学院旭川荘", "P20_003": "岡山県岡山市北区祇園地先", "P20_004": "避難所", "P20_005": -1, "P20_006": -1, "P20_007": 0, "P20_008": 0, "P20_009": 0, "P20_010": 0, "P20_011": 0, "P20_012": 1, "レベル": 4, "備考": null, "緯度": 34.706151336200001, "経度": 133.95531513899999, "NO": "119" }, "geometry": { "type": "Point", "coordinates": [ 133.955315139, 34.706151336200001 ] } },
{ "type": "Feature", "properties": { "P20_001": "33101", "P20_002": "香和中学校", "P20_003": "岡山県岡山市北区吉宗590", "P20_004": "避難所", "P20_005": 16412, "P20_006": 17855, "P20_007": 0, "P20_008": 0, "P20_009": 0, "P20_010": 0, "P20_011": 0, "P20_012": 1, "レベル": 1, "備考": null, "緯度": 34.731306, "経度": 133.90484, "NO": "120" }, "geometry": { "type": "Point", "coordinates": [ 133.90484, 34.731306 ] } },
{ "type": "Feature", "properties": { "P20_001": "33101", "P20_002": "高松公民館", "P20_003": "岡山県岡山市北区津寺104", "P20_004": "避難所", "P20_005": -1, "P20_006": 680, "P20_007": 0, "P20_008": 0, "P20_009": 0, "P20_010": 0, "P20_011": 0, "P20_012": 1, "レベル": 1, "備考": null, "緯度": 34.682926, "経度": 133.815988, "NO": "121" }, "geometry": { "type": "Point", "coordinates": [ 133.815988, 34.682926 ] } },
{ "type": "Feature", "properties": { "P20_001": "33101", "P20_002": "高松公民館加茂分館", "P20_003": "岡山県岡山市北区惣爪622-5", "P20_004": "避難所", "P20_005": -1, "P20_006": 133, "P20_007": 0, "P20_008": 0, "P20_009": 0, "P20_010": 0, "P20_011": 0, "P20_012": 1, "レベル": 4, "備考": null, "緯度": 34.666834960300001, "経度": 133.827574433, "NO": "122" }, "geometry": { "type": "Point", "coordinates": [ 133.827574433, 34.666834960300001 ] } },
{ "type": "Feature", "properties": { "P20_001": "33101", "P20_002": "高松中学校", "P20_003": "岡山県岡山市北区高松原古才30", "P20_004": "避難所", "P20_005": 11324, "P20_006": 12933, "P20_007": 0, "P20_008": 0, "P20_009": 0, "P20_010": 0, "P20_011": 0, "P20_012": 1, "レベル": 1, "備考": null, "緯度": 34.687503, "経度": 133.81857, "NO": "123" }, "geometry": { "type": "Point", "coordinates": [ 133.81857, 34.687503 ] } },
{ "type": "Feature", "properties": { "P20_001": "33101", "P20_002": "桜地区集会所", "P20_003": "岡山県岡山市北区建部町桜1277", "P20_004": "避難所", "P20_005": -1, "P20_006": 20, "P20_007": 0, "P20_008": 0, "P20_009": 0, "P20_010": 0, "P20_011": 0, "P20_012": 1, "レベル": 3, "備考": null, "緯度": 34.846292694600002, "経度": 133.88108793800001, "NO": "124" }, "geometry": { "type": "Point", "coordinates": [ 133.881087938, 34.846292694600002 ] } },
{ "type": "Feature", "properties": { "P20_001": "33101", "P20_002": "三明寺集会所", "P20_003": "岡山県岡山市北区建部町三明寺774-4", "P20_004": "避難所", "P20_005": -1, "P20_006": 20, "P20_007": 0, "P20_008": 0, "P20_009": 0, "P20_010": 0, "P20_011": 0, "P20_012": 1, "レベル": 3, "備考": null, "緯度": 34.908389522100002, "経度": 133.88736527200001, "NO": "125" }, "geometry": { "type": "Point", "coordinates": [ 133.887365272000011, 34.908389522100002 ] } },
{ "type": "Feature", "properties": { "P20_001": "33101", "P20_002": "三門小学校", "P20_003": "岡山県岡山市北区下伊福西町5-37", "P20_004": "避難所", "P20_005": 9190, "P20_006": 10438, "P20_007": 0, "P20_008": 0, "P20_009": 0, "P20_010": 0, "P20_011": 0, "P20_012": 1, "レベル": 1, "備考": null, "緯度": 34.666452, "経度": 133.900509, "NO": "126" }, "geometry": { "type": "Point", "coordinates": [ 133.900509, 34.666452 ] } },
{ "type": "Feature", "properties": { "P20_001": "33101", "P20_002": "市場地区集会所", "P20_003": "岡山県岡山市北区建部町市場280", "P20_004": "避難所", "P20_005": -1, "P20_006": 30, "P20_007": 0, "P20_008": 0, "P20_009": 0, "P20_010": 0, "P20_011": 0, "P20_012": 1, "レベル": 3, "備考": null, "緯度": 34.848181195099997, "経度": 133.903137249, "NO": "127" }, "geometry": { "type": "Point", "coordinates": [ 133.903137249, 34.848181195099997 ] } },
{ "type": "Feature", "properties": { "P20_001": "33101", "P20_002": "志呂神社", "P20_003": "岡山県岡山市北区建部町下神目1818", "P20_004": "避難所", "P20_005": -1, "P20_006": 100, "P20_007": 0, "P20_008": 0, "P20_009": 0, "P20_010": 0, "P20_011": 0, "P20_012": 1, "レベル": 3, "備考": null, "緯度": 34.893570969099997, "経度": 133.917078409, "NO": "128" }, "geometry": { "type": "Point", "coordinates": [ 133.917078409, 34.893570969099997 ] } },
{ "type": "Feature", "properties": { "P20_001": "33101", "P20_002": "鹿田小学校", "P20_003": "岡山県岡山市北区大供表町16-50", "P20_004": "避難所", "P20_005": 8853, "P20_006": 10303, "P20_007": 0, "P20_008": 0, "P20_009": 0, "P20_010": 0, "P20_011": 0, "P20_012": 1, "レベル": 1, "備考": null, "緯度": 34.653509, "経度": 133.914702, "NO": "129" }, "geometry": { "type": "Point", "coordinates": [ 133.914702, 34.653509 ] } },
{ "type": "Feature", "properties": { "P20_001": "33101", "P20_002": "小倉集会所", "P20_003": "岡山県岡山市北区建部町小倉539", "P20_004": "避難所", "P20_005": -1, "P20_006": 20, "P20_007": 0, "P20_008": 0, "P20_009": 0, "P20_010": 0, "P20_011": 0, "P20_012": 1, "レベル": 3, "備考": null, "緯度": 34.8281646533, "経度": 133.932331081, "NO": "130" }, "geometry": { "type": "Point", "coordinates": [ 133.932331081, 34.8281646533 ] } },
{ "type": "Feature", "properties": { "P20_001": "33101", "P20_002": "庄内小学校", "P20_003": "岡山県岡山市北区三手336-2", "P20_004": "避難所", "P20_005": 8150, "P20_006": 9245, "P20_007": 0, "P20_008": 0, "P20_009": 0, "P20_010": 0, "P20_011": 0, "P20_012": 1, "レベル": 1, "備考": null, "緯度": 34.68903, "経度": 133.816292, "NO": "131" }, "geometry": { "type": "Point", "coordinates": [ 133.816292, 34.68903 ] } },
{ "type": "Feature", "properties": { "P20_001": "33101", "P20_002": "笑田集会所", "P20_003": "岡山県岡山市北区建部町和田南1652", "P20_004": "避難所", "P20_005": -1, "P20_006": -1, "P20_007": 0, "P20_008": 0, "P20_009": 0, "P20_010": 0, "P20_011": 0, "P20_012": 1, "レベル": 3, "備考": null, "緯度": 34.938178869399998, "経度": 133.85553069599999, "NO": "132" }, "geometry": { "type": "Point", "coordinates": [ 133.855530695999988, 34.938178869399998 ] } },
{ "type": "Feature", "properties": { "P20_001": "33101", "P20_002": "清輝小学校", "P20_003": "岡山県岡山市北区新道1", "P20_004": "避難所", "P20_005": 7478, "P20_006": 8638, "P20_007": 0, "P20_008": 0, "P20_009": 0, "P20_010": 0, "P20_011": 0, "P20_012": 1, "レベル": 1, "備考": null, "緯度": 34.650371, "経度": 133.926451, "NO": "133" }, "geometry": { "type": "Point", "coordinates": [ 133.926451, 34.650371 ] } },
{ "type": "Feature", "properties": { "P20_001": "33101", "P20_002": "西原共同作業所", "P20_003": "岡山県岡山市北区建部町西原337-1", "P20_004": "避難所", "P20_005": -1, "P20_006": -1, "P20_007": 0, "P20_008": 0, "P20_009": 0, "P20_010": 0, "P20_011": 0, "P20_012": 1, "レベル": 3, "備考": null, "緯度": 34.832972071699999, "経度": 133.897389895, "NO": "134" }, "geometry": { "type": "Point", "coordinates": [ 133.897389895, 34.832972071699999 ] } },
{ "type": "Feature", "properties": { "P20_001": "33101", "P20_002": "西原教育集会所", "P20_003": "岡山県岡山市北区建部町西原294-3", "P20_004": "避難所", "P20_005": -1, "P20_006": 30, "P20_007": 0, "P20_008": 0, "P20_009": 0, "P20_010": 0, "P20_011": 0, "P20_012": 1, "レベル": 3, "備考": null, "緯度": 34.835398980800001, "経度": 133.89667448099999, "NO": "135" }, "geometry": { "type": "Point", "coordinates": [ 133.896674481, 34.835398980800001 ] } },
{ "type": "Feature", "properties": { "P20_001": "33101", "P20_002": "西小学校", "P20_003": "岡山県岡山市北区中仙道一丁目18-20", "P20_004": "避難所", "P20_005": 10415, "P20_006": 11819, "P20_007": 0, "P20_008": 0, "P20_009": 0, "P20_010": 0, "P20_011": 0, "P20_012": 1, "レベル": 1, "備考": null, "緯度": 34.645814, "経度": 133.887289, "NO": "136" }, "geometry": { "type": "Point", "coordinates": [ 133.887289, 34.645814 ] } },
{ "type": "Feature", "properties": { "P20_001": "33101", "P20_002": "西川アイプラザ", "P20_003": "岡山県岡山市北区幸町10-16", "P20_004": "避難所", "P20_005": -1, "P20_006": -1, "P20_007": 0, "P20_008": 0, "P20_009": 0, "P20_010": 0, "P20_011": 0, "P20_012": 1, "レベル": 1, "備考": null, "緯度": 34.661092, "経度": 133.921982, "NO": "137" }, "geometry": { "type": "Point", "coordinates": [ 133.921982, 34.661092 ] } },
{ "type": "Feature", "properties": { "P20_001": "33101", "P20_002": "石井小学校", "P20_003": "岡山県岡山市北区寿町2-8", "P20_004": "避難所", "P20_005": 6257, "P20_006": 7503, "P20_007": 0, "P20_008": 0, "P20_009": 0, "P20_010": 0, "P20_011": 0, "P20_012": 1, "レベル": 1, "備考": null, "緯度": 34.66648, "経度": 133.912369, "NO": "138" }, "geometry": { "type": "Point", "coordinates": [ 133.912369, 34.66648 ] } },
{ "type": "Feature", "properties": { "P20_001": "33101", "P20_002": "石井中学校", "P20_003": "岡山県岡山市北区下伊福上町10-9", "P20_004": "避難所", "P20_005": 8307, "P20_006": 10177, "P20_007": 0, "P20_008": 0, "P20_009": 0, "P20_010": 0, "P20_011": 0, "P20_012": 1, "レベル": 1, "備考": null, "緯度": 34.667285, "経度": 133.901814, "NO": "139" }, "geometry": { "type": "Point", "coordinates": [ 133.901814, 34.667285 ] } },
{ "type": "Feature", "properties": { "P20_001": "33101", "P20_002": "川口集会所（原）", "P20_003": "岡山県岡山市北区建部町川口101", "P20_004": "避難所", "P20_005": -1, "P20_006": -1, "P20_007": 0, "P20_008": 0, "P20_009": 0, "P20_010": 0, "P20_011": 0, "P20_012": 1, "レベル": 3, "備考": null, "緯度": 34.8889607236, "経度": 133.88971749199999, "NO": "140" }, "geometry": { "type": "Point", "coordinates": [ 133.889717491999988, 34.8889607236 ] } },
{ "type": "Feature", "properties": { "P20_001": "33101", "P20_002": "川口集会所（高浜）", "P20_003": "岡山県岡山市北区建部町川口1478-3", "P20_004": "避難所", "P20_005": -1, "P20_006": -1, "P20_007": 0, "P20_008": 0, "P20_009": 0, "P20_010": 0, "P20_011": 0, "P20_012": 1, "レベル": 3, "備考": null, "緯度": 34.886383351299997, "経度": 133.90274187700001, "NO": "141" }, "geometry": { "type": "Point", "coordinates": [ 133.902741877000011, 34.886383351299997 ] } },
{ "type": "Feature", "properties": { "P20_001": "33101", "P20_002": "川口集会所（寺下）", "P20_003": "岡山県岡山市北区建部町川口395-3", "P20_004": "避難所", "P20_005": -1, "P20_006": -1, "P20_007": 0, "P20_008": 0, "P20_009": 0, "P20_010": 0, "P20_011": 0, "P20_012": 1, "レベル": 3, "備考": null, "緯度": 34.8860923736, "経度": 133.89485449099999, "NO": "142" }, "geometry": { "type": "Point", "coordinates": [ 133.894854491, 34.8860923736 ] } },
{ "type": "Feature", "properties": { "P20_001": "33101", "P20_002": "川口集会所（名原尾）", "P20_003": "岡山県岡山市北区建部町川口1588-1", "P20_004": "避難所", "P20_005": -1, "P20_006": -1, "P20_007": 0, "P20_008": 0, "P20_009": 0, "P20_010": 0, "P20_011": 0, "P20_012": 1, "レベル": 3, "備考": null, "緯度": 34.889618335999998, "経度": 133.90190266600001, "NO": "143" }, "geometry": { "type": "Point", "coordinates": [ 133.901902666000012, 34.889618336 ] } },
{ "type": "Feature", "properties": { "P20_001": "33101", "P20_002": "川口集会所（野口）", "P20_003": "岡山県岡山市北区建部町川口2331", "P20_004": "避難所", "P20_005": -1, "P20_006": -1, "P20_007": 0, "P20_008": 0, "P20_009": 0, "P20_010": 0, "P20_011": 0, "P20_012": 1, "レベル": 3, "備考": null, "緯度": 34.902655959400001, "経度": 133.911686936, "NO": "144" }, "geometry": { "type": "Point", "coordinates": [ 133.911686936, 34.902655959400001 ] } },
{ "type": "Feature", "properties": { "P20_001": "33101", "P20_002": "川口地区集会所", "P20_003": "岡山県岡山市北区建部町川口622", "P20_004": "避難所", "P20_005": -1, "P20_006": 70, "P20_007": 0, "P20_008": 0, "P20_009": 0, "P20_010": 0, "P20_011": 0, "P20_012": 1, "レベル": 3, "備考": null, "緯度": 34.8883012995, "経度": 133.89406361299999, "NO": "145" }, "geometry": { "type": "Point", "coordinates": [ 133.894063612999986, 34.8883012995 ] } },
{ "type": "Feature", "properties": { "P20_001": "33101", "P20_002": "足守公民館", "P20_003": "岡山県岡山市北区足守718", "P20_004": "避難所", "P20_005": -1, "P20_006": 573, "P20_007": 0, "P20_008": 0, "P20_009": 0, "P20_010": 0, "P20_011": 0, "P20_012": 1, "レベル": 1, "備考": null, "緯度": 34.729403, "経度": 133.800974, "NO": "146" }, "geometry": { "type": "Point", "coordinates": [ 133.800974, 34.729403 ] } },
{ "type": "Feature", "properties": { "P20_001": "33101", "P20_002": "足守小学校", "P20_003": "岡山県岡山市北区足守789", "P20_004": "避難所", "P20_005": 5081, "P20_006": 6089, "P20_007": 0, "P20_008": 0, "P20_009": 0, "P20_010": 0, "P20_011": 0, "P20_012": 1, "レベル": 1, "備考": null, "緯度": 34.729972, "経度": 133.801624, "NO": "147" }, "geometry": { "type": "Point", "coordinates": [ 133.801624, 34.729972 ] } },
{ "type": "Feature", "properties": { "P20_001": "33101", "P20_002": "足守中学校", "P20_003": "岡山県岡山市北区大井360", "P20_004": "避難所", "P20_005": 13825, "P20_006": 15126, "P20_007": 0, "P20_008": 0, "P20_009": 0, "P20_010": 0, "P20_011": 0, "P20_012": 1, "レベル": 1, "備考": null, "緯度": 34.742832, "経度": 133.798652, "NO": "148" }, "geometry": { "type": "Point", "coordinates": [ 133.798652, 34.742832 ] } },
{ "type": "Feature", "properties": { "P20_001": "33101", "P20_002": "大元公民館", "P20_003": "岡山県岡山市北区大元上町10-31", "P20_004": "避難所", "P20_005": -1, "P20_006": 702, "P20_007": 0, "P20_008": 0, "P20_009": 0, "P20_010": 0, "P20_011": 0, "P20_012": 1, "レベル": 1, "備考": null, "緯度": 34.648299, "経度": 133.90024, "NO": "149" }, "geometry": { "type": "Point", "coordinates": [ 133.90024, 34.648299 ] } },
{ "type": "Feature", "properties": { "P20_001": "33101", "P20_002": "大元小学校", "P20_003": "岡山県岡山市北区大元上町9-43", "P20_004": "避難所", "P20_005": 9719, "P20_006": 10914, "P20_007": 0, "P20_008": 0, "P20_009": 0, "P20_010": 0, "P20_011": 0, "P20_012": 1, "レベル": 1, "備考": null, "緯度": 34.649315, "経度": 133.899454, "NO": "150" }, "geometry": { "type": "Point", "coordinates": [ 133.899454, 34.649315 ] } },
{ "type": "Feature", "properties": { "P20_001": "33101", "P20_002": "大蔵集会所", "P20_003": "岡山県岡山市北区建部町和田南3174", "P20_004": "避難所", "P20_005": -1, "P20_006": 20, "P20_007": 0, "P20_008": 0, "P20_009": 0, "P20_010": 0, "P20_011": 0, "P20_012": 1, "レベル": 3, "備考": null, "緯度": 34.925710432899997, "経度": 133.86715915299999, "NO": "151" }, "geometry": { "type": "Point", "coordinates": [ 133.867159152999989, 34.925710432899997 ] } },
{ "type": "Feature", "properties": { "P20_001": "33101", "P20_002": "大田活性化センター", "P20_003": "岡山県岡山市北区建部町大田4020", "P20_004": "避難所", "P20_005": -1, "P20_006": 35, "P20_007": 0, "P20_008": 0, "P20_009": 0, "P20_010": 0, "P20_011": 0, "P20_012": 1, "レベル": 1, "備考": null, "緯度": 34.854255, "経度": 133.916585, "NO": "152" }, "geometry": { "type": "Point", "coordinates": [ 133.916585, 34.854255 ] } },
{ "type": "Feature", "properties": { "P20_001": "33101", "P20_002": "大野小学校", "P20_003": "岡山県岡山市北区大安寺南町二丁目8-36", "P20_004": "避難所", "P20_005": 11831, "P20_006": 13407, "P20_007": 0, "P20_008": 0, "P20_009": 0, "P20_010": 0, "P20_011": 0, "P20_012": 1, "レベル": 1, "備考": null, "緯度": 34.661063, "経度": 133.887705, "NO": "153" }, "geometry": { "type": "Point", "coordinates": [ 133.887705, 34.661063 ] } },
{ "type": "Feature", "properties": { "P20_001": "33101", "P20_002": "谷上集会所", "P20_003": "岡山県岡山市北区建部町大田821", "P20_004": "避難所", "P20_005": -1, "P20_006": -1, "P20_007": 0, "P20_008": 0, "P20_009": 0, "P20_010": 0, "P20_011": 0, "P20_012": 1, "レベル": 3, "備考": null, "緯度": 34.865450773500001, "経度": 133.94268963299999, "NO": "154" }, "geometry": { "type": "Point", "coordinates": [ 133.942689632999986, 34.865450773500001 ] } },
{ "type": "Feature", "properties": { "P20_001": "33101", "P20_002": "竹枝小学校", "P20_003": "岡山県岡山市北区建部町吉田1504", "P20_004": "避難所", "P20_005": 4902, "P20_006": 5915, "P20_007": 0, "P20_008": 0, "P20_009": 0, "P20_010": 0, "P20_011": 0, "P20_012": 1, "レベル": 1, "備考": null, "緯度": 34.842961999099998, "経度": 133.923473, "NO": "155" }, "geometry": { "type": "Point", "coordinates": [ 133.923473, 34.842961999099998 ] } },
{ "type": "Feature", "properties": { "P20_001": "33101", "P20_002": "中山小学校", "P20_003": "岡山県岡山市北区一宮702", "P20_004": "避難所", "P20_005": 9500, "P20_006": 10719, "P20_007": 0, "P20_008": 0, "P20_009": 0, "P20_010": 0, "P20_011": 0, "P20_012": 1, "レベル": 1, "備考": null, "緯度": 34.673339, "経度": 133.867818, "NO": "156" }, "geometry": { "type": "Point", "coordinates": [ 133.867818, 34.673339 ] } },
{ "type": "Feature", "properties": { "P20_001": "33101", "P20_002": "中山中学校", "P20_003": "岡山県岡山市北区辛川市場159", "P20_004": "避難所", "P20_005": 17270, "P20_006": 18334, "P20_007": 0, "P20_008": 0, "P20_009": 0, "P20_010": 0, "P20_011": 0, "P20_012": 1, "レベル": 1, "備考": null, "緯度": 34.681032, "経度": 133.866068, "NO": "157" }, "geometry": { "type": "Point", "coordinates": [ 133.866068, 34.681032 ] } },
{ "type": "Feature", "properties": { "P20_001": "33101", "P20_002": "中村集会所", "P20_003": "岡山県岡山市北区建部町大田2290-1", "P20_004": "避難所", "P20_005": -1, "P20_006": -1, "P20_007": 0, "P20_008": 0, "P20_009": 0, "P20_010": 0, "P20_011": 0, "P20_012": 1, "レベル": 3, "備考": null, "緯度": 34.862215943700001, "経度": 133.93163576500001, "NO": "158" }, "geometry": { "type": "Point", "coordinates": [ 133.93163576500001, 34.862215943700001 ] } },
{ "type": "Feature", "properties": { "P20_001": "33101", "P20_002": "津高公民館", "P20_003": "岡山県岡山市北区栢谷1677", "P20_004": "避難所", "P20_005": -1, "P20_006": 959, "P20_007": 0, "P20_008": 0, "P20_009": 0, "P20_010": 0, "P20_011": 0, "P20_012": 1, "レベル": 4, "備考": null, "緯度": 34.725982305899997, "経度": 133.90675317399999, "NO": "159" }, "geometry": { "type": "Point", "coordinates": [ 133.906753173999988, 34.725982305899997 ] } },
{ "type": "Feature", "properties": { "P20_001": "33101", "P20_002": "津島小学校", "P20_003": "岡山県岡山市北区津島本町19-1", "P20_004": "避難所", "P20_005": 11446, "P20_006": 13718, "P20_007": 0, "P20_008": 0, "P20_009": 0, "P20_010": 0, "P20_011": 0, "P20_012": 1, "レベル": 1, "備考": null, "緯度": 34.690449, "経度": 133.908646, "NO": "160" }, "geometry": { "type": "Point", "coordinates": [ 133.908646, 34.690449 ] } },
{ "type": "Feature", "properties": { "P20_001": "33101", "P20_002": "鶴田集会所（上曲里）", "P20_003": "岡山県岡山市北区建部町鶴田741-2", "P20_004": "避難所", "P20_005": -1, "P20_006": -1, "P20_007": 0, "P20_008": 0, "P20_009": 0, "P20_010": 0, "P20_011": 0, "P20_012": 1, "レベル": 3, "備考": null, "緯度": 34.90706, "経度": 133.865511, "NO": "161" }, "geometry": { "type": "Point", "coordinates": [ 133.865511, 34.90706 ] } },
{ "type": "Feature", "properties": { "P20_001": "33101", "P20_002": "鶴田集会所（新井）", "P20_003": "岡山県岡山市北区建部町三明寺118", "P20_004": "避難所", "P20_005": -1, "P20_006": -1, "P20_007": 0, "P20_008": 0, "P20_009": 0, "P20_010": 0, "P20_011": 0, "P20_012": 1, "レベル": 3, "備考": null, "緯度": 34.901711609400003, "経度": 133.886244616, "NO": "162" }, "geometry": { "type": "Point", "coordinates": [ 133.886244616, 34.901711609400003 ] } },
{ "type": "Feature", "properties": { "P20_001": "33101", "P20_002": "田地子構造改善センター", "P20_003": "岡山県岡山市北区建部町田地子536", "P20_004": "避難所", "P20_005": -1, "P20_006": 20, "P20_007": 0, "P20_008": 0, "P20_009": 0, "P20_010": 0, "P20_011": 0, "P20_012": 1, "レベル": 3, "備考": null, "緯度": 34.865167418699997, "経度": 133.87449852399999, "NO": "163" }, "geometry": { "type": "Point", "coordinates": [ 133.874498523999989, 34.865167418699997 ] } },
{ "type": "Feature", "properties": { "P20_001": "33101", "P20_002": "土師方集会所", "P20_003": "岡山県岡山市北区建部町土師方781-2", "P20_004": "避難所", "P20_005": -1, "P20_006": 20, "P20_007": 0, "P20_008": 0, "P20_009": 0, "P20_010": 0, "P20_011": 0, "P20_012": 1, "レベル": 3, "備考": null, "緯度": 34.846195583700002, "経度": 133.94221240799999, "NO": "164" }, "geometry": { "type": "Point", "coordinates": [ 133.942212407999989, 34.846195583700002 ] } },
{ "type": "Feature", "properties": { "P20_001": "33101", "P20_002": "桃丘小学校", "P20_003": "岡山県岡山市北区芳賀5111-22", "P20_004": "避難所", "P20_005": 10152, "P20_006": 11363, "P20_007": 0, "P20_008": 0, "P20_009": 0, "P20_010": 0, "P20_011": 0, "P20_012": 1, "レベル": 1, "備考": null, "緯度": 34.707474, "経度": 133.876315, "NO": "165" }, "geometry": { "type": "Point", "coordinates": [ 133.876315, 34.707474 ] } },
{ "type": "Feature", "properties": { "P20_001": "33101", "P20_002": "入野集会所", "P20_003": "岡山県岡山市北区建部町三明寺2425-6", "P20_004": "避難所", "P20_005": -1, "P20_006": 10, "P20_007": 0, "P20_008": 0, "P20_009": 0, "P20_010": 0, "P20_011": 0, "P20_012": 1, "レベル": 3, "備考": null, "緯度": 34.933969525599998, "経度": 133.90466594599999, "NO": "166" }, "geometry": { "type": "Point", "coordinates": [ 133.904665946, 34.933969525599998 ] } },
{ "type": "Feature", "properties": { "P20_001": "33101", "P20_002": "馬屋下小学校", "P20_003": "岡山県岡山市北区松尾105-1", "P20_004": "避難所", "P20_005": 8774, "P20_006": 9725, "P20_007": 0, "P20_008": 0, "P20_009": 0, "P20_010": 0, "P20_011": 0, "P20_012": 1, "レベル": 1, "備考": null, "緯度": 34.69653, "経度": 133.862817, "NO": "167" }, "geometry": { "type": "Point", "coordinates": [ 133.862817, 34.69653 ] } },
{ "type": "Feature", "properties": { "P20_001": "33101", "P20_002": "馬屋上小学校", "P20_003": "岡山県岡山市北区富吉2944-2", "P20_004": "避難所", "P20_005": 6140, "P20_006": 6932, "P20_007": 0, "P20_008": 0, "P20_009": 0, "P20_010": 0, "P20_011": 0, "P20_012": 1, "レベル": 1, "備考": null, "緯度": 34.744555, "経度": 133.856677, "NO": "168" }, "geometry": { "type": "Point", "coordinates": [ 133.856677, 34.744555 ] } },
{ "type": "Feature", "properties": { "P20_001": "33101", "P20_002": "品田地区集会所", "P20_003": "岡山県岡山市北区建部町品田", "P20_004": "避難所", "P20_005": -1, "P20_006": 20, "P20_007": 0, "P20_008": 0, "P20_009": 0, "P20_010": 0, "P20_011": 0, "P20_012": 1, "レベル": 3, "備考": null, "緯度": 34.896920525399999, "経度": 133.890244083, "NO": "169" }, "geometry": { "type": "Point", "coordinates": [ 133.890244083, 34.896920525399999 ] } },
{ "type": "Feature", "properties": { "P20_001": "33101", "P20_002": "富沢生活改善センター", "P20_003": "岡山県岡山市北区建部町富沢85-1", "P20_004": "避難所", "P20_005": -1, "P20_006": 20, "P20_007": 0, "P20_008": 0, "P20_009": 0, "P20_010": 0, "P20_011": 0, "P20_012": 1, "レベル": 1, "備考": null, "緯度": 34.856965, "経度": 133.895196, "NO": "170" }, "geometry": { "type": "Point", "coordinates": [ 133.895196, 34.856965 ] } },
{ "type": "Feature", "properties": { "P20_001": "33101", "P20_002": "福祉交流プラザ建部", "P20_003": "岡山県岡山市北区建部町中田570", "P20_004": "避難所", "P20_005": -1, "P20_006": 60, "P20_007": 0, "P20_008": 0, "P20_009": 0, "P20_010": 0, "P20_011": 0, "P20_012": 1, "レベル": 4, "備考": null, "緯度": 34.842239383799999, "経度": 133.900312609, "NO": "171" }, "geometry": { "type": "Point", "coordinates": [ 133.900312609, 34.842239383799999 ] } },
{ "type": "Feature", "properties": { "P20_001": "33101", "P20_002": "福渡小学校", "P20_003": "岡山県岡山市北区建部町川口1302", "P20_004": "避難所", "P20_005": 10507, "P20_006": 11408, "P20_007": 0, "P20_008": 0, "P20_009": 0, "P20_010": 0, "P20_011": 0, "P20_012": 1, "レベル": 1, "備考": null, "緯度": 34.88779, "経度": 133.901583, "NO": "172" }, "geometry": { "type": "Point", "coordinates": [ 133.901583, 34.88779 ] } },
{ "type": "Feature", "properties": { "P20_001": "33101", "P20_002": "福渡第二保育園", "P20_003": "岡山県岡山市北区建部町福渡485-1", "P20_004": "避難所", "P20_005": -1, "P20_006": 30, "P20_007": 0, "P20_008": 0, "P20_009": 0, "P20_010": 0, "P20_011": 0, "P20_012": 1, "レベル": 1, "備考": null, "緯度": 34.868597, "経度": 133.90414, "NO": "173" }, "geometry": { "type": "Point", "coordinates": [ 133.90414, 34.868597 ] } },
{ "type": "Feature", "properties": { "P20_001": "33101", "P20_002": "平井集会所", "P20_003": "岡山県岡山市北区建部町三明寺1801-1", "P20_004": "避難所", "P20_005": -1, "P20_006": -1, "P20_007": 0, "P20_008": 0, "P20_009": 0, "P20_010": 0, "P20_011": 0, "P20_012": 1, "レベル": 3, "備考": null, "緯度": 34.924662777599998, "経度": 133.90244126900001, "NO": "174" }, "geometry": { "type": "Point", "coordinates": [ 133.902441269, 34.924662777599998 ] } },
{ "type": "Feature", "properties": { "P20_001": "33101", "P20_002": "平津小学校", "P20_003": "岡山県岡山市北区楢津738-1", "P20_004": "避難所", "P20_005": 10953, "P20_006": 11924, "P20_007": 0, "P20_008": 0, "P20_009": 0, "P20_010": 0, "P20_011": 0, "P20_012": 1, "レベル": 1, "備考": null, "緯度": 34.680061, "経度": 133.878872, "NO": "175" }, "geometry": { "type": "Point", "coordinates": [ 133.878872, 34.680061 ] } },
{ "type": "Feature", "properties": { "P20_001": "33101", "P20_002": "豊楽寺", "P20_003": "岡山県岡山市北区建部町豊楽寺223", "P20_004": "避難所", "P20_005": -1, "P20_006": 30, "P20_007": 0, "P20_008": 0, "P20_009": 0, "P20_010": 0, "P20_011": 0, "P20_012": 1, "レベル": 3, "備考": null, "緯度": 34.880548527400002, "経度": 133.913442874, "NO": "176" }, "geometry": { "type": "Point", "coordinates": [ 133.913442874, 34.880548527400002 ] } },
{ "type": "Feature", "properties": { "P20_001": "33101", "P20_002": "北ふれあいセンター", "P20_003": "岡山県岡山市北区谷万成二丁目6-33", "P20_004": "避難所", "P20_005": -1, "P20_006": 7300, "P20_007": 0, "P20_008": 0, "P20_009": 0, "P20_010": 0, "P20_011": 0, "P20_012": 1, "レベル": 1, "備考": null, "緯度": 34.678745, "経度": 133.895604, "NO": "177" }, "geometry": { "type": "Point", "coordinates": [ 133.895604, 34.678745 ] } },
{ "type": "Feature", "properties": { "P20_001": "33101", "P20_002": "北公民館", "P20_003": "岡山県岡山市北区津島東一丁目3-14", "P20_004": "避難所", "P20_005": -1, "P20_006": 844, "P20_007": 0, "P20_008": 0, "P20_009": 0, "P20_010": 0, "P20_011": 0, "P20_012": 1, "レベル": 1, "備考": null, "緯度": 34.687353, "経度": 133.928581, "NO": "178" }, "geometry": { "type": "Point", "coordinates": [ 133.928581, 34.687353 ] } },
{ "type": "Feature", "properties": { "P20_001": "33101", "P20_002": "北公民館牟佐分館", "P20_003": "岡山県岡山市北区牟佐1013-2", "P20_004": "避難所", "P20_005": -1, "P20_006": 201, "P20_007": 0, "P20_008": 0, "P20_009": 0, "P20_010": 0, "P20_011": 0, "P20_012": 1, "レベル": 3, "備考": null, "緯度": 34.724551046599998, "経度": 133.977906942, "NO": "179" }, "geometry": { "type": "Point", "coordinates": [ 133.977906942, 34.724551046599998 ] } },
{ "type": "Feature", "properties": { "P20_001": "33101", "P20_002": "北保健センター建部分室", "P20_003": "岡山県岡山市北区建部町福渡487-1", "P20_004": "避難所", "P20_005": -1, "P20_006": 150, "P20_007": 0, "P20_008": 0, "P20_009": 0, "P20_010": 0, "P20_011": 0, "P20_012": 1, "レベル": 3, "備考": null, "緯度": 34.869177249700002, "経度": 133.90410646399999, "NO": "180" }, "geometry": { "type": "Point", "coordinates": [ 133.904106464, 34.869177249700002 ] } },
{ "type": "Feature", "properties": { "P20_001": "33101", "P20_002": "牧石小学校", "P20_003": "岡山県岡山市北区玉柏2108", "P20_004": "避難所", "P20_005": 7833, "P20_006": 8948, "P20_007": 0, "P20_008": 0, "P20_009": 0, "P20_010": 0, "P20_011": 0, "P20_012": 1, "レベル": 1, "備考": null, "緯度": 34.714892, "経度": 133.950892, "NO": "181" }, "geometry": { "type": "Point", "coordinates": [ 133.950892, 34.714892 ] } },
{ "type": "Feature", "properties": { "P20_001": "33101", "P20_002": "野谷小学校", "P20_003": "岡山県岡山市北区栢谷259-1", "P20_004": "避難所", "P20_005": 8001, "P20_006": 8953, "P20_007": 0, "P20_008": 0, "P20_009": 0, "P20_010": 0, "P20_011": 0, "P20_012": 1, "レベル": 1, "備考": null, "緯度": 34.728001, "経度": 133.901424, "NO": "182" }, "geometry": { "type": "Point", "coordinates": [ 133.901424, 34.728001 ] } },
{ "type": "Feature", "properties": { "P20_001": "33101", "P20_002": "里丘（屋上庭園）", "P20_003": "岡山県岡山市北区幸町10-110", "P20_004": "避難所", "P20_005": -1, "P20_006": -1, "P20_007": 0, "P20_008": 0, "P20_009": 0, "P20_010": 0, "P20_011": 0, "P20_012": 1, "レベル": 3, "備考": null, "緯度": 34.660825263299998, "経度": 133.921004189, "NO": "183" }, "geometry": { "type": "Point", "coordinates": [ 133.921004189, 34.660825263299998 ] } },
{ "type": "Feature", "properties": { "P20_001": "33101", "P20_002": "龍淵寺", "P20_003": "岡山県岡山市北区建部町中田62", "P20_004": "避難所", "P20_005": -1, "P20_006": -1, "P20_007": 0, "P20_008": 0, "P20_009": 0, "P20_010": 0, "P20_011": 0, "P20_012": 1, "レベル": 3, "備考": null, "緯度": 34.84422, "経度": 133.897998, "NO": "184" }, "geometry": { "type": "Point", "coordinates": [ 133.897998, 34.84422 ] } },
{ "type": "Feature", "properties": { "P20_001": "33101", "P20_002": "両備幸町パーキング", "P20_003": "岡山県岡山市北区幸町10-110", "P20_004": "避難所", "P20_005": -1, "P20_006": -1, "P20_007": 0, "P20_008": 0, "P20_009": 0, "P20_010": 0, "P20_011": 0, "P20_012": 1, "レベル": 3, "備考": null, "緯度": 34.660663976400002, "経度": 133.92100656599999, "NO": "185" }, "geometry": { "type": "Point", "coordinates": [ 133.921006565999988, 34.660663976400002 ] } },
{ "type": "Feature", "properties": { "P20_001": "33101", "P20_002": "陵南小学校", "P20_003": "岡山県岡山市北区東花尻241-1", "P20_004": "避難所", "P20_005": 8563, "P20_006": 9675, "P20_007": 0, "P20_008": 0, "P20_009": 0, "P20_010": 0, "P20_011": 0, "P20_012": 1, "レベル": 1, "備考": null, "緯度": 34.65259, "経度": 133.863598, "NO": "186" }, "geometry": { "type": "Point", "coordinates": [ 133.863598, 34.65259 ] } },
{ "type": "Feature", "properties": { "P20_001": "33102", "P20_002": "旭操小学校", "P20_003": "岡山県岡山市中区倉富160", "P20_004": "避難所", "P20_005": 11249, "P20_006": 12363, "P20_007": 0, "P20_008": 0, "P20_009": 0, "P20_010": 0, "P20_011": 0, "P20_012": 1, "レベル": 1, "備考": null, "緯度": 34.645373, "経度": 133.971668, "NO": "187" }, "geometry": { "type": "Point", "coordinates": [ 133.971668, 34.645373 ] } },
{ "type": "Feature", "properties": { "P20_001": "33102", "P20_002": "旭東小学校", "P20_003": "岡山県岡山市中区門田屋敷本町1-17", "P20_004": "避難所", "P20_005": 5294, "P20_006": 6451, "P20_007": 0, "P20_008": 0, "P20_009": 0, "P20_010": 0, "P20_011": 0, "P20_012": 1, "レベル": 1, "備考": null, "緯度": 34.655399, "経度": 133.937366, "NO": "188" }, "geometry": { "type": "Point", "coordinates": [ 133.937366, 34.655399 ] } },
{ "type": "Feature", "properties": { "P20_001": "33102", "P20_002": "旭竜小学校", "P20_003": "岡山県岡山市中区八幡8の1", "P20_004": "避難所", "P20_005": 8411, "P20_006": 9514, "P20_007": 0, "P20_008": 0, "P20_009": 0, "P20_010": 0, "P20_011": 0, "P20_012": 1, "レベル": 1, "備考": null, "緯度": 34.687728, "経度": 133.947754, "NO": "189" }, "geometry": { "type": "Point", "coordinates": [ 133.947754, 34.687728 ] } },
{ "type": "Feature", "properties": { "P20_001": "33102", "P20_002": "宇野小学校", "P20_003": "岡山県岡山市中区原尾島一丁目9-1", "P20_004": "避難所", "P20_005": 9510, "P20_006": 10886, "P20_007": 0, "P20_008": 0, "P20_009": 0, "P20_010": 0, "P20_011": 0, "P20_012": 1, "レベル": 1, "備考": null, "緯度": 34.673091, "経度": 133.948031, "NO": "190" }, "geometry": { "type": "Point", "coordinates": [ 133.948031, 34.673091 ] } },
{ "type": "Feature", "properties": { "P20_001": "33102", "P20_002": "岡山ふれあいセンター", "P20_003": "岡山県岡山市中区桑野715-2", "P20_004": "避難所", "P20_005": -1, "P20_006": 13200, "P20_007": 0, "P20_008": 0, "P20_009": 0, "P20_010": 0, "P20_011": 0, "P20_012": 1, "レベル": 1, "備考": null, "緯度": 34.61846, "経度": 133.979436, "NO": "191" }, "geometry": { "type": "Point", "coordinates": [ 133.979436, 34.61846 ] } },
{ "type": "Feature", "properties": { "P20_001": "33102", "P20_002": "岡山市旭操コミュニティハウス", "P20_003": "岡山県岡山市中区倉富160-1", "P20_004": "避難所", "P20_005": -1, "P20_006": 225, "P20_007": 0, "P20_008": 0, "P20_009": 0, "P20_010": 0, "P20_011": 0, "P20_012": 1, "レベル": 1, "備考": null, "緯度": 34.644885, "経度": 133.972386, "NO": "192" }, "geometry": { "type": "Point", "coordinates": [ 133.972386, 34.644885 ] } },
{ "type": "Feature", "properties": { "P20_001": "33102", "P20_002": "岡山市旭東コミュニティハウス", "P20_003": "岡山県岡山市中区小橋町二丁目4-34", "P20_004": "避難所", "P20_005": -1, "P20_006": 249, "P20_007": 0, "P20_008": 0, "P20_009": 0, "P20_010": 0, "P20_011": 0, "P20_012": 1, "レベル": 1, "備考": null, "緯度": 34.656435, "経度": 133.936136, "NO": "193" }, "geometry": { "type": "Point", "coordinates": [ 133.936136, 34.656435 ] } },
{ "type": "Feature", "properties": { "P20_001": "33102", "P20_002": "岡山市旭竜コミュニティハウス", "P20_003": "岡山県岡山市中区高島一丁目8-5", "P20_004": "避難所", "P20_005": -1, "P20_006": 201, "P20_007": 0, "P20_008": 0, "P20_009": 0, "P20_010": 0, "P20_011": 0, "P20_012": 1, "レベル": 1, "備考": null, "緯度": 34.686132, "経度": 133.948821, "NO": "194" }, "geometry": { "type": "Point", "coordinates": [ 133.948821, 34.686132 ] } },
{ "type": "Feature", "properties": { "P20_001": "33102", "P20_002": "岡山市高島コミュニティハウス", "P20_003": "岡山県岡山市中区国府市場117-1", "P20_004": "避難所", "P20_005": -1, "P20_006": 243, "P20_007": 0, "P20_008": 0, "P20_009": 0, "P20_010": 0, "P20_011": 0, "P20_012": 1, "レベル": 1, "備考": null, "緯度": 34.691662, "経度": 133.962918, "NO": "195" }, "geometry": { "type": "Point", "coordinates": [ 133.962918, 34.691662 ] } },
{ "type": "Feature", "properties": { "P20_001": "33102", "P20_002": "岡山市東山公園集会所", "P20_003": "岡山県岡山市中区御成町15-26", "P20_004": "避難所", "P20_005": -1, "P20_006": 219, "P20_007": 0, "P20_008": 0, "P20_009": 0, "P20_010": 0, "P20_011": 0, "P20_012": 1, "レベル": 1, "備考": null, "緯度": 34.657333, "経度": 133.943508, "NO": "196" }, "geometry": { "type": "Point", "coordinates": [ 133.943508, 34.657333 ] } },
{ "type": "Feature", "properties": { "P20_001": "33102", "P20_002": "岡山市富山コミュニティハウス", "P20_003": "岡山県岡山市中区福泊321-2", "P20_004": "避難所", "P20_005": -1, "P20_006": 250, "P20_007": 0, "P20_008": 0, "P20_009": 0, "P20_010": 0, "P20_011": 0, "P20_012": 1, "レベル": 4, "備考": null, "緯度": 34.6575858084, "経度": 133.97865166599999, "NO": "197" }, "geometry": { "type": "Point", "coordinates": [ 133.978651666, 34.6575858084 ] } },
{ "type": "Feature", "properties": { "P20_001": "33102", "P20_002": "岡山市平井コミュニティハウス", "P20_003": "岡山県岡山市中区平井三丁目927-1", "P20_004": "避難所", "P20_005": -1, "P20_006": 490, "P20_007": 0, "P20_008": 0, "P20_009": 0, "P20_010": 0, "P20_011": 0, "P20_012": 1, "レベル": 1, "備考": null, "緯度": 34.637454, "経度": 133.94949602899999, "NO": "198" }, "geometry": { "type": "Point", "coordinates": [ 133.949496028999988, 34.637454 ] } },
{ "type": "Feature", "properties": { "P20_001": "33102", "P20_002": "岡山市竜之口コミュニティハウス", "P20_003": "岡山県岡山市中区四御神201-1", "P20_004": "避難所", "P20_005": -1, "P20_006": 201, "P20_007": 0, "P20_008": 0, "P20_009": 0, "P20_010": 0, "P20_011": 0, "P20_012": 1, "レベル": 1, "備考": null, "緯度": 34.693637, "経度": 133.980878, "NO": "199" }, "geometry": { "type": "Point", "coordinates": [ 133.980878, 34.693637 ] } },
{ "type": "Feature", "properties": { "P20_001": "33102", "P20_002": "岡山輸送センター一帯", "P20_003": "岡山県岡山市中区倉富", "P20_004": "広域避難場所", "P20_005": 178000, "P20_006": 51800, "P20_007": 0, "P20_008": 0, "P20_009": 0, "P20_010": 0, "P20_011": 0, "P20_012": 1, "レベル": 3, "備考": null, "緯度": 34.639143348399998, "経度": 133.97309734800001, "NO": "200" }, "geometry": { "type": "Point", "coordinates": [ 133.97309734800001, 34.639143348399998 ] } },
{ "type": "Feature", "properties": { "P20_001": "33102", "P20_002": "県立岡山操山高等学校", "P20_003": "岡山県岡山市中区浜412", "P20_004": "避難所", "P20_005": -1, "P20_006": -1, "P20_007": 0, "P20_008": 0, "P20_009": 0, "P20_010": 0, "P20_011": 0, "P20_012": 1, "レベル": 1, "備考": null, "緯度": 34.673397, "経度": 133.940032, "NO": "201" }, "geometry": { "type": "Point", "coordinates": [ 133.940032, 34.673397 ] } },
{ "type": "Feature", "properties": { "P20_001": "33102", "P20_002": "県立岡山朝日高等学校", "P20_003": "岡山県岡山市中区古京町2-2-21", "P20_004": "避難所", "P20_005": -1, "P20_006": -1, "P20_007": 0, "P20_008": 0, "P20_009": 0, "P20_010": 0, "P20_011": 0, "P20_012": 1, "レベル": 1, "備考": null, "緯度": 34.660732, "経度": 133.944532, "NO": "202" }, "geometry": { "type": "Point", "coordinates": [ 133.944532, 34.660732 ] } },
{ "type": "Feature", "properties": { "P20_001": "33102", "P20_002": "高島公民館", "P20_003": "岡山県岡山市中区国府市場99-5", "P20_004": "避難所", "P20_005": -1, "P20_006": 788, "P20_007": 0, "P20_008": 0, "P20_009": 0, "P20_010": 0, "P20_011": 0, "P20_012": 1, "レベル": 1, "備考": null, "緯度": 34.691246, "経度": 133.960137, "NO": "203" }, "geometry": { "type": "Point", "coordinates": [ 133.960137, 34.691246 ] } },
{ "type": "Feature", "properties": { "P20_001": "33102", "P20_002": "高島小学校", "P20_003": "岡山県岡山市中区国府市場131", "P20_004": "避難所", "P20_005": 8646, "P20_006": 9736, "P20_007": 0, "P20_008": 0, "P20_009": 0, "P20_010": 0, "P20_011": 0, "P20_012": 1, "レベル": 1, "備考": null, "緯度": 34.691145, "経度": 133.962391, "NO": "204" }, "geometry": { "type": "Point", "coordinates": [ 133.962391, 34.691145 ] } },
{ "type": "Feature", "properties": { "P20_001": "33102", "P20_002": "高島中学校", "P20_003": "岡山県岡山市中区賞田190-1", "P20_004": "避難所", "P20_005": 9101, "P20_006": 10600, "P20_007": 0, "P20_008": 0, "P20_009": 0, "P20_010": 0, "P20_011": 0, "P20_012": 1, "レベル": 1, "備考": null, "緯度": 34.693089, "経度": 133.959836, "NO": "205" }, "geometry": { "type": "Point", "coordinates": [ 133.959836, 34.693089 ] } },
{ "type": "Feature", "properties": { "P20_001": "33102", "P20_002": "財田小学校", "P20_003": "岡山県岡山市中区長岡58-2", "P20_004": "避難所", "P20_005": 9481, "P20_006": 10496, "P20_007": 0, "P20_008": 0, "P20_009": 0, "P20_010": 0, "P20_011": 0, "P20_012": 1, "レベル": 1, "備考": null, "緯度": 34.683896, "経度": 133.985916, "NO": "206" }, "geometry": { "type": "Point", "coordinates": [ 133.985916, 34.683896 ] } },
{ "type": "Feature", "properties": { "P20_001": "33102", "P20_002": "三勲小学校", "P20_003": "岡山県岡山市中区徳吉町一丁目1-21", "P20_004": "避難所", "P20_005": 4880, "P20_006": 5915, "P20_007": 0, "P20_008": 0, "P20_009": 0, "P20_010": 0, "P20_011": 0, "P20_012": 1, "レベル": 1, "備考": null, "緯度": 34.659843, "経度": 133.941199, "NO": "207" }, "geometry": { "type": "Point", "coordinates": [ 133.941199, 34.659843 ] } },
{ "type": "Feature", "properties": { "P20_001": "33102", "P20_002": "操山中学校", "P20_003": "岡山県岡山市中区国富三丁目11-1", "P20_004": "避難所", "P20_005": 6518, "P20_006": 8122, "P20_007": 0, "P20_008": 0, "P20_009": 0, "P20_010": 0, "P20_011": 0, "P20_012": 1, "レベル": 1, "備考": null, "緯度": 34.666703, "経度": 133.950309, "NO": "208" }, "geometry": { "type": "Point", "coordinates": [ 133.950309, 34.666703 ] } },
{ "type": "Feature", "properties": { "P20_001": "33102", "P20_002": "操南公民館", "P20_003": "岡山県岡山市中区藤崎201-4", "P20_004": "避難所", "P20_005": -1, "P20_006": 722, "P20_007": 0, "P20_008": 0, "P20_009": 0, "P20_010": 0, "P20_011": 0, "P20_012": 1, "レベル": 1, "備考": null, "緯度": 34.62895, "経度": 133.965562, "NO": "209" }, "geometry": { "type": "Point", "coordinates": [ 133.965562, 34.62895 ] } },
{ "type": "Feature", "properties": { "P20_001": "33102", "P20_002": "操南小学校", "P20_003": "岡山県岡山市中区藤崎45", "P20_004": "避難所", "P20_005": 8790, "P20_006": 9744, "P20_007": 0, "P20_008": 0, "P20_009": 0, "P20_010": 0, "P20_011": 0, "P20_012": 1, "レベル": 1, "備考": null, "緯度": 34.630041, "経度": 133.965031, "NO": "210" }, "geometry": { "type": "Point", "coordinates": [ 133.965031, 34.630041 ] } },
{ "type": "Feature", "properties": { "P20_001": "33102", "P20_002": "操南中学校", "P20_003": "岡山県岡山市中区藤崎130-2", "P20_004": "避難所", "P20_005": 13239, "P20_006": 14874, "P20_007": 0, "P20_008": 0, "P20_009": 0, "P20_010": 0, "P20_011": 0, "P20_012": 1, "レベル": 1, "備考": null, "緯度": 34.631458, "経度": 133.968336, "NO": "211" }, "geometry": { "type": "Point", "coordinates": [ 133.968336, 34.631458 ] } },
{ "type": "Feature", "properties": { "P20_001": "33102", "P20_002": "操明小学校", "P20_003": "岡山県岡山市中区藤崎721-3", "P20_004": "避難所", "P20_005": 9001, "P20_006": 10827, "P20_007": 0, "P20_008": 0, "P20_009": 0, "P20_010": 0, "P20_011": 0, "P20_012": 1, "レベル": 1, "備考": null, "緯度": 34.617015, "経度": 133.974864, "NO": "212" }, "geometry": { "type": "Point", "coordinates": [ 133.974864, 34.617015 ] } },
{ "type": "Feature", "properties": { "P20_001": "33102", "P20_002": "中央公民館", "P20_003": "岡山県岡山市中区小橋町一丁目1-30", "P20_004": "避難所", "P20_005": -1, "P20_006": 1429, "P20_007": 0, "P20_008": 0, "P20_009": 0, "P20_010": 0, "P20_011": 0, "P20_012": 1, "レベル": 1, "備考": null, "緯度": 34.658818, "経度": 133.936789, "NO": "213" }, "geometry": { "type": "Point", "coordinates": [ 133.936789, 34.658818 ] } },
{ "type": "Feature", "properties": { "P20_001": "33102", "P20_002": "中央公民館宇野分館", "P20_003": "岡山県岡山市中区西川原一丁目7-30", "P20_004": "避難所", "P20_005": -1, "P20_006": 139, "P20_007": 0, "P20_008": 0, "P20_009": 0, "P20_010": 0, "P20_011": 0, "P20_012": 1, "レベル": 1, "備考": null, "緯度": 34.676241, "経度": 133.93588, "NO": "214" }, "geometry": { "type": "Point", "coordinates": [ 133.93588, 34.676241 ] } },
{ "type": "Feature", "properties": { "P20_001": "33102", "P20_002": "中央公民館三勲分館", "P20_003": "岡山県岡山市中区国富1039-18", "P20_004": "避難所", "P20_005": -1, "P20_006": 165, "P20_007": 0, "P20_008": 0, "P20_009": 0, "P20_010": 0, "P20_011": 0, "P20_012": 1, "レベル": 4, "備考": null, "緯度": 34.669256, "経度": 133.939389, "NO": "215" }, "geometry": { "type": "Point", "coordinates": [ 133.939389, 34.669256 ] } },
{ "type": "Feature", "properties": { "P20_001": "33102", "P20_002": "中央公民館竹田分館", "P20_003": "岡山県岡山市中区竹田106-2", "P20_004": "避難所", "P20_005": -1, "P20_006": 149, "P20_007": 0, "P20_008": 0, "P20_009": 0, "P20_010": 0, "P20_011": 0, "P20_012": 1, "レベル": 3, "備考": null, "緯度": 34.682362353499997, "経度": 133.93952842, "NO": "216" }, "geometry": { "type": "Point", "coordinates": [ 133.939528419999988, 34.682362353499997 ] } },
{ "type": "Feature", "properties": { "P20_001": "33102", "P20_002": "中央公民館浜川原分館", "P20_003": "岡山県岡山市中区浜一丁目3-16", "P20_004": "避難所", "P20_005": -1, "P20_006": 150, "P20_007": 0, "P20_008": 0, "P20_009": 0, "P20_010": 0, "P20_011": 0, "P20_012": 1, "レベル": 3, "備考": null, "緯度": 34.673505857599999, "経度": 133.93411070799999, "NO": "217" }, "geometry": { "type": "Point", "coordinates": [ 133.934110708, 34.673505857599999 ] } },
{ "type": "Feature", "properties": { "P20_001": "33102", "P20_002": "東公民館", "P20_003": "岡山県岡山市中区高屋344-1", "P20_004": "避難所", "P20_005": -1, "P20_006": 809, "P20_007": 0, "P20_008": 0, "P20_009": 0, "P20_010": 0, "P20_011": 0, "P20_012": 1, "レベル": 4, "備考": null, "緯度": 34.674316970200003, "経度": 133.969073463, "NO": "218" }, "geometry": { "type": "Point", "coordinates": [ 133.969073463, 34.674316970200003 ] } },
{ "type": "Feature", "properties": { "P20_001": "33102", "P20_002": "東公民館乙多見分館", "P20_003": "岡山県岡山市中区乙多見294", "P20_004": "避難所", "P20_005": -1, "P20_006": 139, "P20_007": 0, "P20_008": 0, "P20_009": 0, "P20_010": 0, "P20_011": 0, "P20_012": 1, "レベル": 3, "備考": null, "緯度": 34.6788120111, "経度": 133.97943940600001, "NO": "219" }, "geometry": { "type": "Point", "coordinates": [ 133.979439406000012, 34.6788120111 ] } },
{ "type": "Feature", "properties": { "P20_001": "33102", "P20_002": "東山公民館", "P20_003": "岡山県岡山市中区平井四丁目13-33", "P20_004": "避難所", "P20_005": -1, "P20_006": 1092, "P20_007": 0, "P20_008": 0, "P20_009": 0, "P20_010": 0, "P20_011": 0, "P20_012": 1, "レベル": 4, "備考": null, "緯度": 34.638367669300003, "経度": 133.947370116, "NO": "220" }, "geometry": { "type": "Point", "coordinates": [ 133.947370116, 34.638367669300003 ] } },
{ "type": "Feature", "properties": { "P20_001": "33102", "P20_002": "東山中学校", "P20_003": "岡山県岡山市中区御幸町13-3", "P20_004": "避難所", "P20_005": 7942, "P20_006": 9329, "P20_007": 0, "P20_008": 0, "P20_009": 0, "P20_010": 0, "P20_011": 0, "P20_012": 1, "レベル": 1, "備考": null, "緯度": 34.652399, "経度": 133.934061, "NO": "221" }, "geometry": { "type": "Point", "coordinates": [ 133.934061, 34.652399 ] } },
{ "type": "Feature", "properties": { "P20_001": "33102", "P20_002": "特別養護老人ホームアダムスホーム", "P20_003": "岡山県岡山市中区沖元502", "P20_004": "避難所", "P20_005": -1, "P20_006": -1, "P20_007": 0, "P20_008": 0, "P20_009": 0, "P20_010": 0, "P20_011": 0, "P20_012": 1, "レベル": 3, "備考": null, "緯度": 34.637236222, "経度": 133.97711179699999, "NO": "222" }, "geometry": { "type": "Point", "coordinates": [ 133.977111797, 34.637236222 ] } },
{ "type": "Feature", "properties": { "P20_001": "33102", "P20_002": "特別養護老人ホームおもいやり", "P20_003": "岡山県岡山市中区平井1260-1", "P20_004": "避難所", "P20_005": -1, "P20_006": -1, "P20_007": 0, "P20_008": 0, "P20_009": 0, "P20_010": 0, "P20_011": 0, "P20_012": 1, "レベル": 1, "備考": null, "緯度": 34.626650999100001, "経度": 133.952112, "NO": "223" }, "geometry": { "type": "Point", "coordinates": [ 133.952112, 34.626650999100001 ] } },
{ "type": "Feature", "properties": { "P20_001": "33102", "P20_002": "特別養護老人ホーム幸輝園", "P20_003": "岡山県岡山市中区国府市場985-1", "P20_004": "避難所", "P20_005": -1, "P20_006": -1, "P20_007": 0, "P20_008": 0, "P20_009": 0, "P20_010": 0, "P20_011": 0, "P20_012": 1, "レベル": 3, "備考": null, "緯度": 34.693785, "経度": 133.964822, "NO": "224" }, "geometry": { "type": "Point", "coordinates": [ 133.964822, 34.693785 ] } },
{ "type": "Feature", "properties": { "P20_001": "33102", "P20_002": "幡多小学校", "P20_003": "岡山県岡山市中区高屋254", "P20_004": "避難所", "P20_005": 11649, "P20_006": 13225, "P20_007": 0, "P20_008": 0, "P20_009": 0, "P20_010": 0, "P20_011": 0, "P20_012": 1, "レベル": 1, "備考": null, "緯度": 34.674564, "経度": 133.965835, "NO": "225" }, "geometry": { "type": "Point", "coordinates": [ 133.965835, 34.674564 ] } },
{ "type": "Feature", "properties": { "P20_001": "33102", "P20_002": "富山公民館", "P20_003": "岡山県岡山市中区福泊246-1", "P20_004": "避難所", "P20_005": -1, "P20_006": 809, "P20_007": 0, "P20_008": 0, "P20_009": 0, "P20_010": 0, "P20_011": 0, "P20_012": 1, "レベル": 1, "備考": null, "緯度": 34.656511, "経度": 133.976243, "NO": "226" }, "geometry": { "type": "Point", "coordinates": [ 133.976243, 34.656511 ] } },
{ "type": "Feature", "properties": { "P20_001": "33102", "P20_002": "富山小学校", "P20_003": "岡山県岡山市中区福泊233", "P20_004": "避難所", "P20_005": 16248, "P20_006": 17645, "P20_007": 0, "P20_008": 0, "P20_009": 0, "P20_010": 0, "P20_011": 0, "P20_012": 1, "レベル": 1, "備考": null, "緯度": 34.655455, "経度": 133.974335, "NO": "227" }, "geometry": { "type": "Point", "coordinates": [ 133.974335, 34.655455 ] } },
{ "type": "Feature", "properties": { "P20_001": "33102", "P20_002": "富山中学校", "P20_003": "岡山県岡山市中区海吉1462-5", "P20_004": "避難所", "P20_005": 13968, "P20_006": 15418, "P20_007": 0, "P20_008": 0, "P20_009": 0, "P20_010": 0, "P20_011": 0, "P20_012": 1, "レベル": 1, "備考": null, "緯度": 34.66376, "経度": 133.989444, "NO": "228" }, "geometry": { "type": "Point", "coordinates": [ 133.989444, 34.66376 ] } },
{ "type": "Feature", "properties": { "P20_001": "33102", "P20_002": "平井小学校", "P20_003": "岡山県岡山市中区平井四丁目19-52", "P20_004": "避難所", "P20_005": 7319, "P20_006": 8722, "P20_007": 0, "P20_008": 0, "P20_009": 0, "P20_010": 0, "P20_011": 0, "P20_012": 1, "レベル": 1, "備考": null, "緯度": 34.637845, "経度": 133.945866, "NO": "229" }, "geometry": { "type": "Point", "coordinates": [ 133.945866, 34.637845 ] } },
{ "type": "Feature", "properties": { "P20_001": "33102", "P20_002": "竜操中学校", "P20_003": "岡山県岡山市中区赤田188-1", "P20_004": "避難所", "P20_005": 13162, "P20_006": 14412, "P20_007": 0, "P20_008": 0, "P20_009": 0, "P20_010": 0, "P20_011": 0, "P20_012": 1, "レベル": 1, "備考": null, "緯度": 34.68148, "経度": 133.966724, "NO": "230" }, "geometry": { "type": "Point", "coordinates": [ 133.966724, 34.68148 ] } },
{ "type": "Feature", "properties": { "P20_001": "33102", "P20_002": "竜之口小学校", "P20_003": "岡山県岡山市中区四御神266", "P20_004": "避難所", "P20_005": 9503, "P20_006": 10626, "P20_007": 0, "P20_008": 0, "P20_009": 0, "P20_010": 0, "P20_011": 0, "P20_012": 1, "レベル": 1, "備考": null, "緯度": 34.694811, "経度": 133.977473, "NO": "231" }, "geometry": { "type": "Point", "coordinates": [ 133.977473, 34.694811 ] } },
{ "type": "Feature", "properties": { "P20_001": "33103", "P20_002": "かたせ桜保育園", "P20_003": "岡山県岡山市東区瀬戸町旭ヶ丘2-2-80", "P20_004": "避難所", "P20_005": -1, "P20_006": 100, "P20_007": 0, "P20_008": 0, "P20_009": 0, "P20_010": 0, "P20_011": 0, "P20_012": 1, "レベル": 3, "備考": null, "緯度": 34.727727999099997, "経度": 134.050911, "NO": "232" }, "geometry": { "type": "Point", "coordinates": [ 134.050911, 34.727727999099997 ] } },
{ "type": "Feature", "properties": { "P20_001": "33103", "P20_002": "レストパーク管理棟", "P20_003": "岡山県岡山市東区瀬戸町江尻1100", "P20_004": "避難所", "P20_005": -1, "P20_006": 30, "P20_007": 0, "P20_008": 0, "P20_009": 0, "P20_010": 0, "P20_011": 0, "P20_012": 1, "レベル": 3, "備考": null, "緯度": 34.720934149500003, "経度": 134.05034615100001, "NO": "233" }, "geometry": { "type": "Point", "coordinates": [ 134.050346151000014, 34.720934149500003 ] } },
{ "type": "Feature", "properties": { "P20_001": "33103", "P20_002": "旭ヶ丘コミュニティセンター", "P20_003": "岡山県岡山市東区瀬戸町旭ケ丘2-1-100", "P20_004": "避難所", "P20_005": -1, "P20_006": 60, "P20_007": 0, "P20_008": 0, "P20_009": 0, "P20_010": 0, "P20_011": 0, "P20_012": 1, "レベル": 3, "備考": null, "緯度": 34.725245, "経度": 134.052186, "NO": "234" }, "geometry": { "type": "Point", "coordinates": [ 134.052186, 34.725245 ] } },
{ "type": "Feature", "properties": { "P20_001": "33103", "P20_002": "旭東公民館", "P20_003": "岡山県岡山市東区西大寺松崎310-1", "P20_004": "避難所", "P20_005": -1, "P20_006": 723, "P20_007": 0, "P20_008": 0, "P20_009": 0, "P20_010": 0, "P20_011": 0, "P20_012": 1, "レベル": 1, "備考": null, "緯度": 34.663867, "経度": 134.012184, "NO": "235" }, "geometry": { "type": "Point", "coordinates": [ 134.012184, 34.663867 ] } },
{ "type": "Feature", "properties": { "P20_001": "33103", "P20_002": "旭東中学校", "P20_003": "岡山県岡山市東区大多羅町276", "P20_004": "避難所", "P20_005": 27854, "P20_006": 29477, "P20_007": 0, "P20_008": 0, "P20_009": 0, "P20_010": 0, "P20_011": 0, "P20_012": 1, "レベル": 1, "備考": null, "緯度": 34.66601, "経度": 134.003193, "NO": "236" }, "geometry": { "type": "Point", "coordinates": [ 134.003193, 34.66601 ] } },
{ "type": "Feature", "properties": { "P20_001": "33103", "P20_002": "塩納コミュニティハウス", "P20_003": "岡山県岡山市東区瀬戸町塩納776-2", "P20_004": "避難所", "P20_005": -1, "P20_006": 30, "P20_007": 0, "P20_008": 0, "P20_009": 0, "P20_010": 0, "P20_011": 0, "P20_012": 1, "レベル": 3, "備考": null, "緯度": 34.760219, "経度": 134.059945, "NO": "237" }, "geometry": { "type": "Point", "coordinates": [ 134.059945, 34.760219 ] } },
{ "type": "Feature", "properties": { "P20_001": "33103", "P20_002": "岡山県消防学校", "P20_003": "岡山県岡山市東区瀬戸町肩脊1170", "P20_004": "避難所", "P20_005": -1, "P20_006": 200, "P20_007": 0, "P20_008": 0, "P20_009": 0, "P20_010": 0, "P20_011": 0, "P20_012": 1, "レベル": 3, "備考": null, "緯度": 34.723351, "経度": 134.064998, "NO": "238" }, "geometry": { "type": "Point", "coordinates": [ 134.064998, 34.723351 ] } },
{ "type": "Feature", "properties": { "P20_001": "33103", "P20_002": "岡山市可知コミュニティハウス", "P20_003": "岡山県岡山市東区可知三丁目1-15", "P20_004": "避難所", "P20_005": -1, "P20_006": 230, "P20_007": 0, "P20_008": 0, "P20_009": 0, "P20_010": 0, "P20_011": 0, "P20_012": 1, "レベル": 1, "備考": null, "緯度": 34.6599, "経度": 134.002421, "NO": "239" }, "geometry": { "type": "Point", "coordinates": [ 134.002421, 34.6599 ] } },
{ "type": "Feature", "properties": { "P20_001": "33103", "P20_002": "岡山市開成コミュニティハウス", "P20_003": "岡山県岡山市東区九蟠1036-1", "P20_004": "避難所", "P20_005": -1, "P20_006": 222, "P20_007": 0, "P20_008": 0, "P20_009": 0, "P20_010": 0, "P20_011": 0, "P20_012": 1, "レベル": 1, "備考": null, "緯度": 34.616357, "経度": 134.023797, "NO": "240" }, "geometry": { "type": "Point", "coordinates": [ 134.023797, 34.616357 ] } },
{ "type": "Feature", "properties": { "P20_001": "33103", "P20_002": "岡山市角山コミュニティハウス", "P20_003": "岡山県岡山市東区才崎394-7", "P20_004": "避難所", "P20_005": -1, "P20_006": 224, "P20_007": 0, "P20_008": 0, "P20_009": 0, "P20_010": 0, "P20_011": 0, "P20_012": 1, "レベル": 1, "備考": null, "緯度": 34.691031, "経度": 134.064484, "NO": "241" }, "geometry": { "type": "Point", "coordinates": [ 134.064484, 34.691031 ] } },
{ "type": "Feature", "properties": { "P20_001": "33103", "P20_002": "岡山市犬島コミュニティハウス", "P20_003": "岡山県岡山市東区犬島326-18", "P20_004": "避難所", "P20_005": -1, "P20_006": 183, "P20_007": 0, "P20_008": 0, "P20_009": 0, "P20_010": 0, "P20_011": 0, "P20_012": 1, "レベル": 1, "備考": null, "緯度": 34.566054, "経度": 134.104901, "NO": "242" }, "geometry": { "type": "Point", "coordinates": [ 134.104901, 34.566054 ] } },
{ "type": "Feature", "properties": { "P20_001": "33103", "P20_002": "岡山市古都コミュニティハウス", "P20_003": "岡山県岡山市東区古都宿306", "P20_004": "避難所", "P20_005": -1, "P20_006": 227, "P20_007": 0, "P20_008": 0, "P20_009": 0, "P20_010": 0, "P20_011": 0, "P20_012": 1, "レベル": 1, "備考": null, "緯度": 34.690323, "経度": 134.000297, "NO": "243" }, "geometry": { "type": "Point", "coordinates": [ 134.000297, 34.690323 ] } },
{ "type": "Feature", "properties": { "P20_001": "33103", "P20_002": "岡山市御休コミュニティハウス", "P20_003": "岡山県岡山市東区西祖137-4", "P20_004": "避難所", "P20_005": -1, "P20_006": 206, "P20_007": 0, "P20_008": 0, "P20_009": 0, "P20_010": 0, "P20_011": 0, "P20_012": 1, "レベル": 1, "備考": null, "緯度": 34.709901, "経度": 134.079667, "NO": "244" }, "geometry": { "type": "Point", "coordinates": [ 134.079667, 34.709901 ] } },
{ "type": "Feature", "properties": { "P20_001": "33103", "P20_002": "岡山市幸島コミュニティハウス", "P20_003": "岡山県岡山市東区水門町749-8", "P20_004": "避難所", "P20_005": -1, "P20_006": 227, "P20_007": 0, "P20_008": 0, "P20_009": 0, "P20_010": 0, "P20_011": 0, "P20_012": 1, "レベル": 4, "備考": null, "緯度": 34.611743392199998, "経度": 134.05818985499999, "NO": "245" }, "geometry": { "type": "Point", "coordinates": [ 134.058189855, 34.611743392199998 ] } },
{ "type": "Feature", "properties": { "P20_001": "33102", "P20_002": "岡山市財田コミュニティハウス", "P20_003": "岡山県岡山市東区長岡4-101", "P20_004": "避難所", "P20_005": -1, "P20_006": 249, "P20_007": 0, "P20_008": 0, "P20_009": 0, "P20_010": 0, "P20_011": 0, "P20_012": 1, "レベル": 1, "備考": null, "緯度": 34.682867, "経度": 133.984758, "NO": "246" }, "geometry": { "type": "Point", "coordinates": [ 133.984758, 34.682867 ] } },
{ "type": "Feature", "properties": { "P20_001": "33103", "P20_002": "岡山市政田コミュニティハウス", "P20_003": "岡山県岡山市東区政津1032-3", "P20_004": "避難所", "P20_005": -1, "P20_006": 405, "P20_007": 0, "P20_008": 0, "P20_009": 0, "P20_010": 0, "P20_011": 0, "P20_012": 1, "レベル": 4, "備考": null, "緯度": 34.6336423407, "経度": 134.00223223200001, "NO": "247" }, "geometry": { "type": "Point", "coordinates": [ 134.002232232000011, 34.6336423407 ] } },
{ "type": "Feature", "properties": { "P20_001": "33103", "P20_002": "岡山市西大寺コミュニティハウス", "P20_003": "岡山県岡山市東区西大寺中一丁目4-32", "P20_004": "避難所", "P20_005": -1, "P20_006": 228, "P20_007": 0, "P20_008": 0, "P20_009": 0, "P20_010": 0, "P20_011": 0, "P20_012": 1, "レベル": 1, "備考": null, "緯度": 34.65376, "経度": 134.032477, "NO": "248" }, "geometry": { "type": "Point", "coordinates": [ 134.032477, 34.65376 ] } },
{ "type": "Feature", "properties": { "P20_001": "33103", "P20_002": "岡山市西大寺南コミュニティハウス", "P20_003": "岡山県岡山市東区金岡東町一丁目11-53", "P20_004": "避難所", "P20_005": -1, "P20_006": 212, "P20_007": 0, "P20_008": 0, "P20_009": 0, "P20_010": 0, "P20_011": 0, "P20_012": 1, "レベル": 4, "備考": null, "緯度": 34.644973672799999, "経度": 134.02766663099999, "NO": "249" }, "geometry": { "type": "Point", "coordinates": [ 134.027666630999988, 34.644973672799999 ] } },
{ "type": "Feature", "properties": { "P20_001": "33103", "P20_002": "岡山市太伯コミュニティハウス", "P20_003": "岡山県岡山市東区神崎町978-1", "P20_004": "避難所", "P20_005": -1, "P20_006": 225, "P20_007": 0, "P20_008": 0, "P20_009": 0, "P20_010": 0, "P20_011": 0, "P20_012": 1, "レベル": 1, "備考": null, "緯度": 34.631240999100001, "経度": 134.056614, "NO": "250" }, "geometry": { "type": "Point", "coordinates": [ 134.056614, 34.631240999100001 ] } },
{ "type": "Feature", "properties": { "P20_001": "33103", "P20_002": "岡山市大宮コミュニティハウス", "P20_003": "岡山県岡山市東区下阿知860", "P20_004": "避難所", "P20_005": -1, "P20_006": 211, "P20_007": 0, "P20_008": 0, "P20_009": 0, "P20_010": 0, "P20_011": 0, "P20_012": 1, "レベル": 1, "備考": null, "緯度": 34.624455983600001, "経度": 134.097635637, "NO": "251" }, "geometry": { "type": "Point", "coordinates": [ 134.097635637, 34.624455983600001 ] } },
{ "type": "Feature", "properties": { "P20_001": "33103", "P20_002": "岡山市朝日コミュニティハウス", "P20_003": "岡山県岡山市東区東片岡4981-3", "P20_004": "避難所", "P20_005": -1, "P20_006": 188, "P20_007": 0, "P20_008": 0, "P20_009": 0, "P20_010": 0, "P20_011": 0, "P20_012": 1, "レベル": 4, "備考": null, "緯度": 34.604512, "経度": 134.086178, "NO": "252" }, "geometry": { "type": "Point", "coordinates": [ 134.086178, 34.604512 ] } },
{ "type": "Feature", "properties": { "P20_001": "33103", "P20_002": "岡山市浮田コミュニティハウス", "P20_003": "岡山県岡山市東区上道北方869-5", "P20_004": "避難所", "P20_005": -1, "P20_006": 198, "P20_007": 0, "P20_008": 0, "P20_009": 0, "P20_010": 0, "P20_011": 0, "P20_012": 1, "レベル": 4, "備考": null, "緯度": 34.7003490066, "経度": 134.01635814700001, "NO": "253" }, "geometry": { "type": "Point", "coordinates": [ 134.016358147, 34.7003490066 ] } },
{ "type": "Feature", "properties": { "P20_001": "33103", "P20_002": "岡山市平島コミュニティハウス", "P20_003": "岡山県岡山市東区東平島1326-1", "P20_004": "避難所", "P20_005": -1, "P20_006": 220, "P20_007": 0, "P20_008": 0, "P20_009": 0, "P20_010": 0, "P20_011": 0, "P20_012": 1, "レベル": 1, "備考": null, "緯度": 34.712726, "経度": 134.049839, "NO": "254" }, "geometry": { "type": "Point", "coordinates": [ 134.049839, 34.712726 ] } },
{ "type": "Feature", "properties": { "P20_001": "33103", "P20_002": "岡山市豊コミュニティハウス", "P20_003": "岡山県岡山市東区西大寺川口125-2", "P20_004": "避難所", "P20_005": -1, "P20_006": 213, "P20_007": 0, "P20_008": 0, "P20_009": 0, "P20_010": 0, "P20_011": 0, "P20_012": 1, "レベル": 1, "備考": null, "緯度": 34.650471, "経度": 134.046027, "NO": "255" }, "geometry": { "type": "Point", "coordinates": [ 134.046027, 34.650471 ] } },
{ "type": "Feature", "properties": { "P20_001": "33103", "P20_002": "岡山市雄神コミュニティハウス", "P20_003": "岡山県岡山市東区富崎684-2", "P20_004": "避難所", "P20_005": -1, "P20_006": 229, "P20_007": 0, "P20_008": 0, "P20_009": 0, "P20_010": 0, "P20_011": 0, "P20_012": 1, "レベル": 1, "備考": null, "緯度": 34.671625, "経度": 134.041928, "NO": "256" }, "geometry": { "type": "Point", "coordinates": [ 134.041928, 34.671625 ] } },
{ "type": "Feature", "properties": { "P20_001": "33103", "P20_002": "下公会堂", "P20_003": "岡山県岡山市東区瀬戸町下232", "P20_004": "避難所", "P20_005": -1, "P20_006": 70, "P20_007": 0, "P20_008": 0, "P20_009": 0, "P20_010": 0, "P20_011": 0, "P20_012": 1, "レベル": 3, "備考": null, "緯度": 34.728652, "経度": 134.040314, "NO": "257" }, "geometry": { "type": "Point", "coordinates": [ 134.040314, 34.728652 ] } },
{ "type": "Feature", "properties": { "P20_001": "33103", "P20_002": "可知小学校", "P20_003": "岡山県岡山市東区可知一丁目83-2", "P20_004": "避難所", "P20_005": 5273, "P20_006": 6333, "P20_007": 0, "P20_008": 0, "P20_009": 0, "P20_010": 0, "P20_011": 0, "P20_012": 1, "レベル": 1, "備考": null, "緯度": 34.659316, "経度": 134.001693, "NO": "258" }, "geometry": { "type": "Point", "coordinates": [ 134.001693, 34.659316 ] } },
{ "type": "Feature", "properties": { "P20_001": "33103", "P20_002": "芥子山小学校", "P20_003": "岡山県岡山市東区西大寺松崎97", "P20_004": "避難所", "P20_005": 15376, "P20_006": 16504, "P20_007": 0, "P20_008": 0, "P20_009": 0, "P20_010": 0, "P20_011": 0, "P20_012": 1, "レベル": 1, "備考": null, "緯度": 34.662955, "経度": 134.011164, "NO": "259" }, "geometry": { "type": "Point", "coordinates": [ 134.011164, 34.662955 ] } },
{ "type": "Feature", "properties": { "P20_001": "33103", "P20_002": "開成小学校", "P20_003": "岡山県岡山市東区金田1524", "P20_004": "避難所", "P20_005": 5167, "P20_006": 6115, "P20_007": 0, "P20_008": 0, "P20_009": 0, "P20_010": 0, "P20_011": 0, "P20_012": 1, "レベル": 1, "備考": null, "緯度": 34.626765, "経度": 134.023887, "NO": "260" }, "geometry": { "type": "Point", "coordinates": [ 134.023887, 34.626765 ] } },
{ "type": "Feature", "properties": { "P20_001": "33103", "P20_002": "角山小学校", "P20_003": "岡山県岡山市東区才崎389", "P20_004": "避難所", "P20_005": 5730, "P20_006": 6622, "P20_007": 0, "P20_008": 0, "P20_009": 0, "P20_010": 0, "P20_011": 0, "P20_012": 1, "レベル": 1, "備考": null, "緯度": 34.691425, "経度": 134.064047, "NO": "261" }, "geometry": { "type": "Point", "coordinates": [ 134.064047, 34.691425 ] } },
{ "type": "Feature", "properties": { "P20_001": "33103", "P20_002": "環太平洋大学・第１キャンパス", "P20_003": "岡山県岡山市東区瀬戸町観音寺721", "P20_004": "避難所", "P20_005": -1, "P20_006": -1, "P20_007": 0, "P20_008": 0, "P20_009": 0, "P20_010": 0, "P20_011": 0, "P20_012": 1, "レベル": 3, "備考": null, "緯度": 34.729338, "経度": 134.011008, "NO": "262" }, "geometry": { "type": "Point", "coordinates": [ 134.011008, 34.729338 ] } },
{ "type": "Feature", "properties": { "P20_001": "33103", "P20_002": "環太平洋大学・第２キャンパス", "P20_003": "岡山県岡山市東区矢津2050-13", "P20_004": "避難所", "P20_005": -1, "P20_006": -1, "P20_007": 0, "P20_008": 0, "P20_009": 0, "P20_010": 0, "P20_011": 0, "P20_012": 1, "レベル": 3, "備考": null, "緯度": 34.708561, "経度": 133.98945, "NO": "263" }, "geometry": { "type": "Point", "coordinates": [ 133.98945, 34.708561 ] } },
{ "type": "Feature", "properties": { "P20_001": "33103", "P20_002": "観音寺コミュニティハウス", "P20_003": "岡山県岡山市東区瀬戸町観音寺251-1", "P20_004": "避難所", "P20_005": -1, "P20_006": 20, "P20_007": 0, "P20_008": 0, "P20_009": 0, "P20_010": 0, "P20_011": 0, "P20_012": 1, "レベル": 3, "備考": null, "緯度": 34.723363324899999, "経度": 134.00980637699999, "NO": "264" }, "geometry": { "type": "Point", "coordinates": [ 134.009806377, 34.723363324899999 ] } },
{ "type": "Feature", "properties": { "P20_001": "33103", "P20_002": "菊山公会堂", "P20_003": "岡山県岡山市東区瀬戸町菊山50", "P20_004": "避難所", "P20_005": -1, "P20_006": 20, "P20_007": 0, "P20_008": 0, "P20_009": 0, "P20_010": 0, "P20_011": 0, "P20_012": 1, "レベル": 3, "備考": null, "緯度": 34.711865007199997, "経度": 134.02135027599999, "NO": "265" }, "geometry": { "type": "Point", "coordinates": [ 134.021350276, 34.711865007199997 ] } },
{ "type": "Feature", "properties": { "P20_001": "33103", "P20_002": "弓削コミュニティハウス", "P20_003": "岡山県岡山市東区瀬戸町弓削867-4", "P20_004": "避難所", "P20_005": -1, "P20_006": 30, "P20_007": 0, "P20_008": 0, "P20_009": 0, "P20_010": 0, "P20_011": 0, "P20_012": 1, "レベル": 3, "備考": null, "緯度": 34.7525220944, "経度": 134.092597, "NO": "266" }, "geometry": { "type": "Point", "coordinates": [ 134.092597, 34.7525220944 ] } },
{ "type": "Feature", "properties": { "P20_001": "33103", "P20_002": "旧潟瀬保育所大内分所", "P20_003": "岡山県岡山市東区瀬戸町大内1005", "P20_004": "避難所", "P20_005": -1, "P20_006": 30, "P20_007": 0, "P20_008": 0, "P20_009": 0, "P20_010": 0, "P20_011": 0, "P20_012": 1, "レベル": 3, "備考": null, "緯度": 34.728931258700001, "経度": 134.100324521, "NO": "267" }, "geometry": { "type": "Point", "coordinates": [ 134.100324521, 34.728931258700001 ] } },
{ "type": "Feature", "properties": { "P20_001": "33103", "P20_002": "玉井桜保育園", "P20_003": "岡山県岡山市東区瀬戸町観音寺509", "P20_004": "避難所", "P20_005": -1, "P20_006": 50, "P20_007": 0, "P20_008": 0, "P20_009": 0, "P20_010": 0, "P20_011": 0, "P20_012": 1, "レベル": 1, "備考": null, "緯度": 34.72406, "経度": 134.010108, "NO": "268" }, "geometry": { "type": "Point", "coordinates": [ 134.010108, 34.72406 ] } },
{ "type": "Feature", "properties": { "P20_001": "33103", "P20_002": "犬島自然の家", "P20_003": "岡山県岡山市東区犬島119-1", "P20_004": "避難所", "P20_005": -1, "P20_006": 2320, "P20_007": 0, "P20_008": 0, "P20_009": 0, "P20_010": 0, "P20_011": 0, "P20_012": 1, "レベル": 3, "備考": null, "緯度": 34.564738958600003, "経度": 134.09997960800001, "NO": "269" }, "geometry": { "type": "Point", "coordinates": [ 134.099979608000012, 34.564738958600003 ] } },
{ "type": "Feature", "properties": { "P20_001": "33103", "P20_002": "県立西大寺高等学校", "P20_003": "岡山県岡山市東区西大寺上2-1-17", "P20_004": "避難所", "P20_005": -1, "P20_006": -1, "P20_007": 0, "P20_008": 0, "P20_009": 0, "P20_010": 0, "P20_011": 0, "P20_012": 1, "レベル": 1, "備考": null, "緯度": 34.658928, "経度": 134.034329, "NO": "270" }, "geometry": { "type": "Point", "coordinates": [ 134.034329, 34.658928 ] } },
{ "type": "Feature", "properties": { "P20_001": "33103", "P20_002": "肩脊コミュニティハウス", "P20_003": "岡山県岡山市東区瀬戸町肩脊412-2", "P20_004": "避難所", "P20_005": -1, "P20_006": 40, "P20_007": 0, "P20_008": 0, "P20_009": 0, "P20_010": 0, "P20_011": 0, "P20_012": 1, "レベル": 3, "備考": null, "緯度": 34.72705, "経度": 134.062437, "NO": "271" }, "geometry": { "type": "Point", "coordinates": [ 134.062437, 34.72705 ] } },
{ "type": "Feature", "properties": { "P20_001": "33103", "P20_002": "古都小学校", "P20_003": "岡山県岡山市東区古都宿453-1", "P20_004": "避難所", "P20_005": 7624, "P20_006": 8570, "P20_007": 0, "P20_008": 0, "P20_009": 0, "P20_010": 0, "P20_011": 0, "P20_012": 1, "レベル": 1, "備考": null, "緯度": 34.69384, "経度": 134.000665, "NO": "272" }, "geometry": { "type": "Point", "coordinates": [ 134.000665, 34.69384 ] } },
{ "type": "Feature", "properties": { "P20_001": "33103", "P20_002": "御休小学校", "P20_003": "岡山県岡山市東区西祖179", "P20_004": "避難所", "P20_005": 10044, "P20_006": 10977, "P20_007": 0, "P20_008": 0, "P20_009": 0, "P20_010": 0, "P20_011": 0, "P20_012": 1, "レベル": 1, "備考": null, "緯度": 34.708437, "経度": 134.073008, "NO": "273" }, "geometry": { "type": "Point", "coordinates": [ 134.073008, 34.708437 ] } },
{ "type": "Feature", "properties": { "P20_001": "33103", "P20_002": "光明谷コミュニティハウス", "P20_003": "岡山県岡山市東区瀬戸町光明谷364-2", "P20_004": "避難所", "P20_005": -1, "P20_006": 15, "P20_007": 0, "P20_008": 0, "P20_009": 0, "P20_010": 0, "P20_011": 0, "P20_012": 1, "レベル": 3, "備考": null, "緯度": 34.7412066013, "経度": 134.04392589899999, "NO": "274" }, "geometry": { "type": "Point", "coordinates": [ 134.043925898999987, 34.7412066013 ] } },
{ "type": "Feature", "properties": { "P20_001": "33103", "P20_002": "幸島小学校", "P20_003": "岡山県岡山市東区水門町571", "P20_004": "避難所", "P20_005": 6951, "P20_006": 8003, "P20_007": 0, "P20_008": 0, "P20_009": 0, "P20_010": 0, "P20_011": 0, "P20_012": 1, "レベル": 1, "備考": null, "緯度": 34.610461, "経度": 134.061882, "NO": "275" }, "geometry": { "type": "Point", "coordinates": [ 134.061882, 34.610461 ] } },
{ "type": "Feature", "properties": { "P20_001": "33103", "P20_002": "江尻コミュニティハウス", "P20_003": "岡山県岡山市東区瀬戸町江尻1895-1", "P20_004": "避難所", "P20_005": -1, "P20_006": 30, "P20_007": 0, "P20_008": 0, "P20_009": 0, "P20_010": 0, "P20_011": 0, "P20_012": 1, "レベル": 3, "備考": null, "緯度": 34.730922, "経度": 134.051922, "NO": "276" }, "geometry": { "type": "Point", "coordinates": [ 134.051922, 34.730922 ] } },
{ "type": "Feature", "properties": { "P20_001": "33103", "P20_002": "江尻親和コミュニティハウス", "P20_003": "岡山県岡山市東区瀬戸町江尻1257-1", "P20_004": "避難所", "P20_005": -1, "P20_006": 30, "P20_007": 0, "P20_008": 0, "P20_009": 0, "P20_010": 0, "P20_011": 0, "P20_012": 1, "レベル": 3, "備考": null, "緯度": 34.723321978599998, "経度": 134.04606491300001, "NO": "277" }, "geometry": { "type": "Point", "coordinates": [ 134.046064913, 34.723321978599998 ] } },
{ "type": "Feature", "properties": { "P20_001": "33103", "P20_002": "江西小学校", "P20_003": "岡山県岡山市東区瀬戸町江尻1399-2", "P20_004": "避難所", "P20_005": 13979, "P20_006": 14868, "P20_007": 0, "P20_008": 0, "P20_009": 0, "P20_010": 0, "P20_011": 0, "P20_012": 1, "レベル": 1, "備考": null, "緯度": 34.725478, "経度": 134.044356, "NO": "278" }, "geometry": { "type": "Point", "coordinates": [ 134.044356, 34.725478 ] } },
{ "type": "Feature", "properties": { "P20_001": "33103", "P20_002": "江西幼稚園", "P20_003": "岡山県岡山市東区瀬戸町下286-1", "P20_004": "避難所", "P20_005": -1, "P20_006": 80, "P20_007": 0, "P20_008": 0, "P20_009": 0, "P20_010": 0, "P20_011": 0, "P20_012": 1, "レベル": 1, "備考": null, "緯度": 34.7267, "経度": 134.043884, "NO": "279" }, "geometry": { "type": "Point", "coordinates": [ 134.043884, 34.7267 ] } },
{ "type": "Feature", "properties": { "P20_001": "33103", "P20_002": "国立印刷局岡山工場体育館", "P20_003": "岡山県岡山市東区西大寺上3-4-7", "P20_004": "避難所", "P20_005": -1, "P20_006": -1, "P20_007": 0, "P20_008": 0, "P20_009": 0, "P20_010": 0, "P20_011": 0, "P20_012": 1, "レベル": 3, "備考": null, "緯度": 34.658928, "経度": 134.038773, "NO": "280" }, "geometry": { "type": "Point", "coordinates": [ 134.038773, 34.658928 ] } },
{ "type": "Feature", "properties": { "P20_001": "33103", "P20_002": "坂根公会堂", "P20_003": "岡山県岡山市東区瀬戸町坂根28-2", "P20_004": "避難所", "P20_005": -1, "P20_006": 20, "P20_007": 0, "P20_008": 0, "P20_009": 0, "P20_010": 0, "P20_011": 0, "P20_012": 1, "レベル": 3, "備考": null, "緯度": 34.746454059400001, "経度": 134.062158275, "NO": "281" }, "geometry": { "type": "Point", "coordinates": [ 134.062158275, 34.746454059400001 ] } },
{ "type": "Feature", "properties": { "P20_001": "33103", "P20_002": "笹岡コミュニティハウス", "P20_003": "岡山県岡山市東区瀬戸町笹岡614", "P20_004": "避難所", "P20_005": -1, "P20_006": 30, "P20_007": 0, "P20_008": 0, "P20_009": 0, "P20_010": 0, "P20_011": 0, "P20_012": 1, "レベル": 3, "備考": null, "緯度": 34.734204688799998, "経度": 134.02947615900001, "NO": "282" }, "geometry": { "type": "Point", "coordinates": [ 134.029476159000012, 34.734204688799998 ] } },
{ "type": "Feature", "properties": { "P20_001": "33103", "P20_002": "山の池集会所", "P20_003": "岡山県岡山市東区瀬戸町塩納1403-1", "P20_004": "避難所", "P20_005": -1, "P20_006": 20, "P20_007": 0, "P20_008": 0, "P20_009": 0, "P20_010": 0, "P20_011": 0, "P20_012": 1, "レベル": 3, "備考": null, "緯度": 34.7663529951, "経度": 134.051504185, "NO": "283" }, "geometry": { "type": "Point", "coordinates": [ 134.051504185, 34.7663529951 ] } },
{ "type": "Feature", "properties": { "P20_001": "33103", "P20_002": "山南公民館", "P20_003": "岡山県岡山市東区邑久郷688", "P20_004": "避難所", "P20_005": -1, "P20_006": 729, "P20_007": 0, "P20_008": 0, "P20_009": 0, "P20_010": 0, "P20_011": 0, "P20_012": 1, "レベル": 4, "備考": null, "緯度": 34.615794664799999, "経度": 134.071211014, "NO": "284" }, "geometry": { "type": "Point", "coordinates": [ 134.071211014, 34.615794664799999 ] } },
{ "type": "Feature", "properties": { "P20_001": "33103", "P20_002": "山南公民館大宮分館", "P20_003": "岡山県岡山市東区宿毛359-1", "P20_004": "避難所", "P20_005": -1, "P20_006": 185, "P20_007": 0, "P20_008": 0, "P20_009": 0, "P20_010": 0, "P20_011": 0, "P20_012": 1, "レベル": 4, "備考": null, "緯度": 34.6240736791, "経度": 134.083311, "NO": "285" }, "geometry": { "type": "Point", "coordinates": [ 134.083311, 34.6240736791 ] } },
{ "type": "Feature", "properties": { "P20_001": "33103", "P20_002": "山南中学校", "P20_003": "岡山県岡山市東区北幸田509-1", "P20_004": "避難所", "P20_005": 14784, "P20_006": 16091, "P20_007": 0, "P20_008": 0, "P20_009": 0, "P20_010": 0, "P20_011": 0, "P20_012": 1, "レベル": 1, "備考": null, "緯度": 34.622015, "経度": 134.060549, "NO": "286" }, "geometry": { "type": "Point", "coordinates": [ 134.060549, 34.622015 ] } },
{ "type": "Feature", "properties": { "P20_001": "33103", "P20_002": "寺地公会堂", "P20_003": "岡山県岡山市東区瀬戸町寺地642-1", "P20_004": "避難所", "P20_005": -1, "P20_006": 25, "P20_007": 0, "P20_008": 0, "P20_009": 0, "P20_010": 0, "P20_011": 0, "P20_012": 1, "レベル": 3, "備考": null, "緯度": 34.743230165100002, "経度": 134.04949056800001, "NO": "287" }, "geometry": { "type": "Point", "coordinates": [ 134.04949056800001, 34.743230165100002 ] } },
{ "type": "Feature", "properties": { "P20_001": "33103", "P20_002": "宗堂コミュニティハウス", "P20_003": "岡山県岡山市東区瀬戸町宗堂454-3", "P20_004": "避難所", "P20_005": -1, "P20_006": 20, "P20_007": 0, "P20_008": 0, "P20_009": 0, "P20_010": 0, "P20_011": 0, "P20_012": 1, "レベル": 3, "備考": null, "緯度": 34.752488292400002, "経度": 134.06368830400001, "NO": "288" }, "geometry": { "type": "Point", "coordinates": [ 134.06368830400001, 34.752488292400002 ] } },
{ "type": "Feature", "properties": { "P20_001": "33103", "P20_002": "宿奥公会堂", "P20_003": "岡山県岡山市東区瀬戸町宿奥368-1", "P20_004": "避難所", "P20_005": -1, "P20_006": 20, "P20_007": 0, "P20_008": 0, "P20_009": 0, "P20_010": 0, "P20_011": 0, "P20_012": 1, "レベル": 3, "備考": null, "緯度": 34.717769648999997, "経度": 134.00526233299999, "NO": "289" }, "geometry": { "type": "Point", "coordinates": [ 134.005262333, 34.717769649 ] } },
{ "type": "Feature", "properties": { "P20_001": "33103", "P20_002": "上道公民館", "P20_003": "岡山県岡山市東区竹原474", "P20_004": "避難所", "P20_005": -1, "P20_006": 1210, "P20_007": 0, "P20_008": 0, "P20_009": 0, "P20_010": 0, "P20_011": 0, "P20_012": 1, "レベル": 1, "備考": null, "緯度": 34.698144, "経度": 134.053119, "NO": "290" }, "geometry": { "type": "Point", "coordinates": [ 134.053119, 34.698144 ] } },
{ "type": "Feature", "properties": { "P20_001": "33103", "P20_002": "上道公民館御休分館", "P20_003": "岡山県岡山市東区一日市250-3", "P20_004": "避難所", "P20_005": -1, "P20_006": 166, "P20_007": 0, "P20_008": 0, "P20_009": 0, "P20_010": 0, "P20_011": 0, "P20_012": 1, "レベル": 4, "備考": null, "緯度": 34.713140572199997, "経度": 134.08309704300001, "NO": "291" }, "geometry": { "type": "Point", "coordinates": [ 134.083097043, 34.713140572199997 ] } },
{ "type": "Feature", "properties": { "P20_001": "33103", "P20_002": "上道中学校", "P20_003": "岡山県岡山市東区南古都714", "P20_004": "避難所", "P20_005": 14374, "P20_006": 15666, "P20_007": 0, "P20_008": 0, "P20_009": 0, "P20_010": 0, "P20_011": 0, "P20_012": 1, "レベル": 1, "備考": null, "緯度": 34.698397, "経度": 134.051854, "NO": "292" }, "geometry": { "type": "Point", "coordinates": [ 134.051854, 34.698397 ] } },
{ "type": "Feature", "properties": { "P20_001": "33103", "P20_002": "上南公民館", "P20_003": "岡山県岡山市東区君津636", "P20_004": "避難所", "P20_005": -1, "P20_006": 466, "P20_007": 0, "P20_008": 0, "P20_009": 0, "P20_010": 0, "P20_011": 0, "P20_012": 1, "レベル": 1, "備考": null, "緯度": 34.628429, "経度": 134.014082, "NO": "293" }, "geometry": { "type": "Point", "coordinates": [ 134.014082, 34.628429 ] } },
{ "type": "Feature", "properties": { "P20_001": "33103", "P20_002": "上南公民館金田分館", "P20_003": "岡山県岡山市東区金田1077", "P20_004": "避難所", "P20_005": -1, "P20_006": 43, "P20_007": 0, "P20_008": 0, "P20_009": 0, "P20_010": 0, "P20_011": 0, "P20_012": 1, "レベル": 3, "備考": null, "緯度": 34.631677109499996, "経度": 134.01910391300001, "NO": "294" }, "geometry": { "type": "Point", "coordinates": [ 134.019103913, 34.631677109500004 ] } },
{ "type": "Feature", "properties": { "P20_001": "33103", "P20_002": "上南公民館政田分館", "P20_003": "岡山県岡山市東区升田1-1", "P20_004": "避難所", "P20_005": -1, "P20_006": 148, "P20_007": 0, "P20_008": 0, "P20_009": 0, "P20_010": 0, "P20_011": 0, "P20_012": 1, "レベル": 1, "備考": null, "緯度": 34.624258, "経度": 134.010533, "NO": "295" }, "geometry": { "type": "Point", "coordinates": [ 134.010533, 34.624258 ] } },
{ "type": "Feature", "properties": { "P20_001": "33103", "P20_002": "上南中学校", "P20_003": "岡山県岡山市東区金田722", "P20_004": "避難所", "P20_005": 13015, "P20_006": 14497, "P20_007": 0, "P20_008": 0, "P20_009": 0, "P20_010": 0, "P20_011": 0, "P20_012": 1, "レベル": 1, "備考": null, "緯度": 34.636458, "経度": 134.013665, "NO": "296" }, "geometry": { "type": "Point", "coordinates": [ 134.013665, 34.636458 ] } },
{ "type": "Feature", "properties": { "P20_001": "33103", "P20_002": "城東台小学校", "P20_003": "岡山県岡山市東区城東台西三丁目6-3", "P20_004": "避難所", "P20_005": 7075, "P20_006": 8367, "P20_007": 0, "P20_008": 0, "P20_009": 0, "P20_010": 0, "P20_011": 0, "P20_012": 1, "レベル": 1, "備考": null, "緯度": 34.691869, "経度": 134.024524, "NO": "297" }, "geometry": { "type": "Point", "coordinates": [ 134.024524, 34.691869 ] } },
{ "type": "Feature", "properties": { "P20_001": "33103", "P20_002": "森末コミュニティハウス", "P20_003": "岡山県岡山市東区瀬戸町森末273-1", "P20_004": "避難所", "P20_005": -1, "P20_006": 40, "P20_007": 0, "P20_008": 0, "P20_009": 0, "P20_010": 0, "P20_011": 0, "P20_012": 1, "レベル": 3, "備考": null, "緯度": 34.747831, "経度": 134.057485, "NO": "298" }, "geometry": { "type": "Point", "coordinates": [ 134.057485, 34.747831 ] } },
{ "type": "Feature", "properties": { "P20_001": "33103", "P20_002": "瀬戸コミュニティハウス", "P20_003": "岡山県岡山市東区瀬戸町瀬戸231-6", "P20_004": "避難所", "P20_005": -1, "P20_006": 40, "P20_007": 0, "P20_008": 0, "P20_009": 0, "P20_010": 0, "P20_011": 0, "P20_012": 1, "レベル": 3, "備考": null, "緯度": 34.734606345400003, "経度": 134.03701673899999, "NO": "299" }, "geometry": { "type": "Point", "coordinates": [ 134.037016739, 34.734606345400003 ] } },
{ "type": "Feature", "properties": { "P20_001": "33103", "P20_002": "瀬戸公民館", "P20_003": "岡山県岡山市東区瀬戸町瀬戸54-1", "P20_004": "避難所", "P20_005": -1, "P20_006": 2146, "P20_007": 0, "P20_008": 0, "P20_009": 0, "P20_010": 0, "P20_011": 0, "P20_012": 1, "レベル": 1, "備考": null, "緯度": 34.734402, "経度": 134.038511, "NO": "300" }, "geometry": { "type": "Point", "coordinates": [ 134.038511, 34.734402 ] } },
{ "type": "Feature", "properties": { "P20_001": "33103", "P20_002": "瀬戸公民館玉井分館", "P20_003": "岡山県岡山市東区瀬戸町笹岡1267-1", "P20_004": "避難所", "P20_005": -1, "P20_006": 154, "P20_007": 0, "P20_008": 0, "P20_009": 0, "P20_010": 0, "P20_011": 0, "P20_012": 1, "レベル": 3, "備考": null, "緯度": 34.734370748000003, "経度": 134.031637362, "NO": "301" }, "geometry": { "type": "Point", "coordinates": [ 134.031637362, 34.734370748 ] } },
{ "type": "Feature", "properties": { "P20_001": "33103", "P20_002": "瀬戸高等学校", "P20_003": "岡山県岡山市東区瀬戸町光明谷316-1", "P20_004": "避難所", "P20_005": -1, "P20_006": 300, "P20_007": 0, "P20_008": 0, "P20_009": 0, "P20_010": 0, "P20_011": 0, "P20_012": 1, "レベル": 1, "備考": null, "緯度": 34.740336999100002, "経度": 134.041439, "NO": "302" }, "geometry": { "type": "Point", "coordinates": [ 134.041439, 34.740336999100002 ] } },
{ "type": "Feature", "properties": { "P20_001": "33103", "P20_002": "瀬戸浄化センター", "P20_003": "岡山県岡山市東区瀬戸町江尻980", "P20_004": "避難所", "P20_005": -1, "P20_006": 100, "P20_007": 0, "P20_008": 0, "P20_009": 0, "P20_010": 0, "P20_011": 0, "P20_012": 1, "レベル": 3, "備考": null, "緯度": 34.721973, "経度": 134.051708, "NO": "303" }, "geometry": { "type": "Point", "coordinates": [ 134.051708, 34.721973 ] } },
{ "type": "Feature", "properties": { "P20_001": "33103", "P20_002": "瀬戸中学校", "P20_003": "岡山県岡山市東区瀬戸町瀬戸444", "P20_004": "避難所", "P20_005": 15607, "P20_006": 16899, "P20_007": 0, "P20_008": 0, "P20_009": 0, "P20_010": 0, "P20_011": 0, "P20_012": 1, "レベル": 3, "備考": null, "緯度": 34.7383929991, "経度": 134.040134, "NO": "304" }, "geometry": { "type": "Point", "coordinates": [ 134.040134, 34.7383929991 ] } },
{ "type": "Feature", "properties": { "P20_001": "33103", "P20_002": "瀬戸町健康福祉の館", "P20_003": "岡山県岡山市東区瀬戸町下146-1", "P20_004": "避難所", "P20_005": -1, "P20_006": 600, "P20_007": 0, "P20_008": 0, "P20_009": 0, "P20_010": 0, "P20_011": 0, "P20_012": 1, "レベル": 3, "備考": null, "緯度": 34.7322601069, "経度": 134.037116771, "NO": "305" }, "geometry": { "type": "Point", "coordinates": [ 134.037116771, 34.7322601069 ] } },
{ "type": "Feature", "properties": { "P20_001": "33103", "P20_002": "瀬戸町総合運動公園体育館", "P20_003": "岡山県岡山市東区瀬戸町南方1311", "P20_004": "避難所", "P20_005": -1, "P20_006": 800, "P20_007": 0, "P20_008": 0, "P20_009": 0, "P20_010": 0, "P20_011": 0, "P20_012": 1, "レベル": 1, "備考": null, "緯度": 34.74813, "経度": 134.069392, "NO": "306" }, "geometry": { "type": "Point", "coordinates": [ 134.069392, 34.74813 ] } },
{ "type": "Feature", "properties": { "P20_001": "33103", "P20_002": "瀬戸南高等学校", "P20_003": "岡山県岡山市東区瀬戸町沖88", "P20_004": "避難所", "P20_005": -1, "P20_006": 300, "P20_007": 0, "P20_008": 0, "P20_009": 0, "P20_010": 0, "P20_011": 0, "P20_012": 1, "レベル": 1, "備考": null, "緯度": 34.723284, "経度": 134.042189, "NO": "307" }, "geometry": { "type": "Point", "coordinates": [ 134.042189, 34.723284 ] } },
{ "type": "Feature", "properties": { "P20_001": "33103", "P20_002": "政田小学校", "P20_003": "岡山県岡山市東区政津850", "P20_004": "避難所", "P20_005": 8100, "P20_006": 9340, "P20_007": 0, "P20_008": 0, "P20_009": 0, "P20_010": 0, "P20_011": 0, "P20_012": 1, "レベル": 1, "備考": null, "緯度": 34.634375, "経度": 134.002778, "NO": "308" }, "geometry": { "type": "Point", "coordinates": [ 134.002778, 34.634375 ] } },
{ "type": "Feature", "properties": { "P20_001": "33103", "P20_002": "西大寺ふれあいセンター", "P20_003": "岡山県岡山市東区西大寺中二丁目16-33", "P20_004": "避難所", "P20_005": -1, "P20_006": 7300, "P20_007": 0, "P20_008": 0, "P20_009": 0, "P20_010": 0, "P20_011": 0, "P20_012": 1, "レベル": 1, "備考": null, "緯度": 34.656521, "経度": 134.034937, "NO": "309" }, "geometry": { "type": "Point", "coordinates": [ 134.034937, 34.656521 ] } },
{ "type": "Feature", "properties": { "P20_001": "33103", "P20_002": "西大寺公民館", "P20_003": "岡山県岡山市東区向州1-1", "P20_004": "避難所", "P20_005": -1, "P20_006": 5170, "P20_007": 0, "P20_008": 0, "P20_009": 0, "P20_010": 0, "P20_011": 0, "P20_012": 1, "レベル": 1, "備考": null, "緯度": 34.655015, "経度": 134.039826, "NO": "310" }, "geometry": { "type": "Point", "coordinates": [ 134.039826, 34.655015 ] } },
{ "type": "Feature", "properties": { "P20_001": "33103", "P20_002": "西大寺公民館久保東分館", "P20_003": "岡山県岡山市東区河本町29", "P20_004": "避難所", "P20_005": -1, "P20_006": 183, "P20_007": 0, "P20_008": 0, "P20_009": 0, "P20_010": 0, "P20_011": 0, "P20_012": 1, "レベル": 3, "備考": null, "緯度": 34.662925630899998, "経度": 134.050289768, "NO": "311" }, "geometry": { "type": "Point", "coordinates": [ 134.050289768, 34.662925630899998 ] } },
{ "type": "Feature", "properties": { "P20_001": "33103", "P20_002": "西大寺公民館西大寺北分館", "P20_003": "岡山県岡山市東区西大寺北934-6", "P20_004": "避難所", "P20_005": -1, "P20_006": 153, "P20_007": 0, "P20_008": 0, "P20_009": 0, "P20_010": 0, "P20_011": 0, "P20_012": 1, "レベル": 3, "備考": null, "緯度": 34.663186, "経度": 134.038629, "NO": "312" }, "geometry": { "type": "Point", "coordinates": [ 134.038629, 34.663186 ] } },
{ "type": "Feature", "properties": { "P20_001": "33103", "P20_002": "西大寺公民館中野分館", "P20_003": "岡山県岡山市東区西大寺中野本町2-25", "P20_004": "避難所", "P20_005": -1, "P20_006": 114, "P20_007": 0, "P20_008": 0, "P20_009": 0, "P20_010": 0, "P20_011": 0, "P20_012": 1, "レベル": 1, "備考": null, "緯度": 34.65516, "経度": 134.028785, "NO": "313" }, "geometry": { "type": "Point", "coordinates": [ 134.028785, 34.65516 ] } },
{ "type": "Feature", "properties": { "P20_001": "33103", "P20_002": "西大寺公民館芳野分館", "P20_003": "岡山県岡山市東区浅越256-1", "P20_004": "避難所", "P20_005": -1, "P20_006": 215, "P20_007": 0, "P20_008": 0, "P20_009": 0, "P20_010": 0, "P20_011": 0, "P20_012": 1, "レベル": 1, "備考": null, "緯度": 34.662391, "経度": 134.026651, "NO": "314" }, "geometry": { "type": "Point", "coordinates": [ 134.026651, 34.662391 ] } },
{ "type": "Feature", "properties": { "P20_001": "33103", "P20_002": "西大寺高校一帯", "P20_003": "岡山県岡山市西大寺上2-1-17", "P20_004": "広域避難場所", "P20_005": 82000, "P20_006": 10200, "P20_007": 0, "P20_008": 0, "P20_009": 0, "P20_010": 0, "P20_011": 0, "P20_012": 1, "レベル": 3, "備考": null, "緯度": 34.659573158999997, "経度": 134.034257696, "NO": "315" }, "geometry": { "type": "Point", "coordinates": [ 134.034257696, 34.659573159 ] } },
{ "type": "Feature", "properties": { "P20_001": "33103", "P20_002": "西大寺小学校", "P20_003": "岡山県岡山市東区西大寺上一丁目19-21", "P20_004": "避難所", "P20_005": 9951, "P20_006": 11173, "P20_007": 0, "P20_008": 0, "P20_009": 0, "P20_010": 0, "P20_011": 0, "P20_012": 1, "レベル": 1, "備考": null, "緯度": 34.658095, "経度": 134.031746, "NO": "316" }, "geometry": { "type": "Point", "coordinates": [ 134.031746, 34.658095 ] } },
{ "type": "Feature", "properties": { "P20_001": "33103", "P20_002": "西大寺中学校", "P20_003": "岡山県岡山市東区西大寺上一丁目20-60", "P20_004": "避難所", "P20_005": 21764, "P20_006": 23495, "P20_007": 0, "P20_008": 0, "P20_009": 0, "P20_010": 0, "P20_011": 0, "P20_012": 1, "レベル": 1, "備考": null, "緯度": 34.657845, "経度": 134.033079, "NO": "317" }, "geometry": { "type": "Point", "coordinates": [ 134.033079, 34.657845 ] } },
{ "type": "Feature", "properties": { "P20_001": "33103", "P20_002": "西大寺南小学校", "P20_003": "岡山県岡山市東区金岡西町435-1", "P20_004": "避難所", "P20_005": 9959, "P20_006": 11216, "P20_007": 0, "P20_008": 0, "P20_009": 0, "P20_010": 0, "P20_011": 0, "P20_012": 1, "レベル": 1, "備考": null, "緯度": 34.642791, "経度": 134.02558, "NO": "318" }, "geometry": { "type": "Point", "coordinates": [ 134.02558, 34.642791 ] } },
{ "type": "Feature", "properties": { "P20_001": "33103", "P20_002": "西大寺緑花公園", "P20_003": "岡山県岡山市東区西大寺南一丁目", "P20_004": "避難場所", "P20_005": 26000, "P20_006": 7400, "P20_007": 0, "P20_008": 0, "P20_009": 0, "P20_010": 0, "P20_011": 0, "P20_012": 1, "レベル": 3, "備考": null, "緯度": 34.650373017500002, "経度": 134.02990227000001, "NO": "319" }, "geometry": { "type": "Point", "coordinates": [ 134.02990227, 34.650373017500002 ] } },
{ "type": "Feature", "properties": { "P20_001": "33103", "P20_002": "千種小学校", "P20_003": "岡山県岡山市東区瀬戸町鍛冶屋391", "P20_004": "避難所", "P20_005": 12087, "P20_006": 12991, "P20_007": 0, "P20_008": 0, "P20_009": 0, "P20_010": 0, "P20_011": 0, "P20_012": 1, "レベル": 1, "備考": null, "緯度": 34.760502999099998, "経度": 134.072185, "NO": "320" }, "geometry": { "type": "Point", "coordinates": [ 134.072185, 34.760502999099998 ] } },
{ "type": "Feature", "properties": { "P20_001": "33103", "P20_002": "千種幼稚園", "P20_003": "岡山県岡山市東区瀬戸町鍛冶屋178-1", "P20_004": "避難所", "P20_005": -1, "P20_006": 50, "P20_007": 0, "P20_008": 0, "P20_009": 0, "P20_010": 0, "P20_011": 0, "P20_012": 1, "レベル": 1, "備考": null, "緯度": 34.759892, "経度": 134.07274, "NO": "321" }, "geometry": { "type": "Point", "coordinates": [ 134.07274, 34.759892 ] } },
{ "type": "Feature", "properties": { "P20_001": "33103", "P20_002": "千種老人憩の家", "P20_003": "岡山県岡山市東区瀬戸町鍛冶屋371", "P20_004": "避難所", "P20_005": -1, "P20_006": 30, "P20_007": 0, "P20_008": 0, "P20_009": 0, "P20_010": 0, "P20_011": 0, "P20_012": 1, "レベル": 4, "備考": null, "緯度": 34.760444947300002, "経度": 134.07136163800001, "NO": "322" }, "geometry": { "type": "Point", "coordinates": [ 134.071361638000013, 34.760444947300002 ] } },
{ "type": "Feature", "properties": { "P20_001": "33103", "P20_002": "多田原コミュニティハウス", "P20_003": "岡山県岡山市東区瀬戸町万富1799", "P20_004": "避難所", "P20_005": -1, "P20_006": 30, "P20_007": 0, "P20_008": 0, "P20_009": 0, "P20_010": 0, "P20_011": 0, "P20_012": 1, "レベル": 3, "備考": null, "緯度": 34.766339, "経度": 134.081426, "NO": "323" }, "geometry": { "type": "Point", "coordinates": [ 134.081426, 34.766339 ] } },
{ "type": "Feature", "properties": { "P20_001": "33103", "P20_002": "太伯小学校", "P20_003": "岡山県岡山市東区神崎町860", "P20_004": "避難所", "P20_005": 6638, "P20_006": 7581, "P20_007": 0, "P20_008": 0, "P20_009": 0, "P20_010": 0, "P20_011": 0, "P20_012": 1, "レベル": 1, "備考": null, "緯度": 34.62932, "経度": 134.057771, "NO": "324" }, "geometry": { "type": "Point", "coordinates": [ 134.057771, 34.62932 ] } },
{ "type": "Feature", "properties": { "P20_001": "33103", "P20_002": "大井コミュニティハウス", "P20_003": "岡山県岡山市東区瀬戸町大井160", "P20_004": "避難所", "P20_005": -1, "P20_006": 30, "P20_007": 0, "P20_008": 0, "P20_009": 0, "P20_010": 0, "P20_011": 0, "P20_012": 1, "レベル": 3, "備考": null, "緯度": 34.7638965493, "経度": 134.07546079799999, "NO": "325" }, "geometry": { "type": "Point", "coordinates": [ 134.075460798, 34.7638965493 ] } },
{ "type": "Feature", "properties": { "P20_001": "33103", "P20_002": "大宮小学校", "P20_003": "岡山県岡山市東区上阿知967", "P20_004": "避難所", "P20_005": 5687, "P20_006": 6657, "P20_007": 0, "P20_008": 0, "P20_009": 0, "P20_010": 0, "P20_011": 0, "P20_012": 1, "レベル": 1, "備考": null, "緯度": 34.625571, "経度": 134.099323, "NO": "326" }, "geometry": { "type": "Point", "coordinates": [ 134.099323, 34.625571 ] } },
{ "type": "Feature", "properties": { "P20_001": "33103", "P20_002": "大内公会堂", "P20_003": "岡山県岡山市東区瀬戸町大内1005", "P20_004": "避難所", "P20_005": -1, "P20_006": 40, "P20_007": 0, "P20_008": 0, "P20_009": 0, "P20_010": 0, "P20_011": 0, "P20_012": 1, "レベル": 3, "備考": null, "緯度": 34.728976674800002, "経度": 134.10034413, "NO": "327" }, "geometry": { "type": "Point", "coordinates": [ 134.10034413, 34.728976674800002 ] } },
{ "type": "Feature", "properties": { "P20_001": "33103", "P20_002": "鍛冶屋コミュニティハウス", "P20_003": "岡山県岡山市東区瀬戸町鍛冶屋734-1", "P20_004": "避難所", "P20_005": -1, "P20_006": 50, "P20_007": 0, "P20_008": 0, "P20_009": 0, "P20_010": 0, "P20_011": 0, "P20_012": 1, "レベル": 3, "備考": null, "緯度": 34.766164184499999, "経度": 134.06755076799999, "NO": "328" }, "geometry": { "type": "Point", "coordinates": [ 134.067550768, 34.766164184499999 ] } },
{ "type": "Feature", "properties": { "P20_001": "33103", "P20_002": "朝日小学校", "P20_003": "岡山県岡山市東区西片岡83", "P20_004": "避難所", "P20_005": 5463, "P20_006": 6419, "P20_007": 0, "P20_008": 0, "P20_009": 0, "P20_010": 0, "P20_011": 0, "P20_012": 1, "レベル": 1, "備考": null, "緯度": 34.603461, "経度": 134.084824, "NO": "329" }, "geometry": { "type": "Point", "coordinates": [ 134.084824, 34.603461 ] } },
{ "type": "Feature", "properties": { "P20_001": "33103", "P20_002": "南方コミュニティハウス", "P20_003": "岡山県岡山市東区瀬戸町南方1051", "P20_004": "避難所", "P20_005": -1, "P20_006": 30, "P20_007": 0, "P20_008": 0, "P20_009": 0, "P20_010": 0, "P20_011": 0, "P20_012": 1, "レベル": 3, "備考": null, "緯度": 34.751864177100003, "経度": 134.07662599, "NO": "330" }, "geometry": { "type": "Point", "coordinates": [ 134.07662599, 34.751864177100003 ] } },
{ "type": "Feature", "properties": { "P20_001": "33103", "P20_002": "二日市公会堂", "P20_003": "岡山県岡山市東区瀬戸町二日市59-1", "P20_004": "避難所", "P20_005": -1, "P20_006": 30, "P20_007": 0, "P20_008": 0, "P20_009": 0, "P20_010": 0, "P20_011": 0, "P20_012": 1, "レベル": 3, "備考": null, "緯度": 34.761888796199997, "経度": 134.08671560900001, "NO": "331" }, "geometry": { "type": "Point", "coordinates": [ 134.086715609, 34.761888796199997 ] } },
{ "type": "Feature", "properties": { "P20_001": "33103", "P20_002": "浮田小学校", "P20_003": "岡山県岡山市東区沼1725", "P20_004": "避難所", "P20_005": 7673, "P20_006": 8620, "P20_007": 0, "P20_008": 0, "P20_009": 0, "P20_010": 0, "P20_011": 0, "P20_012": 1, "レベル": 1, "備考": null, "緯度": 34.705313, "経度": 134.035106, "NO": "332" }, "geometry": { "type": "Point", "coordinates": [ 134.035106, 34.705313 ] } },
{ "type": "Feature", "properties": { "P20_001": "33103", "P20_002": "平島小学校", "P20_003": "岡山県岡山市東区東平島1293", "P20_004": "避難所", "P20_005": 9893, "P20_006": 10848, "P20_007": 0, "P20_008": 0, "P20_009": 0, "P20_010": 0, "P20_011": 0, "P20_012": 1, "レベル": 1, "備考": null, "緯度": 34.71384, "経度": 134.049327, "NO": "333" }, "geometry": { "type": "Point", "coordinates": [ 134.049327, 34.71384 ] } },
{ "type": "Feature", "properties": { "P20_001": "33103", "P20_002": "保木コミュニティハウス", "P20_003": "岡山県岡山市東区瀬戸町万富1221", "P20_004": "避難所", "P20_005": -1, "P20_006": 70, "P20_007": 0, "P20_008": 0, "P20_009": 0, "P20_010": 0, "P20_011": 0, "P20_012": 1, "レベル": 3, "備考": null, "緯度": 34.768576788700003, "経度": 134.08634647700001, "NO": "334" }, "geometry": { "type": "Point", "coordinates": [ 134.086346477, 34.768576788700003 ] } },
{ "type": "Feature", "properties": { "P20_001": "33103", "P20_002": "豊小学校", "P20_003": "岡山県岡山市東区西大寺川口130-2", "P20_004": "避難所", "P20_005": 8744, "P20_006": 9711, "P20_007": 0, "P20_008": 0, "P20_009": 0, "P20_010": 0, "P20_011": 0, "P20_012": 1, "レベル": 1, "備考": null, "緯度": 34.649957, "経度": 134.046716, "NO": "335" }, "geometry": { "type": "Point", "coordinates": [ 134.046716, 34.649957 ] } },
{ "type": "Feature", "properties": { "P20_001": "33103", "P20_002": "万富コミュニティハウス", "P20_003": "岡山県岡山市東区瀬戸町万富636-3", "P20_004": "避難所", "P20_005": -1, "P20_006": 100, "P20_007": 0, "P20_008": 0, "P20_009": 0, "P20_010": 0, "P20_011": 0, "P20_012": 1, "レベル": 3, "備考": null, "緯度": 34.760131, "経度": 134.081476, "NO": "336" }, "geometry": { "type": "Point", "coordinates": [ 134.081476, 34.760131 ] } },
{ "type": "Feature", "properties": { "P20_001": "33103", "P20_002": "万富公民館", "P20_003": "岡山県岡山市東区瀬戸町万富257", "P20_004": "避難所", "P20_005": -1, "P20_006": 1174, "P20_007": 0, "P20_008": 0, "P20_009": 0, "P20_010": 0, "P20_011": 0, "P20_012": 1, "レベル": 1, "備考": null, "緯度": 34.758887, "経度": 134.077043, "NO": "337" }, "geometry": { "type": "Point", "coordinates": [ 134.077043, 34.758887 ] } },
{ "type": "Feature", "properties": { "P20_001": "33103", "P20_002": "万富保育園", "P20_003": "岡山県岡山市東区瀬戸町万富639-1", "P20_004": "避難所", "P20_005": -1, "P20_006": 100, "P20_007": 0, "P20_008": 0, "P20_009": 0, "P20_010": 0, "P20_011": 0, "P20_012": 1, "レベル": 1, "備考": null, "緯度": 34.759939, "経度": 134.081518, "NO": "338" }, "geometry": { "type": "Point", "coordinates": [ 134.081518, 34.759939 ] } },
{ "type": "Feature", "properties": { "P20_001": "33103", "P20_002": "雄神小学校", "P20_003": "岡山県岡山市東区富崎218", "P20_004": "避難所", "P20_005": 6045, "P20_006": 7036, "P20_007": 0, "P20_008": 0, "P20_009": 0, "P20_010": 0, "P20_011": 0, "P20_012": 1, "レベル": 1, "備考": null, "緯度": 34.671816, "経度": 134.041272, "NO": "339" }, "geometry": { "type": "Point", "coordinates": [ 134.041272, 34.671816 ] } },
{ "type": "Feature", "properties": { "P20_001": "33103", "P20_002": "沖コミュニティハウス", "P20_003": "岡山県岡山市東区瀬戸町沖150", "P20_004": "避難所", "P20_005": -1, "P20_006": 30, "P20_007": 0, "P20_008": 0, "P20_009": 0, "P20_010": 0, "P20_011": 0, "P20_012": 1, "レベル": 3, "備考": null, "緯度": 34.722356, "経度": 134.045477, "NO": "340" }, "geometry": { "type": "Point", "coordinates": [ 134.045477, 34.722356 ] } },
{ "type": "Feature", "properties": { "P20_001": "33104", "P20_002": "Ｐ．モール藤田（リョービプラッツ藤田店）", "P20_003": "岡山県岡山市南区藤田560-209", "P20_004": "避難所", "P20_005": -1, "P20_006": -1, "P20_007": 0, "P20_008": 0, "P20_009": 0, "P20_010": 0, "P20_011": 0, "P20_012": 1, "レベル": 3, "備考": null, "緯度": 34.589921160099998, "経度": 133.886485085, "NO": "341" }, "geometry": { "type": "Point", "coordinates": [ 133.886485085, 34.589921160099998 ] } },
{ "type": "Feature", "properties": { "P20_001": "33104", "P20_002": "イオン西日本カンパニー・ジャスコ岡山店", "P20_003": "岡山県岡山市南区青江2-7-1", "P20_004": "避難所", "P20_005": -1, "P20_006": -1, "P20_007": 0, "P20_008": 0, "P20_009": 0, "P20_010": 0, "P20_011": 0, "P20_012": 1, "レベル": 3, "備考": null, "緯度": 34.633242786499999, "経度": 133.92066587599999, "NO": "342" }, "geometry": { "type": "Point", "coordinates": [ 133.920665875999987, 34.633242786499999 ] } },
{ "type": "Feature", "properties": { "P20_001": "33104", "P20_002": "ホームセンターダイキＥＸ岡山", "P20_003": "岡山県岡山市南区藤田560-236", "P20_004": "避難所", "P20_005": -1, "P20_006": -1, "P20_007": 0, "P20_008": 0, "P20_009": 0, "P20_010": 0, "P20_011": 0, "P20_012": 1, "レベル": 3, "備考": null, "緯度": 34.591166, "経度": 133.887673, "NO": "343" }, "geometry": { "type": "Point", "coordinates": [ 133.887673, 34.591166 ] } },
{ "type": "Feature", "properties": { "P20_001": "33104", "P20_002": "浦安小学校", "P20_003": "岡山県岡山市南区浦安本町95", "P20_004": "避難所", "P20_005": 9967, "P20_006": 11169, "P20_007": 0, "P20_008": 0, "P20_009": 0, "P20_010": 0, "P20_011": 0, "P20_012": 1, "レベル": 1, "備考": null, "緯度": 34.603987, "経度": 133.919091, "NO": "344" }, "geometry": { "type": "Point", "coordinates": [ 133.919091, 34.603987 ] } },
{ "type": "Feature", "properties": { "P20_001": "33104", "P20_002": "奥迫川公会堂", "P20_003": "岡山県岡山市南区奥迫川1007-4", "P20_004": "避難所", "P20_005": -1, "P20_006": -1, "P20_007": 0, "P20_008": 0, "P20_009": 0, "P20_010": 0, "P20_011": 0, "P20_012": 1, "レベル": 3, "備考": null, "緯度": 34.525325659700002, "経度": 133.865914436, "NO": "345" }, "geometry": { "type": "Point", "coordinates": [ 133.865914436, 34.525325659700002 ] } },
{ "type": "Feature", "properties": { "P20_001": "33104", "P20_002": "岡山市浦安コミュニティハウス", "P20_003": "岡山県岡山市南区浦安本町98-2", "P20_004": "避難所", "P20_005": -1, "P20_006": 202, "P20_007": 0, "P20_008": 0, "P20_009": 0, "P20_010": 0, "P20_011": 0, "P20_012": 1, "レベル": 4, "備考": null, "緯度": 34.603207982199997, "経度": 133.91898404299999, "NO": "346" }, "geometry": { "type": "Point", "coordinates": [ 133.918984043, 34.603207982199997 ] } },
{ "type": "Feature", "properties": { "P20_001": "33104", "P20_002": "岡山市興除コミュニティハウス", "P20_003": "岡山県岡山市南区内尾196-3", "P20_004": "避難所", "P20_005": -1, "P20_006": 221, "P20_007": 0, "P20_008": 0, "P20_009": 0, "P20_010": 0, "P20_011": 0, "P20_012": 1, "レベル": 4, "備考": null, "緯度": 34.6022449994, "経度": 133.849121658, "NO": "347" }, "geometry": { "type": "Point", "coordinates": [ 133.849121658, 34.6022449994 ] } },
{ "type": "Feature", "properties": { "P20_001": "33104", "P20_002": "岡山市甲浦コミュニティハウス", "P20_003": "岡山県岡山市南区飽浦413-1", "P20_004": "避難所", "P20_005": -1, "P20_006": 199, "P20_007": 0, "P20_008": 0, "P20_009": 0, "P20_010": 0, "P20_011": 0, "P20_012": 1, "レベル": 4, "備考": null, "緯度": 34.590460999100003, "経度": 133.973601, "NO": "348" }, "geometry": { "type": "Point", "coordinates": [ 133.973601, 34.590460999100003 ] } },
{ "type": "Feature", "properties": { "P20_001": "33104", "P20_002": "岡山市小串コミュニティハウス", "P20_003": "岡山県岡山市南区小串2431-1", "P20_004": "避難所", "P20_005": -1, "P20_006": 199, "P20_007": 0, "P20_008": 0, "P20_009": 0, "P20_010": 0, "P20_011": 0, "P20_012": 1, "レベル": 1, "備考": null, "緯度": 34.595236, "経度": 134.029635, "NO": "349" }, "geometry": { "type": "Point", "coordinates": [ 134.029635, 34.595236 ] } },
{ "type": "Feature", "properties": { "P20_001": "33104", "P20_002": "岡山市曽根コミュニティハウス", "P20_003": "岡山県岡山市南区曽根65-3", "P20_004": "避難所", "P20_005": -1, "P20_006": 210, "P20_007": 0, "P20_008": 0, "P20_009": 0, "P20_010": 0, "P20_011": 0, "P20_012": 1, "レベル": 1, "備考": null, "緯度": 34.558574, "経度": 133.84068, "NO": "350" }, "geometry": { "type": "Point", "coordinates": [ 133.84068, 34.558574 ] } },
{ "type": "Feature", "properties": { "P20_001": "33104", "P20_002": "岡山市第一藤田コミュニティハウス", "P20_003": "岡山県岡山市南区藤田92-1", "P20_004": "避難所", "P20_005": -1, "P20_006": 231, "P20_007": 0, "P20_008": 0, "P20_009": 0, "P20_010": 0, "P20_011": 0, "P20_012": 1, "レベル": 4, "備考": null, "緯度": 34.562261893299997, "経度": 133.85605975300001, "NO": "351" }, "geometry": { "type": "Point", "coordinates": [ 133.856059753000011, 34.562261893299997 ] } },
{ "type": "Feature", "properties": { "P20_001": "33104", "P20_002": "岡山市第三藤田コミュニティハウス", "P20_003": "岡山県岡山市南区藤田1729", "P20_004": "避難所", "P20_005": -1, "P20_006": -1, "P20_007": 0, "P20_008": 0, "P20_009": 0, "P20_010": 0, "P20_011": 0, "P20_012": 1, "レベル": 4, "備考": null, "緯度": 34.5854965949, "経度": 133.89308242000001, "NO": "352" }, "geometry": { "type": "Point", "coordinates": [ 133.893082420000013, 34.5854965949 ] } },
{ "type": "Feature", "properties": { "P20_001": "33104", "P20_002": "岡山市第二藤田コミュニティハウス", "P20_003": "岡山県岡山市南区藤田594-8", "P20_004": "避難所", "P20_005": -1, "P20_006": 248, "P20_007": 0, "P20_008": 0, "P20_009": 0, "P20_010": 0, "P20_011": 0, "P20_012": 1, "レベル": 1, "備考": null, "緯度": 34.603757, "経度": 133.89123, "NO": "353" }, "geometry": { "type": "Point", "coordinates": [ 133.89123, 34.603757 ] } },
{ "type": "Feature", "properties": { "P20_001": "33104", "P20_002": "岡山市東畦コミュニティハウス", "P20_003": "岡山県岡山市南区東畦815-9", "P20_004": "避難所", "P20_005": -1, "P20_006": 202, "P20_007": 0, "P20_008": 0, "P20_009": 0, "P20_010": 0, "P20_011": 0, "P20_012": 1, "レベル": 4, "備考": null, "緯度": 34.5994649991, "経度": 133.872521, "NO": "354" }, "geometry": { "type": "Point", "coordinates": [ 133.872521, 34.5994649991 ] } },
{ "type": "Feature", "properties": { "P20_001": "33104", "P20_002": "岡山市南輝コミュニティハウス", "P20_003": "岡山県岡山市南区並木町二丁目15-1", "P20_004": "避難所", "P20_005": -1, "P20_006": 222, "P20_007": 0, "P20_008": 0, "P20_009": 0, "P20_010": 0, "P20_011": 0, "P20_012": 1, "レベル": 1, "備考": null, "緯度": 34.609654, "経度": 133.943056, "NO": "355" }, "geometry": { "type": "Point", "coordinates": [ 133.943056, 34.609654 ] } },
{ "type": "Feature", "properties": { "P20_001": "33104", "P20_002": "岡山市福田コミュニティハウス", "P20_003": "岡山県岡山市南区大福501", "P20_004": "避難所", "P20_005": -1, "P20_006": 226, "P20_007": 0, "P20_008": 0, "P20_009": 0, "P20_010": 0, "P20_011": 0, "P20_012": 1, "レベル": 4, "備考": null, "緯度": 34.619918747, "経度": 133.88009304100001, "NO": "356" }, "geometry": { "type": "Point", "coordinates": [ 133.880093041, 34.619918747 ] } },
{ "type": "Feature", "properties": { "P20_001": "33104", "P20_002": "岡山市平福コミュニティハウス", "P20_003": "岡山県岡山市南区三浜町一丁目1-19", "P20_004": "避難所", "P20_005": -1, "P20_006": 276, "P20_007": 0, "P20_008": 0, "P20_009": 0, "P20_010": 0, "P20_011": 0, "P20_012": 1, "レベル": 1, "備考": null, "緯度": 34.617215, "経度": 133.947375, "NO": "357" }, "geometry": { "type": "Point", "coordinates": [ 133.947375, 34.617215 ] } },
{ "type": "Feature", "properties": { "P20_001": "33104", "P20_002": "岡山市芳泉コミュニティハウス", "P20_003": "岡山県岡山市南区豊成一丁目18-15", "P20_004": "避難所", "P20_005": -1, "P20_006": 247, "P20_007": 0, "P20_008": 0, "P20_009": 0, "P20_010": 0, "P20_011": 0, "P20_012": 1, "レベル": 4, "備考": null, "緯度": 34.63012755, "経度": 133.92851894200001, "NO": "358" }, "geometry": { "type": "Point", "coordinates": [ 133.928518942000011, 34.63012755 ] } },
{ "type": "Feature", "properties": { "P20_001": "33104", "P20_002": "岡山市芳田コミュニティハウス", "P20_003": "岡山県岡山市南区新保675-1", "P20_004": "避難所", "P20_005": -1, "P20_006": 199, "P20_007": 0, "P20_008": 0, "P20_009": 0, "P20_010": 0, "P20_011": 0, "P20_012": 1, "レベル": 4, "備考": null, "緯度": 34.629355247699998, "経度": 133.90817494699999, "NO": "359" }, "geometry": { "type": "Point", "coordinates": [ 133.908174947, 34.629355247699998 ] } },
{ "type": "Feature", "properties": { "P20_001": "33104", "P20_002": "岡山市箕島コミュニティハウス", "P20_003": "岡山県岡山市南区箕島2325-1", "P20_004": "避難所", "P20_005": -1, "P20_006": 221, "P20_007": 0, "P20_008": 0, "P20_009": 0, "P20_010": 0, "P20_011": 0, "P20_012": 1, "レベル": 4, "備考": null, "緯度": 34.610386561799999, "経度": 133.850030737, "NO": "360" }, "geometry": { "type": "Point", "coordinates": [ 133.850030737, 34.610386561799999 ] } },
{ "type": "Feature", "properties": { "P20_001": "33104", "P20_002": "岡南公民館", "P20_003": "岡山県岡山市南区若葉町22-16", "P20_004": "避難所", "P20_005": -1, "P20_006": 915, "P20_007": 0, "P20_008": 0, "P20_009": 0, "P20_010": 0, "P20_011": 0, "P20_012": 1, "レベル": 1, "備考": null, "緯度": 34.610699, "経度": 133.945925, "NO": "361" }, "geometry": { "type": "Point", "coordinates": [ 133.945925, 34.610699 ] } },
{ "type": "Feature", "properties": { "P20_001": "33104", "P20_002": "興除公民館", "P20_003": "岡山県岡山市南区中畦589-1", "P20_004": "避難所", "P20_005": -1, "P20_006": 998, "P20_007": 0, "P20_008": 0, "P20_009": 0, "P20_010": 0, "P20_011": 0, "P20_012": 1, "レベル": 1, "備考": null, "緯度": 34.588239999099997, "経度": 133.85382, "NO": "362" }, "geometry": { "type": "Point", "coordinates": [ 133.85382, 34.588239999099997 ] } },
{ "type": "Feature", "properties": { "P20_001": "33104", "P20_002": "興除小学校", "P20_003": "岡山県岡山市南区中畦593", "P20_004": "避難所", "P20_005": 8807, "P20_006": 9757, "P20_007": 0, "P20_008": 0, "P20_009": 0, "P20_010": 0, "P20_011": 0, "P20_012": 1, "レベル": 1, "備考": null, "緯度": 34.588875, "経度": 133.851792, "NO": "363" }, "geometry": { "type": "Point", "coordinates": [ 133.851792, 34.588875 ] } },
{ "type": "Feature", "properties": { "P20_001": "33104", "P20_002": "興除中学校", "P20_003": "岡山県岡山市南区中畦589-4", "P20_004": "避難所", "P20_005": 10623, "P20_006": 11690, "P20_007": 0, "P20_008": 0, "P20_009": 0, "P20_010": 0, "P20_011": 0, "P20_012": 1, "レベル": 1, "備考": null, "緯度": 34.588264, "経度": 133.852764, "NO": "364" }, "geometry": { "type": "Point", "coordinates": [ 133.852764, 34.588264 ] } },
{ "type": "Feature", "properties": { "P20_001": "33104", "P20_002": "県立岡山芳泉高等学校", "P20_003": "岡山県岡山市南区当新田51-1", "P20_004": "避難所", "P20_005": -1, "P20_006": -1, "P20_007": 0, "P20_008": 0, "P20_009": 0, "P20_010": 0, "P20_011": 0, "P20_012": 1, "レベル": 1, "備考": null, "緯度": 34.622013, "経度": 133.915592, "NO": "365" }, "geometry": { "type": "Point", "coordinates": [ 133.915592, 34.622013 ] } },
{ "type": "Feature", "properties": { "P20_001": "33104", "P20_002": "光南台公民館", "P20_003": "岡山県岡山市南区宮浦1324", "P20_004": "避難所", "P20_005": -1, "P20_006": 881, "P20_007": 0, "P20_008": 0, "P20_009": 0, "P20_010": 0, "P20_011": 0, "P20_012": 1, "レベル": 1, "備考": null, "緯度": 34.593275, "経度": 133.9935, "NO": "366" }, "geometry": { "type": "Point", "coordinates": [ 133.9935, 34.593275 ] } },
{ "type": "Feature", "properties": { "P20_001": "33104", "P20_002": "光南台公民館甲浦分館", "P20_003": "岡山県岡山市南区北浦548-1", "P20_004": "避難所", "P20_005": -1, "P20_006": 155, "P20_007": 0, "P20_008": 0, "P20_009": 0, "P20_010": 0, "P20_011": 0, "P20_012": 1, "レベル": 1, "備考": null, "緯度": 34.584167, "経度": 133.967416, "NO": "367" }, "geometry": { "type": "Point", "coordinates": [ 133.967416, 34.584167 ] } },
{ "type": "Feature", "properties": { "P20_001": "33104", "P20_002": "光南台中学校", "P20_003": "岡山県岡山市南区飽浦390", "P20_004": "避難所", "P20_005": 13814, "P20_006": 14930, "P20_007": 0, "P20_008": 0, "P20_009": 0, "P20_010": 0, "P20_011": 0, "P20_012": 1, "レベル": 1, "備考": null, "緯度": 34.591185, "経度": 133.973504, "NO": "368" }, "geometry": { "type": "Point", "coordinates": [ 133.973504, 34.591185 ] } },
{ "type": "Feature", "properties": { "P20_001": "33104", "P20_002": "甲浦小学校", "P20_003": "岡山県岡山市南区飽浦250", "P20_004": "避難所", "P20_005": 7877, "P20_006": 8816, "P20_007": 0, "P20_008": 0, "P20_009": 0, "P20_010": 0, "P20_011": 0, "P20_012": 1, "レベル": 1, "備考": null, "緯度": 34.590907, "経度": 133.972504, "NO": "369" }, "geometry": { "type": "Point", "coordinates": [ 133.972504, 34.590907 ] } },
{ "type": "Feature", "properties": { "P20_001": "33104", "P20_002": "七区児童館", "P20_003": "岡山県岡山市南区北七区61-8", "P20_004": "避難所", "P20_005": -1, "P20_006": -1, "P20_007": 0, "P20_008": 0, "P20_009": 0, "P20_010": 0, "P20_011": 0, "P20_012": 1, "レベル": 1, "備考": null, "緯度": 34.555735, "経度": 133.912354, "NO": "370" }, "geometry": { "type": "Point", "coordinates": [ 133.912354, 34.555735 ] } },
{ "type": "Feature", "properties": { "P20_001": "33104", "P20_002": "七区小学校", "P20_003": "岡山県岡山市南区灘崎町北七区61-3", "P20_004": "避難所", "P20_005": 12543, "P20_006": 14060, "P20_007": 0, "P20_008": 0, "P20_009": 0, "P20_010": 0, "P20_011": 0, "P20_012": 1, "レベル": 1, "備考": null, "緯度": 34.556064, "経度": 133.909404, "NO": "371" }, "geometry": { "type": "Point", "coordinates": [ 133.909404, 34.556064 ] } },
{ "type": "Feature", "properties": { "P20_001": "33104", "P20_002": "宗津公会堂", "P20_003": "岡山県岡山市南区宗津942", "P20_004": "避難所", "P20_005": -1, "P20_006": -1, "P20_007": 0, "P20_008": 0, "P20_009": 0, "P20_010": 0, "P20_011": 0, "P20_012": 1, "レベル": 3, "備考": null, "緯度": 34.538279267900002, "経度": 133.870458, "NO": "372" }, "geometry": { "type": "Point", "coordinates": [ 133.870458, 34.538279267900002 ] } },
{ "type": "Feature", "properties": { "P20_001": "33104", "P20_002": "小串小学校", "P20_003": "岡山県岡山市南区小串3379", "P20_004": "避難所", "P20_005": 5700, "P20_006": 6533, "P20_007": 0, "P20_008": 0, "P20_009": 0, "P20_010": 0, "P20_011": 0, "P20_012": 1, "レベル": 1, "備考": null, "緯度": 34.595741, "経度": 134.028554, "NO": "373" }, "geometry": { "type": "Point", "coordinates": [ 134.028554, 34.595741 ] } },
{ "type": "Feature", "properties": { "P20_001": "33104", "P20_002": "植松児童館", "P20_003": "岡山県岡山市南区植松397", "P20_004": "避難所", "P20_005": -1, "P20_006": -1, "P20_007": 0, "P20_008": 0, "P20_009": 0, "P20_010": 0, "P20_011": 0, "P20_012": 1, "レベル": 1, "備考": null, "緯度": 34.549324, "経度": 133.822629, "NO": "374" }, "geometry": { "type": "Point", "coordinates": [ 133.822629, 34.549324 ] } },
{ "type": "Feature", "properties": { "P20_001": "33104", "P20_002": "西ふれあいセンター", "P20_003": "岡山県岡山市南区妹尾880-1", "P20_004": "避難所", "P20_005": -1, "P20_006": 7300, "P20_007": 0, "P20_008": 0, "P20_009": 0, "P20_010": 0, "P20_011": 0, "P20_012": 1, "レベル": 1, "備考": null, "緯度": 34.611313, "経度": 133.8631, "NO": "375" }, "geometry": { "type": "Point", "coordinates": [ 133.8631, 34.611313 ] } },
{ "type": "Feature", "properties": { "P20_001": "33104", "P20_002": "西高崎公民館", "P20_003": "岡山県岡山市南区西高崎45", "P20_004": "避難所", "P20_005": -1, "P20_006": -1, "P20_007": 0, "P20_008": 0, "P20_009": 0, "P20_010": 0, "P20_011": 0, "P20_012": 1, "レベル": 1, "備考": null, "緯度": 34.546408999100002, "経度": 133.880318, "NO": "376" }, "geometry": { "type": "Point", "coordinates": [ 133.880318, 34.546408999100002 ] } },
{ "type": "Feature", "properties": { "P20_001": "33104", "P20_002": "西七区集会所", "P20_003": "岡山県岡山市南区西七区231", "P20_004": "避難所", "P20_005": -1, "P20_006": -1, "P20_007": 0, "P20_008": 0, "P20_009": 0, "P20_010": 0, "P20_011": 0, "P20_012": 1, "レベル": 3, "備考": null, "緯度": 34.550614847200002, "経度": 133.895781089, "NO": "377" }, "geometry": { "type": "Point", "coordinates": [ 133.895781089, 34.550614847200002 ] } },
{ "type": "Feature", "properties": { "P20_001": "33104", "P20_002": "曽根小学校", "P20_003": "岡山県岡山市南区曽根139-2", "P20_004": "避難所", "P20_005": 6354, "P20_006": 7296, "P20_007": 0, "P20_008": 0, "P20_009": 0, "P20_010": 0, "P20_011": 0, "P20_012": 1, "レベル": 1, "備考": null, "緯度": 34.563322, "経度": 133.840266, "NO": "378" }, "geometry": { "type": "Point", "coordinates": [ 133.840266, 34.563322 ] } },
{ "type": "Feature", "properties": { "P20_001": "33104", "P20_002": "創価学会岡山文化会館", "P20_003": "岡山県岡山市南区築港栄町31-30", "P20_004": "避難所", "P20_005": -1, "P20_006": -1, "P20_007": 0, "P20_008": 0, "P20_009": 0, "P20_010": 0, "P20_011": 0, "P20_012": 1, "レベル": 3, "備考": null, "緯度": 34.604366, "経度": 133.945912, "NO": "379" }, "geometry": { "type": "Point", "coordinates": [ 133.945912, 34.604366 ] } },
{ "type": "Feature", "properties": { "P20_001": "33104", "P20_002": "第一藤田小学校", "P20_003": "岡山県岡山市南区藤田349", "P20_004": "避難所", "P20_005": 7643, "P20_006": 8417, "P20_007": 0, "P20_008": 0, "P20_009": 0, "P20_010": 0, "P20_011": 0, "P20_012": 1, "レベル": 1, "備考": null, "緯度": 34.577988, "経度": 133.87518, "NO": "380" }, "geometry": { "type": "Point", "coordinates": [ 133.87518, 34.577988 ] } },
{ "type": "Feature", "properties": { "P20_001": "33104", "P20_002": "第三藤田小学校", "P20_003": "岡山県岡山市南区藤田1757", "P20_004": "避難所", "P20_005": 8032, "P20_006": 8818, "P20_007": 0, "P20_008": 0, "P20_009": 0, "P20_010": 0, "P20_011": 0, "P20_012": 1, "レベル": 1, "備考": null, "緯度": 34.584073, "経度": 133.89726, "NO": "381" }, "geometry": { "type": "Point", "coordinates": [ 133.89726, 34.584073 ] } },
{ "type": "Feature", "properties": { "P20_001": "33104", "P20_002": "第二藤田小学校", "P20_003": "岡山県岡山市南区藤田595", "P20_004": "避難所", "P20_005": 6923, "P20_006": 7857, "P20_007": 0, "P20_008": 0, "P20_009": 0, "P20_010": 0, "P20_011": 0, "P20_012": 1, "レベル": 1, "備考": null, "緯度": 34.605737, "経度": 133.893344, "NO": "382" }, "geometry": { "type": "Point", "coordinates": [ 133.893344, 34.605737 ] } },
{ "type": "Feature", "properties": { "P20_001": "33104", "P20_002": "東疇小学校", "P20_003": "岡山県岡山市南区東畦656-2", "P20_004": "避難所", "P20_005": 12772, "P20_006": 13724, "P20_007": 0, "P20_008": 0, "P20_009": 0, "P20_010": 0, "P20_011": 0, "P20_012": 1, "レベル": 1, "備考": null, "緯度": 34.60618, "経度": 133.878984, "NO": "383" }, "geometry": { "type": "Point", "coordinates": [ 133.878984, 34.60618 ] } },
{ "type": "Feature", "properties": { "P20_001": "33104", "P20_002": "藤田公民館", "P20_003": "岡山県岡山市南区藤田508", "P20_004": "避難所", "P20_005": -1, "P20_006": 627, "P20_007": 0, "P20_008": 0, "P20_009": 0, "P20_010": 0, "P20_011": 0, "P20_012": 1, "レベル": 4, "備考": null, "緯度": 34.59145278, "経度": 133.88110778500001, "NO": "384" }, "geometry": { "type": "Point", "coordinates": [ 133.881107785000012, 34.59145278 ] } },
{ "type": "Feature", "properties": { "P20_001": "33104", "P20_002": "藤田中学校", "P20_003": "岡山県岡山市南区藤田400", "P20_004": "避難所", "P20_005": 13175, "P20_006": 14499, "P20_007": 0, "P20_008": 0, "P20_009": 0, "P20_010": 0, "P20_011": 0, "P20_012": 1, "レベル": 1, "備考": null, "緯度": 34.58671, "経度": 133.876179, "NO": "385" }, "geometry": { "type": "Point", "coordinates": [ 133.876179, 34.58671 ] } },
{ "type": "Feature", "properties": { "P20_001": "33104", "P20_002": "灘崎公民館", "P20_003": "岡山県岡山市南区片岡204", "P20_004": "避難所", "P20_005": -1, "P20_006": 875, "P20_007": 0, "P20_008": 0, "P20_009": 0, "P20_010": 0, "P20_011": 0, "P20_012": 1, "レベル": 1, "備考": null, "緯度": 34.543745, "経度": 133.865355, "NO": "386" }, "geometry": { "type": "Point", "coordinates": [ 133.865355, 34.543745 ] } },
{ "type": "Feature", "properties": { "P20_001": "33104", "P20_002": "灘崎公民館西紅陽台分館", "P20_003": "岡山県岡山市南区西紅陽台三丁目1-130", "P20_004": "避難所", "P20_005": -1, "P20_006": 547, "P20_007": 0, "P20_008": 0, "P20_009": 0, "P20_010": 0, "P20_011": 0, "P20_012": 1, "レベル": 1, "備考": null, "緯度": 34.544458, "経度": 133.889885, "NO": "387" }, "geometry": { "type": "Point", "coordinates": [ 133.889885, 34.544458 ] } },
{ "type": "Feature", "properties": { "P20_001": "33104", "P20_002": "灘崎公民館川張分館", "P20_003": "岡山県岡山市南区川張468-1", "P20_004": "避難所", "P20_005": -1, "P20_006": 301, "P20_007": 0, "P20_008": 0, "P20_009": 0, "P20_010": 0, "P20_011": 0, "P20_012": 1, "レベル": 1, "備考": null, "緯度": 34.545887, "経度": 133.855753, "NO": "388" }, "geometry": { "type": "Point", "coordinates": [ 133.855753, 34.545887 ] } },
{ "type": "Feature", "properties": { "P20_001": "33104", "P20_002": "灘崎公民館迫川分館", "P20_003": "岡山県岡山市南区迫川873-1", "P20_004": "避難所", "P20_005": -1, "P20_006": 481, "P20_007": 0, "P20_008": 0, "P20_009": 0, "P20_010": 0, "P20_011": 0, "P20_012": 1, "レベル": 1, "備考": null, "緯度": 34.533801, "経度": 133.880008, "NO": "389" }, "geometry": { "type": "Point", "coordinates": [ 133.880008, 34.533801 ] } },
{ "type": "Feature", "properties": { "P20_001": "33104", "P20_002": "灘崎公民館彦崎分館", "P20_003": "岡山県岡山市南区彦崎2686", "P20_004": "避難所", "P20_005": -1, "P20_006": 254, "P20_007": 0, "P20_008": 0, "P20_009": 0, "P20_010": 0, "P20_011": 0, "P20_012": 1, "レベル": 1, "備考": null, "緯度": 34.549692, "経度": 133.838073, "NO": "390" }, "geometry": { "type": "Point", "coordinates": [ 133.838073, 34.549692 ] } },
{ "type": "Feature", "properties": { "P20_001": "33104", "P20_002": "灘崎小学校", "P20_003": "岡山県岡山市南区灘崎町片岡1091", "P20_004": "避難所", "P20_005": 10385, "P20_006": 11178, "P20_007": 0, "P20_008": 0, "P20_009": 0, "P20_010": 0, "P20_011": 0, "P20_012": 1, "レベル": 1, "備考": null, "緯度": 34.541524, "経度": 133.863168, "NO": "391" }, "geometry": { "type": "Point", "coordinates": [ 133.863168, 34.541524 ] } },
{ "type": "Feature", "properties": { "P20_001": "33104", "P20_002": "灘崎中学校", "P20_003": "岡山県岡山市南区灘崎町片岡770", "P20_004": "避難所", "P20_005": 15651, "P20_006": 17378, "P20_007": 0, "P20_008": 0, "P20_009": 0, "P20_010": 0, "P20_011": 0, "P20_012": 1, "レベル": 1, "備考": null, "緯度": 34.539918, "経度": 133.867123, "NO": "392" }, "geometry": { "type": "Point", "coordinates": [ 133.867123, 34.539918 ] } },
{ "type": "Feature", "properties": { "P20_001": "33104", "P20_002": "灘崎町町民会館", "P20_003": "岡山県岡山市南区片岡186", "P20_004": "避難所", "P20_005": -1, "P20_006": -1, "P20_007": 0, "P20_008": 0, "P20_009": 0, "P20_010": 0, "P20_011": 0, "P20_012": 1, "レベル": 1, "備考": null, "緯度": 34.543799, "経度": 133.865971, "NO": "393" }, "geometry": { "type": "Point", "coordinates": [ 133.865971, 34.543799 ] } },
{ "type": "Feature", "properties": { "P20_001": "33104", "P20_002": "灘崎町老人憩の家（川張）", "P20_003": "岡山県岡山市南区川張468-1", "P20_004": "避難所", "P20_005": -1, "P20_006": -1, "P20_007": 0, "P20_008": 0, "P20_009": 0, "P20_010": 0, "P20_011": 0, "P20_012": 1, "レベル": 4, "備考": null, "緯度": 34.542626888800001, "経度": 133.85921984000001, "NO": "394" }, "geometry": { "type": "Point", "coordinates": [ 133.85921984, 34.542626888800001 ] } },
{ "type": "Feature", "properties": { "P20_001": "33104", "P20_002": "灘崎町老人憩の家（彦崎）", "P20_003": "岡山県岡山市南区彦崎2907-29", "P20_004": "避難所", "P20_005": -1, "P20_006": -1, "P20_007": 0, "P20_008": 0, "P20_009": 0, "P20_010": 0, "P20_011": 0, "P20_012": 1, "レベル": 1, "備考": null, "緯度": 34.551931, "経度": 133.83585, "NO": "395" }, "geometry": { "type": "Point", "coordinates": [ 133.83585, 34.551931 ] } },
{ "type": "Feature", "properties": { "P20_001": "33104", "P20_002": "南ふれあいセンター", "P20_003": "岡山県岡山市南区福田690-1", "P20_004": "避難所", "P20_005": -1, "P20_006": 7380, "P20_007": 0, "P20_008": 0, "P20_009": 0, "P20_010": 0, "P20_011": 0, "P20_012": 1, "レベル": 1, "備考": null, "緯度": 34.618408, "経度": 133.916461, "NO": "396" }, "geometry": { "type": "Point", "coordinates": [ 133.916461, 34.618408 ] } },
{ "type": "Feature", "properties": { "P20_001": "33104", "P20_002": "南輝小学校", "P20_003": "岡山県岡山市南区南輝三丁目6-9", "P20_004": "避難所", "P20_005": 8060, "P20_006": 9230, "P20_007": 0, "P20_008": 0, "P20_009": 0, "P20_010": 0, "P20_011": 0, "P20_012": 1, "レベル": 1, "備考": null, "緯度": 34.606349, "経度": 133.935034, "NO": "397" }, "geometry": { "type": "Point", "coordinates": [ 133.935034, 34.606349 ] } },
{ "type": "Feature", "properties": { "P20_001": "33104", "P20_002": "南公民館", "P20_003": "岡山県岡山市南区当新田3-1", "P20_004": "避難所", "P20_005": -1, "P20_006": 868, "P20_007": 0, "P20_008": 0, "P20_009": 0, "P20_010": 0, "P20_011": 0, "P20_012": 1, "レベル": 1, "備考": null, "緯度": 34.622085, "経度": 133.916361, "NO": "398" }, "geometry": { "type": "Point", "coordinates": [ 133.916361, 34.622085 ] } },
{ "type": "Feature", "properties": { "P20_001": "33104", "P20_002": "迫川分校小学校", "P20_003": "岡山県岡山市南区灘崎町迫川1094", "P20_004": "避難所", "P20_005": 1706, "P20_006": 2435, "P20_007": 0, "P20_008": 0, "P20_009": 0, "P20_010": 0, "P20_011": 0, "P20_012": 1, "レベル": 4, "備考": null, "緯度": 34.533665901799999, "経度": 133.87830555, "NO": "399" }, "geometry": { "type": "Point", "coordinates": [ 133.87830555, 34.533665901799999 ] } },
{ "type": "Feature", "properties": { "P20_001": "33104", "P20_002": "彦崎小学校", "P20_003": "岡山県岡山市南区灘崎町彦崎2642", "P20_004": "避難所", "P20_005": 10079, "P20_006": 10834, "P20_007": 0, "P20_008": 0, "P20_009": 0, "P20_010": 0, "P20_011": 0, "P20_012": 1, "レベル": 1, "備考": null, "緯度": 34.548727, "経度": 133.836852, "NO": "400" }, "geometry": { "type": "Point", "coordinates": [ 133.836852, 34.548727 ] } },
{ "type": "Feature", "properties": { "P20_001": "33104", "P20_002": "福田公民館", "P20_003": "岡山県岡山市南区古新田1186", "P20_004": "避難所", "P20_005": -1, "P20_006": 1006, "P20_007": 0, "P20_008": 0, "P20_009": 0, "P20_010": 0, "P20_011": 0, "P20_012": 1, "レベル": 1, "備考": null, "緯度": 34.624848, "経度": 133.872391, "NO": "401" }, "geometry": { "type": "Point", "coordinates": [ 133.872391, 34.624848 ] } },
{ "type": "Feature", "properties": { "P20_001": "33104", "P20_002": "福田小学校", "P20_003": "岡山県岡山市南区古新田1095", "P20_004": "避難所", "P20_005": 10226, "P20_006": 11560, "P20_007": 0, "P20_008": 0, "P20_009": 0, "P20_010": 0, "P20_011": 0, "P20_012": 1, "レベル": 1, "備考": null, "緯度": 34.624955, "経度": 133.87093, "NO": "402" }, "geometry": { "type": "Point", "coordinates": [ 133.87093, 34.624955 ] } },
{ "type": "Feature", "properties": { "P20_001": "33104", "P20_002": "福田中学校", "P20_003": "岡山県岡山市南区山田544-3", "P20_004": "避難所", "P20_005": 16443, "P20_006": 17608, "P20_007": 0, "P20_008": 0, "P20_009": 0, "P20_010": 0, "P20_011": 0, "P20_012": 1, "レベル": 1, "備考": null, "緯度": 34.625094, "経度": 133.85932, "NO": "403" }, "geometry": { "type": "Point", "coordinates": [ 133.85932, 34.625094 ] } },
{ "type": "Feature", "properties": { "P20_001": "33104", "P20_002": "福島小学校", "P20_003": "岡山県岡山市南区立川町3-37", "P20_004": "避難所", "P20_005": 11297, "P20_006": 12412, "P20_007": 0, "P20_008": 0, "P20_009": 0, "P20_010": 0, "P20_011": 0, "P20_012": 1, "レベル": 1, "備考": null, "緯度": 34.608265, "経度": 133.947894, "NO": "404" }, "geometry": { "type": "Point", "coordinates": [ 133.947894, 34.608265 ] } },
{ "type": "Feature", "properties": { "P20_001": "33104", "P20_002": "福南中学校", "P20_003": "岡山県岡山市南区築港ひかり町10-35", "P20_004": "避難所", "P20_005": 9631, "P20_006": 11049, "P20_007": 0, "P20_008": 0, "P20_009": 0, "P20_010": 0, "P20_011": 0, "P20_012": 1, "レベル": 1, "備考": null, "緯度": 34.601349, "経度": 133.938729, "NO": "405" }, "geometry": { "type": "Point", "coordinates": [ 133.938729, 34.601349 ] } },
{ "type": "Feature", "properties": { "P20_001": "33104", "P20_002": "福浜公民館", "P20_003": "岡山県岡山市南区福富中一丁目16-22", "P20_004": "避難所", "P20_005": -1, "P20_006": 810, "P20_007": 0, "P20_008": 0, "P20_009": 0, "P20_010": 0, "P20_011": 0, "P20_012": 1, "レベル": 1, "備考": null, "緯度": 34.622997, "経度": 133.938012, "NO": "406" }, "geometry": { "type": "Point", "coordinates": [ 133.938012, 34.622997 ] } },
{ "type": "Feature", "properties": { "P20_001": "33104", "P20_002": "福浜小学校", "P20_003": "岡山県岡山市南区福富東一丁目1-1", "P20_004": "避難所", "P20_005": 9665, "P20_006": 10932, "P20_007": 0, "P20_008": 0, "P20_009": 0, "P20_010": 0, "P20_011": 0, "P20_012": 1, "レベル": 1, "備考": null, "緯度": 34.624236, "経度": 133.939395, "NO": "407" }, "geometry": { "type": "Point", "coordinates": [ 133.939395, 34.624236 ] } },
{ "type": "Feature", "properties": { "P20_001": "33104", "P20_002": "福浜中学校", "P20_003": "岡山県岡山市南区三浜町二丁目3-26", "P20_004": "避難所", "P20_005": 8662, "P20_006": 10295, "P20_007": 0, "P20_008": 0, "P20_009": 0, "P20_010": 0, "P20_011": 0, "P20_012": 1, "レベル": 1, "備考": null, "緯度": 34.616459, "経度": 133.944255, "NO": "408" }, "geometry": { "type": "Point", "coordinates": [ 133.944255, 34.616459 ] } },
{ "type": "Feature", "properties": { "P20_001": "33104", "P20_002": "平福小学校", "P20_003": "岡山県岡山市南区平福一丁目7-1", "P20_004": "避難所", "P20_005": 7981, "P20_006": 9212, "P20_007": 0, "P20_008": 0, "P20_009": 0, "P20_010": 0, "P20_011": 0, "P20_012": 1, "レベル": 1, "備考": null, "緯度": 34.619042, "経度": 133.950421, "NO": "409" }, "geometry": { "type": "Point", "coordinates": [ 133.950421, 34.619042 ] } },
{ "type": "Feature", "properties": { "P20_001": "33104", "P20_002": "片岡児童館", "P20_003": "岡山県岡山市南区片岡1030-4", "P20_004": "避難所", "P20_005": -1, "P20_006": -1, "P20_007": 0, "P20_008": 0, "P20_009": 0, "P20_010": 0, "P20_011": 0, "P20_012": 1, "レベル": 1, "備考": null, "緯度": 34.540473, "経度": 133.863409, "NO": "410" }, "geometry": { "type": "Point", "coordinates": [ 133.863409, 34.540473 ] } },
{ "type": "Feature", "properties": { "P20_001": "33104", "P20_002": "芳泉小学校", "P20_003": "岡山県岡山市南区当新田3の1", "P20_004": "避難所", "P20_005": 10455, "P20_006": 11714, "P20_007": 0, "P20_008": 0, "P20_009": 0, "P20_010": 0, "P20_011": 0, "P20_012": 1, "レベル": 1, "備考": null, "緯度": 34.621791, "経度": 133.917036, "NO": "411" }, "geometry": { "type": "Point", "coordinates": [ 133.917036, 34.621791 ] } },
{ "type": "Feature", "properties": { "P20_001": "33104", "P20_002": "芳泉小中学校高等学校一帯", "P20_003": "岡山県岡山市南区当新田", "P20_004": "広域避難場所", "P20_005": 73000, "P20_006": 84700, "P20_007": 0, "P20_008": 0, "P20_009": 0, "P20_010": 0, "P20_011": 0, "P20_012": 1, "レベル": 3, "備考": null, "緯度": 34.622361836899998, "経度": 133.91603510600001, "NO": "412" }, "geometry": { "type": "Point", "coordinates": [ 133.91603510600001, 34.622361836899998 ] } },
{ "type": "Feature", "properties": { "P20_001": "33104", "P20_002": "芳泉中学校", "P20_003": "岡山県岡山市南区当新田3の1", "P20_004": "避難所", "P20_005": 11106, "P20_006": 12430, "P20_007": 0, "P20_008": 0, "P20_009": 0, "P20_010": 0, "P20_011": 0, "P20_012": 1, "レベル": 1, "備考": null, "緯度": 34.622513, "経度": 133.916953, "NO": "413" }, "geometry": { "type": "Point", "coordinates": [ 133.916953, 34.622513 ] } },
{ "type": "Feature", "properties": { "P20_001": "33104", "P20_002": "芳田公民館", "P20_003": "岡山県岡山市南区西市96-1", "P20_004": "避難所", "P20_005": -1, "P20_006": 810, "P20_007": 0, "P20_008": 0, "P20_009": 0, "P20_010": 0, "P20_011": 0, "P20_012": 1, "レベル": 1, "備考": null, "緯度": 34.633189, "経度": 133.904885, "NO": "414" }, "geometry": { "type": "Point", "coordinates": [ 133.904885, 34.633189 ] } },
{ "type": "Feature", "properties": { "P20_001": "33104", "P20_002": "芳田小学校", "P20_003": "岡山県岡山市南区泉田408", "P20_004": "避難所", "P20_005": 9001, "P20_006": 10107, "P20_007": 0, "P20_008": 0, "P20_009": 0, "P20_010": 0, "P20_011": 0, "P20_012": 1, "レベル": 1, "備考": null, "緯度": 34.627484, "経度": 133.907815, "NO": "415" }, "geometry": { "type": "Point", "coordinates": [ 133.907815, 34.627484 ] } },
{ "type": "Feature", "properties": { "P20_001": "33104", "P20_002": "芳田中学校", "P20_003": "岡山県岡山市南区当新田468-1", "P20_004": "避難所", "P20_005": 10830, "P20_006": 12353, "P20_007": 0, "P20_008": 0, "P20_009": 0, "P20_010": 0, "P20_011": 0, "P20_012": 1, "レベル": 1, "備考": null, "緯度": 34.622624, "経度": 133.900732, "NO": "416" }, "geometry": { "type": "Point", "coordinates": [ 133.900732, 34.622624 ] } },
{ "type": "Feature", "properties": { "P20_001": "33104", "P20_002": "芳明小学校", "P20_003": "岡山県岡山市南区万倍1", "P20_004": "避難所", "P20_005": 10718, "P20_006": 11868, "P20_007": 0, "P20_008": 0, "P20_009": 0, "P20_010": 0, "P20_011": 0, "P20_012": 1, "レベル": 1, "備考": null, "緯度": 34.628595, "経度": 133.898816, "NO": "417" }, "geometry": { "type": "Point", "coordinates": [ 133.898816, 34.628595 ] } },
{ "type": "Feature", "properties": { "P20_001": "33104", "P20_002": "北七区集会所", "P20_003": "岡山県岡山市南区北七区61-11", "P20_004": "避難所", "P20_005": -1, "P20_006": -1, "P20_007": 0, "P20_008": 0, "P20_009": 0, "P20_010": 0, "P20_011": 0, "P20_012": 1, "レベル": 3, "備考": null, "緯度": 34.555653063299999, "経度": 133.912881782, "NO": "418" }, "geometry": { "type": "Point", "coordinates": [ 133.912881782, 34.555653063299999 ] } },
{ "type": "Feature", "properties": { "P20_001": "33104", "P20_002": "妹尾公民館", "P20_003": "岡山県岡山市南区箕島1025-1", "P20_004": "避難所", "P20_005": -1, "P20_006": 564, "P20_007": 0, "P20_008": 0, "P20_009": 0, "P20_010": 0, "P20_011": 0, "P20_012": 1, "レベル": 1, "備考": null, "緯度": 34.610663, "経度": 133.861211, "NO": "419" }, "geometry": { "type": "Point", "coordinates": [ 133.861211, 34.610663 ] } },
{ "type": "Feature", "properties": { "P20_001": "33104", "P20_002": "妹尾小学校", "P20_003": "岡山県岡山市南区妹尾1353", "P20_004": "避難所", "P20_005": 11922, "P20_006": 13484, "P20_007": 0, "P20_008": 0, "P20_009": 0, "P20_010": 0, "P20_011": 0, "P20_012": 1, "レベル": 1, "備考": null, "緯度": 34.612234, "経度": 133.867402, "NO": "420" }, "geometry": { "type": "Point", "coordinates": [ 133.867402, 34.612234 ] } },
{ "type": "Feature", "properties": { "P20_001": "33104", "P20_002": "妹尾中学校", "P20_003": "岡山県岡山市南区妹尾1212", "P20_004": "避難所", "P20_005": 9242, "P20_006": 10740, "P20_007": 0, "P20_008": 0, "P20_009": 0, "P20_010": 0, "P20_011": 0, "P20_012": 1, "レベル": 1, "備考": null, "緯度": 34.614456, "経度": 133.864402, "NO": "421" }, "geometry": { "type": "Point", "coordinates": [ 133.864402, 34.614456 ] } },
{ "type": "Feature", "properties": { "P20_001": "33104", "P20_002": "箕島小学校", "P20_003": "岡山県岡山市南区箕島2384", "P20_004": "避難所", "P20_005": 6754, "P20_006": 7719, "P20_007": 0, "P20_008": 0, "P20_009": 0, "P20_010": 0, "P20_011": 0, "P20_012": 1, "レベル": 1, "備考": null, "緯度": 34.610873, "経度": 133.848264, "NO": "422" }, "geometry": { "type": "Point", "coordinates": [ 133.848264, 34.610873 ] } },
{ "type": "Feature", "properties": { "P20_001": "33104", "P20_002": "茂曽路公会堂", "P20_003": "岡山県岡山市南区迫川704", "P20_004": "避難所", "P20_005": -1, "P20_006": -1, "P20_007": 0, "P20_008": 0, "P20_009": 0, "P20_010": 0, "P20_011": 0, "P20_012": 1, "レベル": 3, "備考": null, "緯度": 34.532638994599999, "経度": 133.882824435, "NO": "423" }, "geometry": { "type": "Point", "coordinates": [ 133.882824435, 34.532638994599999 ] } }
]
}
